time_[s],voltage_[V],current_[A]
0,17.199316,1.0185217
0.009997,17.186588,1.0188551
0.209997,17.191216,0.98847485
0.409997,17.209728,0.99464154
0.609998,17.184273,0.9930853
0.799997,17.194687,0.97716486
1.009998,17.188902,0.9807403
1.210261,17.198158,0.98828053
1.409997,17.194687,0.98814654
1.609998,17.192373,0.97820246
1.809997,17.199316,0.98529345
2.01012,17.198158,0.9738195
2.199997,17.192373,0.98194957
2.409999,17.202785,0.98796743
2.61,17.186588,0.9864968
2.809998,17.197,1.0183004
3.009998,17.191216,1.0039989
3.199999,17.191216,1.0126916
3.409997,17.198158,1.0025254
3.599997,17.191216,0.9924647
3.799998,17.202785,0.9779847
4.010148,17.194687,0.9830849
4.210415,17.190058,0.97658056
4.409999,17.188902,0.9631246
4.609999,17.198158,0.95691097
4.810001,17.193531,0.9611277
5.000323,17.200472,0.96495646
5.209997,17.18543,0.97573394
5.409999,17.188902,0.9728973
5.61,17.176174,0.98040956
5.810024,17.190058,0.9734138
6.010001,17.202785,0.9763697
6.209997,17.191216,0.9856486
6.40029,17.193531,0.99608433
6.610001,17.188902,0.9978978
6.81,17.193531,0.99489915
7.009997,17.191216,0.98940927
7.210451,17.195843,0.99140364
7.409996,17.18543,0.97904277
7.609998,17.194687,0.98801136
7.799999,17.198158,0.9734186
8.010265,17.188902,0.97702855
8.209998,17.168076,0.9798607
8.410001,17.18543,0.96885204
8.609998,17.197,0.98572534
8.810018,17.191216,0.9869884
9.009998,17.203943,0.98676956
9.200002,17.193531,0.97622466
9.41002,17.200472,1.0011144
9.609998,17.195843,1.0114282
9.809998,17.18543,1.0219693
10.009998,17.203943,1.0020261
10.210451,17.190058,0.9921377
10.409998,17.184273,1.0152445
10.600003,17.184273,1.0094479
10.809997,17.188902,1.015482
11.009998,17.195843,1.0017327
11.209999,17.190058,0.9859046
11.409999,17.186588,0.98796284
11.609997,17.191216,1.0039731
11.809998,17.184273,0.9874404
11.999998,17.18196,0.9816455
12.209997,17.179646,0.9889059
12.410127,17.200472,0.9992612
12.610004,17.191216,0.98204803
12.810001,17.191216,0.99642724
13.010303,17.191216,1.005518
13.210552,17.190058,1.012318
13.399999,17.184273,0.9998409
13.6,17.184273,0.99977237
13.810039,17.188902,0.98881525
14.010038,17.191216,0.9834496
14.210036,17.187744,0.99674726
14.410034,17.188902,0.9920083
14.610031,17.188902,0.96825135
14.799998,17.191216,0.9850576
15.01003,17.188902,0.98243576
15.210025,17.193531,0.9770077
15.410022,17.191216,0.9703806
15.610022,17.184273,0.9847094
15.81002,17.194687,0.9763374
16.010376,17.18543,0.9854549
16.199997,17.201628,0.9923881
16.410012,17.191216,0.9830126
16.610011,17.193531,0.9895991
16.81001,17.172703,0.9876582
17.010024,17.188902,0.9923255
17.210005,17.190058,0.9750537
17.410005,17.202785,0.9761836
17.60003,17.190058,0.9794025
17.809998,17.186588,0.98831505
18.009996,17.191216,0.9979538
18.209996,17.190058,0.9534701
18.410214,17.18543,0.9424745
18.609997,17.188902,0.9504017
18.809997,17.198158,0.958883
19.010103,17.18543,0.96071815
19.210612,17.186588,0.96897465
19.409997,17.193531,0.9739918
19.609997,17.187744,0.9745844
19.809997,17.18196,0.9743508
20.009998,17.184273,0.96728927
20.209997,17.18196,0.9562686
20.399999,17.177332,0.9596827
20.610091,17.186588,0.94754076
20.809999,17.18196,0.95784754
21.009997,17.198158,0.96908885
21.209996,17.192373,0.9841095
21.410015,17.17386,0.9719928
21.609999,17.18543,0.9835475
21.809997,17.183117,0.9839632
22.010456,17.198158,0.9769081
22.209997,17.18543,0.9568817
22.409997,17.198158,0.97020215
22.609997,17.18543,0.9772494
22.810109,17.198158,0.9891775
23.009997,17.193531,0.9920193
23.210006,17.191216,0.9957173
23.409997,17.190058,0.9896091
23.61017,17.191216,0.98551995
23.809998,17.178488,0.9700965
24.009998,17.183117,0.96995205
24.210001,17.190058,0.9710766
24.409997,17.191216,0.96974236
24.599998,17.206259,0.97505367
24.810001,17.17386,0.97879934
25.010292,17.18543,0.98195046
25.21,17.176174,0.9779676
25.409996,17.186588,0.9782086
25.609998,17.186588,0.97302717
25.810056,17.191216,0.9643767
25.999999,17.193531,0.9601025
26.211163,17.195843,0.9733333
26.409996,17.187744,0.98016214
26.609999,17.188902,0.9851895
26.809997,17.183117,0.98081005
27.009996,17.187744,0.9894247
27.210009,17.17386,0.9851672
27.4,17.178488,0.98275054
27.599997,17.183117,0.96984196
27.809998,17.179646,0.97759545
28.010443,17.184273,1.0092354
28.209998,17.17386,0.94277877
28.409998,17.186588,0.9461564
28.609998,17.198158,0.9546035
28.800155,17.188902,0.96429646
29.009997,17.188902,0.9902419
29.209997,17.184273,0.99713016
29.409997,17.187744,1.0014622
29.610005,17.202785,1.0015919
29.809997,17.188902,0.9947629
30.009999,17.18196,0.98976946
30.200259,17.179646,0.9865717
30.409997,17.188902,0.97417283
30.609998,17.180803,0.9596863
30.81,17.206259,0.97312915
31.010444,17.183117,0.99189585
31.209996,17.190058,0.97556555
31.409997,17.188902,0.97925067
31.599998,17.183117,0.97386885
31.810132,17.180803,0.96940553
32.009999,17.186588,0.9716897
32.209997,17.193531,0.97621715
32.409998,17.190058,0.99151295
32.610013,17.18196,0.9808155
32.809999,17.184273,0.9767927
32.999997,17.184273,0.9835001
33.209997,17.18543,0.9724723
33.409997,17.168076,0.97261184
33.609997,17.190058,0.97697705
33.810274,17.193531,0.97630894
34.010744,17.18543,0.97236407
34.211356,17.188902,0.96333236
34.4,17.175018,0.96281105
34.609998,17.199316,0.9682494
34.810153,17.177332,0.95900345
35.009997,17.190058,0.9618341
35.209997,17.184273,0.9664021
35.409999,17.176174,0.97481483
35.609997,17.180803,0.979933
35.799998,17.180803,0.99374586
36.009996,17.190058,0.99501204
36.210162,17.18196,0.9875643
36.409998,17.184273,0.9965971
36.609997,17.179646,0.9910028
36.810078,17.17039,1.002933
37.010559,17.188902,0.98783374
37.199997,17.179646,0.9809301
37.400003,17.18543,0.9735223
37.609998,17.169231,0.9881705
37.809998,17.180803,0.988277
38.009996,17.191216,0.9929593
38.209996,17.18543,1.0276572
38.410093,17.199316,0.9898608
38.599998,17.178488,1.0283078
38.809998,17.179646,1.01846
39.009998,17.179646,0.988161
39.210122,17.199316,0.9772927
39.409999,17.179646,0.98284113
39.609998,17.187744,0.97111094
39.810243,17.195843,0.9666836
40.000127,17.177332,0.96484214
40.209997,17.186588,0.96126384
40.409996,17.178488,0.9503686
40.610018,17.184273,0.9593188
40.809997,17.190058,0.9566826
41.009999,17.18543,0.95406896
41.209997,17.186588,0.9445252
41.400208,17.175018,0.9669926
41.609998,17.180803,0.97191894
41.809999,17.172703,0.9712476
42.009998,17.179646,0.98418355
42.21,17.179646,0.9887194
42.409997,17.18543,0.987418
42.609997,17.187744,0.9898481
42.810257,17.18196,0.98701066
43.009997,17.186588,0.99460584
43.209997,17.179646,1.0017061
43.409997,17.191216,1.0005002
43.610184,17.180803,0.98764306
43.81,17.176174,0.9961488
44.009997,17.176174,0.98370326
44.200001,17.180803,0.9762508
44.41037,17.172703,0.9637831
44.609997,17.18196,0.9832129
44.809998,17.18196,0.9941795
45.009998,17.172703,0.99582195
45.209999,17.18196,0.96318245
45.409997,17.179646,0.9812545
45.610117,17.18543,0.9891338
45.810625,17.18196,0.9707254
46.009997,17.18196,0.9638359
46.209996,17.18196,0.96205914
46.41,17.17039,0.9685594
46.609997,17.179646,0.95710516
46.809996,17.179646,0.9495239
46.999997,17.180803,0.96958387
47.210264,17.180803,0.972562
47.41,17.17386,0.96599036
47.609997,17.169231,0.9606664
47.809997,17.184273,0.948444
48.01025,17.175018,0.9390884
48.209996,17.188902,0.9228973
48.4,17.172703,0.9164373
48.610248,17.179646,0.9250676
48.810045,17.172703,0.92486477
49.009996,17.184273,0.9193701
49.209997,17.184273,0.92617285
49.41002,17.183117,0.9136346
49.609998,17.18196,0.9260847
49.799999,17.172703,0.95077825
50.009997,17.184273,0.9255061
50.210118,17.184273,0.9371731
50.409998,17.176174,0.93504566
50.609996,17.179646,0.9249161
50.809998,17.179646,0.93767166
51.009999,17.188902,0.97778964
51.199998,17.184273,0.9597563
51.410003,17.198158,0.95917416
51.610457,17.177332,0.9916443
51.809998,17.177332,0.9849566
52.009996,17.18196,0.96107626
52.210004,17.17039,0.96149695
52.410282,17.178488,0.96634436
52.599998,17.18196,0.9368153
52.799997,17.179646,0.933433
53.009997,17.190058,0.93737733
53.209998,17.179646,0.95248735
53.409997,17.172703,0.9404666
53.609998,17.175018,0.9517603
53.809999,17.179646,0.96865606
53.999998,17.179646,0.9560651
54.199999,17.17039,0.97700423
54.41007,17.188902,0.9694591
54.610385,17.184273,0.9397567
54.809998,17.171547,0.9373699
55.009998,17.176174,0.9441791
55.209997,17.17386,0.9597784
55.400144,17.179646,0.95477575
55.61,17.15882,0.9588137
55.809997,17.179646,0.9534924
56.01,17.175018,0.9592536
56.209997,17.18196,0.95604295
56.409997,17.183117,0.95640653
56.609998,17.165762,0.9557164
56.800244,17.179646,0.963079
57.009999,17.18196,0.9549936
57.209997,17.179646,0.96117073
57.410072,17.179646,0.95895857
57.610745,17.180803,0.9547824
57.809997,17.175018,0.94073266
58.009997,17.179646,1.1468537
58.199999,17.179646,1.1869608
58.409997,17.192373,1.0924963
58.609997,17.180803,1.0292555
58.809997,17.180803,0.98215175
59.009997,17.179646,0.96576685
59.21,17.159977,0.96329165
59.41,17.17039,0.93625534
59.599999,17.193531,0.947381
59.810147,17.180803,0.94990146
60.009999,17.179646,0.93606806
60.21,17.180803,0.9432332
60.4102,17.172703,0.9436096
60.609999,17.164604,0.95552933
60.809998,17.200472,0.93445104
60.999997,17.18543,0.94461274
61.210056,17.188902,0.9539166
61.409998,17.17039,0.9365782
61.609997,17.180803,0.94285357
61.809997,17.172703,0.9447851
62.010226,17.197,0.9480722
62.21005,17.191216,0.95800906
62.399999,17.18196,0.94332266
62.609998,17.163446,0.945101
62.809998,17.169231,0.94357705
63.009999,17.16229,0.95315063
63.210076,17.198158,0.9513144
63.41042,17.195843,0.95660037
63.609998,17.179646,0.93442583
63.799998,17.175018,0.9461523
64.009997,17.168076,0.97078353
64.210275,17.155348,0.9524624
64.409998,17.180803,0.9456396
64.609997,17.194687,0.9543371
64.809998,17.177332,0.94899833
65.01,17.168076,0.95900947
65.199999,17.179646,0.9630426
65.41,17.171547,0.95672584
65.610132,17.177332,0.95430464
65.809997,17.184273,0.9530629
66.010344,17.172703,0.9410324
66.210139,17.179646,0.9448294
66.409997,17.191216,0.9518283
66.6,17.17039,0.9458314
66.809997,17.18196,0.93730235
67.009997,17.186588,0.93361
67.209997,17.18196,0.94355017
67.409998,17.176174,0.94226617
67.609999,17.177332,0.9348435
67.809997,17.17386,0.9347367
68,17.163446,0.9438182
68.199997,17.179646,1.1648692
68.411993,17.175018,1.0775018
68.610274,17.154192,1.0360372
68.809999,17.18196,1.0150908
69.009997,17.175018,0.9886248
69.21022,17.180803,0.9682103
69.399999,17.176174,0.95377004
69.609996,17.17386,0.9396659
69.809997,17.166918,0.9253454
70.010041,17.179646,0.9319674
70.209997,17.179646,0.92785525
70.409998,17.172703,0.9226043
70.609999,17.180803,0.9392183
70.800183,17.17039,0.93936443
71.01,17.169231,0.9563395
71.209996,17.175018,0.95270103
71.409996,17.179646,0.950887
71.610046,17.169231,0.9944445
71.809997,17.179646,0.96049696
72.009997,17.18543,0.95337415
72.199997,17.180803,0.9592536
72.409997,17.184273,0.94954216
72.609997,17.177332,0.9517394
72.809997,17.178488,0.93760854
73.010097,17.163446,0.9396203
73.209996,17.176174,0.94851
73.409997,17.169231,0.9569544
73.609998,17.166918,0.96601135
73.810015,17.199316,0.9717115
74.009997,17.171547,0.967942
74.209998,17.168076,0.9600776
74.410003,17.175018,0.9684769
74.610674,17.180803,0.97030205
74.809999,17.166918,0.9748408
75.01016,17.178488,0.97656375
75.210687,17.169231,0.9530957
75.409999,17.175018,0.9527398
75.610001,17.171547,0.9555828
75.809997,17.171547,0.9594326
76.01,17.171547,0.9538679
76.210001,17.168076,0.9585729
76.399997,17.172703,0.94096476
76.609997,17.175018,0.9456641
76.810045,17.17386,0.93663687
77.009998,17.166918,0.942882
77.209997,17.171547,0.940491
77.410048,17.186588,0.9456146
77.609998,17.163446,0.933047
77.799997,17.177332,0.93037856
78.009998,17.17039,1.0619109
78.210337,17.179646,1.1602124
78.409998,17.17039,1.0784371
78.609998,17.17039,1.0194987
78.809997,17.175018,0.98591787
79.010286,17.168076,0.989723
79.199997,17.168076,0.96743923
79.399998,17.168076,0.95422214
79.609998,17.168076,0.9504162
79.810027,17.168076,0.9943112
80.009996,17.179646,0.9756159
80.21,17.17039,0.9637499
80.410043,17.179646,0.963268
80.599997,17.166918,0.97045624
80.799999,17.172703,0.9524992
81.010034,17.179646,0.946961
81.210402,17.178488,0.9485329
81.409997,17.153034,0.9488341
81.609998,17.168076,0.95877707
81.809997,17.169231,0.94592613
82.00018,17.17039,0.9533726
82.209998,17.166918,0.96486056
82.409997,17.176174,0.95978594
82.609997,17.171547,0.9528251
82.810006,17.151876,0.9524898
83.009996,17.179646,0.9598726
83.209997,17.18196,0.9896858
83.400302,17.175018,0.9897149
83.609997,17.17039,0.97390115
83.809997,17.177332,0.985872
84.009997,17.17039,0.9793708
84.210465,17.166918,0.9663386
84.409998,17.143778,0.9492125
84.609999,17.172703,0.9627642
84.799998,17.172703,0.96581155
85.010095,17.114851,0.9766916
85.209997,17.166918,0.96020746
85.409998,17.165762,0.9577647
85.609997,17.165762,0.971767
85.810246,17.179646,0.95921063
86.009997,17.166918,0.9562881
86.199999,17.164604,0.9633887
86.409997,17.179646,0.9501155
86.609997,17.179646,0.9469584
86.81,17.179646,0.9328885
87.009997,17.171547,0.95320946
87.210483,17.166918,0.96024454
87.409997,17.163446,0.9632706
87.601905,17.156504,0.9625447
87.809998,17.179646,0.9507287
88.010001,17.165762,0.96176285
88.210001,17.171547,1.1871347
88.409997,17.180803,1.1121699
88.61003,17.114851,1.048054
88.81,17.140306,1.5887252
88.999998,17.148407,1.6776783
89.209997,17.155348,1.5626701
89.410192,17.156504,1.5576509
89.611186,17.159977,1.3229927
89.809999,17.097496,1.7943412
90.010072,17.004932,2.711537
90.209997,16.84642,5.823223
90.399998,16.626583,8.38405
90.609997,16.638153,12.286883
90.810003,16.543276,17.00823
91.009997,16.518978,18.420712
91.209998,16.567574,18.44235
91.409998,16.568731,18.379335
91.61018,16.630054,16.945374
91.799998,16.76427,14.1617775
91.999997,16.722616,13.684528
92.209997,16.735344,16.09977
92.41,16.66245,16.601456
92.610001,16.64741,18.126968
92.81,16.734186,15.631112
93.010447,16.714518,15.316153
93.199998,16.682121,16.215286
93.399998,16.645096,16.009695
93.610001,16.449556,18.636526
93.810143,16.38592,19.331747
94.009997,16.498152,20.372925
94.209997,16.66708,19.018648
94.409997,16.7608,16.225103
94.600019,16.884602,13.571865
94.809997,16.652037,13.222506
95.010001,16.507408,15.459124
95.209997,16.390549,17.054913
95.409997,16.564104,18.343794
95.609999,16.649725,16.231377
95.809997,16.490053,15.962135
96.000183,16.65088,16.781477
96.209997,16.43683,17.049774
96.410001,16.534021,19.134354
96.609997,16.63584,19.646542
96.810276,16.568731,19.191076
97.009997,16.49931,19.671463
97.209998,16.532864,18.995775
97.399996,16.612698,19.79885
97.610003,16.517822,17.918636
97.81,16.426416,19.615328
98.009997,16.316498,22.919374
98.209999,16.324596,20.369131
98.409997,16.478481,20.594315
98.609998,16.318811,20.95938
98.799996,16.351208,22.84979
99.010298,16.263275,25.153084
99.209998,16.09666,27.7757
99.410001,16.426416,27.930656
99.61,16.520136,23.895933
99.810253,16.26906,25.122618
100.009998,16.247076,24.613834
100.199998,16.344267,23.596693
100.410001,15.971702,22.430937
100.610013,16.384764,21.770304
100.809998,16.33154,20.419313
101.009998,16.303772,21.427794
101.209996,16.328068,22.21894
101.409997,16.329226,22.793495
101.599998,16.359308,23.01272
101.810072,16.281786,21.526592
102.010362,16.338482,23.49656
102.209997,16.310713,23.42833
102.41,16.277159,25.010914
102.609998,16.267902,27.02057
102.810234,16.469227,25.270159
102.999997,16.63931,21.183882
103.199998,16.580301,18.579435
103.409998,16.543276,15.041201
103.610003,16.63931,14.835705
103.810001,16.699476,12.476751
104.009996,16.709888,12.327155
104.210024,16.73766,10.939615
104.399998,16.636997,11.236219
104.599997,16.470385,11.984742
104.810011,16.500467,12.621727
105.010258,16.66708,13.281827
105.209999,16.643938,12.324916
105.409997,16.523607,12.614289
105.609998,16.554846,12.466491
105.800093,16.582615,12.640054
106.009997,16.572203,13.729875
106.209997,16.605757,14.296025
106.409997,16.57336,12.988643
106.610228,16.597658,12.564018
106.809997,16.54212,12.878229
107.009998,16.589558,13.76773
107.200025,16.571045,12.804904
107.399998,16.5965,13.68581
107.61,16.593029,12.518171
107.809998,16.535177,11.831632
108.010184,16.550219,12.751927
108.209998,16.56526,13.155893
108.409997,16.528236,13.126008
108.599997,16.591873,14.649395
108.809996,16.57683,13.69791
109.009998,16.582615,14.0574045
109.209997,16.567574,12.392618
109.410006,16.500467,13.783244
109.610142,16.378979,15.180921
109.809997,16.366251,15.661966
110,16.278316,17.3525
110.209996,16.11286,20.827183
110.409997,16.052694,24.747578
110.609999,16.068892,25.846571
110.809999,16.103603,25.82828
111.010139,16.131372,25.401356
111.209999,16.216993,25.073477
111.399998,16.314184,25.959452
111.609997,16.365093,23.443201
111.810059,16.37435,22.678894
112.009998,16.406746,21.469484
112.209997,16.589558,18.846771
112.409998,16.5965,17.165226
112.610085,16.587244,16.392864
112.799998,16.547905,15.492833
112.999998,16.550219,15.343448
113.209997,16.51435,14.716389
113.410119,16.580301,15.047763
113.609997,16.5884,15.374722
113.809997,16.538649,15.581468
114.010062,16.56989,12.381354
114.200148,16.587244,11.015197
114.409997,16.556004,12.32891
114.609997,16.540962,12.274235
114.809998,16.450714,13.94382
115.009998,16.54212,13.958073
115.209998,16.523607,13.607517
115.410001,16.443771,15.75671
115.599997,16.443771,16.47157
115.810002,16.509722,16.198242
115.999997,16.45997,17.175688
116.209998,16.475012,16.861069
116.410106,16.42526,18.311607
116.609998,16.390549,16.155594
116.81,16.47617,17.17114
117.010066,16.429888,15.631701
117.210498,16.532864,15.048902
117.409997,16.613855,14.583429
117.610002,16.656666,13.451441
117.809998,16.621956,12.928474
118.009999,16.626583,13.091858
118.209998,16.6046,11.680943
118.399997,16.62427,11.21308
118.610003,16.583773,11.505367
118.810003,16.613855,12.630342
119.010002,16.575674,11.789565
119.209997,16.564104,11.48011
119.410214,16.536333,11.137804
119.610001,16.55832,10.87378
119.799997,16.557161,12.19693
120.010007,16.594185,13.352785
120.210506,16.55832,13.933278
120.409998,16.55832,12.537459
120.609998,16.503937,11.548931
120.809999,16.524763,11.109687
121.010001,16.536333,12.158628
121.199997,16.488897,12.628013
121.409998,16.49931,14.606344
121.609998,16.50278,14.551857
121.809998,16.501623,14.767876
122.011991,16.508566,13.829157
122.209997,16.4403,13.09435
122.410033,16.465755,13.233261
122.600002,16.490053,12.788266
122.800044,16.480797,14.94249
123.009997,16.515509,18.337645
123.210395,16.446085,17.550375
123.410001,16.457657,15.579017
123.609999,16.461126,18.52788
123.809998,16.53749,17.944345
124.000006,16.609228,15.180933
124.210004,16.593029,13.4356365
124.409997,16.598814,12.759389
124.610093,16.6046,11.484497
124.809997,16.617327,10.741897
125.009997,16.56526,11.908343
125.210004,16.557161,11.199978
125.400473,16.566418,12.860511
125.599998,16.566418,12.258943
125.809999,16.566418,11.686983
126.01016,16.551376,11.313599
126.210038,16.57683,13.09179
126.410002,16.557161,11.626661
126.610001,16.583773,10.924294
126.799996,16.5884,11.483967
127.009997,16.575674,10.853639
127.209997,16.568731,11.153245
127.409999,16.545591,12.078587
127.610097,16.572203,13.205259
127.810001,16.556004,12.707049
128.009999,16.556004,12.403174
128.20004,16.54906,12.33483
128.410121,16.538649,14.03569
128.609998,16.560633,14.105091
128.81,16.534021,13.312354
129.01018,16.5965,12.310202
129.210516,16.606913,13.574735
129.41,16.582615,12.0546055
129.6,16.561789,11.690778
129.810002,16.53749,11.190629
130.009998,16.571045,10.480666
130.209999,16.57336,12.034819
130.41,16.534021,12.044549
130.610127,16.581459,11.985064
130.809998,16.54906,11.872727
130.999997,16.579145,12.295971
131.209998,16.580301,12.132354
131.410232,16.54906,12.200243
131.609998,16.55832,11.482177
131.809998,16.591873,12.287131
132.010068,16.587244,12.470361
132.209997,16.625425,12.686059
132.399998,16.580301,11.664118
132.609997,16.611542,10.728665
132.810034,16.63584,9.599932
133.009999,16.605757,9.407391
133.209998,16.56526,9.745746
133.410001,16.617327,9.731661
133.61013,16.568731,10.348262
133.799997,16.595343,10.534579
134.009998,16.568731,10.679659
134.209997,16.55832,11.473654
134.410133,16.56526,11.290446
134.61,16.589558,11.677574
134.809999,16.567574,12.288121
135.010071,16.598814,12.350994
135.200144,16.593029,12.140065
135.409999,16.462284,13.253016
135.609998,16.228563,12.575001
135.810003,16.512037,14.1399765
136.009998,16.61964,13.509879
136.209998,16.52245,11.895243
136.409998,16.40096,12.617288
136.6,16.381292,15.059135
136.810018,16.380135,17.260565
137.010001,16.303772,19.602762
137.210002,16.40559,18.385967
137.410051,16.454185,18.109274
137.609998,16.44493,14.830072
137.810003,16.4484,15.251557
138.010042,16.421787,14.58374
138.210661,16.4484,14.685613
138.410001,16.477325,13.316776
138.609997,16.46807,13.741053
138.809998,16.481955,14.237234
139.01015,16.52245,14.387795
139.210002,16.520136,13.886939
139.399998,16.506252,12.637868
139.610065,16.513193,12.054899
139.810005,16.473854,14.714058
140.009998,16.426416,14.743885
140.209997,16.434515,15.065018
140.410066,16.432201,14.284614
140.609999,16.454185,13.561154
140.799997,16.421787,13.788768
141.009999,16.457657,13.914879
141.210632,16.466911,13.716852
141.409996,16.464598,14.848634
141.609998,16.435673,15.015627
141.809997,16.426416,14.117316
142.010152,16.426416,14.910578
142.199997,16.457657,15.0282955
142.399998,16.411375,15.795985
142.609997,16.422945,15.372733
142.810317,16.427572,16.936188
143.009998,16.457657,16.63713
143.209998,16.47617,16.206974
143.409997,16.47617,15.509642
143.600032,16.472696,15.302483
143.799997,16.575674,13.476883
144.009997,16.561789,11.358275
144.210258,16.534021,11.501475
144.41,16.545591,9.620243
144.61,16.562946,10.544665
144.809999,16.543276,11.289368
145.000061,16.517822,11.250757
145.209997,16.491209,11.041164
145.409998,16.503937,11.228528
145.609998,16.566418,12.381378
145.810143,16.531706,12.810502
146.01,16.503937,12.12059
146.209997,16.535177,12.446895
146.399999,16.536333,11.761169
146.610138,16.559475,12.083812
146.809997,16.54675,11.471582
147.010001,16.52245,12.962291
147.210082,16.53749,11.0622635
147.410017,16.531706,9.775567
147.609997,16.534021,10.671414
147.799999,16.496996,11.522308
148.009998,16.518978,12.244728
148.209997,16.531706,12.56083
148.41,16.535177,13.859686
148.609998,16.552534,13.618066
148.810238,16.500467,12.593678
149.009998,16.539806,11.929639
149.2,16.516665,10.931542
149.409998,16.521294,13.017316
149.610274,16.538649,10.849289
149.809998,16.575674,9.986174
150.009998,16.59997,10.3481
150.21231,16.609228,10.127534
150.410015,16.625425,10.012455
150.599998,16.625425,10.602099
150.81,16.620798,11.225477
151.010045,16.579145,10.29111
151.209997,16.539806,10.20229
151.409998,16.554846,12.630512
151.609998,16.554846,12.778262
151.810147,16.54675,11.695603
151.999997,16.536333,12.527065
152.210001,16.547905,12.735719
152.409997,16.52592,12.4769125
152.610589,16.483112,11.973462
152.810005,16.481955,13.141005
153.009999,16.513193,12.759077
153.21014,16.509722,11.912557
153.399998,16.478481,13.3426
153.61,16.367409,14.726581
153.810002,16.454185,15.256278
154.009996,16.450714,14.314309
154.21,16.4484,14.52996
154.410003,16.411375,14.428929
154.609999,16.361622,14.59094
154.799996,16.383606,14.2842655
154.999998,16.39402,15.5246105
155.21,16.38592,14.534478
155.41,16.41716,16.968512
155.610106,16.387077,18.16968
155.810002,16.390549,18.590014
156.010001,16.419474,16.986198
156.210264,16.453028,16.264326
156.409997,16.490053,16.151749
156.610001,16.457657,16.5486
156.809997,16.392862,16.345522
157.009998,16.395176,15.987366
157.209998,16.411375,14.087703
157.409997,16.433357,14.109664
157.600004,16.42526,13.237249
157.810107,16.442616,14.120967
158.010001,16.407904,14.809341
158.209998,16.455341,14.851017
158.409999,16.414845,16.408476
158.610284,16.398647,17.697567
158.810001,16.35815,15.769632
158.999997,16.388233,16.265717
159.210268,16.411375,16.596695
159.410004,16.427572,15.576653
159.609998,16.407904,16.366554
159.809997,16.446085,14.656086
160.009999,16.42873,15.0914135
160.209997,16.427572,15.669154
160.399997,16.416002,14.807735
160.610003,16.365093,14.933989
160.810017,16.391705,15.053136
161.009999,16.42063,14.584546
161.209998,16.411375,15.530003
161.409998,16.427572,15.835183
161.610051,16.42873,14.82932
161.799999,16.381292,15.275711
161.999997,16.396334,13.913812
162.210043,16.42526,14.714322
162.409999,16.390549,14.815395
162.609999,16.454185,14.574693
162.810001,16.414845,14.366452
163.009996,16.449556,14.784052
163.199997,16.38939,14.783102
163.399998,16.407904,14.002059
163.609998,16.398647,14.997343
163.810171,16.406746,13.634285
164.009998,16.402119,13.48165
164.210001,16.390549,14.437376
164.409997,16.42063,14.444086
164.600464,16.422945,13.123983
164.810001,16.427572,14.652844
165.011906,16.411375,14.046079
165.21014,16.384764,14.498244
165.409998,16.412533,13.673814
165.610001,16.376663,13.96142
165.809999,16.416002,14.843727
165.999998,16.398647,14.914817
166.210004,16.395176,13.492384
166.409997,16.387077,12.844731
166.610003,16.39749,13.253296
166.810139,16.421787,13.9807205
167.009997,16.39402,14.089281
167.210001,16.391705,15.337817
167.400106,16.407904,14.779992
167.610122,16.413689,16.542833
167.799998,16.35815,17.790974
168.010001,16.40559,18.393263
168.210047,16.42063,16.745546
168.41,16.421787,16.389408
168.609999,16.441458,15.881384
168.799997,16.383606,16.836971
169.009999,16.36972,16.447243
169.209998,16.384764,17.234842
169.409997,16.399805,16.753414
169.609997,16.39402,17.296034
169.810153,16.432201,16.62673
170.009997,16.427572,15.670062
170.199997,16.372036,14.830492
170.410001,16.384764,14.626772
170.610035,16.422945,15.424879
170.809999,16.418318,14.228456
171.009997,16.40906,14.317485
171.21018,16.404432,15.252161
171.41083,16.419474,15.100211
171.599997,16.396334,13.864331
171.809998,16.442616,14.889394
172.009997,16.40906,14.658864
172.21003,16.414845,14.166318
172.409998,16.41716,13.319211
172.609997,16.413689,13.602986
172.809997,16.375505,15.12529
172.999997,16.366251,13.840035
173.209997,16.40559,15.544378
173.409997,16.41716,14.199103
173.610191,16.390549,12.859427
173.810001,16.375505,12.485487
174.01,16.41716,12.646967
174.210267,16.38939,12.050736
174.399997,16.407904,12.693612
174.609999,16.381292,14.811674
174.809998,16.40906,14.360056
175.009999,16.383606,14.991994
175.210044,16.419474,14.059214
175.409998,16.424103,13.1018505
175.610002,16.376663,12.762169
175.800002,16.39402,14.391227
176.010001,16.395176,14.432451
176.21,16.404432,16.31351
176.409999,16.414845,16.813845
176.610024,16.388233,16.319567
176.810003,16.345423,16.447184
177.009997,16.376663,15.987635
177.210201,16.390549,14.678731
177.410693,16.360466,13.610825
177.609997,16.402119,13.896368
177.810002,16.381292,13.40471
178.010038,16.383606,14.262528
178.21,16.387077,14.383538
178.409997,16.396334,15.189464
178.6,16.390549,17.324514
178.81012,16.404432,17.212093
179.010001,16.360466,16.18864
179.199998,16.37435,15.992327
179.409997,16.348896,16.652905
179.610088,16.339638,14.962073
179.809999,16.381292,16.706432
179.999997,16.367409,16.017006
180.210044,16.388233,14.287801
180.410682,16.350052,14.0185375
180.610002,16.354681,15.073597
180.809998,16.38592,15.819809
181.009997,16.368565,16.575178
181.21002,16.353523,16.378807
181.399997,16.340796,15.449937
181.609997,16.325754,15.730405
181.809999,16.34311,13.990846
182.009998,16.318811,12.432378
182.209998,16.381292,13.078141
182.409997,16.337324,14.135431
182.610156,16.325754,14.713435
182.799998,16.329226,14.788826
182.999996,16.36278,13.720804
183.210004,16.35815,13.033315
183.41053,16.36972,14.05307
183.609998,16.38592,14.802765
183.810001,16.332697,14.887675
184.009997,16.341953,14.775978
184.200223,16.391705,14.468928
184.409999,16.314184,15.239217
184.609997,16.377821,14.814882
184.810001,16.309557,15.92833
185.009998,16.347738,17.17448
185.209997,16.337324,16.04202
185.409999,16.330381,16.040583
185.600244,16.348896,17.544811
185.810001,16.33501,17.026316
186.009997,16.309557,17.038689
186.21006,16.322283,16.361975
186.410616,16.333853,15.544403
186.61,16.34658,16.895565
186.809997,16.355837,16.350449
186.999998,16.356993,15.049579
187.210294,16.34658,14.672768
187.409997,16.367409,16.222332
187.609999,16.36972,15.306921
187.810003,16.31997,15.122644
188.010044,16.360466,14.6191025
188.209998,16.332697,14.966263
188.399998,16.33501,16.302872
188.610002,16.332697,16.747112
188.809997,16.328068,16.23358
189.009999,16.324596,17.275427
189.209997,16.336168,15.9613905
189.410553,16.300299,14.471107
189.609996,16.383606,14.130844
189.799998,16.370878,14.942231
190.009998,16.310713,14.963506
190.209999,16.339638,15.475049
190.41,16.309557,15.2528305
190.61,16.34658,16.726896
190.810118,16.339638,15.931211
191.009999,16.332697,13.6568
191.2,16.355837,14.168889
191.4,16.309557,13.724146
191.610003,16.337324,14.610389
191.810001,16.324596,13.924984
192.009998,16.318811,14.666692
192.209998,16.34658,15.296091
192.410612,16.34658,14.642374
192.599998,16.383606,15.794047
192.8,16.337324,15.506959
193.010906,16.365093,17.537512
193.209997,16.355837,14.902685
193.409998,16.318811,14.926293
193.609997,16.353523,16.62757
193.809999,16.33154,16.237495
194.000015,16.329226,17.293522
194.209998,16.293356,16.141401
194.409998,16.34658,15.138607
194.610046,16.344267,16.784752
194.809998,16.318811,16.323051
195.009998,16.289886,15.960318
195.209999,16.29683,15.866635
195.400184,16.36278,15.934399
195.609998,16.336168,14.635462
195.809998,16.33154,13.260442
196.009997,16.330381,14.0219
196.210306,16.313026,15.228965
196.409997,16.315342,16.169935
196.609999,16.363935,17.311346
196.799997,16.300299,14.994384
197.009998,16.321127,13.838252
197.209998,16.302614,13.856785
197.409997,16.311869,13.744955
197.610051,16.301456,12.840295
197.809997,16.316498,13.326725
198.01,16.315342,14.197288
198.209998,16.316498,12.981611
198.410776,16.311869,15.130752
198.609999,16.322283,15.180343
198.81,16.332697,15.534781
199.010001,16.285257,14.844058
199.210291,16.330381,15.783078
199.409999,16.314184,13.618665
199.599997,16.32344,13.485073
199.809997,16.328068,13.528129
200.01,16.337324,15.302381
200.209997,16.35815,15.151541
200.409999,16.303772,14.2959
200.610205,16.297985,14.119508
200.810001,16.291044,14.2603035
200.999997,16.289886,13.099285
201.210008,16.322283,16.257776
201.410032,16.282944,15.7116585
201.609997,16.284101,17.970161
201.809998,16.28063,17.013971
202.009997,16.325754,15.59982
202.209998,16.302614,15.054574
202.399997,16.291044,15.521243
202.610001,16.295671,16.460045
202.810232,16.328068,15.892399
203.009998,16.329226,15.416177
203.209999,16.303772,16.532719
203.41,16.29914,15.861468
203.610085,16.243605,16.133757
203.799997,16.272532,15.488302
203.999998,16.295671,15.959659
204.210078,16.3084,16.31476
204.409998,16.2922,15.909389
204.609997,16.300299,17.89719
204.809999,16.273687,17.423073
205.010001,16.26906,17.155294
205.200016,16.289886,15.220277
205.409998,16.291044,13.939651
205.609997,16.233192,16.288
205.810103,16.286415,16.163574
206.009997,16.274845,15.154689
206.209997,16.288729,14.881343
206.409997,16.302614,14.570379
206.600477,16.311869,13.970513
206.799999,16.294514,14.426171
207.009998,16.316498,14.034139
207.21024,16.301456,14.057423
207.411027,16.321127,14.50525
207.609998,16.289886,14.608034
207.809998,16.276001,15.433219
207.999997,16.24592,17.94782
208.210013,16.24939,17.607805
208.41,16.288729,17.542532
208.610003,16.222778,16.356901
208.809997,16.232035,16.842617
209.010001,16.238977,17.800722
209.209998,16.258646,17.91848
209.399998,16.265589,17.087914
209.610178,16.2922,16.254004
209.810001,16.266745,15.559036
210.009998,16.243605,15.055018
210.210298,16.240133,14.217907
210.410698,16.293356,13.570955
210.609996,16.291044,14.36369
210.800001,16.255175,13.204719
211.010003,16.262117,14.534643
211.209999,16.242447,14.11126
211.41,16.293356,14.412351
211.610002,16.279472,15.229925
211.810178,16.300299,14.970352
212.009997,16.293356,16.828474
212.200001,16.267902,16.95776
212.410001,16.25749,16.659878
212.610092,16.255175,16.299656
212.809999,16.28063,16.668728
213.010003,16.259804,16.108484
213.210032,16.281786,15.10235
213.410523,16.270216,14.379031
213.599997,16.216993,15.574873
213.799998,16.273687,16.83248
214.009999,16.265589,18.285591
214.209998,16.26096,21.433573
214.410001,16.265589,17.308266
214.61,16.216993,16.31188
214.809997,16.139471,14.751433
214.999998,16.174183,16.056946
215.209997,16.159142,17.57618
215.409998,16.166082,20.632854
215.609998,16.21815,19.575119
215.810001,16.22625,18.390095
216.009997,16.240133,17.8423
216.209997,16.284101,17.141115
216.400182,16.256332,18.189392
216.609998,16.213522,15.894967
216.809999,16.171867,16.782976
217.009997,16.203108,17.96216
217.210298,16.185753,20.187967
217.409998,16.230877,18.664669
217.610005,16.277159,18.40563
217.799997,16.310713,16.805555
218.009997,16.301456,18.179667
218.209998,16.247076,15.908927
218.409997,16.227407,15.116586
218.609999,16.189224,18.117146
218.810047,16.18691,18.288715
219.009997,16.161455,17.942574
219.199997,16.220465,17.592999
219.410537,16.145256,17.371927
219.611277,16.205423,17.049425
219.810003,16.236662,18.270914
220.009997,16.24592,18.20795
220.210076,16.259804,17.107727
220.409999,16.37435,14.304916
220.599996,16.3084,14.407278
220.809999,16.284101,15.9628525
221.010225,16.306084,15.551654
221.210001,16.297985,13.150292
221.41,16.288729,12.579024
221.61,16.317656,12.640896
221.810018,16.36278,11.612345
221.999997,16.347738,11.900387
222.209999,16.310713,12.827503
222.410549,16.25749,13.358937
222.61,16.29683,15.152269
222.810001,16.33154,13.555646
223.009998,16.366251,13.441001
223.210048,16.402119,12.084466
223.399997,16.378979,13.508558
223.599998,16.354681,15.118792
223.810004,16.317656,13.805888
224.010251,16.368565,13.356204
224.210001,16.328068,12.532642
224.409997,16.365093,12.694082
224.609997,16.36278,11.658811
224.799997,16.336168,10.217949
224.999998,16.326912,9.954099
225.210004,16.328068,10.675701
225.410334,16.34658,12.092766
225.609997,16.33501,11.738039
225.809998,16.345423,10.957826
226.009996,16.372036,11.032934
226.199999,16.426416,10.615036
226.409997,16.403275,10.633015
226.610002,16.3084,12.842887
226.809999,16.332697,13.651753
227.010119,16.276001,13.421536
227.209997,16.347738,14.634879
227.409997,16.306084,14.456154
227.599997,16.29683,14.534134
227.809997,16.328068,12.972848
228.009997,16.32344,13.579973
228.21,16.336168,13.580996
228.410467,16.31997,12.872029
228.610011,16.333853,11.824211
228.809997,16.333853,12.26363
229,16.365093,11.771834
229.210001,16.367409,12.01943
229.409997,16.332697,11.669185
229.609998,16.339638,12.090824
229.809996,16.313026,13.3977
230.010226,16.339638,12.896195
230.209998,16.347738,12.182063
230.399997,16.304928,12.553382
230.609997,16.33154,11.415852
230.810009,16.332697,12.690635
231.009998,16.347738,13.021453
231.209997,16.33154,12.725409
231.41018,16.344267,13.435899
231.610522,16.332697,12.0621395
231.799997,16.313026,12.040883
232.009996,16.34658,14.644827
232.209996,16.376663,14.139321
232.4102,16.354681,12.894227
232.609997,16.302614,13.794675
232.81,16.372036,13.84765
233.009998,16.337324,13.084837
233.200001,16.36278,12.678585
233.409997,16.337324,13.196903
233.609997,16.33501,12.668063
233.809999,16.317656,13.772642
234.010047,16.29914,13.707968
234.209998,16.277159,12.942278
234.409998,16.37435,13.509213
234.599996,16.35815,12.517103
234.809997,16.390549,12.689769
235.009999,16.322283,12.96682
235.209997,16.300299,13.14143
235.410106,16.338482,12.679611
235.609997,16.31997,12.244133
235.809998,16.337324,13.327454
235.999999,16.293356,13.683968
236.209997,16.326912,13.227819
236.410003,16.336168,13.850406
236.610001,16.309557,13.465885
236.809997,16.271374,12.455646
237.009999,16.252861,14.158238
237.209999,16.286415,14.380384
237.410078,16.288729,13.710579
237.61034,16.321127,12.517305
237.809997,16.338482,14.056109
238.009998,16.316498,14.0178385
238.209998,16.330381,15.739319
238.410135,16.316498,15.202886
238.610007,16.333853,14.417293
238.799997,16.341953,14.5058155
239.009998,16.35815,13.08939
239.209998,16.336168,12.791115
239.409998,16.329226,12.322604
239.609999,16.303772,12.246605
239.809996,16.307241,12.99417
240.010001,16.300299,14.930252
240.199996,16.314184,15.111167
240.410125,16.309557,14.551946
240.610681,16.300299,15.209931
240.809997,16.33501,14.445299
241.009998,16.336168,12.575167
241.209998,16.355837,13.464356
241.409998,16.315342,12.668976
241.599997,16.309557,11.975227
241.809997,16.31997,11.893841
242.009999,16.289886,13.188687
242.209998,16.315342,13.663181
242.409997,16.356993,12.275171
242.609997,16.330381,13.376724
242.809998,16.353523,13.009209
242.999997,16.330381,13.316811
243.199997,16.282944,13.837637
243.410015,16.309557,13.115146
243.610297,16.316498,12.421307
243.809998,16.286415,11.45121
244.009997,16.32344,12.3923235
244.210001,16.322283,11.377638
244.400137,16.34658,10.723243
244.609998,16.34658,12.785486
244.809997,16.336168,12.366335
245.010002,16.332697,12.17594
245.210225,16.378979,11.103182
245.409999,16.333853,11.71794
245.610003,16.361622,12.316725
245.799997,16.340796,13.134232
246.010149,16.33501,12.612037
246.209997,16.318811,12.740164
246.410001,16.325754,13.6074095
246.610119,16.33501,11.2914095
246.810027,16.328068,12.932989
247.009998,16.321127,12.743444
247.199997,16.321127,13.159787
247.409996,16.33501,14.989307
247.609998,16.345423,14.166856
247.809998,16.316498,14.968246
248.009997,16.352365,14.029945
248.209998,16.337324,13.709823
248.409997,16.38592,12.652084
248.599998,16.366251,11.525518
248.809997,16.373194,12.392708
249.009997,16.363935,12.373419
249.209997,16.378979,11.321792
249.409997,16.35815,10.819139
249.609998,16.306084,11.835744
249.810379,16.302614,13.583572
249.999997,16.355837,13.279387
250.210001,16.34658,12.054293
250.4,16.28063,12.369491
250.610147,16.324596,12.789812
250.809998,16.350052,13.298807
251.01,16.339638,12.3601885
251.209997,16.315342,14.044309
251.400017,16.351208,15.303225
251.609997,16.317656,14.676415
251.809997,16.322283,13.230122
252.009996,16.376663,13.7958145
252.209998,16.338482,11.873685
252.409997,16.367409,10.928318
252.609999,16.370878,11.784238
252.799999,16.345423,11.729752
253.009997,16.370878,12.43842
253.209998,16.318811,12.860572
253.409996,16.353523,13.316822
253.610101,16.324596,13.375967
253.809998,16.294514,12.958509
254.010001,16.263275,14.392575
254.199996,16.24939,14.342003
254.409997,16.211208,13.863099
254.61,16.207737,14.528374
254.809997,16.281786,14.863525
255.010001,16.288729,14.799974
255.210042,16.304928,15.575673
255.409998,16.307241,15.335777
255.599996,16.254017,14.760863
255.810171,16.279472,15.057477
256.009997,16.22625,15.155683
256.209998,16.25749,16.07565
256.409998,16.274845,15.768563
256.610056,16.285257,16.098618
256.809997,16.22162,16.274946
256.999998,16.236662,18.83911
257.209997,16.227407,17.599012
257.41,16.295671,17.013437
257.609998,16.23782,15.843624
257.809998,16.23782,16.952885
258.009997,16.272532,16.103653
258.209998,16.251705,15.5711155
258.399997,16.26906,15.85189
258.609997,16.267902,16.030342
258.810436,16.266745,15.172761
259.010002,16.277159,12.9477415
259.209997,16.28757,13.226949
259.41,16.300299,12.687643
259.609999,16.26096,11.783496
259.799997,16.259804,13.753092
260.009997,16.271374,13.166962
260.209998,16.282944,15.097173
260.410175,16.281786,14.3487835
260.609998,16.264431,13.233582
260.809999,16.271374,15.072221
261.009996,16.259804,13.950452
261.200491,16.254017,15.399917
261.409997,16.285257,17.383375
261.61,16.284101,15.834973
261.810313,16.304928,14.361243
262.010001,16.28063,15.364275
262.209997,16.293356,14.1673
262.409996,16.291044,12.820912
262.600051,16.266745,14.166869
262.810001,16.271374,13.166217
263.009998,16.256332,14.283579
263.210002,16.254017,15.646568
263.410208,16.220465,14.839528
263.609996,16.252861,15.135649
263.809997,16.212364,17.533428
263.999996,16.233192,18.397707
264.210151,16.26906,16.921806
264.410001,16.227407,16.43964
264.609998,16.252861,15.005586
264.810231,16.262117,14.99213
265.009998,16.22162,14.193341
265.209998,16.272532,15.018137
265.399999,16.244762,14.054044
265.609996,16.28063,14.273687
265.809998,16.321127,13.581611
266.009999,16.28063,14.425276
266.209997,16.227407,13.650186
266.409997,16.233192,13.599871
266.609998,16.258646,14.649216
266.8,16.240133,14.405335
267.009997,16.207737,15.745582
267.209998,16.191538,17.844206
267.409997,16.235504,16.769659
267.609999,16.232035,15.603817
267.810386,16.230877,16.353128
268.010001,16.212364,15.469757
268.199997,16.244762,16.244041
268.409996,16.252861,14.522981
268.610127,16.205423,15.409612
268.810001,16.189224,16.17395
269.009997,16.197323,18.109959
269.209997,16.192696,17.598457
269.409999,16.182283,16.230438
269.599998,16.228563,15.11022
269.799998,16.219307,14.909872
270.009997,16.264431,14.078479
270.209998,16.328068,13.866233
270.410001,16.281786,12.42175
270.609999,16.288729,14.0750475
270.81022,16.270216,13.505374
270.999997,16.26906,14.510681
271.209998,16.234348,15.302236
271.410001,16.23782,14.562521
271.610097,16.20658,13.986038
271.81,16.256332,13.858048
272.009997,16.294514,12.724641
272.209997,16.285257,13.090696
272.399997,16.285257,13.086876
272.609997,16.262117,14.478765
272.809997,16.24939,13.440777
273.009997,16.241291,13.7749605
273.209998,16.291044,14.261905
273.409998,16.291044,14.083518
273.609999,16.266745,13.638098
273.799998,16.300299,13.294121
274.009997,16.307241,12.827566
274.209997,16.329226,13.47568
274.41,16.29683,12.986937
274.610072,16.267902,14.277084
274.809997,16.255175,12.6345825
275.009997,16.254017,11.779043
275.2,16.28757,13.15107
275.410222,16.29914,13.020676
275.609997,16.26906,13.475777
275.799998,16.295671,13.624941
276.009999,16.29914,14.0378685
276.210009,16.302614,13.706605
276.409997,16.332697,12.97668
276.599997,16.262117,13.73696
276.810188,16.284101,15.050368
277.010001,16.285257,14.76782
277.209997,16.291044,14.231906
277.409996,16.271374,13.942372
277.609996,16.248232,14.998434
277.809996,16.274845,14.453391
277.999998,16.281786,13.367314
278.209997,16.274845,13.192782
278.410165,16.309557,13.634895
278.609999,16.267902,12.363704
278.809996,16.228563,14.019983
279.009997,16.21815,13.80981
279.209998,16.252861,13.799303
279.400011,16.228563,13.511598
279.609997,16.289886,13.007039
279.810184,16.291044,11.7922125
280.010001,16.300299,12.06838
280.209996,16.273687,12.301236
280.409996,16.284101,13.610285
280.609997,16.247076,12.9683275
280.799997,16.288729,13.638455
281.010006,16.295671,14.262458
281.209998,16.288729,14.662775
281.410114,16.23782,14.384331
281.610003,16.267902,14.693168
281.809997,16.278316,15.242715
282.009997,16.266745,13.600426
282.200402,16.272532,12.842499
282.41,16.277159,12.286663
282.610001,16.243605,11.077586
282.810221,16.279472,12.1062765
283.009998,16.310713,12.72094
283.209997,16.313026,13.192903
283.410001,16.271374,12.37036
283.599998,16.270216,11.327653
283.809997,16.252861,12.588057
284.009998,16.264431,12.885543
284.209999,16.263275,13.750375
284.410051,16.278316,14.029538
284.609997,16.274845,14.112535
284.809998,16.24592,14.4864645
285.000002,16.281786,14.444922
285.210143,16.265589,14.204098
285.409998,16.271374,13.159468
285.609998,16.254017,14.228088
285.810056,16.228563,13.501239
286.009997,16.228563,14.217017
286.209998,16.28063,12.906005
286.399998,16.24939,12.965102
286.609997,16.286415,12.611096
286.809998,16.293356,12.042012
287.010001,16.274845,12.366196
287.209998,16.270216,12.607541
287.410107,16.314184,12.118535
287.609998,16.26906,11.92699
287.799998,16.271374,13.123447
288.009996,16.234348,11.0709505
288.209999,16.28757,12.830562
288.409996,16.263275,12.231968
288.609998,16.26096,12.061606
288.81015,16.307241,11.857944
289.010002,16.28757,12.409196
289.199997,16.302614,10.711922
289.409997,16.294514,11.349081
289.609997,16.272532,14.7677965
289.809998,16.293356,14.248614
290.009997,16.281786,14.362653
290.209999,16.272532,12.947654
290.410001,16.306084,12.549707
290.599997,16.291044,12.125917
290.809997,16.317656,12.026877
291.009997,16.314184,12.628218
291.210021,16.286415,12.64728
291.409998,16.259804,11.411332
291.610001,16.29683,12.60997
291.81,16.281786,12.758509
292.000153,16.301456,12.8842125
292.209997,16.284101,14.270249
292.410003,16.317656,13.835225
292.610001,16.318811,13.757755
292.809997,16.322283,13.661009
293.009998,16.306084,13.135114
293.209997,16.336168,11.815376
293.4,16.297985,12.177966
293.610015,16.33154,11.806232
293.809996,16.293356,12.235693
294.009997,16.28063,12.042375
294.209996,16.274845,11.977617
294.41,16.281786,11.47466
294.609997,16.307241,11.697284
294.799996,16.293356,12.674634
295.01023,16.3084,11.894268
295.210001,16.284101,12.38185
295.409998,16.247076,12.256992
295.609996,16.281786,12.956573
295.810055,16.311869,12.666639
296.009996,16.276001,11.646235
296.199998,16.284101,11.976656
296.409997,16.307241,11.007928
296.610245,16.284101,11.616485
296.809998,16.281786,10.66989
297.009997,16.333853,10.7961235
297.209997,16.33154,11.746262
297.410026,16.28063,10.129891
297.599998,16.270216,10.607211
297.809999,16.263275,10.625178
298.010173,16.22625,11.013805
298.210001,16.252861,12.835742
298.409997,16.215836,12.662696
298.610001,16.203108,12.562737
298.809996,16.233192,13.198373
298.999997,16.16724,14.443321
299.210001,16.205423,13.539178
299.409997,16.24592,12.912343
299.610073,16.24939,13.883436
299.81,16.228563,13.780625
300.009997,16.247076,12.501026
300.209997,16.216993,12.72726
300.400341,16.22162,13.215692
300.609997,16.264431,14.145359
300.809999,16.2922,13.692622
301.010019,16.216993,13.526265
301.210473,16.133686,14.141516
301.409998,16.170712,15.567891
301.609997,16.22162,15.499259
301.799997,16.250547,14.417714
302.010012,16.243605,14.146584
302.209997,16.276001,14.435441
302.409998,16.282944,12.338442
302.609999,16.26906,13.036974
302.809996,16.254017,12.867181
303.010001,16.277159,11.791121
303.199998,16.273687,10.721208
303.410009,16.26096,11.810953
303.610004,16.216993,12.541853
303.810001,16.174183,13.15564
304.009999,16.22162,11.999597
304.210463,16.196167,14.064947
304.41,16.105917,13.499839
304.6,16.09666,15.054261
304.810004,16.116331,17.047688
305.010021,16.118645,18.5029
305.209997,16.200794,18.027262
305.409999,16.185753,17.643078
305.609998,16.213522,15.71207
305.809996,16.265589,13.364661
306,16.215836,12.434854
306.209996,16.098976,13.697497
306.410025,16.114016,16.815056
306.609997,16.092033,16.56342
306.81,16.120958,15.927287
307.010042,16.201952,16.325188
307.210001,16.282944,14.920656
307.399999,16.247076,14.238034
307.599998,16.272532,14.623092
307.809997,16.250547,12.38863
308.009997,16.25749,14.972903
308.209996,16.216993,14.904851
308.409997,16.284101,15.980885
308.610001,16.241291,14.277662
308.799998,16.241291,14.711385
309.009998,16.263275,13.512429
309.209997,16.248232,14.091899
309.409997,16.250547,13.913323
309.609998,16.254017,13.751158
309.809998,16.219307,13.372088
310.010064,16.22162,13.554191
310.200091,16.265589,14.081414
310.409998,16.241291,13.2296715
310.609998,16.263275,12.415769
310.810001,16.25749,11.686137
311.010145,16.243605,12.964233
311.209997,16.24939,12.625775
311.409997,16.258646,13.167325
311.600002,16.265589,14.077064
311.810004,16.295671,13.115607
312.009998,16.24592,13.567739
312.199997,16.271374,12.335034
312.409997,16.225092,13.404105
312.610042,16.23782,12.18247
312.810001,16.24939,12.983288
313.009997,16.21815,12.319252
313.210215,16.184595,13.915862
313.409997,16.19501,15.691872
313.61,16.182283,15.550697
313.809997,16.168398,14.742904
314.009996,16.196167,14.584126
314.209999,16.192696,15.859377
314.4,16.185753,15.059045
314.609997,16.168398,16.047907
314.810197,16.201952,15.357473
315.009997,16.19848,15.171455
315.209998,16.193853,15.489472
315.410001,16.227407,13.920027
315.610299,16.222778,15.002067
315.799997,16.22625,13.157754
316,16.201952,12.184078
316.210269,16.21815,12.086927
316.410027,16.22625,12.001295
316.609996,16.193853,13.096408
316.809996,16.189224,11.597143
317.009998,16.20658,11.788486
317.199997,16.171867,12.463627
317.41,16.173025,11.569322
317.609998,16.153357,13.138055
317.810181,16.147572,13.532175
318.009996,16.193853,14.007887
318.209997,16.185753,13.742211
318.409997,16.18344,14.0608425
318.600473,16.126743,14.252563
318.799999,16.173025,15.006002
319.009997,16.189224,15.070974
319.210191,16.201952,14.100471
319.409996,16.18344,13.98245
319.609998,16.196167,13.767907
319.809998,16.173025,13.810583
320,16.207737,13.741
320.209997,16.193853,13.5927105
320.409998,16.199638,14.326758
320.609998,16.235504,13.827244
320.810123,16.222778,13.799918
321.009996,16.236662,11.74912
321.209997,16.230877,13.034555
321.399998,16.208893,13.15557
321.610241,16.201952,13.575196
321.809998,16.169556,12.135953
322.01,16.191538,12.074541
322.210128,16.193853,13.321704
322.410009,16.232035,13.409909
322.609998,16.220465,13.209371
322.800001,16.207737,12.990868
323.01,16.188068,13.326179
323.209999,16.207737,13.461036
323.41,16.16724,13.808994
323.609999,16.164927,14.6193075
323.810112,16.163769,16.166714
324.009996,16.127901,16.124636
324.199998,16.173025,14.8280945
324.409996,16.181126,13.318225
324.610067,16.163769,13.699387
324.799998,16.136002,16.496702
325.009998,16.126743,15.704143
325.210111,16.163769,15.444487
325.410039,16.152199,16.246422
325.599998,16.166082,16.117762
325.800005,16.153357,14.915671
326.009996,16.127901,16.38843
326.209998,16.16724,16.57847
326.410003,16.147572,16.684683
326.61,16.18691,14.52205
326.810035,16.208893,14.0035925
326.999997,16.171867,14.890329
327.209997,16.173025,15.623963
327.410001,16.168398,12.262777
327.610041,16.18691,13.747153
327.809997,16.189224,13.09263
328.010001,16.16724,14.424117
328.209997,16.207737,13.309015
328.400038,16.22162,13.745879
328.609998,16.241291,13.463302
328.809998,16.21815,13.400013
329.009996,16.19848,14.585072
329.210001,16.169556,14.437127
329.409998,16.173025,12.814968
329.609999,16.207737,12.160136
329.799999,16.191538,11.920973
330.009997,16.179968,12.553671
330.209998,16.179968,12.2570715
330.409997,16.157984,12.444953
330.609999,16.170712,11.623673
330.809997,16.191538,12.544085
331.009997,16.22625,11.114749
331.210108,16.232035,11.953265
331.410467,16.212364,11.14804
331.609998,16.219307,10.94141
331.812264,16.216993,12.405507
332.009999,16.204266,13.240638
332.209997,16.216993,12.642466
332.41,16.182283,12.569586
332.599997,16.18691,12.348513
332.809997,16.17881,12.40532
333.010001,16.208893,11.963336
333.209999,16.199638,12.830487
333.409997,16.230877,12.809843
333.610041,16.204266,13.642486
333.809999,16.191538,14.708245
334,16.212364,13.269876
334.209997,16.21468,12.723863
334.410562,16.203108,12.874044
334.609999,16.159142,12.4446
334.809999,16.16724,12.841169
335.009997,16.191538,12.495351
335.210198,16.216993,13.080647
335.399997,16.22162,12.628529
335.599997,16.212364,13.445594
335.810003,16.185753,12.986714
336.010001,16.200794,11.9587755
336.209996,16.163769,11.559534
336.409997,16.23782,12.69189
336.609998,16.191538,12.737547
336.799998,16.182283,11.290294
336.999999,16.193853,12.17021
337.209997,16.152199,14.414649
337.410253,16.115173,14.862208
337.609998,16.16724,15.599702
337.81,16.15567,15.223642
338.010001,16.15567,14.440016
338.200002,16.170712,13.818805
338.409997,16.154512,13.95911
338.609997,16.176497,14.122983
338.809998,16.177652,13.451167
339.010184,16.170712,13.191581
339.210001,16.154512,14.898761
339.41,16.107075,14.45427
339.599997,16.184595,15.510669
339.810431,16.197323,15.2109165
340.009998,16.228563,14.5337
340.210001,16.19501,14.21162
340.410326,16.173025,13.727175
340.609998,16.184595,12.622045
340.809998,16.219307,13.681143
340.999997,16.147572,13.300528
341.210121,16.204266,14.648675
341.409997,16.216993,14.217245
341.609997,16.213522,14.515092
341.809999,16.19038,15.142777
342.010217,16.179968,13.714767
342.209996,16.203108,13.071447
342.4,16.174183,13.554164
342.609998,16.182283,14.435627
342.809997,16.179968,14.537303
343.009998,16.174183,13.597538
343.209997,16.152199,11.885568
343.410151,16.193853,14.091996
343.609998,16.153357,12.491614
343.799997,16.197323,13.785645
344.009997,16.1198,13.175076
344.209996,16.152199,13.004311
344.409998,16.193853,13.044622
344.609997,16.184595,13.296248
344.809997,16.173025,11.530058
345.010095,16.196167,12.867406
345.199997,16.193853,12.3472185
345.41,16.122116,12.236078
345.609998,16.169556,11.898122
345.810269,16.193853,12.652809
346.009997,16.181126,12.236205
346.209998,16.182283,12.692609
346.410094,16.23782,11.370896
346.599997,16.199638,11.40722
346.809997,16.191538,11.626236
347.010003,16.163769,12.419039
347.209996,16.163769,12.938344
347.410036,16.18691,12.975281
347.609998,16.17534,12.847405
347.809997,16.19501,13.01305
347.999996,16.111704,14.791902
348.209997,16.162613,14.918051
348.409998,16.153357,13.075124
348.609996,16.154512,13.864799
348.809996,16.10129,15.405062
349.009997,16.130217,14.660499
349.209998,16.154512,14.525861
349.399996,16.137157,16.61509
349.610355,16.111704,15.894822
349.810001,16.095505,14.5148945
350.009996,16.123274,13.990226
350.209998,16.114016,13.101697
350.410155,16.133686,13.382373
350.609998,16.174183,14.251607
350.799996,16.168398,14.513172
351.009997,16.1198,12.272604
351.210015,16.161455,12.047428
351.409997,16.153357,11.368188
351.609997,16.159142,12.928478
351.810064,16.142942,12.406542
352.009998,16.157984,12.605048
352.199997,16.149885,13.985306
352.409998,16.156828,12.976821
352.610532,16.17881,11.908303
352.809998,16.152199,13.833931
353.009998,16.16724,13.566658
353.209997,16.189224,12.131633
353.409998,16.19501,11.779991
353.599997,16.197323,13.998365
353.799997,16.130217,13.659497
354.009997,16.120958,14.895681
354.209998,16.153357,14.779664
354.409996,16.171867,16.234575
354.609997,16.130217,15.697226
354.809996,16.156828,14.061783
354.999998,16.129059,13.665113
355.199998,16.131372,13.636474
355.410036,16.169556,13.624935
355.61037,16.18691,13.149343
355.809996,16.179968,12.979096
356.010001,16.21815,12.041712
356.209996,16.136002,12.332726
356.400174,16.145256,12.013403
356.609997,16.166082,11.184117
356.809998,16.117489,11.247693
357.009998,16.136002,12.859771
357.209997,16.142942,14.405851
357.409998,16.116331,15.064889
357.609997,16.10129,14.970686
357.800282,16.127901,15.220751
358.01,16.116331,15.0291815
358.209997,16.117489,14.021791
358.410002,16.132528,13.767811
358.610404,16.147572,15.042201
358.809998,16.142942,16.266125
359.009996,16.118645,13.789641
359.199998,16.132528,12.872103
359.410137,16.161455,12.449464
359.61,16.104761,13.556482
359.809997,16.139471,14.636945
360.010001,16.117489,14.039336
360.210001,16.098976,15.008226
360.410003,16.103603,15.084867
360.599997,16.137157,15.080704
360.810043,16.114016,14.865777
361.009998,16.103603,14.489055
361.21,16.1441,15.450006
361.410069,16.100132,16.279665
361.609997,16.149885,14.911448
361.81,16.092033,15.194081
361.999999,16.08509,14.838204
362.209997,16.08162,15.394812
362.409997,16.094347,14.79958
362.609999,16.048067,13.185972
362.809999,16.038809,14.782204
363.010011,16.044594,14.435146
363.209996,16.05848,14.8146
363.399998,16.163769,13.69572
363.609996,16.163769,14.130441
363.810147,16.162613,13.323999
364.009999,16.16724,13.563448
364.209997,16.156828,13.442642
364.410434,16.120958,13.568841
364.610001,16.147572,13.193733
364.8,16.162613,13.286887
365.009997,16.193853,13.932624
365.209996,16.182283,14.701462
365.409997,16.145256,13.152582
365.609998,16.142942,13.789801
365.809998,16.160297,14.8247
366.010139,16.152199,14.549731
366.199999,16.129059,14.173723
366.410911,16.168398,14.902685
366.609996,16.166082,13.033269
366.810153,16.107075,13.600214
367.009998,16.131372,14.358477
367.209997,16.15567,13.86298
367.410082,16.134844,12.679951
367.600149,16.132528,12.813516
367.809996,16.160297,11.996424
368.009997,16.10823,11.988535
368.209996,16.139471,13.244356
368.409997,16.117489,13.899826
368.610001,16.116331,14.268012
368.809998,16.133686,13.551935
368.999996,16.181126,13.08016
369.209997,16.154512,10.941641
369.409998,16.105917,13.32889
369.609997,16.082777,13.675825
369.810008,16.075834,12.150806
370.010001,16.053852,13.3798
370.209997,16.075834,12.732689
370.399996,16.161455,14.224054
370.610588,16.114016,14.824627
370.81,16.129059,14.464343
371.009996,16.164927,14.404438
371.209996,16.18691,13.851359
371.410035,16.171867,12.755317
371.609998,16.179968,12.455625
371.799999,16.20658,13.243642
372.009997,16.176497,13.108433
372.210001,16.131372,12.444692
372.409996,16.169556,13.151496
372.609997,16.163769,12.263858
372.809997,16.192696,11.78764
373.010001,16.215836,10.569877
373.199998,16.179968,11.255489
373.409998,16.171867,11.204295
373.610391,16.171867,11.828751
373.809997,16.153357,12.137631
374.010001,16.123274,11.844538
374.209996,16.118645,14.477412
374.410275,16.068892,14.477337
374.599997,16.043438,14.743483
374.799998,16.048067,14.428748
375.01,16.033024,15.76896
375.210001,16.08972,15.080343
375.409999,16.086248,16.143183
375.609997,16.123274,15.798871
375.810023,16.109388,15.4605875
375.999997,16.087404,15.540357
376.199997,16.080463,14.274915
376.409997,16.049223,15.73333
376.610369,16.071207,14.742232
376.809997,16.044594,13.51277
377.009998,16.059637,14.271689
377.209997,16.045752,14.306175
377.400184,16.04691,13.929791
377.609997,16.08162,14.8242
377.809999,16.102446,14.365932
378.009997,16.049223,14.033827
378.210036,16.105917,14.551713
378.409998,16.071207,14.19178
378.609997,16.079306,14.430092
378.800397,16.095505,14.837244
379.010001,16.060793,14.619207
379.209997,16.07815,14.383425
379.409997,16.04691,15.263451
379.610394,16.090876,16.07657
379.809998,16.086248,16.087187
380.009998,16.04691,15.157511
380.199997,16.083935,13.455313
380.410132,16.08509,14.622566
380.609997,16.138315,14.211835
380.809997,16.08972,14.413917
381.01,16.094347,13.821738
381.209997,16.134844,12.674423
381.409999,16.102446,12.354091
381.599997,16.115173,14.55649
381.809998,16.07005,13.160415
382.010002,16.079306,14.307131
382.21,16.026083,14.585621
382.409997,16.075834,15.414949
382.610556,16.063107,15.189032
382.810004,16.041124,14.424571
382.999998,16.05848,13.603144
383.209996,16.043438,14.192794
383.410271,16.083935,14.501505
383.609997,16.07815,13.829498
383.810002,16.056164,14.077977
384.009997,16.055008,14.1432295
384.210242,16.07352,13.838192
384.399997,16.083935,12.595686
384.6,16.053852,11.675663
384.809997,16.07352,13.841709
385.009999,16.068892,13.498546
385.209997,16.080463,12.550488
385.409998,16.117489,12.984303
385.610181,16.050379,13.520894
385.799998,16.08509,13.269566
386.009997,16.102446,13.520936
386.209998,16.126743,13.284979
386.410175,16.104761,11.386907
386.609997,16.09666,9.685167
386.809997,16.083935,11.170972
387.009997,16.161455,11.759106
387.200215,16.141787,11.396828
387.409997,16.116331,12.120816
387.609998,16.06658,13.268338
387.809999,15.995999,14.061371
388.010041,15.895337,15.095028
388.209997,15.8872385,17.068926
388.4101,15.710212,19.811672
388.599996,15.796989,23.471437
388.809997,15.747237,23.042097
389.010001,15.763435,22.682213
389.209997,15.8363285,22.117634
389.41015,15.888394,22.638107
389.609996,15.91385,19.401438
389.809998,15.906907,19.251911
390.000002,15.879139,16.033789
390.209997,15.970545,16.762415
390.409997,15.8872385,18.303736
390.609997,16.004099,20.45275
390.809998,16.002943,18.1276
391.010012,16.01104,16.78657
391.209996,16.015669,18.351385
391.399997,16.07005,17.591839
391.610189,16.022612,16.365873
391.809996,16.022612,15.97113
392.010002,16.057322,16.59761
392.209996,16.071207,14.148257
392.410126,16.052694,14.392108
392.609998,16.048067,14.679528
392.8,16.026083,14.715913
393.009997,16.093191,14.144096
393.210141,16.124432,12.811482
393.410002,16.07815,11.071629
393.609998,16.074677,10.460978
393.809997,16.063107,11.932904
394.01,16.100132,12.121924
394.199997,16.104761,13.261622
394.399998,16.079306,12.378125
394.610145,16.082777,11.933603
394.809998,16.055008,12.38326
395.009997,16.088562,13.218544
395.209997,16.060793,14.735501
395.409998,16.120958,12.731416
395.600001,16.068892,13.969902
395.81,16.102446,12.719875
396.01,16.120958,12.235105
396.210156,16.08162,12.345075
396.409998,16.04228,12.47569
396.609998,16.09666,12.169706
396.809997,16.083935,12.290158
397.000441,16.090876,12.486365
397.209998,16.052694,13.765022
397.409999,16.041124,12.863018
397.611268,16.053852,12.527538
397.809998,16.038809,13.485728
398.009997,16.049223,15.530272
398.209998,16.031868,15.768997
398.400116,16.005255,15.354724
398.609998,16.043438,14.787901
398.809998,16.043438,13.806792
399.009998,16.017982,14.384555
399.210102,16.034182,15.102795
399.409998,15.993685,17.085716
399.609999,16.020298,16.89718
399.810894,15.982115,16.445963
400.010134,15.980957,15.746858
400.209997,16.079306,15.269367
400.410001,16.024925,14.82574
400.610117,16.075834,15.726903
400.810014,16.05848,15.502656
401.009996,16.020298,15.818447
401.199998,16.051537,15.734003
401.409997,16.006413,15.400607
401.610001,16.052694,13.615568
401.809998,16.015669,13.532414
402.010999,16.052694,13.11972
402.210084,16.052694,12.317116
402.409996,16.036495,12.814285
402.600001,16.055008,11.982723
402.810002,16.031868,13.183606
403.010099,15.997157,12.058093
403.209998,16.056164,14.395913
403.410003,16.063107,15.381335
403.610211,16.041124,15.761058
403.809998,16.051537,16.285702
403.999997,16.060793,16.99334
404.199999,16.015669,16.748352
404.411047,16.01914,16.146824
404.609998,16.03534,14.605386
404.810004,16.037653,14.588502
405.009997,16.024925,15.210747
405.209999,16.017982,15.957285
405.399997,16.022612,16.349825
405.609997,16.015669,16.127808
405.809999,16.022612,15.805033
406.010155,16.031868,15.245116
406.209998,15.969387,14.158671
406.41,15.991372,14.651849
406.609998,16.01104,14.666727
406.800136,16.012197,15.957185
407.009997,16.008728,17.470547
407.209998,16.013355,17.56256
407.409996,16.014513,16.274317
407.609997,16.043438,16.230518
407.809997,16.026083,15.44251
408.009997,16.024925,16.101425
408.199997,16.001785,17.01402
408.409998,16.014513,15.999989
408.612002,16.033024,16.289505
408.809998,16.033024,16.120575
409.010156,15.969387,15.163394
409.209998,15.994843,14.418906
409.409997,16.021454,15.414974
409.610025,16.033024,15.755049
409.810466,16.024925,15.969711
410.010001,16.024925,14.631946
410.209996,16.01914,13.184643
410.409997,16.023767,12.803687
410.610154,16.004099,13.788481
410.809998,16.004099,15.256668
410.999998,16.037653,14.252816
411.210001,16.023767,13.453031
411.410042,16.000628,15.643856
411.61,16.009884,15.142888
411.809998,16.020298,15.2829685
412.009996,16.002943,16.61846
412.210001,16.022612,15.383262
412.399997,16.015669,16.358295
412.609997,15.9879,17.592892
412.810322,16.031868,17.942158
413.009999,16.014513,16.747046
413.210001,16.004099,15.696661
413.409997,15.99947,16.441557
413.610284,16.022612,16.185171
413.799999,16.056164,15.715944
413.999998,15.994843,16.370617
414.210005,15.964759,14.639205
414.410033,16.001785,15.015667
414.609997,16.005255,16.608051
414.809997,16.004099,16.727274
415.009997,15.992528,15.784085
415.199997,16.01104,15.490082
415.399998,15.997157,15.137825
415.609998,16.01914,14.655533
415.810266,16.028397,13.662625
416.009998,15.997157,14.389102
416.209996,16.002943,13.143889
416.410003,16.008728,13.868021
416.600142,16.039967,14.055329
416.809997,16.004099,14.734456
417.009999,16.036495,14.078605
417.209997,16.031868,12.507241
417.410396,15.983272,14.279945
417.609997,15.986743,14.096758
417.809999,16.023767,13.957663
418.000017,16.022612,14.673837
418.209998,16.005255,15.344987
418.399997,16.015669,15.978703
418.609998,15.99947,14.399732
418.810256,16.031868,14.480637
419.009996,16.036495,14.292133
419.209998,15.992528,14.230206
419.399997,16.009884,14.965684
419.610002,16.017982,13.160491
419.809997,16.027239,13.936909
420.009997,16.037653,13.843679
420.209999,16.024925,13.634072
420.410201,16.006413,16.172905
420.609997,16.036495,16.398441
420.8,16.004099,15.271556
421.010001,16.017982,14.63242
421.209998,16.017982,15.034343
421.410001,16.005255,14.225389
421.609997,16.01914,14.507466
421.810233,15.99947,14.771422
422.010001,16.01104,15.095853
422.199997,16.006413,15.932591
422.409998,16.000628,15.177577
422.610154,15.984429,14.940217
422.810001,15.998313,14.205434
423.009998,16.00757,13.616869
423.209997,16.01104,13.521414
423.41024,16.01104,14.563996
423.599998,15.992528,14.83295
423.799997,16.014513,15.224735
424.009997,15.994843,15.53608
424.209998,16.009884,13.357786
424.409997,16.04228,13.579357
424.609997,16.036495,14.665305
424.810313,16.036495,15.460908
424.999997,15.986743,15.182011
425.209998,16.005255,14.24342
425.409999,16.004099,15.240839
425.610057,16.001785,14.754144
425.810001,16.013355,15.192108
426.009997,16.015669,14.368905
426.21,15.965917,13.258256
426.400041,16.008728,14.459067
426.609997,15.972859,14.367408
426.809997,15.947404,14.4132
427.009997,15.972859,16.2806
427.209998,15.994843,16.35038
427.409998,15.967073,18.207703
427.610001,16.006413,19.162756
427.800048,15.995999,16.859863
428.010001,15.971702,16.24314
428.21,15.998313,15.988948
428.409997,16.013355,17.446259
428.609997,15.990214,15.035911
428.809997,15.903437,15.138777
429.009997,16.013355,13.97454
429.199997,15.969387,15.889998
429.410046,16.029552,15.879171
429.609998,15.990214,15.698593
429.811992,15.992528,15.616542
430.009996,16.014513,15.601967
430.209997,15.980957,14.69704
430.409998,15.9879,14.108979
430.599996,16.001785,13.221472
430.810253,15.984429,13.443992
431.009998,15.974016,11.69863
431.210001,16.000628,12.764317
431.409997,16.024925,12.830174
431.610052,16.012197,13.200788
431.810001,16.009884,11.928572
431.999998,16.01914,12.149125
432.209998,15.975172,14.150092
432.410227,15.990214,14.057275
432.609998,16.006413,13.406958
432.809998,16.002943,13.487187
433.009997,16.020298,13.586062
433.209997,15.989058,14.276367
433.399998,15.927735,13.231331
433.610004,15.941619,14.068928
433.810328,15.939305,16.142296
434.010002,15.984429,16.607025
434.209997,15.965917,15.156975
434.409996,15.925421,15.1595125
434.610052,15.978644,14.207477
434.799998,16.063107,15.285298
434.999998,16.039967,13.785266
435.209998,16.05848,12.850643
435.409998,16.050379,13.651367
435.609998,16.023767,13.034275
435.809997,15.997157,14.052501
436.009997,15.99947,13.83866
436.199998,16.017982,14.910929
436.399998,15.980957,13.552218
436.609997,16.021454,12.80809
436.810257,16.027239,12.891882
437.009999,15.980957,12.27529
437.209998,15.985586,14.075032
437.409998,16.002943,15.458806
437.600054,16.001785,12.673185
437.809998,15.99947,12.317118
438.009998,15.975172,11.514024
438.210002,15.965917,11.827622
438.410169,15.989058,13.463729
438.609998,15.99947,13.890346
438.809997,15.983272,15.626135
439.000154,15.980957,14.929374
439.210165,15.957817,14.2498
439.399998,15.932363,15.339191
439.609998,15.936991,17.389036
439.810281,15.904594,15.940223
440.010014,15.935833,14.311365
440.210001,15.939305,16.458834
440.399997,15.958974,16.621359
440.61,15.939305,15.513791
440.809997,15.930048,14.378465
441.009998,15.960132,14.695723
441.209998,15.957817,16.744898
441.409998,15.955503,15.799625
441.609999,15.9439335,15.3547
441.799998,15.953189,15.501714
442.009997,15.962446,15.503906
442.210042,15.971702,14.294727
442.409997,15.97633,14.173017
442.609998,15.985586,14.453934
442.809997,15.967073,14.491947
443.010443,15.969387,12.186629
443.199998,15.954346,12.299224
443.399997,15.991372,12.237162
443.609997,15.974016,12.788271
443.810136,15.948561,12.940045
444.009997,15.993685,14.435994
444.209997,15.94509,14.155157
444.410002,15.990214,13.859578
444.600019,15.962446,14.456594
444.810001,15.964759,15.631926
445.009997,15.974016,15.583213
445.209997,15.970545,15.086568
445.409998,15.967073,13.781221
445.610001,15.939305,13.013806
445.809997,15.962446,13.385321
446,15.89418,13.906084
446.209998,15.950875,14.423932
446.41,15.934676,16.056591
446.609997,15.941619,16.590832
446.810033,15.985586,15.301695
447.009998,15.967073,14.45951
447.209997,15.960132,14.641893
447.399998,15.986743,13.703398
447.610188,15.955503,14.782774
447.809998,15.967073,15.651124
448.009999,15.935833,15.11147
448.209997,15.971702,13.838954
448.410139,15.927735,14.265675
448.61,15.920793,13.07032
448.799998,15.947404,15.252222
449.010145,15.958974,15.851633
449.210015,15.930048,15.121715
449.409998,15.941619,14.366127
449.609997,15.970545,15.412908
449.809996,15.94509,13.869639
450.009997,15.953189,14.754197
450.199997,15.950875,16.533577
450.409997,15.995999,18.355648
450.610102,15.957817,15.25743
450.809998,15.9439335,15.156229
451.009999,15.985586,13.703715
451.209999,15.958974,14.194606
451.410042,15.982115,14.326896
451.599998,15.946246,15.178623
451.799999,15.938148,13.917273
452.009999,15.975172,11.488378
452.210465,16.001785,12.618919
452.41,15.972859,13.247514
452.610001,15.9879,13.883577
452.809996,15.993685,14.535165
452.999998,15.994843,13.158884
453.209996,15.958974,11.626513
453.410001,15.97633,12.8217325
453.609998,15.985586,13.118357
453.809998,15.962446,12.23505
454.009998,15.978644,12.068412
454.21,15.962446,11.8175745
454.40016,15.950875,14.086003
454.609997,15.930048,14.948908
454.809999,15.939305,13.657974
455.009997,15.967073,14.804225
455.210356,15.979801,13.837368
455.410001,15.940461,13.943791
455.609997,15.948561,16.103071
455.799998,15.957817,15.206295
456.010032,15.952031,13.457272
456.209998,15.962446,13.954123
456.409997,15.930048,15.432446
456.609997,15.949718,15.678193
456.809997,15.967073,15.569685
457.009997,15.972859,15.854616
457.2,15.949718,17.351692
457.409998,15.954346,15.9211
457.610048,15.939305,14.918934
457.809997,15.939305,13.451162
458.009998,15.975172,14.332544
458.210392,15.982115,14.384448
458.409997,15.935833,13.693959
458.599998,15.958974,12.907971
458.809998,15.940461,14.107459
459.010006,15.886082,12.711659
459.209996,15.932363,14.604007
459.409998,15.90228,14.72555
459.609999,15.90575,14.374551
459.810209,15.904594,14.519764
460.000009,15.930048,15.186412
460.21,15.938148,15.944611
460.409997,15.930048,15.06503
460.609999,15.939305,15.640359
460.809998,15.950875,15.264361
461.009998,15.930048,15.077122
461.210152,15.931206,16.084618
461.399997,15.932363,15.0778055
461.609997,15.97633,15.57873
461.81,15.974016,14.178847
462.009997,15.960132,14.602833
462.209997,15.990214,12.835872
462.409998,15.967073,12.17379
462.609998,15.984429,12.35583
462.800104,15.935833,12.357764
463.009997,15.965917,12.364041
463.210009,15.956661,13.834364
463.409997,15.964759,13.737104
463.609998,15.931206,15.310345
463.810013,15.930048,15.524732
464.010003,15.906907,14.940449
464.210168,15.924263,14.995808
464.409999,15.918478,16.554647
464.609997,15.886082,14.574686
464.799999,15.953189,15.538097
465.009996,15.932363,14.300827
465.21,15.915008,14.195927
465.409997,15.925421,16.573503
465.599999,15.886082,16.5969
465.810369,15.970545,15.257746
466.009997,15.935833,13.919561
466.209997,15.932363,15.204602
466.409998,15.886082,14.811536
466.610014,15.898809,13.14687
466.809997,15.936991,12.908909
466.999998,15.940461,13.434578
467.210541,15.930048,13.439993
467.409998,15.896495,14.86533
467.609997,15.910379,14.347728
467.809998,15.921949,15.292012
468.009999,15.880297,15.386187
468.209997,15.921949,15.530885
468.399997,15.912693,14.664343
468.609998,15.949718,15.392658
468.810189,15.948561,15.387714
469.009998,15.920793,14.963133
469.209998,15.888394,14.632288
469.409997,15.915008,14.239527
469.610155,15.912693,16.627354
469.799997,15.911535,15.902038
469.999998,15.923105,16.368958
470.210265,15.920793,16.54352
470.410028,15.918478,15.499495
470.610001,15.890709,15.936712
470.81,15.873354,16.5542
471.009999,15.911535,17.242321
471.199998,15.912693,16.897572
471.409998,15.889552,17.909197
471.610004,15.8930235,17.359304
471.810109,15.879139,15.565842
472.009996,15.886082,17.638374
472.210002,15.8930235,16.933811
472.409997,15.909222,17.697378
472.600013,15.849055,17.020082
472.799998,15.903437,16.551119
473.009997,15.899965,16.707466
473.210519,15.908065,16.566324
473.410004,15.877981,16.032688
473.609997,15.899965,16.035528
473.809997,15.908065,15.926963
474.000206,15.846743,15.439173
474.209997,15.920793,15.707622
474.409997,15.89418,16.082607
474.610001,15.906907,16.349247
474.810044,15.865254,17.059227
475.009999,15.90228,16.533558
475.209997,15.855998,16.417995
475.409997,15.90228,16.017212
475.610043,15.883767,16.45664
475.809998,15.877981,16.884617
476.010052,15.906907,16.752838
476.210375,15.8421135,17.03263
476.409999,15.849055,16.580496
476.609998,15.8930235,17.110647
476.799998,15.882609,17.045547
477.009998,15.906907,15.025985
477.209998,15.851371,14.127804
477.409999,15.897652,15.606748
477.610017,15.860626,17.161077
477.809998,15.872196,16.891663
478.010001,15.872196,14.489959
478.200105,15.834015,14.051431
478.410087,15.852528,16.150364
478.609998,15.864098,14.805356
478.809999,15.909222,15.69798
479.010339,15.835172,15.431407
479.209998,15.865254,16.464706
479.410001,15.879139,16.457144
479.6,15.873354,15.88883
479.810001,15.869884,16.1475
480.010046,15.912693,15.38644
480.209997,15.884924,17.116123
480.409997,15.896495,16.286663
480.610012,15.8814535,16.598616
480.809997,15.884924,15.934002
480.999999,15.886082,15.10692
481.210001,15.886082,15.357674
481.410206,15.834015,15.896729
481.61,15.8930235,16.038382
481.810003,15.860626,15.135083
482.009997,15.931206,15.31642
482.21049,15.906907,15.770096
482.399997,15.941619,16.039148
482.599999,15.8478985,15.076859
482.81,15.850213,15.385774
483.009997,15.832857,14.726086
483.209999,15.884924,14.392704
483.410002,15.898809,14.831914
483.609999,15.908065,14.324875
483.8,15.858313,14.648052
484.009997,15.898809,15.41473
484.209999,15.883767,14.029403
484.409997,15.895337,13.350925
484.609997,15.868726,12.886316
484.809998,15.8872385,13.074987
485.010087,15.918478,13.556036
485.200002,15.888394,13.7375765
485.409997,15.899965,13.67394
485.609999,15.8930235,14.25402
485.810001,15.898809,14.02219
486.010128,15.91385,12.609804
486.209997,15.920793,15.537767
486.409998,15.899965,17.95044
486.600002,15.891867,17.1215
486.810001,15.897652,15.674874
487.009997,15.896495,14.836552
487.209997,15.874511,16.019857
487.409998,15.909222,15.389566
487.609998,15.877981,15.186295
487.809997,15.886082,14.617419
487.999998,15.928891,13.07921
488.210422,15.897652,15.653762
488.409998,15.90575,15.756534
488.609998,15.859468,15.248976
488.809996,15.89418,13.083911
489.010009,15.911535,13.202434
489.210001,15.8930235,13.984527
489.399997,15.924263,13.922898
489.610113,15.918478,14.896353
489.809997,15.886082,15.255363
490.010001,15.871039,14.559252
490.209997,15.91385,15.089943
490.410109,15.89418,13.928579
490.609997,15.8363285,12.790948
490.8,15.816659,14.141316
491.010086,15.808559,14.222519
491.209999,15.814344,14.094562
491.409998,15.82013,14.087139
491.609997,15.812032,14.604949
491.810002,15.866411,16.519133
492.009998,15.835172,17.996115
492.199997,15.8363285,16.988478
492.409997,15.8478985,17.931503
492.610138,15.8398,17.26339
492.809997,15.858313,17.45455
493.009998,15.846743,16.411236
493.209997,15.823602,16.223078
493.410021,15.850213,14.020449
493.599999,15.851371,14.240928
493.799998,15.834015,13.784684
494.01026,15.82013,14.173394
494.210435,15.8478985,16.583086
494.409998,15.800461,17.602724
494.609999,15.838643,18.017866
494.809998,15.859468,16.482107
495.000018,15.838643,18.29133
495.209998,15.890709,17.347355
495.41,15.857156,16.879395
495.609998,15.852528,15.57105
495.809998,15.82823,13.698635
496.009998,15.869884,14.135587
496.209997,15.889552,12.859138
496.400313,15.817817,14.642979
496.610001,15.862941,14.50616
496.809999,15.874511,14.203264
497.009997,15.877981,15.049702
497.210485,15.897652,14.472942
497.409997,15.898809,13.365499
497.609997,15.875669,14.651617
497.800054,15.874511,15.10239
498.01,15.8930235,15.274522
498.209997,15.877981,16.247252
498.409997,15.864098,15.852238
498.610259,15.884924,14.450271
498.809997,15.874511,15.868792
499.009998,15.883767,16.468346
499.200157,15.868726,15.808314
499.410026,15.845585,14.728415
499.599997,15.897652,16.208326
499.809997,15.844428,15.271325
500.010225,15.852528,14.474579
500.210001,15.8398,14.43205
500.409997,15.838643,14.470093
500.6,15.851371,13.388966
500.809997,15.876824,12.881609
501.009997,15.876824,12.809917
501.210002,15.855998,15.52688
501.409997,15.851371,15.511272
501.610114,15.851371,15.959375
501.809998,15.845585,16.082636
502.000001,15.876824,16.15752
502.209998,15.876824,15.936898
502.409998,15.832857,15.17324
502.609998,15.840958,15.069001
502.809997,15.849055,14.3094425
503.010174,15.852528,14.292266
503.209997,15.862941,13.39301
503.399997,15.849055,13.273113
503.609998,15.854841,13.676202
503.809996,15.857156,13.5315895
504.01,15.817817,13.485423
504.209997,15.861783,12.830215
504.409999,15.827072,12.840936
504.610166,15.849055,13.225437
504.799997,15.869884,15.083572
504.999997,15.884924,15.769621
505.209997,15.888394,14.872671
505.410287,15.823602,15.334778
505.609998,15.84327,15.578806
505.809998,15.832857,15.689785
506.010371,15.879139,15.083776
506.200047,15.851371,14.7953825
506.410001,15.865254,16.675148
506.609997,15.852528,16.568907
506.810042,15.871039,15.641309
507.009997,15.909222,15.999906
507.209997,15.875669,15.245462
507.409999,15.874511,15.593241
507.600247,15.846743,15.120947
507.809998,15.851371,14.79761
508.009997,15.837485,14.860722
508.209997,15.869884,15.576025
508.409998,15.845585,14.720475
508.610002,15.8363285,15.661203
508.809999,15.851371,16.226547
509.010147,15.834015,15.603139
509.21004,15.849055,15.272767
509.409998,15.852528,15.049752
509.610001,15.865254,15.061867
509.809997,15.879139,15.549031
510.009998,15.832857,15.446454
510.210119,15.817817,15.708054
510.399997,15.8398,14.9813385
510.610109,15.861783,14.276668
510.809996,15.851371,15.21455
511.010001,15.857156,14.568614
511.210001,15.8398,14.648857
511.410275,15.844428,13.917248
511.610001,15.825915,14.250268
511.799997,15.822445,14.353197
512.010093,15.855998,14.170923
512.209998,15.865254,15.773782
512.409997,15.832857,14.727382
512.609997,15.829387,15.2666
512.810012,15.858313,14.022189
513.009997,15.8363285,14.116676
513.199997,15.805089,14.3572035
513.409999,15.821287,14.246061
513.61004,15.807403,13.190522
513.809998,15.824758,14.583239
514.009999,15.794676,14.292484
514.210002,15.817817,14.366473
514.410173,15.793519,16.234903
514.599999,15.832857,15.903882
514.799998,15.798146,17.16815
515.009999,15.824758,15.870843
515.210501,15.834015,14.589237
515.409998,15.834015,14.918189
515.609997,15.818973,16.823822
515.809999,15.84327,15.003256
515.999998,15.846743,15.276076
516.209998,15.798146,16.180967
516.409998,15.858313,17.774347
516.609999,15.829387,16.88536
516.81,15.822445,16.051088
517.009998,15.832857,15.894203
517.209997,15.823602,15.043708
517.400332,15.864098,15.730816
517.609997,15.791204,15.127381
517.809999,15.778477,15.453319
518.009999,15.761121,16.712048
518.210507,15.832857,17.515099
518.409997,15.821287,15.853309
518.609998,15.790047,15.592166
518.799998,15.815502,15.772581
519.010133,15.868726,15.689131
519.209998,15.8398,14.582144
519.409997,15.835172,16.734161
519.609999,15.8363285,14.236179
519.809998,15.810874,15.590171
520.009999,15.829387,13.703073
520.199999,15.82013,12.5624
520.410175,15.787733,14.481722
520.610001,15.835172,14.053646
520.809997,15.810874,12.665216
521.009999,15.800461,15.050555
521.210489,15.812032,14.3866005
521.410001,15.812032,14.528501
521.599999,15.766906,15.555072
521.810001,15.798146,14.986472
522.009997,15.851371,13.46405
522.209998,15.806247,13.586665
522.409998,15.7854185,13.88484
522.610022,15.808559,14.668857
522.809997,15.817817,14.580347
522.999998,15.795832,13.889014
523.209996,15.778477,14.983923
523.410068,15.775006,15.119475
523.609998,15.755336,15.7460165
523.809997,15.773849,16.419243
524.010041,15.808559,15.619412
524.210572,15.812032,16.30665
524.399998,15.778477,15.30511
524.599997,15.735667,16.71323
524.810001,15.744923,16.319464
525.009997,15.809717,17.354792
525.209997,15.818973,15.812513
525.409997,15.790047,14.903438
525.610091,15.7854185,16.087412
525.799998,15.805089,14.604095
526.010001,15.829387,13.540924
526.209997,15.784262,13.754814
526.410227,15.793519,14.521508
526.609998,15.821287,13.754362
526.809999,15.813188,15.993356
527.010131,15.772691,15.483277
527.200047,15.793519,15.538438
527.409998,15.796989,16.88103
527.610001,15.800461,15.468042
527.809996,15.790047,14.326506
528.009997,15.817817,14.625132
528.209997,15.846743,12.928317
528.409997,15.8421135,13.17427
528.6,15.783106,13.7219095
528.810003,15.815502,14.142455
529.009997,15.798146,13.970036
529.209997,15.812032,15.169641
529.41025,15.791204,14.4620285
529.609998,15.798146,14.016523
529.809998,15.790047,14.450935
530.010099,15.815502,15.749352
530.209997,15.827072,15.154894
530.409998,15.832857,15.582919
530.609997,15.781948,13.631926
530.809997,15.780791,13.583074
531.009999,15.822445,14.131113
531.209997,15.799304,15.263856
531.400001,15.777321,16.116007
531.610003,15.805089,15.672013
531.809996,15.803931,14.779915
532.010003,15.817817,13.088911
532.209998,15.781948,12.900809
532.410207,15.827072,14.740319
532.609998,15.799304,15.457426
532.799997,15.808559,13.855543
533.010098,15.818973,14.75067
533.210022,15.830543,17.166761
533.409998,15.825915,16.907753
533.609997,15.805089,15.862126
533.809996,15.810874,16.403679
534.009997,15.803931,16.170792
534.199998,15.7796335,14.289308
534.410002,15.772691,14.796441
534.610034,15.813188,16.420763
534.809998,15.772691,15.108344
535.009998,15.810874,15.44841
535.209997,15.801617,15.416723
535.410201,15.791204,14.3355055
535.599999,15.803931,13.231138
535.799997,15.824758,11.705455
536.010102,15.799304,12.873669
536.209997,15.7854185,15.031803
536.409997,15.787733,15.393289
536.609997,15.776163,15.382434
536.810008,15.821287,16.562119
536.999997,15.783106,16.256601
537.21,15.82013,15.110625
537.409997,15.777321,13.892876
537.610073,15.795832,15.312024
537.809998,15.776163,15.903109
538.010001,15.803931,14.863284
538.209997,15.799304,14.467448
538.400381,15.834015,13.778362
538.599998,15.835172,14.191364
538.81,15.798146,14.35098
539.010057,15.786576,14.656058
539.210673,15.796989,15.750206
539.409997,15.784262,15.693075
539.609997,15.798146,16.2921
539.81,15.795832,15.600381
540.009999,15.778477,17.41428
540.209998,15.775006,17.397322
540.409999,15.787733,15.816805
540.609999,15.799304,15.158208
540.809996,15.799304,15.001124
541.009997,15.791204,15.89875
541.2,15.73798,15.698002
541.410073,15.758807,16.780788
541.61,15.718311,16.311687
541.809998,15.76575,15.950904
542.009997,15.781948,15.751934
542.210441,15.741452,18.078272
542.409998,15.758807,17.934036
542.599998,15.744923,17.963629
542.809997,15.76575,17.487627
543.009997,15.762279,16.84723
543.209999,15.75418,17.02558
543.409997,15.759965,15.715569
543.610007,15.76575,15.236682
543.809998,15.749551,15.740257
543.999998,15.784262,15.901543
544.209997,15.766906,16.079447
544.410292,15.735667,16.08229
544.609997,15.759965,15.769861
544.810001,15.783106,17.2544
545.010165,15.715997,16.693077
545.210467,15.758807,16.878061
545.4,15.788891,15.835652
545.609997,15.764593,15.603625
545.809999,15.762279,14.294201
546.010024,15.795832,14.176896
546.210001,15.76922,15.536668
546.409997,15.771535,15.970297
546.610182,15.792361,15.608685
546.8,15.763435,16.40275
547.009998,15.776163,16.543297
547.209997,15.747237,14.883242
547.410088,15.784262,15.970262
547.609998,15.756493,16.815321
547.810005,15.727567,15.743377
548.010029,15.724096,15.282128
548.200273,15.718311,14.403043
548.409997,15.753022,15.288423
548.610003,15.773849,15.004035
548.809997,15.764593,13.528128
549.010041,15.750708,14.234854
549.210001,15.73798,12.865796
549.409997,15.758807,14.009353
549.599997,15.747237,14.742846
549.809997,15.777321,15.484379
550.01,15.781948,14.6284
550.209997,15.750708,14.405754
550.410048,15.7229395,14.564846
550.609998,15.740294,14.400488
550.809998,15.739138,16.725273
551.010213,15.710212,17.578558
551.209997,15.741452,17.174873
551.410002,15.753022,17.3723
551.609997,15.703269,16.768866
551.809998,15.691699,18.054375
552.009997,15.675501,17.27633
552.209998,15.689385,16.656874
552.399998,15.709054,16.051538
552.609998,15.698641,18.055063
552.809996,15.734509,15.664969
553.009999,15.781948,15.741209
553.21,15.756493,15.626127
553.41016,15.784262,14.733682
553.609999,15.755336,13.963093
553.799999,15.715997,13.652107
554.009997,15.7287245,15.450977
554.210411,15.744923,13.929116
554.409997,15.762279,15.737353
554.610003,15.75418,14.255285
554.809998,15.821287,13.969869
555.010138,15.800461,14.527513
555.199999,15.834015,13.795349
555.399998,15.793519,14.603976
555.610001,15.806247,14.932182
555.809999,15.783106,15.221122
556.009998,15.816659,14.178166
556.209997,15.790047,15.180302
556.409997,15.780791,14.220592
556.599997,15.777321,12.813073
556.799998,15.795832,12.829729
557.010002,15.787733,12.907609
557.21036,15.770378,13.3397255
557.409998,15.793519,12.605243
557.610002,15.800461,12.152764
557.809998,15.814344,11.87461
558.000174,15.852528,12.83837
558.209997,15.832857,12.873159
558.409997,15.783106,13.152892
558.610001,15.775006,13.68431
558.810249,15.792361,13.359218
559.010001,15.802774,14.045041
559.209998,15.753022,12.959672
559.400096,15.794676,11.864876
559.610042,15.76922,12.76504
559.809997,15.793519,12.955053
560.009998,15.763435,13.440259
560.210364,15.790047,13.470083
560.409997,15.791204,13.997541
560.609997,15.778477,14.627242
560.799997,15.758807,14.584844
561.01002,15.802774,16.006044
561.209998,15.793519,16.841694
561.409998,15.784262,16.0921
561.609998,15.744923,15.279248
561.810208,15.744923,13.258317
562.009997,15.772691,13.780749
562.199998,15.802774,13.289431
562.409998,15.814344,12.305609
562.610001,15.812032,12.263759
562.809999,15.809717,13.469474
563.010001,15.829387,12.842394
563.210182,15.850213,12.71147
563.409998,15.796989,13.298662
563.599998,15.794676,13.317488
563.809996,15.810874,12.261839
564.010011,15.832857,12.619286
564.209996,15.830543,14.556052
564.409999,15.853683,14.421371
564.609998,15.838643,12.60783
564.810206,15.855998,11.997618
564.999998,15.802774,11.799566
565.199998,15.832857,11.49102
565.410001,15.807403,11.686227
565.610014,15.793519,11.95547
565.81,15.821287,11.7763195
566.009998,15.803931,11.87424
566.210375,15.783106,13.159723
566.399998,15.793519,13.331441
566.609997,15.763435,13.9739275
566.809997,15.803931,13.101724
567.009997,15.825915,12.797829
567.209997,15.837485,11.782448
567.409997,15.823602,12.9063835
567.609997,15.825915,12.655164
567.800099,15.805089,12.426594
568.009996,15.763435,14.0885935
568.209997,15.759965,14.22599
568.409998,15.744923,14.424979
568.610456,15.813188,14.932936
568.809997,15.809717,14.2776785
569.009999,15.781948,15.014895
569.2,15.788891,14.762348
569.409997,15.756493,16.555779
569.609998,15.816659,15.94723
569.809997,15.783106,14.397454
570.010021,15.7854185,14.150639
570.209998,15.805089,11.828762
570.41,15.800461,11.216434
570.599998,15.800461,11.913763
570.810122,15.759965,13.947667
571.009998,15.775006,14.930289
571.209997,15.775006,14.635766
571.409998,15.784262,13.826432
571.610141,15.814344,14.275397
571.809998,15.759965,12.769432
571.999997,15.807403,13.199547
572.210141,15.795832,12.496632
572.410044,15.759965,11.485349
572.609998,15.795832,12.691536
572.809998,15.818973,13.632164
573.009996,15.787733,12.328347
573.209997,15.787733,11.965284
573.399999,15.82823,13.372646
573.61,15.7854185,13.572517
573.809999,15.781948,13.28534
574.010001,15.793519,11.926164
574.212001,15.770378,10.65088
574.410001,15.7854185,11.363916
574.609997,15.735667,12.281998
574.799998,15.739138,12.036572
574.999996,15.75765,11.938419
575.209997,15.7287245,12.446457
575.410436,15.772691,14.316044
575.609998,15.756493,15.377436
575.810003,15.74608,15.9992075
576.009997,15.740294,17.18243
576.200182,15.777321,16.397783
576.41,15.7229395,15.950375
576.609997,15.783106,15.646263
576.809997,15.773849,15.16648
577.012023,15.775006,14.772172
577.209997,15.777321,14.461262
577.409997,15.786576,13.486619
577.600199,15.783106,13.357115
577.810001,15.777321,13.546905
578.010001,15.784262,14.553189
578.209998,15.744923,13.2744
578.410549,15.786576,12.490994
578.609999,15.793519,13.35258
578.809998,15.783106,12.887884
578.999998,15.798146,12.649167
579.210151,15.784262,12.940845
579.409997,15.768064,13.412516
579.609999,15.756493,13.597321
579.809997,15.749551,13.9836235
580.009998,15.751865,13.518035
580.209998,15.764593,14.0045805
580.4,15.773849,12.927615
580.609999,15.7796335,13.128469
580.809999,15.732195,12.950119
581.009997,15.7796335,13.961808
581.209997,15.76922,14.375973
581.410601,15.802774,15.072009
581.609998,15.791204,14.219276
581.800001,15.7854185,13.066125
582.009996,15.783106,13.368816
582.209997,15.778477,14.749458
582.409997,15.74608,16.255411
582.609997,15.786576,16.23701
582.809998,15.780791,16.127527
583.010046,15.772691,14.472983
583.199998,15.775006,14.894681
583.409996,15.799304,13.421194
583.609997,15.742609,13.453881
583.809997,15.781948,14.1315365
584.009998,15.763435,14.149629
584.209997,15.763435,12.821046
584.410541,15.803931,14.02182
584.6,15.762279,12.585153
584.810003,15.808559,12.006412
585.009996,15.783106,11.641779
585.210068,15.759965,11.337063
585.409997,15.7854185,11.735121
585.609998,15.786576,11.746074
585.809998,15.758807,12.07057
586.000139,15.787733,11.815706
586.209997,15.772691,13.695399
586.409997,15.773849,13.847967
586.610001,15.777321,14.476987
586.810044,15.7854185,13.586465
587.009997,15.781948,15.011562
587.209997,15.801617,15.72525
587.399998,15.764593,13.087269
587.609997,15.766906,11.450817
587.809998,15.791204,13.378285
588.009996,15.824758,14.620189
588.210005,15.795832,13.258225
588.409997,15.784262,13.494653
588.609998,15.750708,14.385382
588.799997,15.783106,12.829435
589.010133,15.761121,12.498251
589.210001,15.739138,12.669674
589.409997,15.758807,14.027905
589.609997,15.740294,15.502627
589.810106,15.786576,14.6326885
590.009998,15.773849,14.385403
590.199997,15.792361,13.14679
590.410299,15.7796335,13.213668
590.610022,15.805089,14.185605
590.809997,15.802774,13.583936
591.009997,15.796989,13.662173
591.210001,15.734509,14.8483515
591.409998,15.788891,15.421326
591.600001,15.758807,14.205143
591.809997,15.749551,15.505786
592.010096,15.756493,15.2775545
592.209998,15.741452,15.1445675
592.409996,15.806247,14.382688
592.609996,15.783106,13.732928
592.810145,15.778477,14.117327
592.999998,15.756493,13.983542
593.199997,15.787733,14.138713
593.410086,15.781948,13.369404
593.609998,15.75765,15.030881
593.809999,15.7229395,14.627412
594.010002,15.710212,14.093367
594.209996,15.764593,14.274921
594.400033,15.764593,14.89167
594.609997,15.749551,14.49046
594.810002,15.798146,14.707872
595.009997,15.787733,14.717668
595.209996,15.755336,15.443048
595.409998,15.791204,13.384746
595.610002,15.784262,12.946472
595.800215,15.816659,12.480005
596.009997,15.735667,11.061944
596.209998,15.793519,12.460171
596.410146,15.777321,12.475987
596.61044,15.775006,14.634759
596.809996,15.772691,13.949546
597.009997,15.766906,13.811523
597.199998,15.749551,13.226609
597.410134,15.748395,13.558263
597.609998,15.71484,13.5520115
597.809998,15.688229,13.2369585
598.009998,15.682443,11.951669
598.210039,15.7171545,12.668631
598.409998,15.719469,12.549594
598.599997,15.740294,14.492736
598.809997,15.715997,15.528158
599.010002,15.748395,14.642556
599.209997,15.72641,13.15984
599.410098,15.733353,13.431912
599.610587,15.74608,13.501912
599.809997,15.710212,13.37387
599.999999,15.691699,14.36001
600.209997,15.748395,13.172665
600.410088,15.755336,12.7697525
600.610005,15.751865,12.533216
600.809998,15.7287245,14.563873
601.009998,15.731039,15.999051
601.210001,15.697484,15.298304
601.4,15.711369,14.659042
601.599997,15.720625,15.631191
601.809998,15.744923,16.559807
602.010028,15.711369,16.839108
602.210001,15.678972,15.30967
602.409999,15.698641,16.458479
602.610416,15.735667,15.547205
602.799997,15.7229395,14.356021
603.009999,15.699799,15.600141
603.210001,15.711369,15.859511
603.410018,15.711369,14.805902
603.609997,15.747237,15.315448
603.809998,15.706741,13.039786
604.009997,15.7171545,12.248266
604.200039,15.7287245,13.558589
604.409997,15.764593,12.362575
604.61,15.795832,12.52686
604.809997,15.773849,12.863709
605.010059,15.762279,12.061679
605.210004,15.76922,13.563617
605.410002,15.768064,13.441335
605.610112,15.796989,12.630521
605.81,15.791204,11.369588
606.009997,15.775006,11.70342
606.209997,15.777321,11.361457
606.41,15.791204,12.172773
606.610039,15.795832,12.45919
606.809997,15.791204,13.353687
606.999997,15.783106,12.700854
607.209997,15.794676,11.61742
607.409996,15.780791,11.010881
607.61,15.75765,11.084208
607.809998,15.781948,12.278792
608.009997,15.76922,12.548216
608.210001,15.766906,13.052021
608.399997,15.758807,15.018308
608.609999,15.7287245,16.033484
608.810407,15.748395,14.971365
609.009996,15.772691,14.56574
609.209998,15.777321,14.653022
609.409997,15.758807,14.306259
609.609998,15.771535,13.116495
609.799997,15.740294,14.778977
609.999997,15.750708,14.267683
610.209997,15.719469,12.834754
610.409998,15.710212,12.957113
610.609997,15.741452,15.537251
610.809997,15.761121,14.795383
611.009995,15.740294,14.643563
611.199997,15.736824,15.184735
611.399998,15.740294,14.896228
611.610037,15.702113,14.197697
611.810518,15.685914,14.447612
612.009997,15.729882,15.405891
612.21,15.682443,16.547523
612.410002,15.707898,16.957819
612.599997,15.739138,16.019043
612.809998,15.711369,15.10859
613.009997,15.73798,15.522211
613.209997,15.720625,16.211233
613.409997,15.721782,17.081594
613.609998,15.7287245,15.828986
613.809997,15.736824,14.330962
614.000307,15.75418,13.645386
614.209997,15.733353,13.181144
614.409998,15.724096,12.21527
614.609997,15.727567,12.050013
614.810417,15.713683,11.354717
615.009998,15.727567,12.423911
615.210003,15.740294,12.7610655
615.399998,15.703269,12.384611
615.610151,15.744923,12.762063
615.809998,15.741452,12.443256
616.009997,15.742609,14.265024
616.210002,15.689385,16.007912
616.409997,15.715997,15.581715
616.609997,15.709054,14.220079
616.799997,15.691699,14.841852
617.009997,15.6836,13.466493
617.209997,15.724096,14.7497015
617.409999,15.700956,15.5355425
617.610002,15.709054,14.017513
617.810425,15.711369,13.264442
618.009998,15.698641,13.484678
618.199997,15.718311,14.089639
618.409997,15.740294,13.210155
618.610299,15.702113,13.856685
618.810001,15.687071,14.259815
619.009998,15.691699,14.620466
619.209997,15.681286,15.27664
619.409996,15.690543,16.370398
619.599998,15.687071,15.381224
619.809998,15.680128,15.058857
620.009996,15.675501,15.544865
620.209997,15.700956,15.694814
620.409997,15.704427,16.292603
620.609999,15.710212,15.885455
620.810504,15.700956,14.448512
620.999998,15.732195,13.20619
621.199998,15.75765,13.041257
621.410001,15.7796335,13.699802
621.610169,15.753022,12.357362
621.81,15.758807,11.989123
622.009998,15.735667,11.581805
622.209999,15.755336,11.417655
622.400032,15.809717,12.668012
622.609997,15.755336,11.967946
622.809996,15.798146,12.525981
623.010046,15.781948,11.327199
623.209999,15.76922,11.317098
623.409997,15.7287245,11.280297
623.609997,15.762279,10.475016
623.800088,15.734509,11.410464
624.009999,15.727567,11.910796
624.210001,15.736824,12.55938
624.409998,15.709054,13.124007
624.610156,15.734509,11.908052
624.809999,15.692856,13.398521
625.010003,15.7171545,13.478295
625.199997,15.680128,13.0745125
625.410012,15.668558,14.186691
625.599997,15.7171545,13.954202
625.809996,15.690543,13.81085
626.009997,15.675501,13.221294
626.210001,15.653517,12.833582
626.409998,15.680128,13.213198
626.599996,15.673187,13.673165
626.810625,15.676658,13.269451
627.009998,15.6836,13.034444
627.209997,15.718311,13.71951
627.409997,15.724096,13.469894
627.610003,15.699799,13.862399
627.809997,15.690543,15.008935
627.999998,15.698641,15.138985
628.209999,15.697484,15.525288
628.410016,15.742609,14.546233
628.61,15.719469,14.37097
628.809998,15.694014,14.042821
629.010001,15.720625,14.717037
629.209998,15.740294,13.9849825
629.399998,15.734509,14.061378
629.609997,15.736824,12.4565935
629.810557,15.729882,12.789829
630.010011,15.700956,11.772271
630.209997,15.734509,11.384812
630.409998,15.781948,10.314882
630.610039,15.739138,11.394831
630.799998,15.744923,12.331926
631.010001,15.725254,11.408591
631.209997,15.736824,11.35726
631.410001,15.724096,11.829939
631.609997,15.705584,12.5014715
631.809997,15.710212,13.558446
632.009998,15.698641,12.992618
632.199998,15.6836,11.385615
632.399997,15.720625,12.51306
632.610001,15.677815,13.807651
632.810378,15.7171545,13.579488
633.009998,15.674343,13.484955
633.209998,15.687071,14.343604
633.409996,15.674343,15.696931
633.600234,15.653517,16.380692
633.810001,15.628062,16.163706
634.009997,15.6604595,14.409493
634.209999,15.677815,14.667494
634.409998,15.700956,16.013123
634.610005,15.712526,14.442586
634.809997,15.690543,14.206709
635.009997,15.698641,15.011399
635.210001,15.698641,14.088352
635.409998,15.703269,13.019083
635.609998,15.710212,12.901948
635.810365,15.66393,12.615976
636.009998,15.711369,11.995679
636.209996,15.691699,11.653533
636.4,15.700956,12.832524
636.610148,15.698641,12.798761
636.810002,15.690543,11.278623
637.009998,15.66393,11.886038
637.210001,15.674343,11.776549
637.409998,15.685914,11.50388
637.61,15.710212,12.606774
637.800001,15.685914,14.265208
638.009999,15.646575,14.676119
638.210001,15.64889,16.056578
638.409997,15.651202,14.340732
638.609997,15.703269,12.954495
638.810316,15.690543,14.136294
639.01,15.6662445,13.325754
639.199998,15.644261,13.015916
639.409998,15.705584,14.248179
639.610087,15.658145,16.002907
639.809998,15.670873,15.41148
640.010001,15.7229395,14.495724
640.209997,15.710212,14.480967
640.410242,15.735667,14.771712
640.599997,15.698641,14.804374
640.799998,15.698641,15.112342
641.009997,15.614179,15.012743
641.209998,15.623434,15.005962
641.41,15.673187,15.059288
641.610029,15.601451,17.537642
641.8104,15.57484,19.59299
642,15.523929,19.931717
642.210002,15.588723,19.008707
642.409997,15.622276,18.470577
642.610134,15.678972,18.497786
642.809998,15.677815,18.527365
643.009997,15.741452,16.43564
643.209999,15.7229395,15.912737
643.399997,15.72641,15.078341
643.609998,15.67203,13.862537
643.809997,15.667402,14.8830805
644.009996,15.5979805,14.63518
644.209997,15.591038,15.12662
644.409999,15.592195,15.25964
644.610001,15.673187,15.068665
644.799998,15.688229,15.049724
645.009997,15.675501,14.213788
645.209999,15.73798,14.366202
645.410003,15.732195,13.489397
645.610046,15.7796335,10.82115
645.809998,15.762279,9.706582
646.009998,15.72641,10.490387
646.199997,15.724096,10.824219
646.410235,15.7229395,10.384078
646.609997,15.700956,10.396169
646.809998,15.65236,11.096469
647.009999,15.651202,10.598093
647.209998,15.681286,11.702716
647.409999,15.668558,12.648349
647.599997,15.675501,12.42866
647.810345,15.704427,13.610585
648.009998,15.6662445,13.600445
648.209998,15.644261,12.224743
648.409997,15.680128,11.258985
648.610118,15.65236,11.3729925
648.809999,15.69517,11.751374
648.999998,15.720625,13.242417
649.209998,15.656988,14.444067
649.410046,15.643105,14.8504715
649.609998,15.667402,14.946613
649.809997,15.674343,15.442944
650.010054,15.645417,13.096801
650.209998,15.6604595,12.85575
650.399997,15.670873,12.022928
650.61,15.624592,13.660038
650.810327,15.66393,13.550486
651.010001,15.675501,14.20051
651.209997,15.650046,14.426018
651.409997,15.698641,15.021723
651.610052,15.673187,14.471322
651.799999,15.687071,14.089753
651.999997,15.729882,13.422217
652.209998,15.719469,14.578023
652.41,15.710212,14.948959
652.609998,15.700956,14.327927
652.809997,15.696328,13.379256
653.009998,15.689385,14.52875
653.200036,15.66393,13.631949
653.399998,15.690543,14.518712
653.609999,15.698641,14.645418
653.810285,15.696328,14.285604
654.010001,15.684757,13.487893
654.209999,15.709054,13.887102
654.410003,15.681286,13.772173
654.600121,15.676658,12.514195
654.810001,15.676658,12.125614
655.009998,15.715997,12.347102
655.210005,15.725254,13.083723
655.409997,15.689385,12.101622
655.609998,15.680128,13.257076
655.809997,15.692856,15.045949
656.000166,15.699799,15.509014
656.209998,15.6604595,12.91316
656.410001,15.676658,13.881571
656.609999,15.684757,14.929944
656.810379,15.651202,13.610427
657.009996,15.682443,12.331718
657.209997,15.661617,12.132874
657.399997,15.689385,12.317084
657.61,15.668558,13.466958
657.809999,15.6836,14.672529
658.009998,15.659303,15.318286
658.21,15.668558,14.918321
658.410019,15.656988,14.737769
658.610005,15.687071,13.885289
658.799999,15.650046,14.777941
659.009998,15.655832,13.879946
659.209998,15.665088,12.472836
659.409998,15.675501,13.998254
659.609999,15.64889,14.210686
659.81048,15.659303,15.6279745
660.009998,15.662773,15.333469
660.199997,15.67203,14.72789
660.409997,15.67203,15.381428
660.610019,15.647732,15.131161
660.809997,15.675501,15.604005
661.009999,15.66393,15.5585785
661.209998,15.67203,14.915822
661.409996,15.668558,13.794957
661.6,15.670873,13.778678
661.809998,15.700956,13.112841
662.010134,15.655832,14.139057
662.199998,15.662773,14.414885
662.410003,15.674343,13.6983
662.612024,15.661617,12.977739
662.810465,15.690543,13.420454
662.999999,15.687071,13.06156
663.199999,15.650046,13.346015
663.409997,15.65236,12.507909
663.610034,15.681286,13.807383
663.810001,15.680128,13.196142
664.009998,15.677815,13.316254
664.210019,15.674343,13.918597
664.399998,15.66393,13.897351
664.610001,15.631534,13.532982
664.809998,15.6662445,14.052387
665.010144,15.651202,14.494796
665.209999,15.6604595,13.448045
665.410003,15.6662445,13.345646
665.609999,15.667402,13.541549
665.800024,15.659303,12.658792
666.010001,15.60955,12.54004
666.209998,15.670873,13.155294
666.409998,15.654675,13.379426
666.610139,15.638476,12.529422
666.810003,15.631534,11.758685
667.009998,15.682443,12.715542
667.2,15.65236,13.43787
667.409999,15.654675,13.802613
667.609998,15.653517,13.705655
667.809997,15.650046,13.93821
668.009997,15.64889,14.513562
668.209997,15.572525,13.784941
668.410001,15.599136,13.715213
668.609998,15.618806,12.227893
668.810414,15.624592,12.851502
669.009998,15.645417,12.56427
669.209998,15.585253,14.106101
669.409997,15.651202,14.468125
669.609999,15.661617,14.268017
669.810001,15.628062,13.39077
669.999998,15.613021,13.220284
670.209997,15.645417,14.656918
670.409998,15.626906,14.754624
670.61,15.646575,15.178081
670.810002,15.614179,14.485837
671.010007,15.645417,14.37941
671.209998,15.653517,15.813943
671.399997,15.62112,16.706316
671.61,15.628062,14.549572
671.810459,15.582938,15.46443
672.010001,15.636162,15.781748
672.210001,15.618806,16.518318
672.409997,15.677815,17.088617
672.610032,15.639632,15.78899
672.799998,15.625749,16.34445
672.999997,15.644261,15.115318
673.209998,15.636162,15.430165
673.409997,15.633847,16.897625
673.609998,15.636162,15.704958
673.809997,15.659303,16.19069
674.010008,15.673187,16.833494
674.199997,15.65236,14.72173
674.399998,15.646575,15.813268
674.609999,15.606078,15.174088
674.810597,15.636162,13.61961
675.009998,15.646575,13.46159
675.21,15.624592,13.313407
675.410007,15.662773,14.728109
675.600238,15.600293,15.608206
675.810003,15.622276,15.545054
676.009999,15.624592,15.622801
676.210021,15.650046,15.0360155
676.410042,15.606078,13.738404
676.609997,15.633847,14.132621
676.810001,15.644261,14.0162525
677.000168,15.626906,14.545726
677.209998,15.604921,13.749881
677.409998,15.622276,14.445502
677.609997,15.641947,12.863036
677.810308,15.619964,12.94058
678.009997,15.651202,14.451748
678.209997,15.654675,15.044502
678.399998,15.64079,15.411176
678.610293,15.633847,15.018741
678.81,15.630377,14.3166895
679.010002,15.624592,13.409798
679.209998,15.643105,13.867846
679.410017,15.636162,13.040931
679.61,15.565582,13.70147
679.799997,15.62112,13.123894
680.009998,15.614179,13.614399
680.209998,15.618806,13.235759
680.409999,15.615335,15.0582075
680.610048,15.629219,15.127563
680.809998,15.622276,14.476866
681.010004,15.613021,15.030437
681.199997,15.615335,15.880019
681.409997,15.637319,15.112205
681.610001,15.638476,15.069258
681.809998,15.626906,14.713612
682.009998,15.606078,14.5989065
682.210289,15.638476,14.263902
682.410001,15.610706,16.305134
682.599997,15.607236,15.714868
682.810002,15.611864,15.189946
683.010127,15.604921,15.520512
683.209997,15.615335,15.71378
683.41,15.615335,15.295256
683.610156,15.626906,15.720436
683.809999,15.587565,14.963243
684.000003,15.628062,14.133133
684.209997,15.591038,14.781314
684.41,15.610706,14.608899
684.610001,15.593351,14.613754
684.809997,15.611864,16.187866
685.010007,15.595666,15.759525
685.210153,15.596823,15.516117
685.399998,15.623434,14.030421
685.610003,15.606078,14.539692
685.810001,15.588723,13.574611
686.010289,15.601451,14.967314
686.209999,15.592195,15.1422615
686.410001,15.601451,16.106827
686.610121,15.633847,15.28434
686.800038,15.604921,15.607292
687.009997,15.606078,14.548038
687.209998,15.611864,15.434038
687.410032,15.577152,16.631693
687.61,15.595666,16.925858
687.810001,15.604921,16.242367
688.009999,15.633847,15.378059
688.200246,15.6037655,15.799903
688.409997,15.602608,15.754749
688.609997,15.592195,17.524239
688.809997,15.5979805,16.389366
689.009998,15.513515,18.986074
689.209997,15.4903755,17.777325
689.409997,15.43021,19.938398
689.599997,15.383929,18.893034
689.810001,15.451036,23.461403
690.009997,15.559797,21.910814
690.209998,15.596823,20.175224
690.409997,15.610706,17.38457
690.610001,15.632691,16.554989
690.809998,15.674343,16.71269
690.999999,15.604921,14.121367
691.210145,15.601451,16.283533
691.410001,15.57831,14.624346
691.609998,15.6037655,15.896959
691.809997,15.615335,15.158981
692.010291,15.617649,15.809986
692.209998,15.633847,14.551099
692.399999,15.582938,14.217262
692.61032,15.611864,15.812149
692.810001,15.641947,14.591217
693.009999,15.623434,15.608315
693.210001,15.604921,15.205244
693.409997,15.556327,17.29468
693.609999,15.554012,16.876518
693.799998,15.514673,14.599342
694.010001,15.512359,16.469578
694.210168,15.497317,18.57629
694.409998,15.468391,18.824675
694.610001,15.51583,19.659945
694.810095,15.549384,16.136345
695.010283,15.543599,15.866495
695.199998,15.599136,14.540848
695.4,15.611864,13.1052265
695.610084,15.6037655,11.061252
695.810033,15.587565,11.071942
696.009999,15.584095,9.814369
696.209997,15.617649,10.820583
696.409998,15.580625,11.39469
696.599997,15.587565,11.451522
696.809999,15.608393,11.6261
697.009997,15.636162,11.737259
697.21003,15.656988,12.2702465
697.409998,15.632691,12.735236
697.609996,15.638476,10.649268
697.81009,15.602608,11.781594
698.000345,15.613021,11.107248
698.209997,15.624592,12.287947
698.410001,15.624592,13.689586
698.609997,15.633847,13.82983
698.810631,15.617649,13.129651
699.009997,15.584095,12.524948
699.209997,15.602608,14.09368
699.399997,15.588723,12.387132
699.610043,15.5979805,12.727561
699.809998,15.56674,12.093497
700.009997,15.57021,11.274763
700.210008,15.573682,10.997642
700.409997,15.552855,12.800378
700.609998,15.62112,12.96449
700.799997,15.57484,13.63681
701.010008,15.6037655,13.896273
701.21,15.619964,15.7274475
701.410001,15.615335,16.647984
701.609997,15.636162,16.098734
701.810433,15.599136,14.624086
702.009997,15.57831,13.340278
702.199998,15.569055,12.341838
702.410001,15.630377,12.412765
702.609999,15.643105,11.954704
702.809998,15.602608,11.79732
703.01,15.632691,12.380234
703.210066,15.58178,12.098976
703.41,15.601451,11.975725
703.599998,15.571367,12.782145
703.809998,15.571367,13.045382
704.009998,15.58178,13.646313
704.211096,15.593351,13.278434
704.41,15.573682,14.040071
704.609997,15.577152,14.31662
704.810441,15.588723,14.448447
704.999998,15.542441,14.296544
705.210008,15.594508,14.283685
705.409997,15.608393,14.227773
705.610306,15.618806,17.207281
705.81,15.611864,18.15192
706.010001,15.552855,16.397007
706.209998,15.607236,16.952091
706.399997,15.599136,15.395944
706.609997,15.615335,15.409127
706.809997,15.628062,13.947047
707.010082,15.592195,13.502014
707.209999,15.577152,14.254812
707.409997,15.591038,13.848253
707.609999,15.543599,13.211397
707.800149,15.624592,13.171181
708.009997,15.624592,12.977961
708.209998,15.625749,13.715142
708.41,15.614179,13.821312
708.610297,15.6662445,13.34261
708.809997,15.643105,13.543972
709.009998,15.604921,13.270377
709.199996,15.602608,12.328569
709.410002,15.625749,12.245423
709.61,15.602608,12.816604
709.809998,15.654675,12.13216
710.009999,15.6662445,11.831139
710.210046,15.596823,12.735757
710.409998,15.629219,11.226209
710.599998,15.66393,10.835312
710.810383,15.638476,10.944691
711.010001,15.587565,10.866218
711.209997,15.615335,11.376317
711.409997,15.629219,12.734852
711.610118,15.600293,14.244286
711.809997,15.617649,14.00455
711.999998,15.593351,15.511413
712.209999,15.585253,15.198746
712.410249,15.594508,14.13586
712.610001,15.540129,15.060867
712.809997,15.571367,14.786506
713.009998,15.556327,16.039291
713.210028,15.58988,16.561293
713.399997,15.538971,16.355495
713.609999,15.548226,14.477849
713.810235,15.54707,13.635839
714.009998,15.57484,14.652209
714.209999,15.58641,14.387185
714.410001,15.550542,15.098829
714.610048,15.562112,15.413662
714.8,15.57021,16.385254
715.01,15.525086,17.083841
715.210005,15.544756,15.562287
715.410171,15.57021,16.034494
715.609998,15.556327,17.559942
715.810001,15.520458,17.69408
716.009996,15.519301,17.174896
716.200421,15.5355,17.071999
716.4,15.550542,17.18533
716.609998,15.577152,17.574152
716.810142,15.559797,17.610718
717.009998,15.550542,15.474876
717.209997,15.543599,16.362574
717.409998,15.498475,15.164206
717.599997,15.518144,16.106598
717.809997,15.486904,17.69792
718.01,15.557484,18.031498
718.209997,15.585253,18.352287
718.410194,15.563269,16.609678
718.61,15.588723,15.1659565
718.809997,15.588723,14.266086
718.999997,15.565582,14.454456
719.209998,15.592195,14.4485
719.399998,15.579468,13.321986
719.609997,15.552855,13.805499
719.810182,15.575995,12.489446
720.009998,15.614179,13.566078
720.209998,15.557484,13.574783
720.399998,15.614179,14.5699835
720.610124,15.555169,15.29359
720.809997,15.58641,14.749818
721.010001,15.57831,14.193855
721.209998,15.565582,13.777299
721.410176,15.585253,14.64426
721.609998,15.549384,15.111059
721.8,15.577152,14.856589
722.010001,15.564425,15.172965
722.210143,15.523929,14.597685
722.41,15.551699,15.782716
722.609998,15.556327,16.871101
722.810192,15.549384,16.19508
723.009997,15.556327,14.443779
723.200001,15.518144,14.475633
723.409997,15.511203,14.421703
723.609997,15.530871,14.239901
723.81,15.555169,14.200224
724.01,15.552855,14.278162
724.209998,15.556327,13.818464
724.410176,15.588723,12.960589
724.599997,15.569055,12.545763
724.810003,15.567897,12.745127
725.009997,15.569055,13.627058
725.210114,15.580625,14.010372
725.410001,15.569055,12.936832
725.609999,15.613021,12.824832
725.810024,15.542441,13.21256
726.000139,15.545914,14.979616
726.209997,15.556327,15.689767
726.410001,15.540129,15.720615
726.609997,15.51583,16.271341
726.809998,15.532028,17.19877
727.009998,15.497317,15.087106
727.21,15.542441,16.559807
727.399998,15.569055,15.128875
727.609998,15.538971,14.742143
727.809998,15.542441,14.389444
728.009996,15.588723,14.213788
728.210007,15.57021,15.697279
728.409998,15.562112,14.062731
728.609997,15.562112,14.192698
728.809997,15.57831,12.67481
729.010436,15.559797,13.079433
729.209998,15.532028,14.191213
729.409999,15.58641,13.444182
729.609998,15.5979805,12.914626
729.809997,15.601451,13.296314
730.009998,15.550542,11.830534
730.199997,15.557484,13.365759
730.409999,15.55864,13.41176
730.610014,15.530871,11.726173
730.809998,15.536656,12.120225
731.009997,15.51583,12.597741
731.209996,15.559797,12.73758
731.409998,15.552855,13.058286
731.599997,15.569055,12.826744
731.809998,15.569055,13.425204
732.010345,15.562112,13.255433
732.209997,15.536656,13.05854
732.409997,15.503102,13.932381
732.609998,15.537814,12.7847185
732.81023,15.577152,14.053997
733.010905,15.554012,13.887834
733.200001,15.534343,13.358431
733.409998,15.523929,14.306575
733.609998,15.562112,13.063002
733.809998,15.587565,13.08149
734.009997,15.575995,13.387326
734.209998,15.55864,13.440517
734.400014,15.530871,13.83238
734.599997,15.523929,13.560011
734.809998,15.518144,15.710461
735.010178,15.541285,15.382244
735.210001,15.544756,15.763714
735.41,15.550542,14.770493
735.609997,15.537814,14.696386
735.800099,15.534343,13.29861
736.010001,15.499632,10.95185
736.21,15.518144,12.50101
736.409997,15.556327,13.158443
736.610233,15.518144,12.093091
736.809997,15.528558,12.584368
737.009998,15.523929,12.947785
737.200044,15.528558,13.404479
737.410045,15.525086,15.138345
737.599997,15.523929,16.935234
737.809997,15.520458,16.474094
738.010191,15.50426,15.805361
738.209998,15.495003,15.764951
738.409999,15.481119,17.309351
738.599997,15.506574,17.829163
738.809996,15.510045,17.995613
739.009997,15.528558,18.451828
739.210001,15.545914,17.546701
739.409997,15.536656,17.619099
739.610159,15.541285,17.673573
739.809997,15.554012,18.008755
739.999998,15.523929,16.687712
740.209997,15.545914,15.941924
740.409998,15.485747,16.810349
740.609998,15.500788,15.583634
740.809997,15.525086,15.354612
741.010179,15.468391,15.77261
741.209998,15.543599,17.127447
741.399998,15.49269,16.249125
741.610001,15.485747,16.6968
741.810067,15.519301,16.645613
742.009998,15.544756,16.48291
742.209998,15.529714,16.830343
742.409999,15.582938,15.204727
742.610143,15.57831,13.432879
742.8,15.58988,13.259008
743.009998,15.569055,12.120074
743.209997,15.563269,12.401753
743.410131,15.550542,12.028387
743.609998,15.521616,13.073754
743.809997,15.510045,13.6892605
744.010518,15.533186,13.850792
744.200047,15.543599,14.589738
744.409997,15.537814,13.753744
744.609999,15.557484,14.085127
744.810014,15.545914,14.941021
745.009997,15.5979805,12.800685
745.210001,15.57021,11.655527
745.409997,15.562112,13.179415
745.600083,15.57021,13.515532
745.810004,15.573682,13.203426
746.009998,15.55864,13.093846
746.209997,15.556327,12.661589
746.410035,15.564425,12.766022
746.609998,15.557484,13.030821
746.810001,15.529714,13.8722315
747.010153,15.571367,15.033829
747.21,15.550542,14.191725
747.409998,15.55864,13.979531
747.609999,15.534343,13.965115
747.809998,15.544756,14.311884
748.009998,15.567897,14.375383
748.209997,15.538971,13.545456
748.399998,15.54707,13.253815
748.610075,15.560954,12.802078
748.809997,15.542441,11.753419
749.009997,15.593351,13.188867
749.209997,15.57021,13.301602
749.410107,15.555169,12.371671
749.609998,15.542441,12.088255
749.799998,15.559797,12.507653
750.010096,15.525086,12.899597
750.210032,15.573682,12.736342
750.409997,15.538971,12.830988
750.609997,15.536656,13.887145
750.809999,15.554012,14.534632
751.009998,15.541285,12.96069
751.199997,15.508888,13.653922
751.409998,15.542441,14.305791
751.610174,15.491532,13.457355
751.809998,15.537814,14.715766
752.009997,15.550542,13.689661
752.209997,15.530871,13.928523
752.409997,15.554012,13.550387
752.599997,15.520458,13.909586
752.809997,15.540129,13.428821
753.010214,15.564425,13.138344
753.209996,15.497317,13.341184
753.409998,15.508888,14.168875
753.609997,15.538971,14.944192
753.810077,15.500788,12.839391
753.999997,15.559797,12.381265
754.21,15.601451,11.272336
754.41,15.5355,12.298322
754.610112,15.556327,10.7530365
754.809998,15.540129,12.028662
755.010001,15.549384,11.185224
755.209997,15.564425,11.090793
755.40039,15.522773,12.844513
755.610002,15.533186,13.309701
755.809999,15.529714,12.672835
756.010311,15.527401,13.246482
756.21003,15.512359,13.740467
756.409998,15.533186,16.351017
756.609997,15.538971,14.989302
756.800025,15.528558,14.030866
757.010001,15.544756,13.875364
757.209998,15.537814,14.184123
757.410001,15.569055,14.411768
757.610076,15.577152,13.689284
757.810001,15.5355,13.462255
758.009998,15.543599,13.059662
758.200035,15.545914,12.116694
758.410026,15.538971,11.310375
758.609999,15.525086,11.552097
758.809999,15.541285,11.806954
759.010139,15.541285,11.051737
759.210467,15.519301,11.415482
759.409998,15.551699,11.863675
759.599998,15.571367,12.333535
759.809998,15.543599,13.564198
760.009997,15.575995,13.928826
760.209998,15.530871,14.128338
760.41,15.525086,12.4726095
760.609996,15.471862,12.726518
760.809996,15.523929,12.897635
760.999998,15.542441,13.014704
761.210014,15.544756,12.840238
761.410241,15.550542,12.508697
761.609998,15.559797,12.934595
761.810003,15.559797,11.185564
762.010076,15.550542,12.349279
762.209997,15.550542,14.250061
762.399999,15.544756,13.456833
762.61,15.521616,12.120609
762.809996,15.513515,11.746941
763.010001,15.495003,12.787743
763.209997,15.536656,13.659666
763.409998,15.522773,13.000361
763.610029,15.543599,12.941403
763.799999,15.541285,13.802238
764.009998,15.523929,13.520864
764.209997,15.536656,14.312551
764.410144,15.564425,15.225245
764.609997,15.526243,14.084641
764.81,15.51583,13.113897
765.010103,15.528558,14.36319
765.200255,15.537814,14.117244
765.409997,15.538971,14.779961
765.610001,15.512359,13.541654
765.809996,15.525086,13.680601
766.009998,15.543599,15.189277
766.210004,15.511203,14.29293
766.410005,15.544756,15.023507
766.599997,15.521616,15.175522
766.809997,15.505418,13.7904
767.009998,15.55864,13.706097
767.209997,15.529714,15.089242
767.410005,15.497317,15.685781
767.609997,15.54707,15.991881
767.809997,15.5019455,14.652507
768,15.549384,15.359656
768.210395,15.554012,14.1598835
768.409998,15.523929,12.991942
768.610001,15.534343,12.9281
768.809996,15.562112,12.011653
769.010158,15.550542,11.2829485
769.209998,15.54707,12.843993
769.399997,15.559797,12.294202
769.609997,15.529714,12.328947
769.809998,15.534343,14.35256
770.009998,15.50426,13.7618065
770.209997,15.506574,12.70332
770.409998,15.511203,14.2494
770.609998,15.541285,14.260664
770.799998,15.520458,14.896924
771.009999,15.542441,15.1069355
771.210594,15.510045,14.11265
771.409998,15.495003,15.344851
771.609997,15.511203,14.461954
771.809999,15.468391,16.58017
772.009997,15.498475,16.384295
772.199997,15.444094,14.227823
772.399997,15.499632,13.390819
772.61006,15.471862,13.630287
772.809997,15.50426,13.5618
773.010001,15.499632,12.517098
773.210001,15.510045,13.076767
773.409998,15.513515,12.376465
773.599997,15.527401,13.778391
773.8,15.513515,11.385742
774.010146,15.511203,12.775405
774.210527,15.495003,12.561581
774.409998,15.518144,12.773184
774.609998,15.497317,13.956124
774.809997,15.506574,12.728731
774.999997,15.513515,12.929161
775.209997,15.538971,13.395021
775.410003,15.532028,14.572209
775.609997,15.50426,15.543277
775.810005,15.513515,16.80407
776.009999,15.5019455,15.044444
776.209997,15.505418,14.778866
776.400283,15.499632,14.488473
776.609998,15.527401,13.523508
776.809998,15.526243,11.710924
777.010005,15.526243,11.392867
777.210386,15.569055,12.381194
777.409998,15.529714,12.329934
777.610001,15.500788,13.557047
777.800003,15.513515,15.279291
778.010241,15.488062,16.4126
778.209998,15.511203,16.57832
778.410004,15.513515,14.858752
778.609999,15.513515,15.428304
778.810013,15.523929,14.376167
779.009997,15.4903755,12.941239
779.199998,15.527401,12.700375
779.409997,15.519301,12.117755
779.609998,15.523929,10.994203
779.809998,15.521616,12.774791
780.009997,15.477648,12.100199
780.210347,15.50426,11.839495
780.409998,15.506574,11.863491
780.599998,15.506574,12.580716
780.809996,15.4903755,13.511811
781.010087,15.467235,13.774524
781.209998,15.479962,13.906361
781.409998,15.529714,14.609479
781.609999,15.523929,15.819333
781.809998,15.519301,14.838142
781.999999,15.485747,14.675403
782.199997,15.491532,14.082204
782.409997,15.542441,14.608661
782.609998,15.526243,13.771048
782.809998,15.5019455,13.974562
783.009997,15.5019455,15.395276
783.21047,15.523929,17.261133
783.399998,15.526243,15.335814
783.609998,15.488062,14.380497
783.810086,15.49269,13.799656
784.01009,15.527401,13.990213
784.209997,15.523929,13.163093
784.409998,15.497317,14.512656
784.609999,15.522773,12.966499
784.800136,15.526243,13.143227
785.010002,15.518144,13.7406435
785.209997,15.526243,13.087158
785.410007,15.488062,12.250514
785.609997,15.49269,14.154435
785.809998,15.495003,14.585692
786.010276,15.471862,13.123532
786.199998,15.485747,11.786626
786.409998,15.453351,11.837345
786.609997,15.442937,11.794076
786.809996,15.463764,13.698048
787.010122,15.412854,13.805582
787.209998,15.431366,15.747564
787.410001,15.385085,14.55083
787.6,15.469549,16.69907
787.81024,15.445251,16.682823
788.009999,15.407069,17.263657
788.209998,15.432524,16.79674
788.409998,15.420953,18.13968
788.610014,15.416326,16.603771
788.809999,15.4394655,15.583933
788.999997,15.425581,15.922672
789.21052,15.44178,16.508924
789.409998,15.462606,15.29423
789.609998,15.453351,15.960031
789.809998,15.463764,14.833876
790.010092,15.453351,15.999068
790.209998,15.437151,16.814243
790.399998,15.438309,15.10876
790.609999,15.422111,14.593038
790.81003,15.44178,14.27711
791.009997,15.457978,14.617816
791.209998,15.419796,14.992565
791.409998,15.404755,15.095076
791.609999,15.43021,15.283278
791.799997,15.452193,14.633387
792.009998,15.407069,14.170333
792.210463,15.444094,16.311861
792.410001,15.426738,17.393932
792.609998,15.425581,18.103346
792.809996,15.40244,16.243149
793.009998,15.432524,16.73784
793.199997,15.448722,17.436928
793.409998,15.411697,17.508675
793.609997,15.432524,16.922703
793.810001,15.431366,17.470518
794.009997,15.429053,17.068024
794.209997,15.420953,17.234737
794.409998,15.449879,15.613996
794.600004,15.444094,15.23927
794.799998,15.431366,14.992597
795.01003,15.448722,14.931472
795.210523,15.427896,14.6002
795.410002,15.437151,15.802657
795.609999,15.423267,16.003244
795.809996,15.409383,15.508418
796.000034,15.412854,15.9539795
796.209998,15.412854,15.372685
796.410002,15.3769865,13.394832
796.609999,15.395499,12.982278
796.809996,15.414011,14.142646
797.009998,15.451036,14.597745
797.209997,15.40244,15.054092
797.400318,15.416326,15.082453
797.609997,15.44178,15.378015
797.810002,15.407069,16.247444
798.010045,15.43021,16.654686
798.210513,15.392027,17.447886
798.409997,15.40244,17.154829
798.609999,15.395499,15.167935
798.799997,15.419796,15.473463
799.009998,15.425581,15.470498
799.209997,15.401284,15.160645
799.409997,15.404755,14.364213
799.610098,15.424425,14.4409
799.81,15.407069,14.962955
800.009998,15.412854,15.992568
800.2,15.3769865,14.438488
800.41014,15.442937,16.132925
800.609998,15.411697,17.471844
800.81,15.389714,17.107151
801.010154,15.411697,15.831908
801.209997,15.407069,13.879255
801.409998,15.397813,13.742505
801.599997,15.419796,14.4102
801.809997,15.363101,13.549515
802.010001,15.393185,14.579845
802.210001,15.411697,14.643322
802.409999,15.427896,14.843061
802.610105,15.434838,16.031006
802.809997,15.412854,15.958494
802.999997,15.405912,15.570722
803.209997,15.414011,14.945654
803.410221,15.411697,13.571056
803.609998,15.416326,15.228436
803.809997,15.40244,14.889369
804.010359,15.444094,15.594927
804.209997,15.3769865,17.726553
804.399997,15.39897,17.758795
804.600001,15.411697,16.766064
804.809997,15.407069,15.547975
805.009997,15.448722,17.129637
805.209997,15.408225,16.72355
805.409997,15.420953,16.664413
805.609999,15.423267,16.420866
805.800045,15.455664,18.046892
806.009997,15.415168,17.71384
806.209997,15.431366,17.929205
806.409997,15.435995,15.593244
806.609999,15.409383,16.94405
806.809997,15.367729,16.816435
807.010044,15.415168,17.553976
807.200139,15.432524,17.045933
807.409997,15.416326,16.390066
807.609998,15.39087,15.051331
807.809997,15.417482,15.664519
808.01027,15.3874,13.833461
808.209998,15.364259,15.562804
808.409999,15.363101,15.449641
808.599999,15.43021,15.579517
808.810265,15.432524,16.359974
809.009997,15.366573,17.158411
809.209997,15.411697,17.65882
809.409997,15.395499,17.577747
809.609998,15.426738,17.473818
809.809998,15.395499,17.467491
809.999996,15.407069,18.156149
810.210446,15.414011,17.017263
810.409998,15.375829,17.38027
810.609997,15.404755,16.395529
810.809998,15.389714,17.555994
811.010109,15.393185,18.651337
811.209997,15.403598,19.864708
811.399997,15.41864,19.927876
811.609998,15.360788,18.3879
811.809998,15.380457,19.521673
812.009997,15.351531,19.800776
812.209997,15.350373,17.986712
812.409997,15.374672,19.30285
812.609997,15.374672,18.948114
812.80011,15.372358,20.549799
813.01,15.363101,19.87163
813.210341,15.378143,18.428999
813.409999,15.3769865,16.906767
813.609996,15.343432,16.325006
813.809997,15.3202915,16.450611
814.010302,15.385085,17.102013
814.199997,15.337647,17.349804
814.399997,15.346903,17.694853
814.609999,15.374672,16.497019
814.809999,15.365416,16.52711
815.010001,15.380457,16.533842
815.209997,15.39087,14.97331
815.409997,15.3712015,16.057245
815.599998,15.355003,16.124311
815.799998,15.356159,14.233887
816.010001,15.361944,15.435674
816.210262,15.395499,17.097883
816.409998,15.363101,16.740147
816.610002,15.407069,17.46341
816.809997,15.367729,17.054167
817.000126,15.365416,15.926808
817.209997,15.341118,17.190779
817.410001,15.360788,18.384905
817.609997,15.365416,18.564653
817.810012,15.345746,19.281958
818.01,15.359631,17.40539
818.209997,15.345746,16.315273
818.409997,15.380457,15.375446
818.609999,15.386242,16.358995
818.809997,15.375829,17.388235
819.009997,15.385085,15.684437
819.21039,15.360788,17.046543
819.409997,15.40244,15.5427685
819.609997,15.383929,16.323322
819.799997,15.372358,15.518588
820.010127,15.372358,16.443426
820.209996,15.379299,15.011695
820.409998,15.389714,14.867682
820.609998,15.3827715,15.136509
820.810019,15.3885565,14.269919
821.009998,15.393185,14.370989
821.199999,15.357316,14.890595
821.409998,15.374672,15.054458
821.609997,15.346903,15.475639
821.809998,15.335333,15.45031
822.01,15.341118,16.424435
822.210494,15.366573,16.485964
822.409998,15.350373,16.631855
822.599998,15.326077,15.850796
822.809998,15.338803,15.845566
823.01002,15.338803,16.798466
823.209998,15.358474,17.305897
823.409997,15.373514,15.395965
823.609998,15.338803,17.01362
823.809997,15.335333,17.055038
823.999997,15.3202915,16.311857
824.209997,15.32839,16.826136
824.41005,15.358474,16.745796
824.609998,15.339961,16.445765
824.809998,15.343432,16.81176
825.009999,15.353846,17.562536
825.210417,15.331862,17.11138
825.399998,15.356159,17.642979
825.6,15.349217,16.996866
825.81,15.360788,16.662104
826.01,15.365416,16.215582
826.209999,15.357316,16.946314
826.409999,15.31335,15.592487
826.609999,15.358474,16.58963
826.800014,15.342276,15.5843725
827.009998,15.365416,17.30017
827.209999,15.366573,17.551027
827.409997,15.360788,17.102976
827.609996,15.346903,16.707212
827.809999,15.358474,18.728247
828.009997,15.330705,17.920168
828.200043,15.337647,17.596514
828.410001,15.32839,16.665154
828.609997,15.350373,15.663619
828.809998,15.337647,16.632755
829.010081,15.341118,16.805168
829.209998,15.356159,13.709567
829.409999,15.343432,14.732207
829.599997,15.329548,15.522845
829.810019,15.367729,16.982426
830.009997,15.358474,16.573479
830.209997,15.337647,16.848965
830.409997,15.335333,15.622983
830.609999,15.345746,16.30969
830.809998,15.353846,15.967746
831.01007,15.343432,15.492719
831.210552,15.285581,16.548773
831.409997,15.333018,17.432772
831.61,15.297152,16.225916
831.810001,15.305249,17.05739
832.010137,15.301779,16.720537
832.209998,15.314507,17.507164
832.399997,15.329548,17.181202
832.61,15.329548,14.960518
832.81,15.352688,14.983888
833.009998,15.307564,15.170174
833.209998,15.339961,15.384456
833.410008,15.317977,15.604975
833.61,15.344588,14.064033
833.800001,15.319135,15.996272
834.009997,15.329548,16.41347
834.210466,15.314507,14.152308
834.410001,15.33649,13.908628
834.609998,15.3712015,13.375457
834.810004,15.337647,13.037666
835.010028,15.351531,13.727213
835.2,15.344588,12.797758
835.399998,15.341118,12.690409
835.609998,15.31682,14.324609
835.81,15.319135,15.014859
836.009999,15.278639,14.6337185
836.210001,15.329548,15.307791
836.409996,15.346903,17.372713
836.599997,15.295994,16.649395
836.799998,15.295994,14.695136
837.009997,15.309877,15.299135
837.210627,15.32839,14.337197
837.409997,15.330705,14.600215
837.610002,15.292522,16.25955
837.809998,15.3202915,17.045284
838.00038,15.317977,15.699499
838.209998,15.326077,17.442627
838.409997,15.311035,14.912472
838.610004,15.311035,14.938482
838.810001,15.3202915,14.78273
839.009997,15.31682,15.695331
839.210001,15.285581,14.9573145
839.400512,15.333018,15.724946
839.609999,15.301779,14.298416
839.809997,15.323763,15.1765785
840.010007,15.292522,18.8002
840.21051,15.297152,17.894794
840.409997,15.314507,18.099379
840.609998,15.3202915,18.069809
840.799998,15.277481,18.625896
841.01011,15.294837,18.544964
841.210001,15.302937,16.344435
841.409998,15.321447,16.31852
841.609997,15.283266,14.47959
841.809998,15.304092,13.837373
842.009998,15.321447,14.737989
842.199997,15.319135,15.217344
842.409998,15.312192,14.795836
842.610001,15.32839,14.735308
842.809997,15.309877,15.920385
843.010144,15.277481,16.620977
843.210493,15.300622,15.005986
843.410001,15.333018,14.401685
843.599999,15.298307,15.133126
843.809997,15.32492,16.221981
844.009998,15.285581,15.461257
844.210004,15.276323,16.905212
844.41,15.305249,16.342909
844.610115,15.2867365,16.056742
844.809998,15.301779,17.27856
844.999997,15.32492,16.289526
845.209997,15.293679,16.245817
845.410038,15.301779,16.808441
845.609997,15.321447,15.982979
845.81,15.322605,16.260988
846.010152,15.306407,16.009443
846.210664,15.312192,14.378713
846.399997,15.323763,12.680978
846.599997,15.321447,14.462948
846.809997,15.32839,13.540795
847.010001,15.298307,14.997617
847.209997,15.31682,12.905722
847.409998,15.327233,13.463661
847.610144,15.305249,13.732095
847.799998,15.304092,13.522256
848.009997,15.31682,15.731978
848.209996,15.321447,14.952591
848.410043,15.292522,15.91615
848.609997,15.278639,14.519932
848.809999,15.2809515,15.378029
849.010048,15.305249,15.222
849.200064,15.302937,16.375366
849.409999,15.258968,16.435104
849.61,15.294837,17.270592
849.810001,15.306407,15.875628
850.009998,15.2693815,16.141428
850.210001,15.291366,16.34214
850.410003,15.291366,16.573927
850.599998,15.279796,17.408634
850.809998,15.2693815,16.797731
851.009997,15.26244,14.864119
851.209997,15.299464,13.827777
851.410037,15.277481,14.664386
851.609998,15.302937,15.444863
851.81,15.283266,16.956272
852.010054,15.256655,16.9997
852.21051,15.282109,16.542171
852.409997,15.295994,15.226432
852.6101,15.295994,15.915339
852.810001,15.301779,17.458082
853.009997,15.282109,14.952918
853.209998,15.297152,17.228485
853.400051,15.271696,15.863612
853.609998,15.298307,17.339287
853.809997,15.299464,18.095375
854.010001,15.305249,16.151333
854.209997,15.314507,15.042872
854.410115,15.290209,15.622328
854.609999,15.278639,15.711411
854.799997,15.279796,15.574822
855.009997,15.272853,15.519117
855.210445,15.272853,15.77174
855.409998,15.278639,18.02745
855.609997,15.295994,17.692087
855.809996,15.297152,17.931149
856.009997,15.276323,17.541428
856.199997,15.291366,17.863863
856.409998,15.263597,18.988037
856.610004,15.2867365,18.701866
856.809998,15.2693815,18.372648
857.009998,15.297152,19.771135
857.209997,15.263597,19.94512
857.410173,15.270538,19.93457
857.599998,15.293679,18.077282
857.799998,15.287894,17.42116
858.010175,15.291366,17.747437
858.209996,15.274011,16.256403
858.409998,15.2751665,17.361553
858.609998,15.261283,16.163576
858.809999,15.309877,15.132752
858.999998,15.277481,15.63701
859.200001,15.302937,16.052916
859.409998,15.319135,16.939325
859.610151,15.319135,15.73539
859.809997,15.321447,15.824364
860.009998,15.294837,16.697546
860.210001,15.2867365,16.445581
860.400417,15.292522,17.189104
860.609998,15.294837,16.233215
860.809999,15.249713,15.449327
861.010091,15.270538,16.771145
861.209998,15.276323,16.163994
861.410002,15.276323,14.659623
861.61,15.278639,15.662261
861.799998,15.2751665,14.219587
862.010008,15.312192,15.647678
862.209997,15.246241,15.864933
862.410001,15.26244,14.888614
862.610016,15.283266,15.219389
862.810004,15.282109,16.479872
863.009997,15.293679,15.010642
863.199998,15.277481,15.726178
863.41008,15.271696,18.033005
863.599998,15.265911,18.485632
863.810003,15.260125,17.13424
864.010073,15.285581,17.308977
864.210517,15.290209,16.486422
864.409997,15.279796,16.381685
864.599997,15.291366,15.200716
864.809997,15.291366,16.330359
865.009997,15.261283,16.820131
865.210001,15.2693815,15.752654
865.409997,15.279796,14.202608
865.610238,15.277481,15.61795
865.810001,15.260125,14.127247
865.999998,15.25087,14.019806
866.209997,15.264753,16.501013
866.410148,15.256655,16.008566
866.609999,15.263597,16.255625
866.809999,15.263597,16.766556
867.01049,15.293679,15.531861
867.209998,15.252026,16.787622
867.399997,15.270538,15.717367
867.609997,15.26244,17.562803
867.809997,15.278639,16.000908
868.009998,15.249713,15.550329
868.21,15.295994,13.474229
868.41,15.293679,16.44415
868.610381,15.2751665,15.060563
868.799997,15.271696,15.287051
868.999997,15.2751665,16.013712
869.209999,15.271696,15.918724
869.41,15.255498,15.744397
869.609997,15.265911,15.300055
869.809997,15.267068,15.436226
870.010451,15.256655,15.126637
870.199997,15.224257,15.982936
870.410001,15.198803,17.343304
870.61,15.228885,18.431067
870.810069,15.249713,16.740189
871.010001,15.219629,18.089117
871.209999,15.230042,18.447645
871.409997,15.248555,18.490118
871.600125,15.253183,19.059713
871.809997,15.248555,18.929184
872.009998,15.2231,17.48654
872.209997,15.164092,15.091877
872.409997,15.187233,15.787599
872.609999,15.165248,15.128601
872.809997,15.24277,14.448766
873,15.198803,15.354622
873.209997,15.252026,16.404785
873.409996,15.292522,16.160063
873.61,15.270538,16.096285
873.809998,15.215001,15.424009
874.009997,15.245085,17.232414
874.21,15.212687,19.436096
874.399998,15.236985,18.629797
874.610156,15.265911,18.209522
874.809997,15.326077,16.541449
875.009998,15.300622,14.70568
875.209997,15.293679,14.142215
875.410113,15.263597,15.043595
875.609998,15.276323,14.548817
875.799998,15.295994,14.694604
876.01007,15.279796,13.968085
876.21,15.31682,13.794594
876.409997,15.260125,13.198895
876.609999,15.2867365,11.914718
876.809998,15.285581,12.726783
877.010015,15.302937,13.831258
877.199998,15.2809515,13.576778
877.41,15.282109,13.102234
877.609998,15.307564,14.105835
877.81,15.321447,14.505867
878.010001,15.317977,13.925723
878.209996,15.304092,14.268445
878.410074,15.276323,14.894486
878.599997,15.258968,14.389488
878.799998,15.25087,14.2350025
879.010048,15.309877,15.077245
879.209998,15.292522,14.515095
879.409998,15.2867365,16.355377
879.609999,15.326077,15.420958
879.810001,15.278639,15.205788
880.000034,15.2809515,14.802698
880.209998,15.321447,14.133152
880.409998,15.298307,13.378047
880.609998,15.293679,12.2640505
880.809998,15.31682,12.128369
881.009997,15.31682,10.8398905
881.209997,15.294837,10.215914
881.400227,15.308722,10.797673
881.609999,15.321447,10.728222
881.809999,15.298307,13.771145
882.009997,15.278639,14.050711
882.210413,15.284424,15.496785
882.409997,15.312192,16.130728
882.609998,15.297152,14.40256
882.800001,15.32839,15.955074
883.010131,15.264753,13.605835
883.209998,15.3202915,13.380517
883.410003,15.290209,11.941573
883.609998,15.321447,12.38733
883.810007,15.31682,12.624743
884.009998,15.311035,11.770575
884.199997,15.2867365,11.135532
884.409998,15.265911,12.434536
884.609999,15.265911,13.306805
884.809999,15.305249,12.869812
885.009999,15.311035,12.195823
885.210534,15.309877,12.374646
885.409998,15.317977,12.2127905
885.599998,15.315662,13.587678
885.809998,15.287894,13.9744005
886.010107,15.293679,13.8443165
886.209998,15.326077,14.38744
886.409997,15.333018,14.339955
886.609999,15.32492,14.068348
886.809997,15.356159,14.080624
886.999998,15.294837,14.568713
887.199997,15.291366,12.944193
887.409997,15.283266,13.607897
887.610023,15.32839,12.979809
887.809998,15.309877,13.501058
888.009999,15.283266,13.615877
888.210242,15.277481,14.093396
888.399998,15.31682,14.510082
888.609998,15.24277,14.156846
888.809997,15.304092,14.771104
889.009998,15.334175,13.72391
889.209997,15.3202915,12.535116
889.409999,15.302937,12.589686
889.610001,15.311035,14.4096985
889.799998,15.31335,14.164199
890.010001,15.282109,13.929827
890.209996,15.306407,15.207925
890.409996,15.32839,15.808768
890.610044,15.309877,15.715468
890.809997,15.345746,12.910448
891.010003,15.329548,12.191806
891.210049,15.317977,11.906829
891.410686,15.329548,11.826222
891.609999,15.299464,13.129364
891.809997,15.32492,12.244121
892.009999,15.3202915,14.010285
892.211905,15.307564,14.983241
892.41,15.304092,13.418998
892.599997,15.299464,13.12935
892.809998,15.3202915,14.469085
893.010001,15.263597,14.896812
893.209999,15.260125,14.431916
893.409996,15.307564,13.728733
893.610041,15.287894,12.967769
893.810001,15.31682,13.719203
893.999997,15.291366,13.415115
894.210006,15.282109,12.586559
894.410473,15.284424,12.05808
894.609998,15.299464,13.670592
894.809998,15.301779,12.872025
895.009997,15.312192,13.737507
895.210145,15.2809515,13.986126
895.399997,15.292522,12.515887
895.599999,15.278639,13.380635
895.809997,15.258968,13.880345
896.010017,15.279796,13.762461
896.209996,15.290209,13.393032
896.41,15.2867365,13.022832
896.609997,15.31682,13.061924
896.799998,15.302937,12.979223
896.999997,15.291366,12.241065
897.210001,15.317977,13.264846
897.410382,15.323763,14.330523
897.609998,15.321447,14.859807
897.809998,15.314507,15.260286
898.009999,15.302937,13.211324
898.200118,15.308722,12.517937
898.409997,15.322605,12.568969
898.610003,15.291366,14.161147
898.809997,15.291366,11.748172
899.010261,15.295994,12.770435
899.209998,15.295994,12.680903
899.410002,15.299464,13.213207
899.600006,15.265911,13.391208
899.809997,15.289051,11.740793
900.009997,15.300622,12.259734
900.209999,15.304092,13.735346
900.410493,15.314507,12.397417
900.610039,15.274011,12.694118
900.809998,15.291366,12.74962
900.999998,15.284424,12.724532
901.209997,15.272853,11.295052
901.409998,15.289051,13.198091
901.610001,15.292522,15.091287
901.810001,15.276323,16.160288
902.010109,15.284424,16.846981
902.209997,15.279796,17.421242
902.399997,15.264753,14.72156
902.609999,15.257811,13.553406
902.810066,15.252026,13.361809
903.009997,15.291366,14.819571
903.210001,15.264753,14.448591
903.410101,15.271696,15.473841
903.610018,15.309877,16.144789
903.799998,15.295994,16.548903
903.999998,15.306407,17.392332
904.209997,15.307564,16.91719
904.409998,15.323763,15.141412
904.609997,15.314507,13.051218
904.809997,15.283266,13.756361
905.010071,15.2867365,13.527367
905.199998,15.290209,13.963487
905.409998,15.282109,13.444309
905.609998,15.260125,12.5718975
905.810187,15.298307,11.753886
906.009999,15.297152,11.257261
906.210001,15.287894,11.323989
906.410001,15.300622,11.196346
906.600058,15.261283,11.707098
906.809997,15.272853,12.55941
907.009997,15.25434,10.82888
907.209997,15.297152,12.295964
907.409998,15.292522,13.641426
907.610004,15.267068,12.970099
907.809998,15.277481,14.2099695
908,15.263597,14.26295
908.210045,15.263597,15.122047
908.409997,15.243927,15.21979
908.609998,15.258968,14.405556
908.809997,15.267068,14.241077
909.009998,15.263597,13.968151
909.210001,15.245085,12.727723
909.410077,15.257811,14.84559
909.610413,15.209216,12.81046
909.810001,15.230042,12.597329
910.009997,15.2751665,12.966615
910.210003,15.226572,13.372838
910.41014,15.25434,12.196576
910.609998,15.236985,13.3673315
910.799997,15.285581,15.109095
911.009997,15.246241,15.483069
911.209998,15.253183,15.818229
911.410001,15.26244,17.155443
911.609998,15.228885,16.098166
911.809996,15.270538,16.085413
912.009997,15.268226,15.272475
912.200001,15.272853,15.228049
912.409997,15.282109,15.32296
912.610294,15.2867365,15.152152
912.809998,15.2393,13.779341
913.009998,15.213844,13.784146
913.209997,15.25434,14.258732
913.409997,15.278639,13.7956295
913.599998,15.26244,13.783974
913.809998,15.279796,13.20523
914.009997,15.277481,13.084017
914.210196,15.2751665,13.263216
914.409998,15.268226,13.672018
914.610001,15.257811,11.866792
914.809997,15.261283,13.156801
914.999998,15.2751665,13.391524
915.199998,15.245085,13.71058
915.410104,15.277481,13.859592
915.610293,15.256655,15.084298
915.811274,15.235827,14.454089
916.009998,15.25087,14.04536
916.210086,15.278639,14.282533
916.40019,15.258968,14.415006
916.609998,15.272853,15.5367
916.809998,15.2751665,15.146592
917.009998,15.263597,14.590552
917.209998,15.257811,12.870631
917.409998,15.284424,12.13455
917.609997,15.284424,12.7272415
917.809997,15.274011,14.622065
918.009997,15.291366,13.82483
918.209997,15.278639,14.248698
918.41,15.263597,12.418975
918.610242,15.267068,12.657405
918.809998,15.249713,12.990923
919.009998,15.25434,12.060453
919.199997,15.271696,11.907061
919.409996,15.270538,12.136376
919.610003,15.252026,14.559142
919.81,15.249713,13.843148
920.009997,15.225414,14.472267
920.210128,15.172191,14.125835
920.409997,15.227729,15.403169
920.599997,15.226572,15.451594
920.809996,15.300622,15.916448
921.01021,15.2809515,15.783385
921.209998,15.253183,14.612918
921.410002,15.279796,14.787832
921.6101,15.2693815,12.540638
921.809998,15.271696,12.923547
921.999997,15.285581,13.451272
922.209998,15.2809515,11.998359
922.409997,15.2693815,13.337228
922.609998,15.243927,14.223517
922.809998,15.2751665,14.930329
923.009997,15.241612,13.847653
923.210151,15.2751665,14.370386
923.399997,15.261283,14.538112
923.609998,15.284424,13.697654
923.809997,15.274011,13.379802
924.010116,15.248555,13.275177
924.210001,15.284424,13.996631
924.409997,15.306407,13.639698
924.610151,15.277481,14.817944
924.799998,15.319135,16.680618
925.009997,15.306407,14.41023
925.209997,15.279796,14.765232
925.409997,15.302937,13.030379
925.609998,15.297152,13.951633
925.810001,15.307564,13.313819
926.009998,15.25087,12.759827
926.199996,15.284424,14.476087
926.409997,15.253183,14.659698
926.610002,15.249713,13.596418
926.809997,15.253183,13.746712
927.009996,15.282109,14.209718
927.209998,15.236985,12.025385
927.409998,15.265911,11.99246
927.6,15.268226,11.652713
927.810388,15.258968,12.640495
928.009998,15.241612,10.627926
928.210003,15.283266,10.964211
928.409997,15.295994,12.541432
928.610084,15.314507,12.862321
928.809997,15.299464,12.138621
928.999997,15.311035,14.599042
929.209998,15.272853,13.052941
929.409999,15.278639,12.458051
929.61,15.25087,14.600114
929.809998,15.24277,13.332666
930.009997,15.246241,13.868478
930.210015,15.265911,14.437098
930.399998,15.293679,14.947785
930.609997,15.2751665,14.748672
930.81027,15.295994,13.8691635
931.009998,15.263597,13.555692
931.209997,15.282109,13.904208
931.409997,15.282109,14.286234
931.610017,15.2809515,13.980862
931.799998,15.272853,12.715937
932.009997,15.256655,13.417377
932.21,15.265911,12.952005
932.410242,15.267068,13.057442
932.609997,15.306407,11.92923
932.809997,15.290209,11.895338
933.009998,15.255498,11.075629
933.20001,15.291366,12.382012
933.399997,15.264753,12.224648
933.609997,15.278639,12.782685
933.810232,15.292522,12.361748
934.009998,15.2751665,12.736191
934.209998,15.256655,11.687433
934.409997,15.268226,11.650832
934.600101,15.295994,12.990869
934.809998,15.279796,11.781281
935.009997,15.284424,11.522585
935.210002,15.292522,12.774825
935.410246,15.295994,13.017013
935.61,15.306407,11.540192
935.809997,15.31682,12.629422
936.00007,15.315662,12.20197
936.210046,15.297152,11.220267
936.409997,15.32492,11.025963
936.609999,15.32492,10.41441
936.81025,15.299464,10.539871
937.01,15.283266,10.678436
937.209998,15.299464,11.263555
937.399997,15.306407,11.544733
937.609997,15.291366,11.486995
937.810005,15.293679,12.384653
938.009997,15.284424,12.407873
938.209999,15.297152,12.402372
938.410239,15.25434,12.838028
938.609997,15.295994,11.083511
938.800001,15.264753,11.295357
939.010004,15.26244,9.890799
939.210139,15.290209,11.204569
939.410003,15.301779,11.831213
939.610005,15.279796,11.448208
939.810162,15.2809515,12.104091
940.010001,15.293679,12.7431755
940.199999,15.241612,13.084585
940.410001,15.24277,13.950576
940.609997,15.25087,15.491097
940.809998,15.217315,14.498376
941.010001,15.226572,13.988324
941.209998,15.227729,13.888172
941.410158,15.258968,13.690374
941.599998,15.25087,11.801549
941.809997,15.272853,12.757936
942.009998,15.260125,13.120769
942.210144,15.257811,12.14901
942.409998,15.213844,12.424792
942.609997,15.206902,13.314591
942.810054,15.199959,12.797735
943.000146,15.2393,14.091346
943.209998,15.215001,13.6783495
943.409998,15.172191,15.378276
943.609996,15.208059,15.070215
943.809998,15.210374,16.352707
944.010001,15.186075,17.68824
944.209998,15.203431,17.827799
944.400052,15.182604,17.311836
944.609997,15.174505,16.909334
944.81,15.16872,15.92932
945.009997,15.226572,16.446077
945.21029,15.184918,15.429261
945.409998,15.175663,16.152687
945.609997,15.173348,16.537584
945.810069,15.146737,16.386435
946.009997,15.189547,16.23002
946.209996,15.190703,14.89463
946.409999,15.212687,13.856862
946.609999,15.247398,12.795327
946.810014,15.291366,12.155004
947.009998,15.243927,11.097965
947.199997,15.241612,11.603171
947.409997,15.219629,12.174431
947.609998,15.208059,11.511498
947.809996,15.243927,11.762495
948.009997,15.193018,12.963582
948.210127,15.194174,12.918225
948.410002,15.21153,13.768992
948.599998,15.201117,14.460525
948.809998,15.230042,13.824746
949.010385,15.197646,11.935536
949.209997,15.274011,13.812009
949.409998,15.249713,14.042038
949.610004,15.24277,13.597298
949.810123,15.263597,13.453771
949.999998,15.274011,13.036268
950.199996,15.256655,13.353374
950.41,15.24277,12.852258
950.610043,15.270538,12.698554
950.810001,15.291366,13.742438
951.010001,15.243927,13.873885
951.209997,15.238142,13.482175
951.400039,15.219629,13.79876
951.599998,15.231199,13.3171625
951.809997,15.232357,13.762303
952.010513,15.253183,12.776972
952.209998,15.238142,13.491594
952.409998,15.245085,12.646438
952.609997,15.24277,12.46485
952.800113,15.263597,13.798955
953.009997,15.210374,12.409726
953.209998,15.230042,12.764291
953.410001,15.183761,14.713887
953.610233,15.219629,11.9296255
953.809998,15.221944,11.445752
954.009998,15.240456,10.273522
954.200119,15.238142,10.453125
954.410041,15.224257,12.582986
954.609999,15.245085,12.455615
954.809998,15.247398,12.822857
955.010249,15.243927,14.712576
955.209997,15.226572,15.383673
955.409998,15.204589,16.179752
955.599997,15.233515,14.500681
955.810026,15.248555,14.353789
956.009997,15.233515,14.074208
956.21,15.215001,14.220372
956.409997,15.233515,14.931736
956.610245,15.2231,13.911619
956.809998,15.190703,15.428426
956.999998,15.2231,15.784021
957.209996,15.204589,16.456547
957.410018,15.25434,14.7813635
957.61,15.231199,13.297271
957.810003,15.219629,14.093437
958.010211,15.240456,15.901571
958.210001,15.224257,14.96817
958.399998,15.2393,13.909687
958.609996,15.228885,11.654509
958.810001,15.232357,12.753021
959.009998,15.212687,13.498586
959.21,15.232357,13.283658
959.409997,15.247398,12.146673
959.610153,15.25087,13.521023
959.799997,15.204589,11.919925
960.009997,15.260125,11.572178
960.209998,15.240456,12.9193325
960.409997,15.240456,11.5533285
960.609997,15.230042,13.786236
960.810001,15.191861,13.333463
961.010249,15.1675625,15.653637
961.199997,15.194174,14.762509
961.409996,15.1675625,14.941156
961.609998,15.166406,16.138939
961.810011,15.142108,16.501457
962.009999,15.134009,16.951624
962.209998,15.145579,15.595151
962.409998,15.110868,15.558509
962.600152,15.179133,15.886395
962.809997,15.193018,16.533415
963.009998,15.203431,15.056194
963.209997,15.182604,14.550934
963.409998,15.140951,16.975859
963.609998,15.09467,15.74459
963.809997,15.085413,16.91905
963.999997,15.06343,18.358856
964.209997,15.135166,17.964657
964.409998,15.166406,18.112484
964.609999,15.1559925,16.911215
964.810021,15.227729,16.65179
965.010001,15.212687,16.57548
965.21,15.181448,17.374853
965.399996,15.173348,17.549078
965.610218,15.115497,18.44203
965.809997,15.1559925,17.047934
966.009997,15.171033,18.445412
966.209997,15.153678,17.049835
966.410012,15.096984,19.467546
966.609997,15.118967,20.295729
966.799996,15.109711,19.890608
967.010238,15.081943,18.692287
967.210001,15.100455,17.20563
967.409997,15.145579,15.614591
967.609998,15.189547,16.427824
967.809996,15.184918,17.01164
968.009997,15.177976,15.282146
968.199997,15.158307,14.471245
968.409997,15.174505,14.222781
968.610106,15.113182,13.784662
968.810001,15.1617775,16.00628
969.010005,15.140951,16.36345
969.209997,15.157149,15.671254
969.410071,15.1559925,15.201159
969.600001,15.152522,17.2664
969.799999,15.131695,17.381193
970.010056,15.203431,15.642349
970.21065,15.226572,14.059172
970.409998,15.21153,12.595066
970.609999,15.154835,12.918388
970.809997,15.231199,12.650292
971.000276,15.228885,12.802226
971.209998,15.191861,12.714246
971.409997,15.2231,13.105103
971.61,15.201117,11.752933
971.809998,15.224257,13.37778
972.009996,15.224257,13.105236
972.21,15.247398,12.503665
972.400356,15.234671,11.964654
972.610001,15.219629,11.973595
972.809998,15.233515,12.074677
973.010033,15.219629,11.227411
973.210503,15.243927,11.696204
973.409997,15.24277,11.553521
973.609998,15.203431,12.550656
973.799997,15.234671,12.669416
974.009998,15.2184725,12.046303
974.209998,15.225414,11.204768
974.409998,15.199959,11.309789
974.610051,15.233515,12.53226
974.809998,15.177976,11.194124
975.009999,15.2184725,12.732632
975.2,15.21153,12.176993
975.410087,15.219629,11.815024
975.600002,15.215001,12.406524
975.809997,15.197646,14.053817
976.010073,15.182604,14.981325
976.21001,15.191861,14.865043
976.409999,15.210374,14.019991
976.599997,15.194174,14.239684
976.810001,15.18029,14.14918
977.009997,15.219629,14.210527
977.209998,15.145579,14.362209
977.410002,15.188389,13.845371
977.610001,15.189547,15.568474
977.809997,15.145579,14.31104
978,15.198803,17.530163
978.210001,15.208059,14.765559
978.410028,15.205745,14.683483
978.609998,15.215001,14.485283
978.809998,15.224257,14.081882
979.010004,15.230042,13.3264475
979.210644,15.226572,12.961998
979.4,15.21153,14.14349
979.6,15.21153,14.564746
979.809996,15.221944,14.445803
980.010001,15.2231,13.759128
980.209997,15.191861,13.089187
980.410001,15.191861,11.780789
980.609998,15.227729,12.288035
980.799997,15.199959,11.467511
981.009997,15.236985,11.658867
981.209998,15.238142,11.437009
981.410158,15.193018,11.409974
981.609998,15.201117,11.245661
981.809999,15.189547,12.010706
982.010023,15.226572,11.554097
982.200125,15.205745,12.602881
982.409998,15.194174,10.692587
982.609997,15.213844,11.657383
982.809999,15.208059,11.917522
983.010006,15.182604,12.168249
983.209999,15.153678,13.719073
983.409998,15.153678,14.837754
983.6,15.199959,14.293398
983.810002,15.2393,13.377794
984.009996,15.226572,13.211251
984.209998,15.186075,13.036169
984.409997,15.215001,12.393834
984.609998,15.199959,11.93671
984.809997,15.187233,10.519898
985.010087,15.249713,10.1323395
985.210434,15.227729,12.376514
985.409998,15.172191,11.530096
985.610002,15.184918,12.978465
985.809998,15.209216,13.892858
986.010092,15.18029,13.874625
986.209998,15.195332,13.431664
986.399998,15.226572,13.417695
986.609997,15.204589,13.389672
986.810027,15.205745,13.834943
987.009997,15.233515,13.918227
987.209997,15.255498,12.575174
987.410002,15.258968,11.396727
987.609998,15.208059,11.523248
987.799999,15.206902,11.266035
988.009997,15.205745,12.846746
988.210355,15.221944,13.0330715
988.409996,15.21153,12.474232
988.610001,15.236985,12.334593
988.810001,15.204589,13.553786
989.010125,15.220787,12.337532
989.199998,15.204589,12.078304
989.399999,15.219629,11.125746
989.610004,15.232357,11.752776
989.810003,15.243927,12.197257
990.009998,15.209216,12.103329
990.210005,15.224257,11.837765
990.409997,15.186075,11.2192135
990.599997,15.182604,11.603474
990.799997,15.198803,12.015423
991.009997,15.173348,13.857515
991.21034,15.225414,11.651201
991.409996,15.247398,13.391431
991.61,15.252026,14.06562
991.809998,15.188389,13.798014
992.00013,15.217315,13.947479
992.210001,15.227729,13.122226
992.409998,15.175663,12.6906595
992.610001,15.194174,12.869711
992.810172,15.201117,11.901931
993.009997,15.202273,14.068291
993.209998,15.21153,13.907926
993.400003,15.188389,13.503521
993.609997,15.179133,13.611829
993.809998,15.189547,13.351249
994.009997,15.199959,13.440654
994.21016,15.225414,13.831873
994.409998,15.228885,13.7234125
994.609999,15.233515,14.447506
994.799999,15.197646,14.02473
995.009996,15.201117,13.233261
995.209997,15.191861,11.889091
995.409999,15.221944,12.209419
995.610003,15.224257,12.8266535
995.810154,15.221944,12.314974
996.009998,15.188389,10.772883
996.199999,15.21153,10.908636
996.409996,15.234671,11.422725
996.609998,15.206902,11.327115
996.810001,15.225414,10.642809
997.009997,15.221944,9.675696
997.210159,15.193018,10.84448
997.41,15.210374,11.465932
997.599997,15.209216,13.584215
997.810001,15.227729,13.21749
998.009997,15.189547,14.861809
998.210001,15.153678,15.34378
998.409997,15.184918,15.78314
998.609997,15.204589,13.879719
998.810109,15.203431,13.579101
999,15.198803,12.74786
999.209998,15.231199,12.098469
999.409996,15.226572,11.622116
999.610303,15.198803,11.73992
999.809997,15.183761,11.084165
1000.010002,15.187233,11.775357
1000.21017,15.212687,12.24114
1000.400046,15.235827,12.860147
1000.610001,15.173348,13.726012
1000.810001,15.194174,13.144531
1001.009997,15.18029,12.76686
1001.209997,15.199959,13.4989805
1001.409997,15.215001,14.410643
1001.610003,15.213844,13.903662
1001.80002,15.194174,13.655886
1002.009997,15.189547,12.444863
1002.209998,15.181448,12.753128
1002.409997,15.183761,12.81414
1002.610129,15.181448,14.507018
1002.810001,15.165248,14.60303
1003.009997,15.1559925,16.257877
1003.210191,15.191861,16.798637
1003.409997,15.197646,16.428606
1003.609997,15.127067,15.687028
1003.810001,15.184918,15.858498
1004.010141,15.182604,14.812507
1004.209997,15.195332,14.190024
1004.409997,15.139794,13.564678
1004.602007,15.146737,15.22211
1004.810189,15.132852,14.99744
1005.009997,15.127067,14.621397
1005.209997,15.162935,14.123191
1005.409997,15.158307,15.304811
1005.610014,15.139794,15.208595
1005.809998,15.110868,15.880046
1006,15.103926,16.098452
1006.210161,15.113182,17.432495
1006.410001,15.113182,16.692072
1006.609996,15.115497,15.056606
1006.809997,15.103926,14.947313
1007.010003,15.132852,14.853115
1007.21,15.065744,15.453415
1007.399998,15.123596,16.55558
1007.610001,15.057645,19.004066
1007.810142,15.07847,20.67976
1008.010001,15.120124,18.654858
1008.209999,15.056487,16.430387
1008.409999,15.0992985,16.042435
1008.610145,15.10624,14.575928
1008.8,15.154835,14.1407385
1008.999999,15.157149,14.175667
1009.210092,15.189547,14.269853
1009.409997,15.210374,14.532167
1009.609997,15.173348,13.155134
1009.810001,15.169877,13.019673
1010.010001,15.196488,12.394563
1010.200046,15.151364,13.143733
1010.409997,15.144423,12.891249
1010.609997,15.147893,14.817631
1010.810024,15.183761,13.745092
1011.009997,15.164092,16.520445
1011.209998,15.136322,15.433561
1011.409997,15.181448,15.557586
1011.600401,15.107396,14.962552
1011.810001,15.160621,14.147515
1012.009997,15.166406,12.235778
1012.210078,15.16872,11.730925
1012.41,15.101611,12.201461
1012.609998,15.188389,12.609775
1012.809998,15.204589,11.372541
1012.999998,15.197646,11.309506
1013.209998,15.189547,11.815896
1013.409998,15.147893,12.195032
1013.609999,15.151364,12.880574
1013.809998,15.130537,13.958377
1014.009996,15.124752,15.555615
1014.209997,15.18029,14.326221
1014.400036,15.158307,13.504839
1014.609996,15.182604,12.7991295
1014.809998,15.154835,12.48882
1015.010002,15.171033,11.453161
1015.210003,15.196488,12.637261
1015.410415,15.158307,12.866735
1015.609998,15.154835,12.767763
1015.80002,15.18029,12.21808
1016.009997,15.176819,13.417842
1016.210148,15.18029,13.678348
1016.409998,15.1617775,14.023636
1016.609999,15.174505,14.013457
1016.809997,15.164092,15.136014
1017.010001,15.194174,13.121378
1017.200006,15.190703,13.45604
1017.41,15.162935,12.771381
1017.610061,15.199959,12.5162525
1017.809998,15.169877,12.468736
1018.009997,15.16872,14.170644
1018.209997,15.198803,12.136271
1018.410425,15.226572,11.657051
1018.600002,15.189547,11.3721
1018.811588,15.195332,10.932429
1019.010001,15.203431,11.644893
1019.210177,15.196488,11.837212
1019.409998,15.190703,11.683993
1019.61,15.226572,10.68737
1019.809998,15.189547,11.185349
1020.000151,15.195332,10.569191
1020.209997,15.18029,10.950816
1020.409997,15.14905,12.989706
1020.609998,15.16872,12.237084
1020.809997,15.165248,12.904759
1021.010002,15.202273,12.154129
1021.209998,15.1502075,12.690025
1021.399998,15.136322,13.446182
1021.609999,15.166406,13.777846
1021.809998,15.183761,14.572284
1022.01,15.145579,13.926374
1022.210073,15.16872,14.712236
1022.410001,15.127067,14.272607
1022.609998,15.18029,14.420411
1022.799999,15.159463,14.519203
1023.010231,15.160621,13.767478
1023.209997,15.144423,14.88118
1023.409997,15.173348,14.384542
1023.610915,15.18029,14.107025
1023.809999,15.1617775,15.243912
1024.009999,15.146737,13.345542
1024.199999,15.147893,13.072444
1024.410319,15.143265,15.524088
1024.610001,15.152522,14.220234
1024.809999,15.144423,13.992483
1025.009997,15.147893,13.70162
1025.210147,15.147893,13.785596
1025.409997,15.152522,13.549541
1025.599998,15.153678,11.957043
1025.809996,15.144423,12.213431
1026.009998,15.160621,12.492078
1026.209997,15.175663,13.844714
1026.409997,15.175663,13.436848
1026.61,15.18029,12.290191
1026.810001,15.158307,12.876494
1026.999997,15.136322,12.3297205
1027.209997,15.152522,13.842259
1027.410475,15.169877,13.503392
1027.609997,15.189547,13.260734
1027.809998,15.16872,12.013051
1028.009997,15.157149,13.755298
1028.209998,15.158307,13.473696
1028.399996,15.147893,14.334144
1028.599997,15.136322,15.336354
1028.810062,15.0992985,14.6659775
1029.010026,15.143265,14.061195
1029.210001,15.13748,14.646836
1029.409997,15.166406,14.060703
1029.610001,15.164092,13.512599
1029.799997,15.14905,12.750135
1030,15.116653,13.068243
1030.210001,15.129381,13.12765
1030.410358,15.176819,14.6076355
1030.609997,15.173348,12.890437
1030.810004,15.146737,12.995272
1031.009997,15.124752,12.608364
1031.200379,15.123596,13.6796055
1031.409997,15.114339,13.905709
1031.609997,15.110868,16.33573
1031.809997,15.124752,14.108592
1032.009998,15.091198,12.731874
1032.209996,15.129381,12.530853
1032.410001,15.124752,13.926583
1032.600355,15.117811,12.474899
1032.809997,15.129381,14.195035
1033.009997,15.0992985,13.153634
1033.209998,15.135166,15.799636
1033.410349,15.153678,15.802394
1033.609997,15.151364,15.416836
1033.809998,15.215001,15.074291
1033.999998,15.172191,13.441013
1034.210197,15.21153,12.876807
1034.409999,15.196488,13.642196
1034.609998,15.197646,13.875871
1034.809997,15.184918,13.566395
1035.010993,15.159463,14.075152
1035.209998,15.171033,14.134397
1035.399997,15.130537,13.319744
1035.609997,15.135166,13.651006
1035.809999,15.121282,14.267339
1036.009998,15.152522,13.177349
1036.209999,15.0831,13.773645
1036.410387,15.079628,15.7839985
1036.609998,15.076158,16.609606
1036.799997,15.092356,15.416299
1037.009996,15.091198,14.993904
1037.210149,15.050702,15.016258
1037.409997,15.05533,15.053284
1037.610001,15.053017,15.366877
1037.809997,15.058802,14.692352
1038.010024,15.105083,15.738764
1038.199998,15.103926,16.020483
1038.409997,15.087728,19.568066
1038.609997,15.059959,18.261854
1038.809998,15.070373,18.644007
1039.009999,15.051859,18.183344
1039.209997,15.087728,18.203003
1039.410443,15.044917,17.67664
1039.6,15.117811,16.980883
1039.81,15.080785,19.587473
1040.009997,15.086571,18.515638
1040.210116,15.096984,19.490896
1040.409997,15.071529,19.307592
1040.609997,15.034504,17.616941
1040.809998,15.110868,17.82554
1041.000152,15.049544,17.123495
1041.210004,15.092356,14.28848
1041.409998,15.123596,16.89898
1041.609999,15.105083,17.742468
1041.809998,15.093513,16.893757
1042.01,15.081943,16.59565
1042.209997,15.09467,16.608997
1042.399998,15.070373,15.351354
1042.610001,15.080785,15.489773
1042.809996,15.019463,16.4826
1043.009997,15.054174,15.755969
1043.210141,15.068058,15.04579
1043.409999,15.085413,13.579232
1043.610001,15.088885,14.275281
1043.799997,15.092356,15.2026
1044.01004,15.07847,15.988692
1044.209997,15.093513,16.189697
1044.409997,15.037974,15.360057
1044.610057,15.077314,16.06868
1044.809998,15.062272,16.145784
1045.009997,15.081943,18.097954
1045.2,15.088885,18.938501
1045.41041,15.09467,16.949863
1045.609997,15.056487,16.613626
1045.809998,15.032189,16.466854
1046.009997,14.988222,17.324226
1046.210302,15.032189,17.808245
1046.409998,15.06343,16.851063
1046.599998,15.035661,16.716898
1046.809997,15.068058,15.544324
1047.010037,15.070373,16.048489
1047.210001,15.087728,16.476322
1047.409997,15.065744,16.90927
1047.609997,15.065744,17.558365
1047.809998,15.015991,18.442377
1047.999998,15.059959,17.713247
1048.209997,15.053017,15.6229725
1048.410535,15.0669,17.27931
1048.609998,15.058802,16.746716
1048.810001,15.054174,16.794323
1049.009997,15.039132,16.506557
1049.210039,15.081943,17.178608
1049.400001,15.071529,16.519598
1049.609998,15.059959,16.23728
1049.809998,15.107396,15.963585
1050.010001,15.065744,16.885233
1050.210001,15.071529,17.379265
1050.409997,15.068058,16.035828
1050.609999,15.047232,14.653165
1050.799999,15.049544,15.338327
1051,15.088885,15.77991
1051.209997,15.050702,15.990023
1051.410598,15.040289,14.893918
1051.610004,15.040289,15.920625
1051.809997,15.041447,16.631584
1052.010001,15.072685,16.894287
1052.200255,15.051859,16.887579
1052.41,15.062272,16.213503
1052.61,15.102769,15.641358
1052.810002,15.096984,14.355205
1053.009996,15.080785,13.746906
1053.209998,15.0992985,12.614722
1053.409997,15.09467,13.937791
1053.600356,15.084256,15.914672
1053.809997,15.079628,15.84091
1054.009999,15.091198,15.751135
1054.209997,15.121282,16.221945
1054.410511,15.138637,16.909002
1054.609997,15.122438,15.673697
1054.809999,15.09467,14.407483
1054.999997,15.093513,14.240934
1055.209997,15.142108,14.879378
1055.410001,15.13748,14.24442
1055.609997,15.121282,12.74784
1055.810163,15.088885,11.577111
1056.009998,15.103926,14.556594
1056.209997,15.0992985,13.90112
1056.400395,15.09467,13.088471
1056.610053,15.122438,13.632159
1056.799997,15.110868,12.910842
1057.009998,15.06343,13.579779
1057.210101,15.062272,14.088463
1057.410008,15.062272,14.148601
1057.609997,15.105083,14.232274
1057.8,15.095826,15.0942955
1058.009996,15.084256,15.031348
1058.209998,15.05533,15.457203
1058.410001,15.073843,14.083292
1058.609998,15.115497,13.406272
1058.810089,15.115497,13.789544
1059.009997,15.075,14.232202
1059.199998,15.073843,14.719196
1059.409997,15.090041,14.02696
1059.610137,15.101611,15.5042
1059.809997,15.084256,14.553365
1060.009997,15.07847,14.856815
1060.210299,15.061115,15.362256
1060.409998,15.105083,14.553643
1060.600001,15.084256,14.285099
1060.8,15.087728,14.81907
1061.010001,15.093513,13.632107
1061.209998,15.088885,14.052302
1061.409997,15.07847,14.224261
1061.609997,15.071529,14.016175
1061.810001,15.076158,14.750087
1061.999998,15.057645,14.605303
1062.209998,15.075,14.442634
1062.410001,15.0992985,16.49531
1062.609997,15.069215,15.766751
1062.809998,15.073843,13.618703
1063.009997,15.092356,13.562395
1063.210056,15.090041,12.954927
1063.400149,15.059959,12.735079
1063.609998,15.053017,12.544659
1063.809998,15.090041,12.634888
1064.009997,15.071529,13.225665
1064.210001,15.116653,13.674074
1064.409997,15.109711,12.659969
1064.609998,15.095826,12.071458
1064.800059,15.064587,12.817829
1065.009997,15.0831,12.923468
1065.209997,15.035661,14.40524
1065.409999,15.080785,14.644341
1065.610238,15.029876,13.883578
1065.810001,15.043759,14.591358
1066.009998,15.073843,14.8360615
1066.210072,15.069215,15.577678
1066.409997,15.0831,15.551949
1066.609998,15.0368185,14.7636
1066.809998,15.062272,15.6761875
1067.009997,15.080785,15.621236
1067.209998,15.084256,16.021303
1067.409997,15.092356,15.302595
1067.599998,15.102769,13.550467
1067.810022,15.059959,13.793808
1068.009996,15.105083,14.262586
1068.209997,15.080785,15.378854
1068.409997,15.0992985,14.882159
1068.610048,15.086571,15.181567
1068.810001,15.095826,14.53505
1068.999997,15.0992985,13.183462
1069.210006,15.058802,14.369139
1069.41053,15.103926,13.652208
1069.609998,15.088885,12.784071
1069.809998,15.10624,12.497214
1070.009997,15.095826,14.660877
1070.210019,15.093513,14.140093
1070.4,15.098141,13.1620455
1070.609998,15.092356,13.794751
1070.809998,15.0831,13.9544525
1071.010001,15.086571,14.134887
1071.210002,15.07847,14.670484
1071.410001,15.0992985,13.593092
1071.609997,15.069215,13.47184
1071.799999,15.100455,15.406984
1071.999996,15.07847,14.765335
1072.209998,15.096984,14.914211
1072.410384,15.058802,14.74409
1072.609998,15.086571,15.59268
1072.810001,15.113182,14.937974
1073.009996,15.084256,14.891295
1073.200196,15.103926,12.945559
1073.410004,15.114339,13.978964
1073.609998,15.053017,14.046392
1073.809997,15.086571,14.032893
1074.010304,15.05533,13.676362
1074.209998,15.073843,15.528365
1074.409997,15.062272,16.290815
1074.600333,15.093513,14.960877
1074.809997,15.062272,14.742682
1075.009999,15.085413,14.0967865
1075.21,15.069215,14.339732
1075.410398,15.081943,16.242823
1075.61,15.110868,16.584324
1075.809999,15.0992985,14.474661
1075.999999,15.087728,14.03594
1076.209997,15.122438,13.979415
1076.409998,15.07847,13.120687
1076.610001,15.081943,12.619616
1076.809998,15.088885,14.111329
1077.009998,15.077314,13.4030075
1077.209997,15.09467,14.116136
1077.400063,15.092356,14.062788
1077.609997,15.092356,14.315377
1077.809998,15.081943,16.018389
1078.009998,15.058802,14.813638
1078.210103,15.10624,16.473475
1078.410423,15.070373,15.460353
1078.609997,15.050702,13.845351
1078.799998,15.056487,14.031944
1079.009999,15.057645,14.913145
1079.21,15.058802,15.921817
1079.409997,15.035661,15.709082
1079.609998,15.0669,15.701526
1079.809997,15.064587,16.261227
1080.01003,15.053017,17.03397
1080.200001,15.037974,15.374611
1080.409997,15.050702,16.971272
1080.609999,15.037974,15.908015
1080.809998,15.07847,15.922226
1081.010001,15.05533,16.589687
1081.209997,15.054174,15.9096575
1081.410365,15.032189,17.859386
1081.599997,15.080785,16.885113
1081.81,15.095826,16.238407
1082.009997,15.0669,15.319466
1082.210245,15.040289,15.07961
1082.41,15.056487,16.246052
1082.609997,15.07847,14.929378
1082.809997,15.0310335,14.8839035
1082.999998,15.037974,16.417427
1083.210001,15.032189,15.06919
1083.409997,15.044917,14.988495
1083.609997,15.037974,15.466531
1083.809998,15.05533,15.07585
1084.010001,15.013678,15.232997
1084.21,15.017148,16.730309
1084.400158,14.969709,18.267765
1084.610001,14.972024,16.154146
1084.809998,15.025249,15.580401
1085.009996,14.999793,14.904641
1085.210004,14.961611,16.583479
1085.409998,14.950041,16.19182
1085.609997,15.005578,17.895115
1085.799998,14.999793,16.67807
1086.009997,15.007893,17.028437
1086.21,15.069215,17.007051
1086.409996,15.020618,17.238314
1086.61215,15.015991,16.09705
1086.809997,15.081943,15.581209
1087.010001,15.056487,14.2495775
1087.210058,15.096984,12.956084
1087.410595,15.059959,13.017441
1087.610004,15.064587,14.049669
1087.809997,15.07847,14.364116
1088.010001,15.005578,14.158263
1088.210021,15.026404,12.812932
1088.410005,15.043759,13.041082
1088.6,15.006735,12.248803
1088.809998,15.020618,13.871353
1089.009997,15.046074,12.939449
1089.210001,15.039132,13.238974
1089.410007,15.062272,13.272072
1089.609998,15.043759,12.915738
1089.809998,15.020618,12.185348
1089.999997,15.037974,12.075902
1090.210001,15.064587,10.781558
1090.41035,15.054174,13.036152
1090.609998,15.033346,12.484578
1090.810003,15.040289,14.093133
1091.009996,15.062272,13.25508
1091.210086,15.050702,14.92666
1091.399999,15.056487,14.504709
1091.599997,15.037974,12.909254
1091.809999,15.06343,13.790906
1092.009997,15.061115,15.195922
1092.210001,15.019463,14.775249
1092.409998,15.05533,15.438522
1092.610011,15.043759,14.451486
1092.799997,15.062272,15.771742
1092.999999,15.053017,14.006855
1093.209998,15.034504,14.0636425
1093.410406,15.040289,16.036396
1093.609999,15.0483885,16.712843
1093.809996,15.017148,14.951559
1094.009996,15.026404,15.556967
1094.200192,15.037974,14.831521
1094.410001,15.058802,13.135021
1094.609997,15.114339,14.382789
1094.809998,14.996323,14.405233
1095.010242,15.044917,13.5328
1095.209998,15.018306,13.304273
1095.409998,15.0483885,12.727783
1095.609998,15.021776,14.033151
1095.809997,15.044917,15.116712
1096.009998,15.043759,14.6897335
1096.210107,15.012521,14.04348
1096.410286,15.0426035,14.362642
1096.609998,15.039132,14.110121
1096.809997,15.020618,14.327918
1097,15.00095,15.248034
1097.209997,15.013678,14.883971
1097.409997,15.032189,12.964861
1097.609998,15.043759,13.846049
1097.809998,15.0310335,15.669005
1098.010257,14.970867,15.931366
1098.209998,14.968553,16.902481
1098.399997,15.019463,16.846842
1098.609997,15.046074,17.235113
1098.810014,14.975494,15.06207
1099.009999,15.0368185,15.247861
1099.209998,15.013678,15.178624
1099.41025,15.06343,14.828023
1099.61,15.080785,14.313912
1099.799997,15.0669,13.834339
1100.009997,15.0831,13.293505
1100.210159,15.029876,14.280743
1100.409997,15.039132,15.1083765
1100.609997,15.032189,14.486131
1100.809997,15.032189,15.400865
1101.010195,15.080785,15.8645525
1101.199998,15.013678,15.660767
1101.399997,14.999793,16.013922
1101.609997,14.988222,17.060747
1101.810026,14.962768,17.67703
1102.010002,14.98128,17.952965
1102.209997,14.984752,18.297789
1102.4104,14.968553,17.332138
1102.599998,14.97781,16.35624
1102.809997,14.9269,15.6622095
1103.009998,14.976652,15.999563
1103.209998,14.998635,17.595194
1103.410001,14.960454,19.573137
1103.609999,14.995165,18.552197
1103.809997,14.983595,17.345001
1104.000045,15.006735,17.949749
1104.209997,15.010206,17.823011
1104.409998,14.967397,16.07839
1104.609997,15.002108,14.848397
1104.810019,14.966239,14.469884
1105.009999,15.00442,15.047334
1105.210323,14.988222,15.3750725
1105.4,14.960454,16.143372
1105.609999,14.9407835,14.420215
1105.809997,14.990537,14.235167
1106.009997,14.975494,15.237435
1106.210206,14.941941,14.461923
1106.409997,15.010206,16.033102
1106.609997,14.982437,16.431042
1106.799997,15.00442,15.095523
1107.009997,14.983595,14.498322
1107.209998,14.951197,15.506245
1107.409998,14.909545,16.996956
1107.609998,14.978967,15.507196
1107.810013,14.994008,16.962738
1108.010001,14.995165,15.532124
1108.199999,14.963924,16.074615
1108.410422,14.969709,16.672071
1108.609999,14.958139,15.49944
1108.810002,14.98128,15.676139
1109.009997,14.961611,16.910166
1109.210015,14.962768,17.707827
1109.409997,14.969709,17.956379
1109.6,14.972024,16.607561
1109.809999,14.947726,18.986952
1110.010003,14.950041,18.228148
1110.209997,14.963924,16.903177
1110.409997,14.955826,17.81519
1110.610002,14.961611,16.19349
1110.81,14.938471,17.556574
1110.999997,14.945412,18.18443
1111.209999,14.9349985,17.738264
1111.410457,14.950041,18.09073
1111.609998,14.950041,17.063625
1111.810001,14.954669,17.468521
1112.009997,14.999793,18.299763
1112.210274,14.90723,19.752834
1112.399997,14.929214,18.22961
1112.599997,14.955826,17.59642
1112.809997,14.958139,18.059025
1113.010021,14.958139,17.929487
1113.209997,14.970867,18.128445
1113.409997,14.9349985,18.871708
1113.610086,14.958139,18.821314
1113.799997,14.972024,18.859262
1113.999999,14.985908,19.043533
1114.209999,14.958139,17.30283
1114.410371,14.97781,15.524261
1114.609998,14.960454,15.298778
1114.809997,14.910701,16.181202
1115.009997,14.9269,14.417248
1115.200172,14.9349985,14.521941
1115.409997,14.953511,15.035912
1115.609998,14.936156,16.376646
1115.809998,14.943098,17.956306
1116.010235,14.956982,16.814796
1116.209998,14.93037,18.221613
1116.409997,14.938471,18.506773
1116.609997,14.943098,17.049788
1116.810001,14.948884,18.136309
1117.010001,14.953511,17.177082
1117.209998,14.965082,18.318138
1117.410234,14.921115,17.981638
1117.609998,14.955826,15.662204
1117.809997,14.939627,15.848321
1117.999998,14.941941,15.744956
1118.210106,14.962768,16.91293
1118.410001,14.933842,18.073702
1118.609997,14.941941,17.857088
1118.809998,14.967397,17.002838
1119.01,14.951197,16.425863
1119.209999,14.950041,17.480238
1119.399999,14.932686,18.314861
1119.610127,14.947726,17.791676
1119.810001,14.911858,18.488468
1120.009997,14.952354,17.743065
1120.210157,14.917644,18.816887
1120.410421,14.897974,19.62211
1120.610001,14.931528,19.823698
1120.799998,14.916486,18.831282
1121.010001,14.902602,19.837542
1121.210144,14.906073,19.01693
1121.409998,14.900288,18.509447
1121.610003,14.939627,18.607052
1121.809998,14.944256,16.676048
1122.009998,14.939627,17.458725
1122.199998,14.923429,17.326183
1122.409997,14.893345,16.263758
1122.610059,14.932686,15.453586
1122.809998,14.928056,15.813305
1123.01,14.93037,17.062166
1123.210047,14.923429,16.325209
1123.41,14.910701,16.054802
1123.6,14.965082,15.825062
1123.799999,14.945412,17.215782
1124.009997,14.911858,17.379274
1124.209998,14.888718,15.58489
1124.409998,14.941941,17.018951
1124.609999,14.93037,16.938097
1124.809999,14.904916,17.464516
1124.999998,14.896817,16.142048
1125.209998,14.881775,17.148258
1125.409998,14.9349985,16.809568
1125.610207,14.911858,17.33168
1125.809999,14.929214,18.248182
1126.01,14.91533,15.198054
1126.209997,14.932686,17.220861
1126.400221,14.945412,19.011396
1126.609997,14.917644,18.441687
1126.809999,14.931528,19.433435
1127.009997,14.928056,21.14544
1127.209999,14.944256,20.095644
1127.409998,14.909545,19.740137
1127.610044,14.928056,15.788981
1127.799999,14.91533,15.612355
1128.010002,14.929214,15.93077
1128.209997,14.938471,15.615273
1128.409997,14.945412,15.031256
1128.610012,14.960454,15.609663
1128.81,14.936156,17.495768
1129.010001,14.928056,17.901056
1129.210007,14.93037,17.614824
1129.410523,14.953511,16.355165
1129.609997,14.937313,15.886171
1129.810001,14.922271,15.656578
1130.009998,14.928056,16.057344
1130.210024,14.9407835,16.628216
1130.41,14.928056,15.426115
1130.599999,14.967397,15.079679
1130.81,14.904916,15.170909
1131.009998,14.962768,16.290462
1131.209998,14.933842,17.756746
1131.409998,14.941941,19.615282
1131.609998,14.946569,17.743607
1131.809997,14.944256,16.011486
1131.999998,14.941941,18.033495
1132.210038,14.962768,15.902331
1132.410621,14.955826,16.995974
1132.610003,14.962768,18.107763
1132.809997,14.945412,17.90589
1133.009997,14.941941,17.609104
1133.210146,14.950041,18.243431
1133.399997,14.960454,17.896557
1133.599997,14.958139,15.874814
1133.810042,14.909545,16.058796
1134.009998,14.951197,16.414886
1134.209998,15.020618,15.645627
1134.409999,14.932686,14.496778
1134.61,14.917644,13.655856
1134.799997,14.938471,12.791916
1134.999998,14.925743,13.420187
1135.209997,14.944256,15.463282
1135.410516,14.884089,16.349195
1135.609997,14.939627,15.878058
1135.809998,14.923429,16.450191
1136.009997,14.925743,16.064394
1136.199997,14.917644,19.56637
1136.409997,14.896817,18.430235
1136.61,14.913015,18.790901
1136.810004,14.932686,17.619379
1137.010027,14.93037,15.996702
1137.209998,14.948884,17.527979
1137.409998,14.960454,16.906155
1137.600217,14.9407835,15.901153
1137.809998,14.948884,14.994418
1138.009999,14.960454,15.480026
1138.210074,14.962768,16.574522
1138.410419,14.954669,17.16761
1138.609999,14.922271,18.077929
1138.809998,14.93037,18.191488
1138.999998,14.948884,18.441628
1139.21028,14.921115,15.959488
1139.409997,14.931528,15.839142
1139.609998,14.939627,16.042393
1139.810002,14.929214,16.702236
1140.009998,14.943098,18.64687
1140.209998,14.919958,18.344519
1140.399997,14.901445,17.927551
1140.610033,14.924585,16.143225
1140.810001,14.932686,14.977203
1141.009998,14.909545,15.977989
1141.21,14.889874,15.528962
1141.410367,14.917644,16.729488
1141.609998,14.906073,16.757551
1141.799997,14.914172,17.06588
1142.009997,14.90723,18.38512
1142.21,14.902602,17.204275
1142.410003,14.958139,16.394697
1142.61,14.928056,15.88284
1142.809997,14.881775,15.361164
1143.009998,14.939627,15.655077
1143.2,14.8783045,14.24108
1143.410001,14.911858,15.485637
1143.610058,14.923429,17.414486
1143.809998,14.939627,19.097898
1144.009999,14.924585,16.761566
1144.209997,14.9407835,17.339857
1144.410314,14.962768,16.384441
1144.6,14.950041,15.106695
1144.809998,14.89913,13.489594
1145.010001,14.941941,14.535366
1145.210122,14.909545,14.991732
1145.409997,14.923429,15.539589
1145.609998,14.90723,15.329636
1145.81,14.893345,16.369463
1145.999998,14.916486,16.835844
1146.210001,14.88756,18.078712
1146.409998,14.897974,18.247665
1146.609998,14.944256,18.041195
1146.809997,14.93037,17.536924
1147.009998,14.895659,16.327652
1147.209998,14.923429,16.284468
1147.400165,14.921115,16.306551
1147.609997,14.90723,16.7062
1147.810001,14.932686,16.47283
1148.010001,14.892189,17.406702
1148.210278,14.939627,16.028614
1148.410002,14.925743,15.6804495
1148.610001,14.888718,16.21291
1148.799997,14.928056,16.37155
1149.010012,14.933842,17.59541
1149.209997,14.946569,18.321096
1149.410001,14.925743,15.451525
1149.61002,14.932686,15.615346
1149.809997,14.939627,15.205556
1150.010001,14.93037,16.928553
1150.199997,14.88756,15.79092
1150.410555,14.90723,15.216008
1150.610001,14.90376,16.16143
1150.809998,14.882932,16.797003
1151.010001,14.869048,16.772009
1151.21031,14.90376,16.562883
1151.409998,14.923429,16.812218
1151.599997,14.886404,17.205126
1151.809997,14.90723,18.751162
1152.010015,14.884089,18.215181
1152.209999,14.89913,19.179638
1152.410002,14.893345,18.74376
1152.609997,14.9269,18.175924
1152.809998,14.895659,17.597605
1152.999998,14.89913,17.091898
1153.209997,14.89913,16.707476
1153.410412,14.923429,16.433998
1153.609998,14.895659,16.100555
1153.809999,14.871362,16.107212
1154.009998,14.885246,17.259148
1154.209999,14.937313,17.7957
1154.399996,14.908387,17.20205
1154.599997,14.9269,18.451515
1154.809999,14.888718,18.568111
1155.010001,14.916486,17.424486
1155.209998,14.888718,17.57109
1155.409997,14.909545,16.901072
1155.61004,14.888718,16.862492
1155.799997,14.892189,15.864835
1155.999998,14.884089,16.217913
1156.209998,14.911858,16.914913
1156.410419,14.904916,17.628696
1156.609997,14.921115,17.187899
1156.809998,14.916486,17.484047
1157.010004,14.884089,17.434742
1157.200218,14.888718,18.020094
1157.409997,14.910701,18.08962
1157.61,14.870204,19.004221
1157.810003,14.881775,18.164776
1158.009997,14.882932,17.608118
1158.209998,14.909545,19.385664
1158.410003,14.886404,18.342775
1158.600201,14.916486,18.503849
1158.809997,14.900288,18.23037
1159.009998,14.893345,15.925747
1159.209997,14.888718,17.077326
1159.410369,14.884089,16.107876
1159.61,14.914172,17.676962
1159.809997,14.895659,15.340833
1160.000001,14.886404,15.479176
1160.210298,14.885246,18.050314
1160.409997,14.897974,17.256056
1160.610003,14.886404,16.403316
1160.809997,14.87599,16.307
1161.009998,14.877147,16.730005
1161.209998,14.88756,16.265102
1161.400033,14.874834,16.425133
1161.609998,14.886404,15.756404
1161.809997,14.873676,15.645491
1162.009998,14.889874,16.163631
1162.209998,14.884089,15.715173
1162.410425,14.896817,16.390522
1162.609999,14.88756,16.890774
1162.799997,14.90376,15.6567955
1163.009997,14.888718,15.748766
1163.210294,14.848221,15.709662
1163.409997,14.90376,15.219114
1163.610001,14.8725195,15.67234
1163.809997,14.911858,16.292713
1164.009998,14.869048,17.032236
1164.199997,14.895659,17.254814
1164.409997,14.911858,17.161093
1164.610008,14.916486,17.220612
1164.809998,14.908387,15.964542
1165.009998,14.891032,15.895597
1165.209998,14.880619,16.010288
1165.410447,14.877147,16.526943
1165.599997,14.864419,17.244257
1165.809999,14.889874,16.628277
1166.009999,14.886404,16.233047
1166.210001,14.8725195,17.280338
1166.409997,14.87599,18.01297
1166.609997,14.859792,19.33822
1166.810055,14.857478,20.87782
1166.999997,14.832023,20.900566
1167.209997,14.828552,20.275764
1167.410005,14.835493,19.295734
1167.609998,14.885246,17.919195
1167.809997,14.848221,17.080791
1168.01,14.870204,15.9468155
1168.209998,14.871362,16.576141
1168.400053,14.91533,15.374621
1168.609997,14.889874,16.453293
1168.809998,14.865577,16.15924
1169.009997,14.850535,18.043756
1169.210312,14.83318,17.648829
1169.409997,14.866734,17.8449
1169.609998,14.90376,17.396454
1169.799997,14.902602,16.202667
1170.009997,14.954669,13.704122
1170.21,14.960454,13.437432
1170.409998,14.906073,13.903299
1170.609997,14.913015,13.4986315
1170.809998,14.886404,14.394819
1171.010002,14.897974,13.713263
1171.210088,14.90376,13.3446
1171.410465,14.931528,13.329806
1171.609998,14.896817,14.229086
1171.809998,14.911858,13.601282
1172.009998,14.893345,14.79647
1172.21016,14.893345,16.164303
1172.409998,14.889874,15.352587
1172.599997,14.91533,15.542311
1172.809999,14.913015,15.835282
1173.010013,14.892189,16.476349
1173.210001,14.921115,17.398668
1173.410001,14.909545,15.901655
1173.609995,14.900288,16.900671
1173.809999,14.901445,15.710439
1173.999998,14.943098,15.425231
1174.210093,14.954669,15.317743
1174.410443,14.9407835,13.709862
1174.609998,14.945412,13.856836
1174.81,14.953511,13.420742
1175.010001,14.9349985,14.050725
1175.210117,14.921115,14.716165
1175.399997,14.941941,14.8325815
1175.599997,14.938471,13.942677
1175.810004,14.919958,13.205191
1176.009997,14.965082,13.326014
1176.210002,14.925743,14.859755
1176.409998,14.961611,13.693091
1176.609999,14.936156,13.622704
1176.800005,14.958139,14.866326
1176.999998,14.9349985,15.139417
1177.210001,14.936156,15.718512
1177.410247,14.939627,16.587303
1177.609998,14.900288,15.910462
1177.810001,14.9188,15.358005
1178.010004,14.921115,15.037367
1178.200089,14.9188,14.671378
1178.409999,14.944256,14.9144535
1178.61,14.9188,13.00827
1178.810001,14.923429,13.829692
1179.010198,14.924585,12.3332615
1179.210001,14.936156,14.389567
1179.409997,14.960454,14.286546
1179.600208,14.938471,15.733929
1179.809999,14.954669,14.987748
1180.009999,14.945412,12.968596
1180.209997,14.944256,12.819251
1180.410283,14.910701,12.70506
1180.609997,14.948884,11.450582
1180.809999,14.953511,11.698163
1180.999997,14.909545,12.011443
1181.210001,14.951197,11.770378
1181.409998,14.958139,13.140257
1181.61,14.885246,13.485039
1181.81,14.921115,14.950588
1182.010201,14.896817,14.222074
1182.210081,14.897974,14.276254
1182.399998,14.933842,16.473484
1182.609998,14.919958,15.6804085
1182.809998,14.892189,15.257177
1183.009998,14.938471,16.324203
1183.210001,14.91533,15.563554
1183.410179,14.921115,15.330474
1183.610003,14.936156,15.280582
1183.799998,14.952354,14.349166
1184.009997,14.954669,14.224724
1184.209998,14.91533,14.531393
1184.409997,14.932686,13.999205
1184.610001,14.919958,13.984135
1184.809997,14.939627,15.787859
1185.010154,14.932686,14.039584
1185.199997,14.9269,13.722411
1185.409997,14.929214,14.177032
1185.609997,14.937313,15.737572
1185.810158,14.93037,14.260086
1186.009999,14.91533,14.131526
1186.210001,14.967397,14.953692
1186.410146,14.945412,14.291551
1186.599999,14.937313,13.791716
1186.809998,14.932686,13.470886
1187.010003,14.944256,12.696071
1187.209998,14.945412,13.357283
1187.409999,14.924585,12.327431
1187.609999,14.951197,13.286752
1187.809999,14.932686,13.588687
1188.000045,14.938471,13.794921
1188.210018,14.967397,15.26884
1188.41,14.9349985,13.689792
1188.609996,14.972024,14.348754
1188.810132,14.956982,12.746569
1189.009998,14.951197,13.156221
1189.209999,14.950041,13.704662
1189.410143,14.955826,12.830676
1189.610001,14.938471,12.994449
1189.809997,14.9407835,13.903586
1190.010003,14.953511,13.947113
1190.209996,14.919958,14.330611
1190.409998,14.944256,14.93286
1190.609998,14.931528,15.6171465
1190.8,14.910701,14.853125
1191.010075,14.9269,14.333213
1191.21,14.939627,13.151776
1191.409997,14.911858,15.351919
1191.610001,14.911858,15.466957
1191.810436,14.929214,14.88644
1192.010001,14.911858,15.1722145
1192.199998,14.965082,14.549284
1192.410053,14.939627,14.537228
1192.610001,14.917644,15.504859
1192.809997,14.913015,15.887055
1193.009997,14.910701,15.210382
1193.209998,14.89913,13.923435
1193.41,14.965082,13.466057
1193.599998,14.93037,12.683726
1193.809997,14.914172,13.18805
1194.009999,14.910701,12.48859
1194.209997,14.951197,12.812967
1194.41,14.952354,13.420113
1194.61,14.960454,13.387755
1194.81013,14.923429,12.832677
1194.999996,14.943098,13.561916
1195.199997,14.929214,12.3364935
1195.410046,14.969709,12.993695
1195.609998,14.967397,12.909652
1195.809997,14.973182,15.339373
1196.010001,14.904916,14.952313
1196.209997,14.914172,13.333181
1196.400076,14.913015,13.792149
1196.610001,14.93037,13.874088
1196.810003,14.946569,13.990718
1197.010039,14.914172,14.250365
1197.21,14.904916,18.238468
1197.409998,14.928056,17.597301
1197.609997,14.925743,15.8016815
1197.800305,14.869048,16.246078
1198.009998,14.877147,16.632818
1198.21,14.895659,16.356773
1198.410102,14.910701,17.32521
1198.610458,14.911858,16.33501
1198.809997,14.870204,15.369905
1199.009997,14.921115,13.539719
1199.199997,14.9349985,12.898437
1199.410039,14.958139,13.327668
1199.61,14.921115,13.485382
1199.809997,14.933842,14.558712
1200.010107,14.936156,15.648175
1200.209998,14.939627,16.2848
1200.409999,14.904916,15.493317
1200.599997,14.914172,16.696625
1200.810055,14.947726,17.4046
1201.009999,14.948884,16.446573
1201.209998,14.928056,14.595641
1201.410103,14.9269,15.050028
1201.609998,14.894503,13.75448
1201.809997,14.936156,15.042076
1202.000002,14.894503,16.010706
1202.209998,14.891032,16.693632
1202.410016,14.9349985,15.313993
1202.61,14.90376,16.22101
1202.809998,14.948884,16.736507
1203.010073,14.891032,15.650764
1203.209998,14.902602,14.658843
1203.399997,14.90376,14.568121
1203.609997,14.873676,13.43163
1203.810051,14.859792,16.326324
1204.009998,14.936156,16.149021
1204.209998,14.925743,16.74075
1204.410166,14.888718,16.005928
1204.61048,14.909545,17.553802
1204.799998,14.91533,15.64771
1205.010003,14.911858,13.296066
1205.209997,14.891032,15.638253
1205.41,14.910701,13.84728
1205.609997,14.914172,13.733072
1205.809998,14.954669,12.881611
1206.010003,14.904916,13.882494
1206.200016,14.921115,14.260581
1206.409997,14.908387,14.247391
1206.609997,14.922271,15.03631
1206.810001,14.90376,14.624584
1207.009999,14.936156,14.574122
1207.209998,14.886404,14.46566
1207.409998,14.90723,15.571723
1207.599999,14.886404,16.025599
1207.809997,14.906073,15.22128
1208.009998,14.864419,14.763386
1208.209998,14.908387,14.839089
1208.410037,14.928056,14.139958
1208.609998,14.8783045,14.1336565
1208.809997,14.864419,15.138448
1209.000004,14.87599,15.875001
1209.210245,14.870204,16.470577
1209.409998,14.857478,15.776084
1209.609997,14.834337,16.444372
1209.809998,14.8100395,18.0972
1210.010012,14.90376,16.242281
1210.209997,14.910701,15.151787
1210.409997,14.923429,15.510688
1210.610415,14.913015,16.046036
1210.809997,14.850535,15.294579
1211.009997,14.865577,14.389847
1211.209999,14.904916,14.650327
1211.409997,14.897974,12.616603
1211.609999,14.910701,13.910346
1211.800005,14.916486,14.386596
1212.010001,14.869048,14.558192
1212.210189,14.90376,14.000328
1212.409998,14.860949,13.976615
1212.610001,14.896817,15.207459
1212.809997,14.917644,12.992947
1213.010156,14.893345,12.302385
1213.199997,14.9407835,12.438557
1213.399996,14.881775,11.93194
1213.610166,14.916486,11.297988
1213.810001,14.916486,12.848447
1214.009996,14.937313,13.324543
1214.209997,14.9269,14.260793
1214.410001,14.945412,13.365589
1214.599999,14.914172,14.446917
1214.809999,14.91533,13.067863
1215.009998,14.916486,13.525342
1215.210019,14.950041,12.909908
1215.409999,14.946569,14.532511
1215.610002,14.944256,15.663095
1215.809997,14.933842,14.882739
1216.000417,14.933842,15.350444
1216.210002,14.932686,14.371979
1216.409999,14.925743,13.771389
1216.610034,14.921115,12.472516
1216.81049,14.958139,12.173685
1217.009998,14.923429,11.935661
1217.209997,14.958139,12.931472
1217.399997,14.945412,14.133709
1217.609997,14.960454,12.113099
1217.809998,14.9349985,13.020965
1218.009997,14.944256,12.704582
1218.209997,14.93037,13.003989
1218.41,14.93037,13.56541
1218.609998,14.939627,12.258981
1218.799997,14.962768,14.417975
1219.009996,14.944256,13.3892355
1219.209999,14.932686,15.317054
1219.41,14.932686,14.075713
1219.609999,14.9188,13.005089
1219.810402,14.931528,13.30242
1220.009997,14.9349985,13.312925
1220.199999,14.925743,13.223126
1220.410007,14.897974,13.812738
1220.610144,14.938471,13.84635
1220.809997,14.929214,14.560254
1221.009998,14.945412,13.592864
1221.21,14.908387,11.695063
1221.410008,14.921115,12.199158
1221.599998,14.931528,11.133517
1221.809997,14.923429,13.340999
1222.009998,14.867891,13.400905
1222.209998,14.909545,11.652077
1222.410001,14.877147,12.689465
1222.609998,14.888718,14.004399
1222.810425,14.8783045,15.075032
1223,14.929214,16.061966
1223.210011,14.901445,14.425899
1223.409997,14.893345,13.955484
1223.610119,14.908387,13.1924095
1223.809998,14.895659,12.74049
1224.010009,14.902602,11.742738
1224.209999,14.925743,13.084698
1224.400007,14.946569,12.755774
1224.609998,14.937313,12.719811
1224.809997,14.925743,12.476976
1225.010011,14.909545,13.3570595
1225.209998,14.960454,12.959203
1225.410266,14.968553,12.859393
1225.609998,14.929214,13.273368
1225.810222,14.914172,12.302901
1226.010007,14.891032,12.96259
1226.209997,14.902602,14.42347
1226.410005,14.897974,13.892462
1226.61003,14.884089,14.672077
1226.809998,14.9269,14.738842
1227.009999,14.937313,14.400991
1227.2,14.888718,11.869825
1227.410194,14.931528,11.740649
1227.609997,14.910701,14.749604
1227.809999,14.888718,13.94861
1228.01,14.89913,14.476407
1228.209997,14.948884,14.843049
1228.41,14.900288,15.739567
1228.599998,14.893345,14.230908
1228.810193,14.904916,14.055937
1229.009998,14.916486,14.517645
1229.209997,14.897974,15.034298
1229.409998,14.89913,15.204914
1229.610016,14.906073,14.696706
1229.809998,14.93037,12.559202
1229.999998,14.939627,13.586577
1230.209997,14.909545,11.968755
1230.410196,14.908387,12.235274
1230.609997,14.893345,12.841145
1230.809997,14.901445,13.681557
1231.009997,14.888718,13.831849
1231.21023,14.901445,15.242258
1231.399997,14.9407835,14.502167
1231.599997,14.888718,14.189749
1231.810162,14.914172,13.662959
1232.009997,14.931528,13.102709
1232.209997,14.893345,13.891888
1232.409997,14.895659,15.01586
1232.609998,14.897974,13.867011
1232.799997,14.910701,14.498348
1233.009997,14.87599,14.955377
1233.209997,14.893345,15.916677
1233.410125,14.900288,16.193913
1233.609998,14.863263,15.576594
1233.809998,14.852849,15.3651285
1234.009996,14.889874,15.850331
1234.200465,14.928056,14.755469
1234.410011,14.895659,14.237317
1234.609998,14.886404,14.644904
1234.810101,14.848221,14.343312
1235.010004,14.894503,16.119616
1235.21,14.896817,16.212423
1235.409996,14.911858,15.426042
1235.600001,14.884089,14.863139
1235.810043,14.904916,13.399828
1236.01,14.888718,13.324912
1236.209997,14.886404,14.289403
1236.410066,14.897974,13.365387
1236.609997,14.884089,15.310712
1236.809998,14.884089,13.961112
1236.999999,14.925743,15.49539
1237.210037,14.917644,15.690463
1237.410316,14.906073,14.386738
1237.609998,14.884089,14.8361845
1237.810009,14.910701,15.4577
1238.010554,14.864419,13.055705
1238.209997,14.924585,12.413777
1238.399998,14.893345,13.25985
1238.610004,14.910701,13.529627
1238.809998,14.910701,14.435566
1239.010007,14.917644,15.400868
1239.21,14.895659,15.930561
1239.409999,14.8725195,14.164105
1239.609998,14.870204,13.515356
1239.8,14.871362,12.817798
1240.010009,14.893345,13.371009
1240.209998,14.904916,13.776456
1240.410001,14.900288,12.59755
1240.609998,14.866734,13.282673
1240.81,14.879461,11.615266
1241.010393,14.914172,12.784251
1241.199997,14.9188,13.674369
1241.409997,14.897974,14.92986
1241.610009,14.880619,14.676745
1241.810101,14.925743,15.606116
1242.009997,14.916486,14.825288
1242.209998,14.900288,13.93134
1242.409997,14.904916,15.0553875
1242.600144,14.870204,15.295383
1242.809997,14.8725195,14.171282
1243.010001,14.891032,12.70969
1243.209997,14.896817,13.657331
1243.410012,14.888718,16.01316
1243.609998,14.884089,14.919516
1243.809998,14.91533,13.214073
1243.999997,14.874834,13.288921
1244.209997,14.893345,13.803582
1244.409999,14.85632,15.142744
1244.609998,14.860949,15.547719
1244.810016,14.879461,15.878605
1245.01,14.87599,16.653885
1245.209997,14.885246,14.724551
1245.399998,14.882932,15.125377
1245.61021,14.889874,16.203594
1245.810001,14.904916,16.034927
1246.010009,14.884089,15.587511
1246.209997,14.908387,15.117281
1246.41,14.884089,15.974714
1246.609997,14.874834,14.020109
1246.799998,14.858634,14.485763
1247.010384,14.892189,14.370633
1247.210003,14.884089,16.052462
1247.409998,14.896817,15.246635
1247.609998,14.881775,15.844168
1247.809997,14.8783045,15.416602
1248.009998,14.902602,15.802653
1248.199997,14.870204,15.551739
1248.409998,14.895659,14.08529
1248.610158,14.873676,14.095099
1248.809998,14.873676,15.431033
1249.009997,14.906073,13.792034
1249.209997,14.902602,14.538437
1249.410138,14.834337,15.394094
1249.599998,14.8216095,14.450376
1249.799997,14.862106,14.400305
1250.01009,14.848221,15.838277
1250.210015,14.848221,14.845816
1250.409997,14.867891,15.685148
1250.609997,14.859792,15.690472
1250.809996,14.884089,16.5019
1251.000038,14.864419,16.139877
1251.210008,14.864419,16.57287
1251.409999,14.877147,14.507861
1251.609997,14.852849,16.176105
1251.809998,14.830866,16.143227
1252.009998,14.8725195,16.262968
1252.209997,14.889874,15.270951
1252.400276,14.916486,14.91036
1252.609997,14.9349985,14.494188
1252.810003,14.911858,12.869539
1253.010003,14.871362,12.6739645
1253.210561,14.9188,12.250459
1253.410013,14.885246,11.713514
1253.609999,14.874834,12.214485
1253.799997,14.881775,12.404936
1254.010153,14.863263,11.635777
1254.209997,14.859792,11.668619
1254.410005,14.884089,11.792149
1254.609999,14.858634,13.065229
1254.81,14.852849,13.963252
1255.009998,14.884089,13.784287
1255.199998,14.858634,13.739143
1255.409997,14.893345,13.928221
1255.609998,14.849379,13.360355
1255.810007,14.782271,14.509581
1256.009997,14.85632,14.384703
1256.21035,14.830866,15.282836
1256.410005,14.771856,17.11624
1256.599998,14.749873,15.647623
1256.809996,14.785742,15.657681
1257.010053,14.762601,16.21581
1257.209997,14.837808,18.210178
1257.41,14.832023,16.755075
1257.609998,14.877147,14.779377
1257.810195,14.8725195,13.179971
1257.999998,14.857478,15.159006
1258.210001,14.863263,14.231806
1258.409997,14.858634,13.923042
1258.610001,14.782271,15.3885765
1258.809998,14.775329,18.133986
1259.010112,14.761443,14.991419
1259.210091,14.867891,17.48491
1259.399997,14.871362,16.09612
1259.609998,14.869048,14.583895
1259.809997,14.894503,12.705336
1260.009998,14.901445,13.339341
1260.210038,14.884089,12.403024
1260.409997,14.917644,12.312972
1260.609997,14.900288,14.72753
1260.799996,14.922271,15.600186
1261.010009,14.922271,14.648143
1261.210023,14.89913,13.908921
1261.409997,14.884089,14.876026
1261.610029,14.911858,14.207856
1261.809997,14.900288,12.997333
1262.009997,14.888718,14.143178
1262.21,14.834337,13.553208
1262.410485,14.830866,12.819741
1262.609998,14.873676,13.364473
1262.809996,14.893345,13.09948
1263.009997,14.889874,12.142831
1263.210014,14.848221,14.177156
1263.410013,14.818138,12.767832
1263.600002,14.860949,12.730684
1263.809998,14.90376,12.436
1264.009998,14.886404,13.694929
1264.210008,14.879461,14.156278
1264.410012,14.904916,14.549702
1264.610123,14.881775,14.536609
1264.810002,14.902602,13.230313
1264.999997,14.867891,14.049152
1265.209999,14.893345,14.281621
1265.41049,14.917644,14.161546
1265.609998,14.904916,15.447393
1265.809996,14.909545,15.68702
1266.009997,14.914172,14.97545
1266.210019,14.909545,12.718449
1266.399997,14.951197,12.689643
1266.6,14.910701,12.508908
1266.81,14.913015,12.488885
1267.009997,14.8725195,11.871286
1267.209998,14.857478,13.091528
1267.409998,14.867891,12.863304
1267.610034,14.869048,12.277345
1267.799998,14.863263,14.534888
1267.999997,14.859792,14.665904
1268.209997,14.859792,13.686983
1268.410402,14.904916,14.151114
1268.609998,14.8725195,14.153258
1268.809998,14.8783045,14.2821045
1269.009998,14.822767,14.433388
1269.200189,14.843594,14.151663
1269.409998,14.852849,15.9993515
1269.609997,14.893345,15.052151
1269.810001,14.843594,17.42057
1270.009998,14.870204,16.53293
1270.209998,14.84475,14.674949
1270.409997,14.860949,15.104861
1270.600179,14.85632,13.96108
1270.809997,14.843594,13.096072
1271.01,14.874834,13.231521
1271.210007,14.8725195,14.244243
1271.410287,14.873676,14.209769
1271.609996,14.8725195,13.285626
1271.809998,14.852849,13.14924
1271.999997,14.859792,13.819018
1272.210071,14.85632,13.066897
1272.410006,14.871362,14.093094
1272.609997,14.889874,12.801334
1272.810005,14.85632,13.921947
1273.010188,14.900288,14.380823
1273.209998,14.886404,13.934693
1273.399997,14.908387,13.23746
1273.609996,14.897974,12.530069
1273.81,14.936156,12.659485
1274.009997,14.89913,11.647296
1274.210001,14.8725195,11.267555
1274.410347,14.884089,11.669547
1274.610008,14.858634,13.706946
1274.799998,14.858634,14.1898
1275.009997,14.889874,15.114656
1275.210001,14.896817,14.556868
1275.409998,14.914172,14.983577
1275.609999,14.894503,14.29304
1275.809997,14.904916,13.975715
1276.010004,14.85632,15.128688
1276.199998,14.836651,14.653534
1276.409998,14.834337,14.024972
1276.609998,14.922271,13.785798
1276.810077,14.862106,12.950269
1277.009998,14.880619,12.509245
1277.209998,14.894503,12.46652
1277.409999,14.865577,14.240688
1277.600113,14.860949,13.889828
1277.809997,14.902602,12.659191
1278.009998,14.884089,12.369386
1278.209996,14.889874,12.383682
1278.409997,14.871362,13.679972
1278.609999,14.862106,14.598949
1278.809998,14.852849,14.408625
1278.999996,14.932686,13.550825
1279.209998,14.850535,13.592788
1279.409998,14.852849,13.351515
1279.609997,14.805411,14.504135
1279.809996,14.849379,16.67147
1280.010009,14.814668,16.143219
1280.210007,14.823923,16.021837
1280.399997,14.838965,16.011917
1280.610383,14.834337,16.318949
1280.809998,14.8158245,16.809525
1281.009998,14.83318,17.062033
1281.209997,14.870204,16.796982
1281.409999,14.854006,17.127714
1281.609998,14.888718,16.63288
1281.799997,14.873676,15.819827
1282.01,14.864419,16.644312
1282.209997,14.82508,15.960636
1282.410009,14.799626,16.659754
1282.609997,14.835493,18.026014
1282.810003,14.841279,16.369614
1283.009998,14.8783045,16.679136
1283.199997,14.860949,14.594488
1283.410001,14.803097,14.441397
1283.610455,14.841279,13.762791
1283.810013,14.849379,13.095135
1284.009998,14.863263,12.896477
1284.210012,14.865577,13.904817
1284.409998,14.871362,12.645188
1284.6,14.8725195,13.53419
1284.799997,14.857478,12.923063
1285.010002,14.836651,12.689286
1285.209996,14.823923,14.875882
1285.410004,14.823923,14.658748
1285.609997,14.857478,14.186284
1285.809998,14.8725195,13.1599245
1286,14.847064,13.553163
1286.199999,14.8783045,13.393997
1286.409998,14.832023,13.2987585
1286.610366,14.761443,14.13946
1286.809998,14.812353,15.502604
1287.009998,14.82508,16.053822
1287.209996,14.864419,15.800118
1287.400208,14.877147,15.454676
1287.609997,14.884089,16.837688
1287.809999,14.897974,15.887295
1288.009997,14.888718,15.806806
1288.209996,14.902602,16.011354
1288.410001,14.851693,14.408592
1288.610099,14.852849,13.509674
1288.800206,14.870204,14.647862
1289.011082,14.835493,14.498636
1289.209998,14.841279,14.401348
1289.409998,14.859792,15.058557
1289.610459,14.835493,14.400714
1289.809997,14.884089,15.055195
1290.009998,14.840122,15.461776
1290.199997,14.835493,15.1972
1290.409997,14.8158245,15.265001
1290.610008,14.816982,14.467628
1290.810009,14.8216095,15.517499
1291.009997,14.847064,14.655385
1291.209999,14.84475,13.515175
1291.409998,14.852849,13.753808
1291.600003,14.847064,13.805477
1291.810212,14.81351,14.273791
1292.01,14.789212,14.76613
1292.209998,14.794997,16.326662
1292.410074,14.865577,17.415195
1292.6105,14.85632,16.3322
1292.809996,14.860949,16.542782
1292.999998,14.871362,15.356435
1293.209997,14.796155,14.977497
1293.409999,14.864419,13.203067
1293.609996,14.874834,12.104375
1293.810073,14.847064,12.122278
1294.009997,14.843594,12.018594
1294.209997,14.835493,12.818993
1294.399999,14.867891,13.10221
1294.609997,14.892189,14.014405
1294.810066,14.87599,13.028266
1295.009997,14.843594,12.245709
1295.209997,14.858634,13.961547
1295.409999,14.888718,12.796447
1295.610468,14.8725195,12.814316
1295.799998,14.849379,13.586243
1296.009997,14.847064,13.0833435
1296.209996,14.873676,13.17497
1296.410144,14.873676,13.807798
1296.609999,14.830866,14.358198
1296.809999,14.835493,14.877052
1297.01,14.849379,13.86605
1297.199998,14.8216095,13.251349
1297.410002,14.830866,13.414275
1297.609998,14.835493,13.522285
1297.810003,14.837808,12.916025
1298.009999,14.851693,12.745211
1298.209998,14.835493,15.051606
1298.409997,14.789212,15.499075
1298.600062,14.792684,14.681105
1298.81001,14.841279,13.533278
1299.009997,14.827395,13.264255
1299.209998,14.823923,13.368679
1299.410118,14.838965,12.9266615
1299.609996,14.837808,13.2042
1299.809998,14.822767,14.350604
1299.999997,14.85632,12.746672
1300.209999,14.8100395,12.906567
1300.409998,14.884089,12.820528
1300.609997,14.837808,12.985508
1300.809999,14.83318,12.383394
1301.009996,14.790369,12.667183
1301.210009,14.814668,15.564145
1301.399998,14.819295,13.769178
1301.610438,14.865577,14.891263
1301.810004,14.799626,14.536325
1302.009997,14.848221,15.970535
1302.210007,14.858634,15.922345
1302.410078,14.8216095,15.77328
1302.609996,14.819295,17.483873
1302.799997,14.784584,16.776188
1303.009997,14.843594,17.21753
1303.21,14.822767,15.75022
1303.409996,14.8783045,13.512568
1303.609997,14.796155,14.765304
1303.809997,14.832023,15.998346
1304.010022,14.819295,14.941211
1304.199997,14.840122,14.689997
1304.410007,14.826238,13.519375
1304.610224,14.803097,15.021003
1304.810013,14.789212,16.295218
1305.010001,14.814668,16.405693
1305.209997,14.785742,17.021957
1305.410014,14.814668,17.207153
1305.599997,14.800782,15.075096
1305.809997,14.793841,16.91983
1306.010009,14.7707,16.275806
1306.210149,14.756816,17.913673
1306.410005,14.711692,18.753086
1306.609996,14.822767,18.255814
1306.809996,14.769544,15.478527
1307.000441,14.800782,15.231264
1307.210007,14.814668,14.442356
1307.409998,14.72789,15.074403
1307.610093,14.660782,15.770116
1307.809998,14.806567,17.583641
1308.01,14.797312,16.631323
1308.209998,14.8216095,17.033768
1308.399998,14.799626,17.97697
1308.610041,14.819295,17.015785
1308.810004,14.8216095,14.298579
1309.009997,14.845908,13.521134
1309.209997,14.832023,13.222496
1309.409999,14.79847,13.725934
1309.609997,14.808882,14.970064
1309.800001,14.819295,15.329855
1310.010202,14.79847,14.637051
1310.209998,14.830866,15.584647
1310.409998,14.803097,13.765453
1310.610006,14.783427,14.178559
1310.809998,14.799626,14.217442
1311.009998,14.803097,14.590556
1311.199997,14.771856,15.49579
1311.409996,14.789212,15.270891
1311.609996,14.7591305,14.618119
1311.810007,14.779956,14.23305
1312.009997,14.8216095,14.997117
1312.210231,14.774171,17.707026
1312.409996,14.881775,15.526534
1312.599998,14.858634,14.582081
1312.809997,14.901445,13.900256
1313.01011,14.891032,13.413571
1313.210008,14.849379,11.543045
1313.409999,14.867891,12.0513735
1313.610092,14.820453,13.265105
1313.809998,14.8100395,12.965724
1313.999998,14.807725,11.707839
1314.2,14.814668,12.311923
1314.410009,14.788056,14.18919
1314.609997,14.756816,15.502567
1314.809997,14.811196,16.656857
1315.01,14.847064,15.697752
1315.209998,14.836651,15.871366
1315.399998,14.8100395,15.1676655
1315.610014,14.822767,14.295235
1315.809997,14.860949,13.896978
1316.009996,14.849379,14.169477
1316.209997,14.819295,14.4388
1316.410004,14.835493,13.701453
1316.609997,14.814668,14.7964
1316.8,14.8100395,14.142895
1317.010009,14.782271,14.118298
1317.209997,14.80194,15.359424
1317.409997,14.803097,15.440923
1317.610101,14.838965,13.571534
1317.810004,14.823923,15.742076
1318.010005,14.793841,14.968056
1318.199998,14.7591305,14.59092
1318.410249,14.782271,15.75888
1318.609997,14.827395,13.708218
1318.810008,14.819295,15.21091
1319.009997,14.791527,14.741208
1319.210042,14.814668,15.783176
1319.409998,14.740618,15.751513
1319.599999,14.793841,16.280083
1319.810317,14.796155,15.714491
1320.009996,14.8158245,16.063654
1320.209998,14.835493,15.34241
1320.409998,14.774171,15.586344
1320.610254,14.773014,15.992197
1320.809999,14.784584,15.372625
1320.999998,14.837808,14.559427
1321.209998,14.820453,12.9371
1321.409997,14.796155,12.366958
1321.609998,14.8100395,14.277127
1321.809997,14.80194,14.101684
1322.009998,14.830866,15.009628
1322.210008,14.832023,15.083523
1322.399997,14.884089,14.846645
1322.609997,14.854006,14.728771
1322.810327,14.845908,14.081856
1323.009998,14.874834,12.884878
1323.209998,14.858634,13.513044
1323.409998,14.85632,14.865037
1323.610199,14.858634,14.700022
1323.799997,14.83318,14.764581
1324.009997,14.837808,16.07557
1324.210009,14.847064,15.50005
1324.410184,14.862106,15.579347
1324.609999,14.790369,15.796751
1324.809997,14.80194,16.791739
1325.009997,14.8158245,17.197695
1325.20044,14.834337,16.44049
1325.409998,14.823923,13.771835
1325.609999,14.849379,14.744244
1325.810149,14.808882,13.721679
1326.010004,14.783427,15.344551
1326.210001,14.816982,14.530232
1326.409997,14.797312,14.816898
1326.600074,14.837808,13.749316
1326.809997,14.8100395,12.711282
1327.010007,14.835493,11.829666
1327.210004,14.842436,11.651452
1327.410159,14.818138,13.999696
1327.609998,14.799626,13.28859
1327.810008,14.790369,12.566505
1327.999997,14.847064,12.679994
1328.210161,14.814668,12.728918
1328.410001,14.871362,13.095843
1328.610002,14.874834,13.882322
1328.810135,14.886404,12.247224
1329.010007,14.88756,13.039183
1329.209998,14.834337,12.576451
1329.399999,14.843594,12.35017
1329.609996,14.863263,11.83819
1329.809997,14.870204,11.23169
1330.009998,14.830866,10.254673
1330.209997,14.851693,11.6383295
1330.410118,14.858634,11.470676
1330.609998,14.822767,11.728548
1330.799998,14.870204,13.40177
1331.009997,14.827395,12.941211
1331.209998,14.820453,13.554713
1331.410001,14.814668,11.601859
1331.609998,14.814668,12.3438015
1331.810154,14.784584,12.153046
1332.009998,14.796155,13.67357
1332.199999,14.763758,15.128275
1332.409996,14.81351,15.722399
1332.610201,14.837808,14.2458515
1332.809997,14.814668,15.123088
1333.01,14.82508,14.282178
1333.209997,14.791527,13.65183
1333.41018,14.858634,16.294235
1333.599999,14.822767,15.0209875
1333.810007,14.79847,14.510631
1334.009996,14.756816,13.201625
1334.210163,14.763758,14.153065
1334.410003,14.766071,14.933238
1334.609997,14.740618,16.596218
1334.810051,14.751031,17.394419
1334.999998,14.725575,17.304161
1335.210007,14.752188,17.824316
1335.409996,14.806567,18.35435
1335.610037,14.820453,17.958532
1335.809998,14.769544,17.541164
1336.009997,14.823923,15.714629
1336.209997,14.799626,15.143768
1336.400069,14.826238,13.76005
1336.609997,14.814668,14.618048
1336.809998,14.796155,16.331858
1337.010006,14.777641,15.18673
1337.210042,14.757973,16.26853
1337.409999,14.803097,17.059114
1337.610007,14.79847,17.101881
1337.810009,14.762601,16.540545
1338.010649,14.794997,15.401099
1338.209998,14.784584,14.235896
1338.409996,14.766071,12.988289
1338.610002,14.782271,13.1919
1338.809998,14.797312,13.43973
1339.01,14.800782,13.7925
1339.2,14.785742,12.273668
1339.409997,14.794997,13.966475
1339.610027,14.777641,13.657556
1339.809998,14.819295,13.137248
1340.009997,14.818138,12.955168
1340.209996,14.791527,13.632497
1340.409999,14.819295,15.000448
1340.599997,14.816982,16.548204
1340.810087,14.812353,14.718976
1341.010417,14.819295,14.478751
1341.209998,14.779956,12.9706955
1341.409998,14.796155,13.356074
1341.609997,14.8100395,13.084076
1341.810166,14.830866,13.957042
1341.999997,14.819295,17.37245
1342.199996,14.783427,15.6026
1342.409999,14.829708,13.785667
1342.609997,14.796155,13.671336
1342.81,14.788056,14.78269
1343.010002,14.789212,13.735629
1343.210078,14.8158245,13.876074
1343.399998,14.789212,13.83726
1343.599998,14.819295,14.400256
1343.809998,14.8100395,15.364785
1344.010398,14.814668,15.470238
1344.21,14.794997,14.182548
1344.410001,14.819295,13.370872
1344.609997,14.805411,13.361996
1344.802305,14.800782,14.008366
1345.009997,14.818138,14.787454
1345.209997,14.79847,14.131853
1345.41,14.819295,13.397996
1345.609997,14.830866,13.460953
1345.81,14.796155,12.203633
1346.009997,14.796155,12.470459
1346.209997,14.788056,12.792304
1346.409997,14.837808,13.9636755
1346.61,14.83318,12.562402
1346.810005,14.800782,13.331219
1347.010231,14.814668,12.722945
1347.210003,14.769544,12.187359
1347.409996,14.830866,11.052078
1347.599998,14.8100395,11.909091
1347.810063,14.796155,12.205271
1348.009997,14.807725,11.586385
1348.209998,14.830866,12.540017
1348.410004,14.803097,12.266673
1348.610177,14.835493,13.427288
1348.809999,14.781114,13.441807
1349,14.796155,12.112668
1349.209996,14.792684,12.557258
1349.410074,14.8158245,12.535343
1349.609997,14.79847,12.466951
1349.81,14.799626,12.854406
1350.010122,14.796155,13.594024
1350.209997,14.730205,13.453328
1350.399999,14.745245,15.146937
1350.599999,14.732517,15.71029
1350.810001,14.754501,15.351155
1351.009997,14.785742,15.61602
1351.210001,14.761443,16.706406
1351.409999,14.793841,15.816378
1351.61012,14.785742,14.688604
1351.799997,14.775329,13.616755
1352.009998,14.762601,13.234924
1352.209997,14.760286,14.284442
1352.410071,14.806567,15.023136
1352.609997,14.784584,14.178467
1352.81,14.7707,14.999828
1353.010073,14.7707,16.184874
1353.200137,14.749873,16.98268
1353.410001,14.740618,15.641653
1353.609998,14.762601,15.901537
1353.809997,14.766071,14.586351
1354.01,14.711692,14.03127
1354.209997,14.749873,13.876341
1354.410002,14.771856,13.729464
1354.599998,14.788056,14.496526
1354.809997,14.782271,14.978938
1355.009998,14.72442,15.355551
1355.210002,14.73599,14.797868
1355.410177,14.764915,13.72853
1355.609998,14.756816,14.975984
1355.809998,14.762601,14.3822565
1356.01014,14.751031,15.012644
1356.210003,14.800782,14.036527
1356.409997,14.789212,12.915959
1356.609996,14.8100395,15.520279
1356.810001,14.745245,14.527746
1357.010004,14.7707,15.893744
1357.210001,14.771856,15.526461
1357.399997,14.767229,16.582792
1357.6101,14.786899,16.831184
1357.810003,14.782271,15.951472
1358.010003,14.791527,16.049908
1358.209997,14.791527,16.18167
1358.409998,14.803097,17.586924
1358.609998,14.761443,17.238224
1358.81027,14.779956,17.441412
1359.010107,14.784584,17.904089
1359.209998,14.771856,15.210455
1359.409997,14.790369,16.09611
1359.609997,14.754501,15.611083
1359.809996,14.775329,17.332066
1360.009998,14.782271,16.869543
1360.199997,14.778799,16.995083
1360.409997,14.782271,15.948382
1360.610107,14.767229,15.682134
1360.809996,14.786899,14.84849
1361.009999,14.782271,15.048892
1361.209997,14.778799,14.895443
1361.41015,14.792684,15.966375
1361.599997,14.773014,14.454655
1361.799997,14.7533455,14.622945
1362.010165,14.755658,13.045267
1362.210018,14.716319,13.751382
1362.409998,14.766071,15.149333
1362.609996,14.775329,15.127733
1362.809997,14.775329,15.863637
1362.999997,14.784584,16.586935
1363.210012,14.807725,15.907114
1363.409997,14.80194,16.056944
1363.610107,14.775329,17.105696
1363.809996,14.784584,17.488026
1364.009998,14.767229,16.844437
1364.209997,14.796155,17.105947
1364.400359,14.792684,16.404016
1364.61,14.73136,16.506172
1364.809998,14.775329,17.59977
1365.010093,14.782271,16.876461
1365.209998,14.749873,17.082891
1365.41,14.755658,15.283214
1365.609996,14.784584,15.437789
1365.799998,14.767229,15.806335
1366.010017,14.790369,16.202885
1366.210003,14.773014,14.763967
1366.410004,14.794997,13.092652
1366.609999,14.797312,11.091723
1366.809998,14.766071,12.221982
1367.009998,14.779956,12.95923
1367.199999,14.806567,13.935867
1367.409997,14.8100395,14.570545
1367.609997,14.762601,13.795257
1367.810003,14.756816,13.230269
1368.009997,14.763758,14.355334
1368.210445,14.73599,14.37734
1368.41,14.779956,14.295075
1368.599998,14.799626,14.296559
1368.810002,14.757973,16.168745
1369.0102,14.762601,15.273871
1369.21,14.763758,15.21023
1369.409998,14.756816,15.281693
1369.609996,14.766071,14.061429
1369.810018,14.782271,14.791431
1370,14.766071,15.157095
1370.209997,14.779956,15.148557
1370.41,14.741775,15.399834
1370.609996,14.760286,13.405382
1370.809998,14.766071,13.762122
1371.009999,14.756816,14.940961
1371.210363,14.785742,13.715458
1371.399997,14.766071,15.357621
1371.609998,14.745245,16.129032
1371.809998,14.779956,17.366442
1372.010089,14.767229,16.188925
1372.209998,14.757973,15.732868
1372.409997,14.782271,15.360137
1372.609998,14.792684,14.222854
1372.80015,14.793841,15.285369
1373.009997,14.751031,16.62405
1373.209999,14.789212,15.759854
1373.409996,14.784584,14.892148
1373.610002,14.737145,14.4912815
1373.809997,14.7707,15.606142
1374.009997,14.779956,14.378857
1374.199998,14.733675,12.911047
1374.409996,14.766071,13.073292
1374.609999,14.769544,14.194809
1374.810002,14.763758,12.569605
1375.009998,14.751031,14.2632
1375.209999,14.74293,13.517747
1375.409997,14.733675,14.973325
1375.6,14.740618,14.74779
1375.81016,14.749873,13.966427
1376.01,14.754501,12.553881
1376.210004,14.73946,14.315898
1376.409998,14.7197895,14.235738
1376.610243,14.711692,12.696962
1376.809997,14.7533455,13.528728
1376.999998,14.685079,13.53431
1377.210119,14.72789,14.422908
1377.409998,14.707064,14.144316
1377.609997,14.712849,16.20176
1377.809997,14.7197895,16.45908
1378.010117,14.695494,15.66135
1378.209996,14.710534,15.580119
1378.399999,14.72789,17.50352
1378.610002,14.7140045,17.323664
1378.810219,14.7140045,17.547735
1379.010002,14.704749,16.832003
1379.210001,14.73136,17.643799
1379.409997,14.717477,16.533588
1379.61,14.738303,15.954823
1379.799998,14.709377,15.219652
1380.010006,14.688551,15.945177
1380.210277,14.725575,15.320231
1380.409997,14.74756,15.7411585
1380.609996,14.73599,15.260969
1380.809999,14.70822,15.963635
1381.010187,14.738303,17.684614
1381.199997,14.70822,16.616562
1381.399999,14.730205,14.381625
1381.609997,14.74756,16.209707
1381.809997,14.73599,15.628003
1382.009997,14.697806,16.102287
1382.209998,14.707064,16.991512
1382.41041,14.73946,14.957518
1382.599999,14.700121,14.7369795
1382.799997,14.7197895,14.92855
1383.009997,14.698964,17.16276
1383.210384,14.695494,17.664865
1383.409998,14.670038,17.560862
1383.610002,14.733675,16.882666
1383.809997,14.726732,15.196848
1384.000126,14.738303,14.833466
1384.209998,14.74756,15.260564
1384.41,14.749873,16.124008
1384.610001,14.7140045,15.645493
1384.810236,14.754501,15.80007
1385.009997,14.754501,16.76297
1385.21,14.730205,17.58945
1385.409997,14.688551,16.894138
1385.610041,14.711692,18.049694
1385.809998,14.694336,18.519054
1386.009997,14.73946,16.998972
1386.210313,14.701279,17.296019
1386.409998,14.723262,16.015575
1386.610006,14.712849,14.932812
1386.799997,14.729047,14.839384
1387.010047,14.717477,14.376605
1387.209998,14.722105,16.60048
1387.410001,14.712849,14.350911
1387.610005,14.72789,12.908629
1387.809998,14.74756,13.684829
1388.01,14.764915,15.003316
1388.199998,14.782271,14.636902
1388.410001,14.754501,14.21515
1388.610021,14.800782,15.797751
1388.810005,14.788056,14.610064
1389.010182,14.775329,15.318583
1389.210245,14.786899,13.616423
1389.41,14.757973,14.786245
1389.599997,14.745245,15.623471
1389.809997,14.74756,15.645963
1390.010018,14.781114,14.63669
1390.21,14.737145,14.959816
1390.41,14.755658,15.607698
1390.610004,14.763758,14.755728
1390.810199,14.74293,14.036687
1390.999998,14.754501,13.496678
1391.199997,14.7533455,12.713579
1391.409996,14.752188,11.746786
1391.609998,14.768386,14.465058
1391.809998,14.764915,15.493763
1392.01,14.745245,15.090086
1392.210221,14.767229,13.8949175
1392.399997,14.738303,14.596905
1392.609996,14.766071,14.875669
1392.809996,14.72789,15.09266
1393.009996,14.7591305,15.111133
1393.209997,14.726732,15.793713
1393.409997,14.74756,15.90983
1393.609997,14.733675,16.560816
1393.800258,14.725575,15.422633
1394.009997,14.737145,15.430452
1394.210002,14.701279,16.293318
1394.409998,14.705906,16.284792
1394.610011,14.768386,16.261143
1394.809997,14.725575,14.88572
1395.010003,14.729047,15.63883
1395.199997,14.732517,16.88663
1395.409997,14.740618,15.019544
1395.61,14.745245,16.005743
1395.810001,14.70822,16.245905
1396.010083,14.690865,15.570794
1396.209997,14.737145,15.021487
1396.409998,14.7140045,19.107841
1396.599998,14.694336,17.265038
1396.809997,14.729047,18.51051
1397.010005,14.712849,15.219836
1397.210001,14.678138,15.980885
1397.409997,14.692021,16.911346
1397.609997,14.671195,15.803767
1397.810001,14.700121,17.060741
1398.010096,14.666568,16.956709
1398.210581,14.688551,16.827318
1398.409998,14.66888,16.697372
1398.610002,14.685079,16.751196
1398.809997,14.701279,17.147303
1399.010246,14.6573105,17.478436
1399.210004,14.629541,17.07413
1399.399996,14.66541,20.352158
1399.609997,14.692021,18.13576
1399.809997,14.701279,18.091877
1400.01,14.722105,16.360361
1400.209998,14.687393,16.061615
1400.409996,14.670038,15.835868
1400.609998,14.678138,14.378521
1400.799997,14.674665,15.362589
1401.009999,14.698964,16.168854
1401.210417,14.703591,17.157047
1401.409997,14.652682,19.067892
1401.609998,14.680451,18.389477
1401.809998,14.694336,17.337173
1402.010141,14.678138,17.695564
1402.199997,14.682766,18.131958
1402.399998,14.673509,18.483768
1402.609997,14.678138,17.350739
1402.810017,14.701279,17.81924
1403.009997,14.7140045,18.458729
1403.209997,14.687393,17.605495
1403.409997,14.692021,18.625406
1403.599997,14.681608,19.979275
1403.799997,14.703591,19.721146
1404.010083,14.683923,19.24755
1404.210299,14.69665,19.394346
1404.41,14.685079,18.683002
1404.609998,14.690865,19.060734
1404.809999,14.698964,18.081575
1405.000132,14.718634,16.081123
1405.209997,14.671195,15.764361
1405.410006,14.673509,16.27468
1405.610002,14.70822,16.530998
1405.810413,14.688551,14.151324
1406.010004,14.678138,15.241279
1406.209997,14.675823,14.4812155
1406.400262,14.695494,15.297501
1406.609997,14.693179,16.957891
1406.810006,14.656153,16.574505
1407.010242,14.700121,16.745337
1407.210421,14.671195,18.301825
1407.409996,14.670038,19.537786
1407.609997,14.673509,18.076593
1407.799996,14.703591,18.013084
1408.010019,14.70822,17.740145
1408.21,14.654997,16.229641
1408.409997,14.69665,14.78302
1408.610003,14.692021,15.767918
1408.810479,14.66541,15.2860985
1409.01,14.676981,14.005809
1409.199997,14.670038,14.439778
1409.409997,14.703591,15.607907
1409.609997,14.689708,17.272028
1409.81,14.6515255,16.354803
1410.01,14.671195,16.903728
1410.210234,14.639955,17.604673
1410.409998,14.642269,18.937174
1410.599997,14.709377,18.6916
1410.809998,14.676981,18.310043
1411.009997,14.676981,18.439337
1411.209996,14.685079,17.243134
1411.409997,14.687393,15.345253
1411.609997,14.685079,15.283717
1411.810155,14.688551,15.214713
1411.999997,14.66541,16.55902
1412.199998,14.663095,16.931332
1412.410001,14.683923,16.712852
1412.609997,14.675823,16.771141
1412.810002,14.649212,16.162008
1413.009999,14.685079,14.319098
1413.210372,14.681608,15.117796
1413.399997,14.680451,14.973769
1413.609998,14.636484,13.658091
1413.809997,14.643427,15.063693
1414.010052,14.676981,16.36853
1414.209997,14.673509,15.356342
1414.409998,14.694336,16.083498
1414.609998,14.682766,16.737423
1414.800219,14.663095,15.761929
1415.010003,14.658467,16.802998
1415.209999,14.671195,16.01897
1415.409997,14.664253,18.56455
1415.610009,14.703591,17.687315
1415.809998,14.661939,16.642368
1416.009997,14.688551,17.586857
1416.210345,14.675823,15.867565
1416.410005,14.685079,15.630444
1416.609997,14.682766,16.017214
1416.810002,14.680451,16.147627
1417.010119,14.658467,15.482191
1417.21,14.673509,16.315977
1417.409998,14.637642,15.442366
1417.599999,14.635327,17.008049
1417.810126,14.675823,17.20164
1418.010002,14.688551,17.904194
1418.209998,14.630699,16.708485
1418.409997,14.682766,15.485801
1418.610011,14.674665,16.344276
1418.810003,14.6515255,16.38348
1419.010131,14.664253,16.602371
1419.210186,14.649212,14.915761
1419.409998,14.66888,18.679539
1419.61,14.658467,17.67046
1419.809997,14.63417,17.32653
1420.010019,14.682766,18.161268
1420.209997,14.671195,17.210943
1420.399998,14.650368,15.218963
1420.609998,14.621442,17.367987
1420.809999,14.664253,17.582079
1421.009998,14.656153,18.278185
1421.209997,14.686236,18.298944
1421.410013,14.636484,16.77989
1421.609997,14.646897,15.507253
1421.799998,14.661939,17.708088
1422.009997,14.685079,17.34645
1422.210366,14.666568,15.413228
1422.409997,14.660782,15.425612
1422.609997,14.661939,16.24426
1422.810113,14.670038,15.481946
1423.010234,14.681608,16.071741
1423.199997,14.661939,14.567374
1423.399998,14.683923,15.233639
1423.609997,14.674665,16.068045
1423.810243,14.649212,15.508208
1424.010002,14.676981,15.890532
1424.209997,14.667724,16.258074
1424.409997,14.671195,17.228289
1424.599997,14.635327,17.399988
1424.799998,14.628385,16.53245
1425.01,14.676981,17.908268
1425.210504,14.630699,16.26635
1425.410005,14.682766,15.45105
1425.609997,14.648055,14.967266
1425.809997,14.650368,13.067204
1426.000189,14.627227,14.115471
1426.209998,14.65384,14.9262
1426.409997,14.624914,13.881923
1426.609997,14.626071,15.993025
1426.810994,14.649212,16.700893
1427.009999,14.633013,15.81839
1427.210072,14.636484,15.913014
1427.409997,14.642269,15.374085
1427.610001,14.636484,15.085162
1427.809997,14.658467,13.638291
1428.010005,14.636484,16.510408
1428.210319,14.658467,16.030834
1428.41,14.641112,15.298895
1428.609998,14.664253,16.671185
1428.799997,14.685079,16.672405
1429.010217,14.639955,16.190542
1429.209998,14.615657,16.93694
1429.409997,14.642269,17.277985
1429.610018,14.642269,17.379143
1429.810016,14.636484,16.306328
1430.009998,14.629541,16.662298
1430.199998,14.623756,17.337442
1430.409997,14.649212,18.259771
1430.609999,14.637642,18.9283
1430.809997,14.635327,19.707205
1431.009997,14.666568,19.942741
1431.210499,14.637642,17.730003
1431.409998,14.643427,17.70941
1431.599998,14.628385,19.724817
1431.809997,14.617971,18.23182
1432.01008,14.615657,18.228315
1432.21,14.641112,15.702441
1432.409997,14.605244,16.893587
1432.609996,14.644583,16.684265
1432.810037,14.650368,15.904581
1432.999999,14.6226,15.530424
1433.209998,14.608716,14.416184
1433.409999,14.638798,15.497883
1433.609998,14.609872,16.408327
1433.810003,14.619129,16.752161
1434.009998,14.623756,18.128551
1434.210407,14.646897,18.970118
1434.399997,14.6457405,19.197489
1434.599999,14.649212,18.115046
1434.809997,14.6515255,16.59291
1435.010157,14.615657,16.207573
1435.209997,14.63417,15.305011
1435.409999,14.624914,16.578993
1435.609999,14.612186,16.208555
1435.800003,14.614501,15.195642
1436.009998,14.676981,16.620234
1436.209997,14.642269,15.377617
1436.410024,14.643427,15.791166
1436.609997,14.642269,15.991703
1436.809998,14.635327,15.975058
1437.009998,14.648055,17.061651
1437.200189,14.633013,17.255144
1437.409997,14.630699,17.475716
1437.609998,14.624914,17.39743
1437.809997,14.616815,17.738783
1438.010311,14.642269,16.595655
1438.209996,14.606401,17.606133
1438.409997,14.627227,17.413565
1438.599998,14.624914,16.440699
1438.809998,14.643427,16.348866
1439.009997,14.648055,15.995121
1439.209999,14.599459,15.899504
1439.410125,14.600616,17.364319
1439.609997,14.638798,18.809351
1439.809998,14.638798,18.34169
1440.010192,14.639955,16.943068
1440.21049,14.628385,16.181738
1440.409997,14.597145,15.936813
1440.609998,14.57979,14.949304
1440.81,14.595988,13.918031
1441.010013,14.616815,16.080942
1441.209997,14.604087,16.284801
1441.399997,14.6457405,15.291527
1441.610018,14.637642,15.436259
1441.809998,14.609872,16.799534
1442.009997,14.63417,16.119629
1442.209999,14.631857,16.669098
1442.410225,14.638798,15.414268
1442.610006,14.626071,15.6299
1442.799998,14.643427,16.174713
1443.010046,14.597145,17.07036
1443.209997,14.572847,18.263836
1443.409996,14.587889,18.314636
1443.609998,14.607558,17.435667
1443.809997,14.600616,17.95219
1444.009997,14.592516,18.082582
1444.199997,14.593674,17.020222
1444.399997,14.615657,16.689661
1444.609999,14.597145,18.876795
1444.809996,14.620286,18.293018
1445.009999,14.602931,19.471977
1445.209999,14.619129,19.568167
1445.410234,14.617971,17.634035
1445.599997,14.613343,15.849684
1445.799998,14.576318,15.134167
1446.010327,14.576318,16.650381
1446.21,14.545079,17.657085
1446.409998,14.584417,18.230696
1446.609996,14.587889,17.61893
1446.810086,14.615657,18.110857
1446.999997,14.562434,18.824514
1447.199997,14.601773,20.004894
1447.409999,14.615657,19.378489
1447.610244,14.612186,17.981485
1447.810002,14.6457405,18.583435
1448.009998,14.636484,18.091602
1448.210001,14.658467,16.324184
1448.400499,14.652682,16.446392
1448.599997,14.63417,15.707382
1448.810004,14.65384,18.114462
1449.010233,14.623756,17.3407
1449.209998,14.650368,18.204758
1449.409999,14.635327,16.87471
1449.609997,14.636484,18.541536
1449.800057,14.630699,18.240631
1450.009997,14.612186,17.415085
1450.209998,14.597145,17.1425
1450.409997,14.606401,16.532772
1450.610208,14.635327,17.139599
1450.809998,14.586731,17.426754
1451.009999,14.601773,18.04251
1451.200001,14.611029,16.795334
1451.409998,14.577476,17.85626
1451.61,14.602931,18.032265
1451.810005,14.641112,20.493362
1452.01021,14.597145,18.467428
1452.210003,14.577476,18.737186
1452.409999,14.617971,17.704876
1452.599998,14.580946,19.764408
1452.810124,14.619129,20.114014
1453.009997,14.597145,18.735544
1453.210006,14.613343,18.001509
1453.409997,14.59136,19.278404
1453.610244,14.56012,18.786215
1453.81,14.604087,16.96985
1453.999998,14.601773,17.380903
1454.210002,14.615657,18.170391
1454.409998,14.605244,17.720232
1454.610001,14.613343,15.55036
1454.809997,14.635327,16.466616
1455.010426,14.648055,16.025627
1455.209997,14.616815,17.405476
1455.399999,14.6226,17.904524
1455.610001,14.599459,19.980963
1455.809997,14.568219,18.979668
1456.010002,14.613343,18.379791
1456.21,14.606401,16.198689
1456.409998,14.606401,15.858503
1456.610421,14.597145,14.532333
1456.8,14.569375,14.281825
1456.999998,14.59136,13.935272
1457.209998,14.613343,14.674205
1457.410001,14.661939,15.592425
1457.609998,14.619129,16.36961
1457.810059,14.636484,16.048832
1458.010471,14.631857,15.853215
1458.199997,14.604087,15.899746
1458.409997,14.599459,16.310402
1458.609999,14.615657,14.457524
1458.810068,14.6226,14.1119995
1459.009998,14.599459,16.825514
1459.209998,14.65384,16.059544
1459.410001,14.607558,15.811497
1459.600137,14.564748,16.363337
1459.809997,14.585575,16.943882
1460.010001,14.541607,15.886574
1460.209999,14.638798,14.739201
1460.410031,14.613343,16.19329
1460.609998,14.630699,15.972032
1460.809997,14.663095,17.151623
1461.010403,14.683923,16.715563
1461.209999,14.698964,15.979129
1461.410003,14.660782,13.94006
1461.609998,14.642269,13.720211
1461.809996,14.642269,14.804024
1462.010005,14.65384,14.740485
1462.209997,14.675823,14.199974
1462.399997,14.680451,13.830736
1462.610096,14.687393,12.179973
1462.810005,14.685079,11.970151
1463.009996,14.667724,12.089612
1463.209997,14.689708,12.446179
1463.410135,14.671195,13.884286
1463.609998,14.656153,14.157173
1463.799997,14.671195,14.566945
1464.010329,14.701279,14.197205
1464.210018,14.671195,13.461114
1464.41,14.671195,13.756173
1464.61,14.66888,12.98076
1464.809997,14.678138,12.76353
1465.009998,14.663095,11.052318
1465.199997,14.690865,12.052497
1465.409998,14.649212,13.099112
1465.610115,14.650368,13.030231
1465.809998,14.606401,13.9325
1466.01,14.577476,14.636232
1466.209997,14.611029,15.457643
1466.410077,14.648055,16.337137
1466.599998,14.650368,16.069504
1466.799998,14.608716,16.529676
1467.0102,14.607558,17.204279
1467.210716,14.643427,16.359901
1467.409998,14.6226,16.850182
1467.609997,14.615657,16.649645
1467.809997,14.6573105,16.995459
1467.999997,14.631857,15.203289
1468.209997,14.69665,16.871542
1468.409997,14.72442,14.944118
1468.610002,14.716319,13.642078
1468.81,14.690865,13.2452135
1469.009998,14.6515255,12.5854845
1469.210013,14.673509,13.913816
1469.400364,14.680451,14.070982
1469.600012,14.686236,15.768444
1469.809998,14.686236,15.011226
1470.0102,14.678138,14.778428
1470.210525,14.69665,14.428896
1470.409998,14.667724,12.725749
1470.609998,14.686236,13.026126
1470.799997,14.667724,13.315646
1471.010131,14.656153,13.868723
1471.209997,14.672353,13.091321
1471.409999,14.6226,14.995651
1471.610022,14.649212,15.087698
1471.810007,14.689708,15.540371
1472.009997,14.671195,15.782814
1472.200002,14.658467,15.466121
1472.41005,14.604087,15.652546
1472.609997,14.631857,16.454222
1472.810001,14.613343,16.05564
1473.010081,14.617971,15.920754
1473.209999,14.63417,16.733082
1473.409998,14.654997,16.35895
1473.599998,14.637642,17.074095
1473.809997,14.615657,18.319906
1474.01,14.635327,16.465616
1474.209998,14.650368,15.087189
1474.410001,14.597145,15.600222
1474.610041,14.577476,16.104488
1474.810001,14.582103,16.38336
1474.999998,14.621442,14.908465
1475.209999,14.590203,14.40456
1475.410034,14.6226,15.057555
1475.609998,14.672353,14.930994
1475.809999,14.661939,15.249973
1476.010022,14.679294,14.616481
1476.210636,14.621442,13.909913
1476.399997,14.661939,15.712651
1476.609997,14.643427,15.750367
1476.809999,14.637642,15.628396
1477.009998,14.649212,15.869909
1477.209997,14.664253,16.044512
1477.409998,14.686236,15.347796
1477.609998,14.649212,15.0271015
1477.800016,14.66888,13.797274
1478.009997,14.690865,14.668839
1478.209997,14.656153,13.971115
1478.409998,14.675823,11.949387
1478.609998,14.698964,12.0132475
1478.809998,14.689708,11.748381
1479.01011,14.685079,11.132202
1479.200005,14.701279,12.443078
1479.409997,14.717477,12.480154
1479.610001,14.73946,12.899257
1479.809999,14.768386,10.60092
1480.010289,14.777641,10.388639
1480.209997,14.729047,10.130768
1480.41,14.737145,10.062123
1480.599998,14.74756,10.914431
1480.809999,14.729047,12.664584
1481.009998,14.701279,13.177989
1481.21,14.717477,12.187259
1481.409997,14.741775,11.486496
1481.610016,14.72789,11.906038
1481.810006,14.700121,11.234411
1481.999997,14.6457405,12.836465
1482.210163,14.661939,13.007432
1482.409997,14.73599,13.301705
1482.609997,14.675823,14.1073265
1482.810001,14.694336,12.5160675
1483.009996,14.643427,13.97662
1483.209997,14.6515255,14.312147
1483.399997,14.683923,13.880637
1483.609998,14.673509,14.350199
1483.810119,14.638798,14.83954
1484.009998,14.654997,14.028697
1484.210001,14.697806,14.08838
1484.409996,14.717477,14.421466
1484.610101,14.698964,14.490811
1484.799997,14.726732,12.559746
1484.999997,14.701279,12.015223
1485.210009,14.711692,10.855124
1485.410491,14.670038,10.592346
1485.609998,14.705906,11.939926
1485.809997,14.682766,12.988247
1486.009996,14.7197895,12.255922
1486.199998,14.635327,12.522756
1486.409998,14.689708,12.482639
1486.609998,14.686236,12.890149
1486.810082,14.687393,12.138824
1487.009997,14.641112,14.0069685
1487.209998,14.57979,18.079357
1487.409997,14.607558,17.599102
1487.600322,14.609872,17.997295
1487.809998,14.63417,15.825907
1488.009998,14.621442,13.50107
1488.21003,14.6226,12.916358
1488.410494,14.630699,14.890558
1488.609998,14.65384,15.644008
1488.809999,14.616815,14.804738
1488.999997,14.620286,15.428074
1489.209997,14.670038,14.184798
1489.410002,14.685079,14.872565
1489.609998,14.709377,13.007685
1489.809997,14.663095,12.74597
1490.009997,14.672353,13.57537
1490.209998,14.648055,15.013795
1490.399999,14.631857,14.11508
1490.610102,14.679294,12.95191
1490.809997,14.672353,12.426862
1491.009998,14.685079,13.213309
1491.210083,14.700121,11.554374
1491.410009,14.689708,12.175082
1491.61,14.666568,12.375599
1491.799998,14.676981,12.680694
1492.009997,14.678138,12.82944
1492.209998,14.72442,13.263477
1492.409999,14.704749,15.005583
1492.609997,14.685079,17.725634
1492.810033,14.709377,17.490503
1493.010001,14.698964,15.619956
1493.199998,14.688551,15.922829
1493.409997,14.70822,14.99406
1493.610066,14.666568,15.202755
1493.809998,14.678138,13.157199
1494.010002,14.685079,13.983105
1494.210065,14.671195,16.02102
1494.410002,14.619129,16.816675
1494.600001,14.652682,15.116774
1494.799998,14.673509,15.695631
1495.009998,14.584417,15.961047
1495.209998,14.646897,15.124971
1495.409997,14.642269,15.464428
1495.609998,14.633013,14.393425
1495.810034,14.642269,14.420544
1495.999997,14.652682,15.21891
1496.209999,14.656153,14.557638
1496.409998,14.619129,15.017424
1496.610081,14.6457405,14.241666
1496.809998,14.629541,15.473563
1497.010002,14.672353,14.7751465
1497.210053,14.686236,12.443303
1497.400102,14.700121,11.942264
1497.609997,14.658467,11.709542
1497.809996,14.689708,11.592702
1498.009996,14.654997,13.414187
1498.209999,14.701279,12.4113035
1498.409998,14.702435,11.960419
1498.609997,14.683923,11.751452
1498.8,14.666568,11.496978
1499.009998,14.630699,13.712889
1499.209997,14.597145,14.625787
1499.409997,14.592516,15.631387
1499.610071,14.659625,16.034184
1499.809996,14.663095,16.290108
1500.010003,14.63417,16.546194
1500.210033,14.63417,15.982135
1500.410442,14.658467,15.79278
1500.609997,14.659625,16.05051
1500.809998,14.659625,16.96005
1501.010009,14.671195,17.057734
1501.210148,14.648055,16.023739
1501.41,14.650368,15.293649
1501.599997,14.616815,15.561044
1501.809998,14.630699,15.534463
1502.010019,14.667724,15.486824
1502.209997,14.620286,15.495235
1502.409997,14.642269,15.88955
1502.609996,14.601773,14.987018
1502.809998,14.664253,13.947321
1502.999998,14.65384,13.860629
1503.209998,14.660782,12.612622
1503.410386,14.686236,16.002123
1503.609998,14.627227,16.056028
1503.809998,14.646897,16.35142
1504.009996,14.659625,16.40754
1504.210141,14.672353,15.22546
1504.399997,14.66541,13.839377
1504.599998,14.650368,14.666008
1504.809998,14.638798,14.40251
1505.009998,14.617971,14.753601
1505.209997,14.635327,15.066655
1505.410001,14.641112,14.023655
1505.609996,14.670038,14.930579
1505.800017,14.701279,15.422894
1505.999997,14.66888,13.815932
1506.209997,14.660782,14.6965065
1506.410186,14.659625,14.226557
1506.609996,14.6573105,14.110804
1506.809998,14.636484,15.587284
1507.009996,14.637642,14.271206
1507.2,14.637642,15.423647
1507.409998,14.628385,13.940393
1507.609997,14.649212,13.632356
1507.809997,14.659625,13.291821
1508.010066,14.639955,12.641059
1508.209998,14.656153,14.205973
1508.409998,14.636484,15.040848
1508.599999,14.649212,16.03544
1508.810054,14.666568,17.056786
1509.009997,14.656153,16.644094
1509.21,14.6515255,16.160746
1509.409997,14.656153,16.89821
1509.610432,14.648055,15.731391
1509.809997,14.666568,15.12319
1509.999998,14.639955,15.418597
1510.209997,14.652682,14.950866
1510.410019,14.636484,16.30556
1510.609999,14.650368,16.117647
1510.809998,14.652682,16.202456
1511.009997,14.663095,17.28939
1511.209999,14.604087,15.852508
1511.399998,14.611029,14.859463
1511.609996,14.650368,15.537442
1511.810034,14.658467,16.186543
1512.009997,14.627227,14.199843
1512.209999,14.641112,13.564852
1512.41007,14.629541,13.994319
1512.609998,14.611029,15.425599
1512.800001,14.643427,15.738318
1512.999998,14.65384,15.236143
1513.210001,14.590203,15.835696
1513.410025,14.5948305,15.432049
1513.609998,14.616815,17.031065
1513.809998,14.619129,16.568863
1514.009998,14.606401,15.757358
1514.199997,14.601773,17.405706
1514.409998,14.619129,16.540031
1514.609998,14.664253,16.180708
1514.809998,14.646897,15.083483
1515.009998,14.673509,14.682603
1515.209998,14.695494,13.726508
1515.409999,14.686236,12.056155
1515.600097,14.66541,12.270944
1515.81,14.639955,12.715785
1516.009998,14.636484,14.625737
1516.209998,14.605244,15.16981
1516.410134,14.628385,14.036379
1516.609998,14.624914,14.593108
1516.809999,14.630699,14.344936
1516.999997,14.620286,15.039096
1517.209997,14.620286,15.12538
1517.409998,14.631857,16.73499
1517.609997,14.609872,16.84026
1517.809996,14.611029,16.16294
1518.01,14.624914,16.177282
1518.210001,14.599459,16.165314
1518.409998,14.6226,15.934715
1518.610634,14.621442,16.334206
1518.810011,14.620286,15.631321
1519.010009,14.630699,16.216166
1519.209997,14.587889,16.185186
1519.410173,14.639955,16.151785
1519.610001,14.614501,17.111145
1519.799997,14.605244,16.250317
1520.009997,14.648055,16.491356
1520.210004,14.627227,16.625294
1520.409997,14.638798,16.159826
1520.609998,14.626071,15.877688
1520.809996,14.584417,16.005081
1521.009997,14.612186,17.337622
1521.199997,14.615657,16.848316
1521.409997,14.597145,15.681594
1521.610268,14.621442,16.579445
1521.809998,14.621442,17.642572
1522.009999,14.601773,16.61472
1522.209997,14.570533,16.052826
1522.409997,14.636484,14.450889
1522.599997,14.605244,15.154042
1522.799998,14.57979,14.780156
1523.010001,14.635327,16.393583
1523.210217,14.650368,17.174452
1523.409996,14.6457405,17.414965
1523.610004,14.637642,14.343586
1523.809996,14.605244,15.746754
1524.000577,14.648055,14.361861
1524.209997,14.626071,14.253657
1524.409998,14.616815,14.631202
1524.610238,14.619129,15.107927
1524.809998,14.600616,15.949541
1525.009998,14.617971,14.753597
1525.209997,14.626071,15.996071
1525.400068,14.575161,16.728006
1525.609998,14.593674,17.366325
1525.81,14.621442,16.215576
1526.010001,14.589046,15.811573
1526.210149,14.593674,14.22245
1526.409998,14.617971,14.707167
1526.61092,14.635327,15.914298
1526.799999,14.630699,14.12432
1527.010133,14.587889,15.855387
1527.209999,14.615657,18.074175
1527.41,14.624914,15.45908
1527.610084,14.595988,15.989336
1527.809997,14.607558,15.419528
1528.01,14.636484,16.289557
1528.200002,14.658467,15.232566
1528.409996,14.642269,16.455187
1528.610906,14.604087,17.447832
1528.809998,14.605244,15.985742
1529.010086,14.633013,16.002865
1529.210083,14.643427,14.83182
1529.410001,14.620286,13.728473
1529.599998,14.648055,13.249065
1529.810001,14.638798,13.143461
1530.010173,14.639955,14.288325
1530.209998,14.630699,12.279386
1530.409999,14.660782,13.090453
1530.610105,14.6573105,14.75753
1530.810028,14.6457405,15.535133
1530.999997,14.633013,14.14072
1531.210003,14.629541,16.315262
1531.409997,14.648055,13.858651
1531.61,14.624914,13.224251
1531.809997,14.673509,13.947662
1532.01,14.608716,13.917568
1532.210074,14.654997,14.341347
1532.400006,14.608716,15.201507
1532.609997,14.607558,15.476848
1532.81,14.635327,14.477828
1533.010123,14.606401,13.326363
1533.209997,14.606401,17.25679
1533.409998,14.584417,16.79971
1533.610083,14.592516,16.73985
1533.800138,14.631857,16.209007
1534.009997,14.646897,15.4586935
1534.209998,14.6515255,16.835453
1534.409999,14.608716,17.111277
1534.609997,14.56359,18.493378
1534.809998,14.549706,16.71299
1535.009998,14.630699,16.549564
1535.199997,14.592516,17.27847
1535.409997,14.623756,15.794273
1535.609998,14.595988,15.359873
1535.809997,14.562434,15.126925
1536.010036,14.646897,14.485041
1536.209999,14.643427,14.86409
1536.41,14.648055,15.5848465
1536.609999,14.564748,14.855475
1536.810517,14.592516,14.450012
1537.009997,14.587889,13.396099
1537.209999,14.620286,14.2576685
1537.410001,14.587889,15.177038
1537.609999,14.615657,15.622153
1537.809998,14.629541,16.49607
1538,14.6226,16.204523
1538.209998,14.599459,16.68109
1538.409997,14.583261,16.430962
1538.609998,14.620286,16.298262
1538.809997,14.608716,15.8295
1539.009998,14.6457405,14.1916895
1539.21,14.586731,13.800428
1539.399998,14.624914,14.596863
1539.609997,14.580946,15.751824
1539.810463,14.597145,16.982805
1540.010012,14.597145,15.587506
1540.210005,14.59136,14.773212
1540.410003,14.578632,14.010898
1540.610145,14.600616,14.889952
1540.799998,14.545079,15.590032
1540.999998,14.624914,14.293008
1541.210001,14.616815,14.105554
1541.409998,14.624914,14.700097
1541.610005,14.585575,13.2754965
1541.809996,14.599459,14.069604
1542.009997,14.575161,15.064772
1542.200047,14.564748,16.672781
1542.399998,14.619129,15.664009
1542.610001,14.629541,15.669254
1542.810216,14.587889,14.573828
1543.010001,14.567062,15.022406
1543.210002,14.587889,13.824835
1543.409998,14.574005,12.851008
1543.600071,14.598301,13.75509
1543.809997,14.568219,14.5726385
1544.01,14.547392,15.241382
1544.210001,14.59136,14.353495
1544.41,14.587889,16.665823
1544.609998,14.597145,17.486609
1544.809996,14.574005,17.420332
1545.000134,14.599459,16.880444
1545.209998,14.606401,15.622757
1545.409997,14.597145,16.633081
1545.609998,14.587889,15.5743
1545.810334,14.5948305,15.238119
1546.009998,14.611029,15.012599
1546.210001,14.592516,15.63697
1546.399999,14.649212,17.149052
1546.610033,14.54045,17.16341
1546.81,14.525409,17.264326
1547.009998,14.5381365,16.913666
1547.209999,14.595988,18.041082
1547.410241,14.578632,17.565638
1547.609997,14.615657,16.794893
1547.799999,14.583261,15.791919
1548.009997,14.628385,15.572689
1548.210023,14.605244,14.945018
1548.409997,14.624914,13.797116
1548.609999,14.593674,13.786012
1548.810205,14.627227,14.833026
1549.009997,14.608716,15.759778
1549.200002,14.545079,17.37375
1549.410001,14.535822,16.56748
1549.609996,14.503426,19.086594
1549.810001,14.496483,21.719513
1550.009998,14.513839,21.339949
1550.209999,14.512681,20.094936
1550.410008,14.528879,19.80112
1550.599997,14.599459,17.473103
1550.809997,14.55202,17.053738
1551.009996,14.605244,15.659406
1551.210017,14.531194,16.03269
1551.409998,14.451359,15.985935
1551.609998,14.41202,19.626556
1551.809997,14.4305315,19.36312
1552.000067,14.497641,21.554482
1552.209997,14.56012,19.215448
1552.409997,14.609872,18.133623
1552.609997,14.592516,15.424075
1552.809997,14.6457405,14.687386
1553.010004,14.652682,15.328422
1553.21,14.671195,14.334033
1553.399997,14.592516,14.211951
1553.609997,14.561277,15.884092
1553.81,14.597145,16.447115
1554.009997,14.619129,15.59129
1554.209998,14.564748,15.126129
1554.409997,14.574005,15.468376
1554.609998,14.574005,16.949986
1554.799998,14.564748,16.670088
1555.010531,14.607558,17.388536
1555.210001,14.599459,15.082488
1555.409997,14.598301,17.17463
1555.610001,14.5323515,17.475813
1555.810136,14.523094,17.042776
1556.009998,14.541607,20.401861
1556.199997,14.542765,20.885193
1556.41,14.587889,19.323568
1556.61001,14.577476,18.858103
1556.809999,14.578632,18.304018
1557.009997,14.545079,18.70513
1557.210002,14.587889,20.257145
1557.410001,14.585575,20.690239
1557.599998,14.614501,22.368513
1557.809999,14.597145,17.99413
1558.010547,14.568219,16.66379
1558.21,14.55202,15.911742
1558.409997,14.565905,18.8868
1558.609999,14.626071,18.351849
1558.810118,14.580946,16.94997
1558.999997,14.593674,16.52648
1559.199997,14.613343,16.222961
1559.410001,14.607558,14.267502
1559.61,14.567062,13.420793
1559.809997,14.570533,13.171694
1560.010001,14.592516,14.364501
1560.209997,14.550864,14.813157
1560.399997,14.587889,15.495356
1560.599997,14.609872,14.641314
1560.812105,14.567062,14.961073
1561.010579,14.592516,16.92031
1561.209997,14.574005,16.080254
1561.409998,14.543921,17.165176
1561.609997,14.578632,16.643848
1561.800222,14.583261,16.720964
1562.009998,14.589046,17.668198
1562.209998,14.550864,17.07008
1562.409997,14.571691,15.318202
1562.610004,14.564748,15.836055
1562.809997,14.604087,16.712412
1563.009997,14.617971,15.223392
1563.20015,14.641112,15.288535
1563.399997,14.599459,15.130873
1563.609997,14.59136,16.817545
1563.809997,14.595988,18.929895
1564.010503,14.597145,18.153032
1564.209998,14.577476,18.40605
1564.409997,14.604087,16.812923
1564.599997,14.592516,15.363178
1564.810025,14.575161,15.427421
1565.009998,14.583261,14.479761
1565.209998,14.576318,13.696262
1565.409998,14.595988,14.057586
1565.609998,14.611029,14.317425
1565.809998,14.630699,14.598223
1565.999997,14.616815,14.419873
1566.209999,14.650368,14.325541
1566.410001,14.666568,15.722601
1566.609998,14.673509,13.72195
1566.809997,14.667724,12.882119
1567.010604,14.631857,12.970188
1567.210002,14.656153,12.157672
1567.399997,14.629541,12.255964
1567.61,14.660782,12.291137
1567.810001,14.66888,12.584186
1568.009998,14.624914,13.114617
1568.209999,14.638798,14.611196
1568.409999,14.613343,13.923787
1568.610228,14.612186,13.143687
1568.800008,14.608716,12.536847
1568.999998,14.611029,12.269263
1569.209997,14.564748,13.736571
1569.409997,14.600616,13.16085
1569.609997,14.633013,13.510368
1569.809999,14.620286,14.004507
1570.010392,14.575161,14.296053
1570.199997,14.607558,13.378659
1570.409998,14.580946,15.349812
1570.609996,14.627227,15.735318
1570.810066,14.643427,14.331066
1571.010011,14.633013,13.2335005
1571.209997,14.592516,12.867905
1571.410002,14.56359,13.441115
1571.599997,14.5381365,15.78572
1571.809997,14.599459,14.918288
1572.010001,14.599459,14.185642
1572.209997,14.558963,13.528582
1572.409998,14.56012,14.845586
1572.610003,14.572847,14.994135
1572.81,14.582103,16.255991
1573.000021,14.600616,15.594645
1573.209997,14.595988,15.595816
1573.409998,14.620286,15.555532
1573.609998,14.558963,15.14511
1573.810129,14.57979,15.015557
1574.009997,14.558963,15.178722
1574.210001,14.590203,15.604158
1574.399998,14.575161,16.732153
1574.610006,14.575161,17.122263
1574.809998,14.571691,17.964445
1575.009997,14.525409,17.348639
1575.209997,14.574005,17.62362
1575.409998,14.553177,16.469332
1575.609997,14.54855,16.581295
1575.799998,14.511524,17.56712
1576.01042,14.516153,17.79432
1576.209998,14.575161,16.410135
1576.409998,14.583261,17.305586
1576.609997,14.557805,16.791061
1576.810122,14.5265665,19.285496
1577.009997,14.514996,18.287502
1577.199998,14.54855,17.14245
1577.409997,14.600616,16.086395
1577.61024,14.54045,16.9445
1577.809997,14.56359,17.757647
1578.009997,14.5323515,17.733095
1578.209997,14.546235,17.977972
1578.409999,14.545079,17.810076
1578.599999,14.54855,20.036163
1578.799997,14.556649,18.408396
1579.010327,14.614501,17.64228
1579.210038,14.626071,17.044638
1579.409998,14.626071,15.132329
1579.609997,14.598301,13.932842
1579.810001,14.586731,14.61079
1579.999997,14.597145,14.686801
1580.21,14.63417,14.949088
1580.409998,14.597145,14.796386
1580.610142,14.518466,15.866176
1580.81,14.541607,14.730348
1581.009997,14.550864,15.131261
1581.209997,14.590203,17.758669
1581.400467,14.56359,17.415777
1581.609997,14.582103,15.679963
1581.810004,14.599459,15.311732
1582.010384,14.571691,14.586713
1582.210003,14.54855,14.9636345
1582.409997,14.56012,16.269678
1582.61,14.54045,16.201878
1582.800086,14.570533,17.782469
1583.009997,14.601773,17.872902
1583.21,14.570533,17.266544
1583.409997,14.56012,17.133278
1583.61036,14.567062,16.973633
1583.809998,14.587889,16.142824
1584.009998,14.562434,18.263266
1584.200025,14.597145,17.410976
1584.409998,14.539293,17.418882
1584.61,14.531194,17.03317
1584.810003,14.511524,17.362404
1585.010339,14.545079,17.967297
1585.21005,14.498797,19.119938
1585.409998,14.557805,19.393131
1585.599999,14.571691,18.255445
1585.809997,14.571691,20.219917
1586.009997,14.501111,18.979723
1586.209997,14.561277,17.695633
1586.41,14.553177,16.506502
1586.610165,14.550864,18.231554
1586.809997,14.530037,17.679987
1586.999999,14.541607,18.599623
1587.209997,14.527723,19.875631
1587.409998,14.506896,18.87228
1587.609997,14.520781,18.29039
1587.809999,14.521938,18.39819
1588.01022,14.509211,19.26336
1588.210624,14.541607,18.286613
1588.399997,14.504582,17.993582
1588.599997,14.520781,18.102772
1588.809996,14.4664,19.96782
1589.010157,14.501111,22.432764
1589.21,14.525409,19.868643
1589.410006,14.513839,19.639637
1589.609997,14.565905,16.0095
1589.799997,14.576318,15.641548
1590.009997,14.631857,15.284969
1590.209999,14.571691,15.433481
1590.409997,14.56359,15.17635
1590.61,14.506896,15.717718
1590.81,14.499953,17.48578
1591.010027,14.530037,15.540498
1591.199997,14.608716,17.772947
1591.409997,14.608716,16.301743
1591.609998,14.65384,15.59869
1591.809996,14.567062,14.421239
1592.010272,14.553177,14.599971
1592.21,14.580946,16.231924
1592.409998,14.587889,15.94376
1592.6,14.561277,16.179537
1592.809997,14.514996,16.467907
1593.009998,14.534664,17.03339
1593.209997,14.534664,19.204014
1593.409996,14.493012,17.875902
1593.609997,14.574005,17.87422
1593.809999,14.555491,16.26703
1594.010048,14.57979,16.274326
1594.210394,14.59136,16.835228
1594.409998,14.611029,14.986156
1594.609997,14.592516,13.144195
1594.809998,14.56012,12.419624
1595.010076,14.568219,12.082077
1595.21,14.555491,13.223726
1595.399997,14.565905,14.108494
1595.609997,14.590203,14.901919
1595.810234,14.572847,14.963545
1596.009998,14.580946,13.998654
1596.21,14.599459,12.559413
1596.409997,14.5948305,12.378611
1596.609998,14.54045,13.049011
1596.799997,14.523094,14.855699
1597.009997,14.523094,17.07721
1597.210283,14.570533,18.281853
1597.409997,14.593674,16.921717
1597.609999,14.555491,15.969653
1597.809997,14.557805,15.546082
1598.01005,14.565905,15.217366
1598.199997,14.576318,15.473437
1598.399999,14.574005,15.652988
1598.609997,14.541607,14.3582945
1598.810249,14.550864,15.060667
1599.009997,14.578632,16.245785
1599.209997,14.521938,16.565477
1599.409997,14.556649,16.617113
1599.600458,14.520781,17.470186
1599.81,14.503426,18.755707
1600.009998,14.54045,18.69984
1600.210156,14.556649,16.996662
1600.409997,14.586731,16.517498
1600.609997,14.506896,15.872286
1600.809996,14.628385,16.044245
1601.00006,14.656153,13.811302
1601.210008,14.670038,12.765243
1601.410008,14.623756,11.815308
1601.609997,14.623756,11.669437
1601.810173,14.641112,12.41489
1602.009998,14.595988,13.139719
1602.210001,14.592516,13.079614
1602.399999,14.621442,13.147528
1602.61013,14.613343,12.690335
1602.810007,14.567062,13.196671
1603.009998,14.587889,14.693094
1603.210016,14.580946,16.063133
1603.410536,14.606401,13.133941
1603.609999,14.568219,13.666634
1603.799998,14.550864,14.542637
1604.009997,14.5265665,15.897508
1604.210018,14.557805,17.442963
1604.409997,14.568219,16.809061
1604.610001,14.613343,15.593068
1604.809997,14.63417,14.0105715
1605.009996,14.631857,12.372054
1605.2001,14.658467,12.086871
1605.409997,14.616815,12.129883
1605.610018,14.6226,12.291877
1605.809997,14.609872,11.715757
1606.010004,14.650368,11.60169
1606.209997,14.631857,10.912786
1606.410439,14.649212,11.284793
1606.6,14.575161,11.625123
1606.799998,14.585575,11.028819
1607.009996,14.661939,11.896184
1607.209997,14.629541,12.217941
1607.409998,14.626071,13.018378
1607.609999,14.5948305,13.851707
1607.809999,14.63417,14.06468
1607.999997,14.639955,13.387393
1608.209997,14.649212,14.096995
1608.409998,14.631857,13.517044
1608.609998,14.636484,13.18787
1608.809998,14.615657,13.53599
1609.010005,14.641112,14.106571
1609.209999,14.604087,14.038547
1609.400029,14.6226,13.478237
1609.609997,14.624914,13.8860445
1609.809998,14.607558,15.50744
1610.010001,14.611029,15.201246
1610.21,14.558963,16.427607
1610.409998,14.678138,15.812468
1610.609999,14.674665,15.5318575
1610.80001,14.612186,15.328252
1611.010039,14.624914,13.798256
1611.209998,14.637642,14.257701
1611.409999,14.614501,15.286098
1611.609998,14.601773,15.561605
1611.809997,14.630699,14.129235
1612.010001,14.624914,12.2200165
1612.199996,14.638798,11.681291
1612.410353,14.592516,12.911686
1612.610012,14.601773,13.411466
1612.809996,14.600616,13.823134
1613.009996,14.59136,13.60124
1613.209998,14.593674,14.522686
1613.409998,14.593674,16.126877
1613.599997,14.562434,15.744138
1613.81,14.5948305,14.726623
1614.01003,14.608716,14.847078
1614.209998,14.575161,15.763904
1614.409998,14.615657,13.762204
1614.610001,14.602931,12.686158
1614.809997,14.580946,15.355571
1614.999998,14.587889,16.246342
1615.209998,14.567062,14.145544
1615.41036,14.574005,16.234354
1615.609999,14.574005,15.954046
1615.809997,14.593674,17.667923
1616.009998,14.575161,16.381216
1616.210223,14.587889,16.369923
1616.399997,14.571691,14.735495
1616.609998,14.541607,13.537514
1616.809997,14.562434,15.231632
1617.010207,14.534664,15.748855
1617.209999,14.557805,15.1842
1617.409998,14.502268,13.834707
1617.609997,14.550864,14.892527
1617.800463,14.518466,14.072788
1617.999998,14.523094,17.52509
1618.209997,14.501111,16.930914
1618.410155,14.479127,17.804546
1618.609997,14.513839,18.412697
1618.809997,14.543921,17.238047
1619.009998,14.558963,17.729038
1619.199999,14.649212,17.564533
1619.409998,14.534664,16.983917
1619.610001,14.567062,15.559428
1619.810001,14.550864,14.116843
1620.010134,14.562434,13.993069
1620.209998,14.607558,14.160195
1620.409999,14.592516,14.071112
1620.600256,14.611029,14.30269
1620.810133,14.615657,12.656194
1620.999998,14.5948305,12.749229
1621.21,14.624914,13.31147
1621.410122,14.659625,13.849109
1621.61003,14.673509,12.2187605
1621.809999,14.674665,12.785016
1621.999997,14.658467,11.794093
1622.210013,14.638798,12.244312
1622.409998,14.601773,11.880107
1622.610009,14.598301,14.162691
1622.809997,14.587889,13.862343
1623.009997,14.568219,15.065975
1623.210001,14.619129,15.977902
1623.399998,14.554335,15.787188
1623.609996,14.599459,13.866882
1623.810027,14.5948305,13.285607
1624.009997,14.550864,14.155155
1624.21,14.55202,14.858917
1624.409998,14.56012,12.883252
1624.610433,14.539293,13.165438
1624.799998,14.554335,13.399919
1625.010004,14.536979,14.013074
1625.209997,14.578632,14.109121
1625.410015,14.580946,16.563995
1625.610001,14.543921,16.575659
1625.809997,14.570533,17.56375
1626.010001,14.565905,16.62642
1626.199998,14.568219,17.031939
1626.409997,14.557805,17.136625
1626.609998,14.578632,18.337606
1626.809996,14.615657,18.093977
1627.009998,14.56012,16.251713
1627.209997,14.601773,15.9024
1627.410011,14.590203,14.767083
1627.599998,14.564748,14.481887
1627.809997,14.543921,15.193573
1628.009998,14.606401,15.667958
1628.209998,14.555491,15.833039
1628.410081,14.607558,15.390514
1628.609997,14.536979,14.774188
1628.809998,14.561277,14.878854
1629,14.518466,15.120732
1629.210004,14.521938,18.38348
1629.409998,14.55202,18.484211
1629.609998,14.498797,17.586987
1629.809996,14.543921,18.316956
1630.009999,14.525409,18.574453
1630.209997,14.557805,17.705265
1630.399998,14.590203,15.493412
1630.610257,14.54855,17.137817
1630.809998,14.567062,16.273111
1631.009997,14.590203,16.297117
1631.209998,14.571691,15.189292
1631.410005,14.587889,15.356466
1631.610001,14.587889,15.345708
1631.799998,14.555491,14.771965
1632.009998,14.520781,14.150489
1632.210264,14.565905,16.160423
1632.409999,14.555491,16.563547
1632.609996,14.584417,15.726062
1632.809998,14.567062,17.817717
1633.010001,14.554335,18.409054
1633.199998,14.5948305,18.20118
1633.409997,14.565905,16.749447
1633.610254,14.592516,15.824273
1633.810011,14.536979,15.734826
1634.009997,14.561277,15.716549
1634.209998,14.535822,16.374033
1634.41007,14.562434,15.578719
1634.599997,14.555491,15.196668
1634.799996,14.543921,15.253561
1635.010001,14.549706,14.520561
1635.209999,14.542765,14.643627
1635.410002,14.571691,14.917564
1635.609997,14.521938,15.383416
1635.809997,14.555491,14.481834
1636.000449,14.554335,14.675622
1636.199997,14.56012,14.885532
1636.409998,14.582103,14.501994
1636.610153,14.56359,14.359956
1636.809997,14.553177,13.7062235
1637.01,14.514996,15.6437
1637.209997,14.535822,16.36435
1637.400003,14.524251,18.222122
1637.609999,14.518466,19.616024
1637.809998,14.461772,18.945648
1638.009997,14.518466,18.687094
1638.210206,14.48607,20.271235
1638.409999,14.450202,20.726128
1638.609997,14.525409,19.072678
1638.799999,14.483755,18.799532
1639.010146,14.571691,17.57312
1639.209998,14.565905,18.050417
1639.409997,14.5323515,17.555658
1639.61015,14.516153,18.0683
1639.809997,14.518466,18.362915
1640.01,14.518466,18.88817
1640.199997,14.542765,16.708952
1640.410102,14.502268,15.494899
1640.610001,14.533508,15.97742
1640.809999,14.530037,18.251434
1641.009998,14.524251,17.138151
1641.210164,14.536979,17.672274
1641.409997,14.541607,17.377209
1641.599999,14.536979,16.07436
1641.809997,14.501111,16.3927
1642.010001,14.55202,15.211
1642.209998,14.541607,15.462008
1642.409998,14.561277,16.02994
1642.61023,14.495326,15.613532
1642.809998,14.510367,16.939041
1642.999997,14.530037,17.084633
1643.210001,14.539293,15.88808
1643.410207,14.509211,16.366306
1643.609997,14.539293,16.97669
1643.810089,14.5323515,16.748705
1644.010002,14.505738,17.366371
1644.210239,14.530037,16.768354
1644.399998,14.4756565,16.915861
1644.599997,14.513839,17.408293
1644.810005,14.531194,16.66259
1645.009998,14.497641,17.681145
1645.210003,14.557805,16.176208
1645.41,14.545079,16.16852
1645.610439,14.517309,18.709682
1645.799998,14.509211,17.684486
1646.01,14.527723,18.451527
1646.21002,14.539293,17.053442
1646.410287,14.520781,16.569258
1646.609998,14.517309,16.696104
1646.810001,14.510367,16.468279
1647.010001,14.509211,17.629759
1647.200258,14.56012,17.1046
1647.409998,14.556649,17.935581
1647.609996,14.572847,17.241411
1647.809996,14.56012,17.29228
1648.009998,14.530037,15.577349
1648.21,14.54855,15.474828
1648.410003,14.520781,14.878103
1648.610179,14.577476,13.521513
1648.81002,14.550864,15.6293335
1649.009998,14.545079,16.556751
1649.209999,14.525409,17.515936
1649.409998,14.550864,16.514666
1649.609998,14.570533,14.999448
1649.809998,14.557805,15.952738
1649.999999,14.545079,17.344864
1650.210123,14.514996,16.600023
1650.409998,14.502268,17.650385
1650.609998,14.519624,17.206154
1650.809997,14.543921,16.678232
1651.010225,14.525409,15.408407
1651.21,14.531194,13.887798
1651.399997,14.534664,13.734773
1651.610009,14.564748,14.6171465
1651.810491,14.534664,13.7837305
1652.009997,14.543921,16.061281
1652.209998,14.557805,16.524576
1652.409997,14.572847,17.275621
1652.609998,14.539293,17.860952
1652.8,14.536979,17.76468
1652.999998,14.501111,17.357782
1653.210003,14.533508,18.493105
1653.410038,14.530037,18.63537
1653.61,14.545079,18.765457
1653.809997,14.547392,16.877947
1654.009997,14.535822,17.111202
1654.199997,14.483755,16.500185
1654.399998,14.527723,15.174795
1654.610001,14.554335,16.464
1654.810414,14.5381365,15.361153
1655.009998,14.55202,16.885353
1655.210002,14.535822,17.165071
1655.409997,14.531194,16.873043
1655.600256,14.54855,15.873351
1655.810001,14.524251,16.084446
1656.009997,14.564748,15.265156
1656.209999,14.523094,14.109333
1656.41,14.524251,14.04659
1656.609999,14.490698,15.400213
1656.809997,14.493012,13.75151
1657.000155,14.508053,15.436035
1657.210002,14.467557,16.761414
1657.410001,14.499953,16.673096
1657.609998,14.516153,16.513086
1657.810365,14.539293,17.51589
1658.01,14.525409,19.078657
1658.209998,14.520781,18.138178
1658.4,14.535822,19.432352
1658.610048,14.567062,19.698803
1658.81,14.578632,18.622149
1659.009998,14.545079,18.206814
1659.209997,14.520781,18.503445
1659.410167,14.513839,18.362206
1659.609996,14.518466,16.93488
1659.799998,14.534664,16.913877
1660.009997,14.56359,14.944303
1660.209998,14.531194,14.35415
1660.409997,14.514996,15.593718
1660.61,14.561277,15.65826
1660.81022,14.561277,14.69424
1661.009997,14.54855,15.290118
1661.199999,14.516153,16.148296
1661.410003,14.533508,16.75277
1661.610116,14.518466,17.03754
1661.809998,14.512681,16.06499
1662.01,14.524251,15.669778
1662.209998,14.498797,14.118787
1662.410187,14.531194,13.741763
1662.599998,14.550864,13.515068
1662.8,14.555491,13.450549
1663.010001,14.481442,13.794442
1663.209998,14.550864,14.800158
1663.409997,14.553177,14.116195
1663.609997,14.56012,13.283011
1663.810162,14.567062,14.434681
1663.999997,14.561277,15.448937
1664.209999,14.519624,16.012682
1664.409999,14.498797,15.787477
1664.610057,14.498797,16.509554
1664.809998,14.528879,16.947369
1665.010001,14.513839,16.66596
1665.209999,14.545079,17.598297
1665.399997,14.510367,16.259142
1665.609997,14.506896,15.081611
1665.809997,14.524251,14.80694
1666.010001,14.493012,14.45787
1666.210124,14.511524,15.499919
1666.409999,14.493012,14.446056
1666.609997,14.497641,15.543726
1666.810097,14.4664,16.820303
1667.010005,14.473342,17.662592
1667.209998,14.467557,18.022251
1667.409999,14.447886,19.259163
1667.609998,14.482598,17.867247
1667.809998,14.521938,16.142248
1668.009997,14.5381365,13.867098
1668.199998,14.493012,15.419148
1668.410078,14.553177,14.612985
1668.609997,14.519624,15.72544
1668.809999,14.509211,15.725376
1669.009997,14.505738,17.20037
1669.210031,14.523094,16.334692
1669.409998,14.499953,17.275806
1669.599997,14.5265665,17.064342
1669.8101,14.519624,16.209528
1670.010463,14.521938,16.574621
1670.209998,14.498797,15.592277
1670.41,14.480285,15.746308
1670.609998,14.513839,15.46777
1670.810158,14.519624,15.950095
1670.999997,14.452517,14.287361
1671.199997,14.481442,13.9726
1671.409998,14.520781,14.194105
1671.61,14.505738,14.596067
1671.809997,14.473342,15.704969
1672.009998,14.4756565,16.255884
1672.209998,14.518466,16.78642
1672.4,14.502268,16.983776
1672.599996,14.524251,17.422596
1672.810007,14.499953,18.067163
1673.010551,14.493012,17.688437
1673.209997,14.467557,16.870789
1673.409998,14.4664,15.577057
1673.610001,14.518466,17.179415
1673.800171,14.54045,15.970077
1674.010009,14.459457,16.322268
1674.209999,14.4664,16.888
1674.410061,14.508053,14.963552
1674.610001,14.517309,16.3378
1674.809998,14.518466,18.843845
1675.009997,14.516153,17.40155
1675.20017,14.459457,16.780924
1675.410007,14.513839,16.86996
1675.609998,14.488383,15.951015
1675.809997,14.488383,16.49874
1676.01033,14.517309,15.919527
1676.209998,14.533508,17.573517
1676.409999,14.501111,16.424717
1676.599998,14.497641,15.658198
1676.81019,14.482598,16.138746
1677.009998,14.467557,15.336241
1677.210002,14.48607,15.75616
1677.41,14.4756565,19.132692
1677.609998,14.453672,19.258348
1677.809999,14.449044,19.217226
1677.999998,14.509211,19.640211
1678.209998,14.503426,18.966103
1678.410018,14.484913,20.61291
1678.609998,14.48607,17.793766
1678.809999,14.483755,17.320202
1679.010675,14.465242,16.788029
1679.209998,14.483755,16.315575
1679.399998,14.464087,17.050484
1679.609997,14.484913,18.808542
1679.810182,14.509211,17.263401
1680.009998,14.488383,18.702934
1680.210001,14.512681,17.192286
1680.409997,14.479127,17.14572
1680.609997,14.48607,17.378693
1680.799999,14.444416,16.845808
1681.000001,14.495326,17.437477
1681.209999,14.47797,18.28507
1681.409998,14.479127,18.559519
1681.609998,14.4421015,18.014656
1681.809999,14.481442,18.503893
1682.010478,14.473342,17.94322
1682.199997,14.476812,16.383211
1682.409998,14.467557,15.822004
1682.609997,14.524251,15.631377
1682.810018,14.471027,15.540934
1683.009997,14.480285,16.61737
1683.210001,14.48607,17.169374
1683.410001,14.460614,17.446733
1683.600123,14.465242,16.037045
1683.809999,14.487227,16.47146
1684.009997,14.449044,15.854083
1684.209999,14.495326,15.851216
1684.409997,14.501111,17.018002
1684.609999,14.487227,17.764143
1684.809997,14.468715,17.21297
1684.999998,14.491855,16.3008
1685.209998,14.462929,17.807013
1685.409997,14.472185,18.514582
1685.609997,14.491855,18.499035
1685.810026,14.504582,19.09084
1686.009997,14.457144,18.438309
1686.210001,14.495326,17.750381
1686.399998,14.453672,18.399403
1686.610405,14.488383,17.09715
1686.809999,14.493012,15.975721
1687.009999,14.518466,16.193876
1687.21,14.48954,14.866353
1687.409999,14.502268,14.890459
1687.61,14.479127,16.151548
1687.799999,14.487227,16.102041
1688.010351,14.493012,16.241772
1688.209999,14.491855,17.38214
1688.409997,14.464087,17.522434
1688.609998,14.4756565,17.033867
1688.809996,14.4745,16.99882
1689.009997,14.4745,17.01992
1689.199998,14.509211,16.790525
1689.409997,14.488383,15.626134
1689.609998,14.467557,15.871319
1689.809999,14.520781,16.064577
1690.009997,14.473342,16.316393
1690.210002,14.471027,17.88877
1690.41002,14.496483,17.170485
1690.599997,14.501111,17.27692
1690.810049,14.479127,17.021608
1691.010481,14.464087,16.695244
1691.210001,14.496483,17.095919
1691.410001,14.458302,16.916452
1691.610002,14.460614,18.13815
1691.810225,14.488383,18.035057
1691.999998,14.487227,16.061657
1692.199997,14.501111,15.949671
1692.409997,14.495326,14.954601
1692.609998,14.495326,15.95183
1692.809998,14.491855,13.926111
1693.010005,14.494168,13.345593
1693.209997,14.464087,12.562987
1693.399997,14.505738,15.753065
1693.599997,14.4421015,16.644608
1693.809999,14.493012,17.816164
1694.010264,14.498797,16.657125
1694.209998,14.447886,14.635024
1694.410001,14.4698715,16.233421
1694.609997,14.446731,17.100986
1694.799996,14.473342,18.154446
1695.009999,14.482598,17.527754
1695.210001,14.48954,15.5679035
1695.41,14.501111,16.460592
1695.610139,14.491855,16.431046
1695.809998,14.457144,15.683801
1696.009996,14.452517,14.504461
1696.200002,14.476812,16.220152
1696.410264,14.461772,15.459934
1696.609999,14.461772,17.191551
1696.809999,14.484913,16.726797
1697.010304,14.454829,19.173454
1697.210044,14.518466,18.214678
1697.409997,14.4664,16.672338
1697.599999,14.462929,18.812483
1697.809997,14.502268,16.713547
1698.009998,14.447886,16.700478
1698.210001,14.4756565,16.86248
1698.409998,14.501111,16.26966
1698.610008,14.481442,16.725542
1698.809998,14.487227,17.782896
1698.999998,14.488383,20.347658
1699.209998,14.523094,18.848732
1699.410063,14.481442,19.155525
1699.61,14.467557,18.38986
1699.810002,14.451359,17.588535
1700.010081,14.465242,18.12382
1700.210002,14.461772,18.410858
1700.399998,14.4756565,19.984888
1700.599998,14.439789,19.015152
1700.809997,14.4756565,20.076975
1701.009997,14.468715,19.429522
1701.209999,14.48607,18.181683
1701.410001,14.464087,16.514183
1701.610232,14.458302,17.398773
1701.8,14.443259,16.279337
1702.009998,14.48607,15.407518
1702.209998,14.4698715,14.486868
1702.410068,14.473342,16.316673
1702.609998,14.455987,16.600851
1702.809998,14.444416,16.670729
1703.010035,14.4698715,15.933213
1703.199997,14.497641,15.904123
1703.409998,14.4664,14.875003
1703.609997,14.444416,15.985247
1703.809998,14.4698715,14.640802
1704.009998,14.464087,15.440191
1704.21,14.495326,15.472748
1704.409998,14.451359,15.635814
1704.60004,14.405078,17.171364
1704.809997,14.465242,17.35203
1705.009997,14.449044,17.180239
1705.209998,14.454829,16.395954
1705.409998,14.48607,16.43272
1705.609999,14.438631,14.854027
1705.809997,14.449044,13.498197
1706.010331,14.4421015,14.837927
1706.209996,14.458302,16.4028
1706.41,14.4363165,16.6134
1706.609997,14.480285,15.990546
1706.810008,14.458302,14.946866
1707.009997,14.437474,15.620231
1707.209998,14.460614,16.86961
1707.399998,14.455987,16.645645
1707.610363,14.467557,16.359085
1707.809998,14.48607,16.124567
1708.009999,14.416648,13.860817
1708.209999,14.484913,14.41928
1708.410013,14.454829,16.49159
1708.610002,14.488383,17.920118
1708.799998,14.483755,16.899324
1709.010509,14.449044,16.593405
1709.21,14.454829,17.881336
1709.409998,14.488383,16.706932
1709.609998,14.446731,17.213966
1709.810037,14.48954,18.548485
1710.009998,14.467557,17.919384
1710.199998,14.458302,15.41825
1710.410001,14.468715,16.591072
1710.610001,14.476812,15.947568
1710.809999,14.48607,17.811073
1711.009997,14.495326,17.416382
1711.209997,14.434003,15.773586
1711.409997,14.450202,15.801157
1711.599998,14.482598,16.282703
1711.809997,14.458302,18.754448
1712.010334,14.487227,18.03331
1712.209998,14.504582,17.713806
1712.410003,14.435161,17.673162
1712.609999,14.451359,18.296436
1712.810034,14.460614,16.587704
1712.999998,14.468715,16.58696
1713.210001,14.420118,16.644135
1713.409998,14.472185,15.225775
1713.610162,14.450202,16.666002
1713.809997,14.460614,17.641027
1714.009998,14.450202,18.38964
1714.209997,14.464087,18.581717
1714.400452,14.462929,17.421116
1714.61,14.487227,16.423721
1714.809997,14.452517,16.86791
1715.010374,14.465242,15.78456
1715.209998,14.462929,16.333902
1715.409997,14.443259,16.440958
1715.609997,14.443259,17.311571
1715.800286,14.498797,16.394331
1716.009997,14.457144,16.881153
1716.210001,14.476812,19.5676
1716.410046,14.4698715,19.451658
1716.610393,14.444416,18.026545
1716.81,14.476812,16.335411
1717.009997,14.462929,17.659233
1717.200195,14.451359,17.765556
1717.410009,14.462929,18.050251
1717.61,14.4421015,16.64387
1717.809998,14.48607,17.374592
1718.010263,14.445574,16.808344
1718.209997,14.451359,16.952188
1718.410001,14.451359,15.767344
1718.599997,14.479127,16.476221
1718.81011,14.457144,16.136383
1719.009998,14.450202,15.411663
1719.209997,14.468715,14.521571
1719.409998,14.4664,14.855164
1719.610001,14.472185,14.304704
1719.810001,14.41549,14.662382
1719.999999,14.445574,15.53963
1720.209997,14.462929,15.171752
1720.410003,14.454829,13.614286
1720.609997,14.4421015,15.336432
1720.810087,14.481442,17.8348
1721.010222,14.468715,18.029484
1721.209997,14.459457,17.84746
1721.399997,14.431688,17.433952
1721.609997,14.458302,18.15807
1721.810138,14.462929,17.264069
1722.009997,14.41549,19.024567
1722.209998,14.434003,19.584732
1722.41,14.425903,18.5303
1722.610257,14.443259,17.792353
1722.799998,14.439789,17.31789
1722.999999,14.413176,18.349998
1723.209997,14.4363165,16.15075
1723.409997,14.437474,15.374123
1723.609999,14.447886,14.875659
1723.810055,14.447886,16.279093
1724.010356,14.461772,17.371248
1724.199999,14.464087,17.912592
1724.409999,14.479127,17.50879
1724.609997,14.503426,16.606747
1724.810086,14.437474,15.906859
1725.009996,14.488383,14.535914
1725.21,14.521938,15.18026
1725.409997,14.4363165,14.134601
1725.600165,14.467557,13.153422
1725.809999,14.450202,16.633354
1726.009998,14.455987,16.82654
1726.209998,14.446731,16.184088
1726.410036,14.513839,15.732912
1726.609998,14.480285,15.40709
1726.81,14.504582,15.915033
1726.999998,14.427061,17.693752
1727.210002,14.414333,17.332378
1727.409997,14.47797,16.76742
1727.61,14.47797,17.715271
1727.810025,14.473342,16.465178
1728.009998,14.476812,16.662218
1728.210001,14.439789,15.017928
1728.399996,14.488383,15.146848
1728.610156,14.464087,16.686468
1728.810003,14.48607,15.67863
1729.009997,14.464087,15.153274
1729.210002,14.4698715,14.262347
1729.410064,14.464087,15.15505
1729.609999,14.443259,13.641124
1729.8,14.437474,14.553811
1730.009999,14.443259,14.918488
1730.210649,14.467557,16.348255
1730.409998,14.402762,16.705608
1730.610005,14.431688,16.42762
1730.809997,14.471027,15.531206
1731.009998,14.490698,17.155825
1731.199997,14.4664,17.504372
1731.4,14.409705,16.894514
1731.61,14.437474,16.926332
1731.810021,14.434003,18.132793
1732.009998,14.4745,18.024044
1732.209997,14.455987,16.370428
1732.410016,14.409705,16.445353
1732.599997,14.432846,18.283043
1732.8,14.439789,18.0623
1733.009997,14.454829,16.844797
1733.210458,14.449044,17.838665
1733.409997,14.464087,17.77339
1733.609997,14.4664,15.924064
1733.810002,14.405078,16.260399
1733.999997,14.420118,18.029709
1734.209999,14.428218,17.528196
1734.410001,14.4363165,15.163319
1734.609998,14.393507,15.904318
1734.809998,14.439789,17.446491
1735.010001,14.393507,17.515095
1735.209997,14.435161,18.513145
1735.400192,14.449044,16.453043
1735.609997,14.451359,15.73151
1735.81,14.450202,16.397778
1736.009998,14.451359,16.250366
1736.21044,14.439789,17.416592
1736.409997,14.468715,17.447176
1736.609997,14.413176,16.177786
1736.799998,14.408548,15.493146
1737.010032,14.476812,14.132875
1737.209998,14.459457,15.115844
1737.409997,14.420118,14.848428
1737.610003,14.459457,16.164217
1737.809996,14.432846,17.19177
1738.009998,14.457144,16.65854
1738.199998,14.452517,16.354187
1738.410012,14.482598,16.83328
1738.609998,14.453672,15.079203
1738.809999,14.476812,14.747059
1739.010038,14.423591,16.992275
1739.21049,14.47797,15.348872
1739.409998,14.4421015,16.086596
1739.599998,14.443259,16.029518
1739.810086,14.451359,16.043774
1740.010019,14.427061,17.264225
1740.209997,14.431688,17.278984
1740.409998,14.439789,18.49383
1740.610008,14.394665,17.87852
1740.809997,14.401606,17.394625
1740.999998,14.440946,16.611956
1741.210001,14.482598,14.809049
1741.41017,14.459457,14.714233
1741.609999,14.473342,14.057079
1741.809999,14.4247465,15.557734
1742.010183,14.39235,15.26706
1742.210505,14.453672,15.1489935
1742.399998,14.446731,16.653545
1742.599997,14.467557,16.583097
1742.809998,14.449044,16.781599
1743.010023,14.449044,16.694603
1743.210001,14.4421015,16.70757
1743.409998,14.471027,16.31127
1743.609997,14.444416,16.120584
1743.799998,14.444416,16.302042
1744.009998,14.458302,13.921036
1744.209998,14.4698715,14.929476
1744.409997,14.479127,15.513238
1744.609998,14.439789,15.091725
1744.81,14.450202,14.379215
1745.010147,14.4698715,15.863136
1745.200249,14.446731,16.63359
1745.409997,14.497641,15.882171
1745.609998,14.462929,14.946859
1745.809999,14.460614,15.797171
1746.010008,14.467557,16.424913
1746.21,14.438631,17.086283
1746.409997,14.480285,15.340248
1746.599997,14.464087,16.215263
1746.809997,14.472185,17.428358
1747.009997,14.417805,16.204454
1747.209997,14.432846,17.003912
1747.410213,14.460614,15.449249
1747.609998,14.399292,16.138306
1747.809999,14.427061,16.430426
1748.01021,14.435161,16.20935
1748.210516,14.472185,16.168827
1748.409997,14.458302,16.589874
1748.610001,14.476812,17.306911
1748.809997,14.472185,15.507468
1749.010016,14.444416,14.981471
1749.209997,14.462929,14.047956
1749.399997,14.460614,13.517703
1749.610123,14.490698,14.926158
1749.809998,14.479127,14.976847
1750.01,14.445574,15.65394
1750.209997,14.455987,15.2682705
1750.410078,14.447886,14.658607
1750.609999,14.4421015,13.999784
1750.799997,14.495326,14.251868
1751.010004,14.476812,16.077612
1751.210678,14.467557,17.093573
1751.409998,14.451359,16.156021
1751.609997,14.490698,14.289404
1751.809997,14.440946,14.491368
1752.009998,14.457144,15.754292
1752.199997,14.488383,15.04689
1752.41,14.4664,15.191324
1752.609998,14.472185,14.623144
1752.809997,14.487227,15.541792
1753.009998,14.414333,16.493889
1753.209997,14.462929,15.077827
1753.410168,14.494168,17.205639
1753.599997,14.440946,18.570787
1753.799999,14.418962,17.59159
1754.01005,14.449044,16.654072
1754.210538,14.458302,15.754125
1754.409997,14.460614,16.145538
1754.610001,14.444416,16.262106
1754.809997,14.476812,17.463705
1755.00001,14.449044,16.340363
1755.209997,14.437474,17.102222
1755.409999,14.437474,17.630842
1755.610003,14.4698715,17.346413
1755.809998,14.444416,18.02135
1756.009998,14.440946,16.642393
1756.209997,14.4421015,16.985771
1756.400305,14.446731,17.055826
1756.609997,14.47797,16.357058
1756.809999,14.453672,16.372433
1757.010019,14.458302,17.078876
1757.21068,14.4363165,16.99108
1757.410001,14.449044,17.42959
1757.609997,14.4421015,17.30496
1757.800089,14.443259,16.943302
1758.010014,14.490698,17.070202
1758.21,14.421276,17.275894
1758.409998,14.402762,16.09525
1758.610144,14.440946,14.73276
1758.809998,14.440946,16.298765
1759.009997,14.465242,16.019312
1759.199997,14.460614,16.923641
1759.410067,14.431688,16.943094
1759.609998,14.447886,16.001968
1759.809999,14.451359,16.5953
1760.010108,14.454829,16.611876
1760.210018,14.413176,13.548617
1760.409998,14.4664,14.013978
1760.599998,14.439789,13.808153
1760.810008,14.428218,15.007606
1761.009997,14.439789,15.736035
1761.209999,14.440946,15.703784
1761.409998,14.432846,16.377768
1761.610297,14.428218,16.44784
1761.81,14.439789,15.563015
1761.999998,14.449044,16.733362
1762.209998,14.414333,16.16608
1762.409998,14.416648,15.501361
1762.609998,14.41202,16.610882
1762.809998,14.402762,16.537518
1763.010114,14.453672,16.08697
1763.210021,14.401606,15.753711
1763.399997,14.388879,18.472898
1763.599997,14.4247465,20.339607
1763.809997,14.443259,20.796963
1764.009998,14.467557,19.729815
1764.209999,14.460614,17.56188
1764.410004,14.455987,18.455627
1764.610037,14.518466,16.860455
1764.8,14.465242,15.421302
1765.009997,14.407391,15.618656
1765.209998,14.41549,15.489511
1765.410116,14.462929,16.67167
1765.610007,14.399292,16.285343
1765.809997,14.4664,16.400524
1766.010141,14.473342,15.531217
1766.199997,14.4756565,14.162221
1766.410013,14.454829,13.636394
1766.609997,14.460614,15.01779
1766.809996,14.4698715,14.802197
1767.009999,14.457144,15.1052685
1767.209997,14.471027,14.956165
1767.410004,14.48607,15.897842
1767.600003,14.439789,15.9169445
1767.809997,14.435161,13.799987
1768.009997,14.4421015,16.255379
1768.209998,14.422433,16.481152
1768.409997,14.447886,17.856377
1768.609998,14.458302,17.855244
1768.809998,14.488383,16.742329
1769.010109,14.495326,15.650156
1769.210484,14.502268,14.049479
1769.409998,14.402762,12.221435
1769.610001,14.377309,13.696937
1769.809996,14.432846,14.644984
1770.009998,14.451359,17.497026
1770.209998,14.439789,16.499407
1770.399997,14.452517,16.096466
1770.609997,14.452517,19.1085
1770.809998,14.446731,17.925396
1771.009997,14.440946,19.345415
1771.209998,14.437474,17.85294
1771.410017,14.453672,16.835663
1771.609998,14.421276,15.724518
1771.799997,14.449044,14.20451
1772.01,14.458302,14.055064
1772.210498,14.482598,13.453001
1772.409998,14.41202,13.578586
1772.609996,14.445574,14.565546
1772.809997,14.437474,14.369396
1773.009998,14.435161,12.755815
1773.199997,14.440946,13.788591
1773.409999,14.4421015,12.916394
1773.610002,14.425903,14.324158
1773.809997,14.462929,14.897218
1774.009998,14.444416,14.278442
1774.209998,14.449044,14.302521
1774.410057,14.450202,14.469322
1774.599997,14.444416,15.16097
1774.799998,14.450202,14.647843
1775.010024,14.4305315,15.0821905
1775.210014,14.446731,14.71975
1775.409998,14.447886,16.741766
1775.609996,14.445574,15.480537
1775.809997,14.446731,13.451593
1776.000044,14.429376,13.785207
1776.21,14.462929,14.873074
1776.409998,14.413176,13.820055
1776.609997,14.458302,15.958034
1776.810009,14.401606,15.761308
1777.009998,14.421276,15.785131
1777.209997,14.395821,14.676071
1777.40029,14.427061,15.119276
1777.609997,14.410863,18.098017
1777.810001,14.402762,18.897472
1778.010066,14.381937,18.318106
1778.210429,14.437474,19.186876
1778.409999,14.395821,18.129456
1778.609996,14.4305315,18.2262
1778.799998,14.427061,17.460726
1779.009997,14.439789,18.019823
1779.209997,14.440946,19.124397
1779.409999,14.439789,17.89041
1779.610001,14.394665,17.958971
1779.810013,14.405078,18.64128
1780.009998,14.4247465,17.782259
1780.199998,14.460614,15.45842
1780.409996,14.408548,14.807401
1780.609997,14.4247465,14.617147
1780.809999,14.451359,17.196247
1781.009997,14.402762,17.205612
1781.210436,14.449044,16.519693
1781.409998,14.414333,16.24655
1781.599998,14.462929,16.735151
1781.809997,14.427061,15.3968
1782.009998,14.420118,18.138985
1782.210001,14.418962,18.514816
1782.409997,14.435161,18.633734
1782.609997,14.443259,17.014917
1782.809998,14.410863,16.015368
1782.999997,14.450202,15.5275755
1783.209996,14.467557,15.591154
1783.409997,14.48954,15.302143
1783.61,14.482598,14.418668
1783.809997,14.496483,14.604192
1784.01,14.476812,14.283679
1784.210432,14.468715,14.359966
1784.400012,14.434003,15.027237
1784.610001,14.439789,16.716362
1784.809996,14.417805,17.971626
1785.01015,14.437474,16.884096
1785.21,14.422433,15.5357065
1785.409997,14.446731,16.522154
1785.609997,14.4247465,17.954666
1785.800009,14.4305315,17.588186
1786.009997,14.450202,17.630604
1786.209997,14.407391,16.251627
1786.409996,14.402762,17.599972
1786.609998,14.432846,15.833257
1786.809999,14.443259,15.674928
1787.01,14.450202,14.704148
1787.200018,14.480285,14.572162
1787.409998,14.409705,15.44813
1787.609998,14.41549,17.96684
1787.809998,14.467557,19.40283
1788.010003,14.423591,19.302355
1788.209998,14.413176,17.066183
1788.409998,14.48607,15.654911
1788.6,14.465242,14.573235
1788.809999,14.432846,15.724268
1789.009997,14.408548,15.228894
1789.209997,14.449044,15.397985
1789.410051,14.439789,15.239623
1789.609998,14.4363165,16.53174
1789.809997,14.378465,16.960596
1790.010024,14.416648,17.694689
1790.209998,14.405078,16.797462
1790.409996,14.439789,15.943124
1790.609997,14.458302,14.9905815
1790.809997,14.4664,15.063022
1791.009998,14.402762,16.20191
1791.209998,14.444416,16.273945
1791.399997,14.460614,16.225824
1791.609999,14.40392,17.288506
1791.809997,14.402762,17.377214
1792.009998,14.368052,16.068434
1792.210001,14.417805,15.53999
1792.410018,14.416648,15.051865
1792.609997,14.428218,15.053173
1792.799998,14.439789,16.148111
1793.009999,14.451359,14.709861
1793.210472,14.4305315,13.605883
1793.409997,14.446731,14.84356
1793.609998,14.458302,15.48635
1793.809996,14.457144,16.200167
1794.009998,14.437474,16.361416
1794.199999,14.488383,17.939373
1794.399998,14.454829,15.714991
1794.61001,14.445574,14.813217
1794.809998,14.476812,16.36849
1795.009997,14.460614,17.00786
1795.209997,14.476812,17.72865
1795.410003,14.473342,15.754093
1795.600047,14.476812,15.533203
1795.810011,14.472185,15.839207
1796.009997,14.440946,16.277254
1796.21025,14.434003,15.745165
1796.409998,14.499953,14.447539
1796.609998,14.472185,13.914135
1796.809997,14.476812,13.531047
1796.999998,14.4305315,12.817822
1797.209997,14.459457,13.321959
1797.409999,14.467557,14.227402
1797.61,14.468715,14.092034
1797.810106,14.457144,14.209666
1798.009998,14.452517,13.98163
1798.209997,14.455987,14.31927
1798.399999,14.444416,14.465738
1798.610202,14.41202,14.382061
1798.81,14.449044,13.486011
1799.01,14.449044,13.495473
1799.210176,14.465242,13.467985
1799.409997,14.460614,14.172353
1799.609998,14.471027,14.394943
1799.799998,14.488383,15.432337
1800.009996,14.468715,14.786959
1800.209998,14.453672,15.41896
1800.409999,14.429376,16.33738
1800.609998,14.451359,18.098759
1800.810165,14.480285,16.200872
1801.009998,14.48607,14.660454
1801.199998,14.464087,13.509472
1801.409996,14.503426,13.369532
1801.610121,14.473342,12.808276
1801.809997,14.451359,13.491277
1802.009998,14.438631,12.9407
1802.210076,14.449044,15.019644
1802.41,14.446731,16.26679
1802.599998,14.455987,14.09359
1802.809997,14.452517,13.565038
1803.009997,14.447886,13.874555
1803.209998,14.4698715,14.028788
1803.409997,14.453672,14.467071
1803.609998,14.471027,14.410864
1803.810103,14.461772,14.416122
1804.000001,14.454829,14.180757
1804.209998,14.476812,14.590743
1804.409997,14.471027,15.172746
1804.610086,14.454829,15.5146265
1804.809998,14.4363165,16.051664
1805.009999,14.407391,15.416319
1805.210025,14.428218,15.630398
1805.400107,14.455987,15.074323
1805.609997,14.4756565,14.288384
1805.810001,14.487227,14.341858
1806.009996,14.488383,13.690664
1806.21,14.490698,13.744407
1806.409998,14.495326,12.425404
1806.609997,14.481442,12.196972
1806.799996,14.501111,12.279739
1807.011999,14.483755,11.88433
1807.209999,14.457144,11.104244
1807.409998,14.460614,12.692402
1807.61006,14.4745,12.619877
1807.809998,14.4745,12.702191
1808.01,14.468715,15.978341
1808.209998,14.459457,15.90635
1808.410453,14.434003,15.5802555
1808.610001,14.4664,14.436106
1808.809997,14.454829,16.491982
1809.009996,14.409705,17.128477
1809.210002,14.454829,16.240742
1809.409997,14.451359,17.383097
1809.599997,14.427061,17.328304
1809.810007,14.449044,16.864756
1810.009997,14.453672,17.174143
1810.209997,14.447886,17.561195
1810.410001,14.4305315,16.63813
1810.610072,14.423591,15.227247
1810.809998,14.423591,15.004801
1810.999997,14.432846,15.341051
1811.210084,14.454829,17.44223
1811.41051,14.438631,17.580082
1811.609997,14.444416,17.670372
1811.810001,14.449044,17.944122
1812.009996,14.414333,17.347822
1812.210002,14.457144,16.736135
1812.399997,14.414333,15.742021
1812.609997,14.461772,16.511017
1812.810012,14.408548,16.99871
1813.009998,14.417805,18.98594
1813.209999,14.446731,17.789217
1813.41,14.414333,17.03924
1813.610017,14.460614,17.964964
1813.799997,14.491855,20.632757
1813.999997,14.481442,19.820984
1814.210031,14.459457,17.248558
1814.410444,14.422433,15.660663
1814.61001,14.41202,16.566053
1814.809997,14.399292,17.096245
1815.009997,14.420118,16.235313
1815.200223,14.472185,15.972546
1815.409997,14.432846,15.812213
1815.609998,14.407391,16.982792
1815.809997,14.418962,16.471983
1816.009999,14.434003,16.499079
1816.210001,14.414333,16.689394
1816.409999,14.410863,17.916576
1816.600204,14.451359,17.605371
1816.809998,14.350697,17.560146
1817.009999,14.402762,15.943054
1817.209999,14.41549,17.02238
1817.410364,14.41549,15.73393
1817.609998,14.438631,18.094091
1817.809996,14.431688,17.44815
1818.000008,14.398135,16.988733
1818.210142,14.422433,16.12538
1818.409998,14.432846,15.533908
1818.61,14.416648,16.4364
1818.810001,14.460614,16.107538
1819.010261,14.4305315,15.672256
1819.209998,14.4305315,16.032959
1819.399999,14.437474,16.036667
1819.609998,14.439789,15.487301
1819.810001,14.476812,17.074142
1820.009997,14.451359,16.586702
1820.210006,14.440946,16.674353
1820.410297,14.413176,16.115995
1820.609998,14.388879,16.41044
1820.800011,14.407391,19.446379
1821.009996,14.427061,17.995249
1821.210015,14.423591,17.435654
1821.409996,14.416648,18.120852
1821.609997,14.446731,17.231613
1821.809997,14.445574,16.65274
1822.009997,14.453672,16.146765
1822.199998,14.414333,15.944999
1822.400111,14.394665,16.020216
1822.609999,14.409705,15.016857
1822.810028,14.447886,15.639386
1823.009997,14.4421015,16.576426
1823.209997,14.4745,16.78562
1823.410231,14.434003,16.899345
1823.599998,14.369209,16.048506
1823.809996,14.40392,16.511408
1824.010002,14.401606,16.544785
1824.209998,14.458302,17.081804
1824.409998,14.41202,18.479025
1824.61,14.446731,16.706812
1824.809997,14.452517,17.377926
1824.999997,14.437474,16.196857
1825.209999,14.406235,16.73911
1825.409996,14.451359,18.305447
1825.610003,14.450202,17.765106
1825.810062,14.445574,15.326614
1826.009998,14.432846,15.196272
1826.209998,14.458302,15.816915
1826.410287,14.476812,16.342304
1826.610007,14.454829,17.567406
1826.809997,14.449044,17.484503
1827.009998,14.443259,16.540787
1827.209997,14.449044,15.97924
1827.409998,14.458302,13.683777
1827.609997,14.465242,15.68047
1827.799997,14.417805,15.875957
1828.01007,14.445574,14.8380375
1828.21,14.417805,14.408876
1828.409996,14.444416,14.8904705
1828.609997,14.435161,15.875591
1828.810038,14.458302,17.869286
1829.009997,14.440946,18.405207
1829.199998,14.432846,17.564548
1829.409998,14.437474,15.499011
1829.610672,14.439789,15.723768
1829.809998,14.439789,16.602236
1830.009997,14.452517,17.769524
1830.21,14.434003,18.64316
1830.409997,14.391192,17.4772
1830.599997,14.439789,19.688807
1830.809998,14.414333,18.2958
1831.009998,14.41202,16.192184
1831.21,14.414333,15.532128
1831.409996,14.454829,14.680432
1831.609998,14.4305315,13.9540415
1831.810046,14.381937,15.613975
1831.999998,14.4421015,15.216052
1832.199997,14.459457,14.156821
1832.409997,14.408548,14.133043
1832.610441,14.450202,15.031522
1832.809997,14.428218,15.5382595
1833.009998,14.437474,14.9598
1833.209999,14.451359,14.91613
1833.400229,14.454829,14.5342655
1833.609997,14.416648,12.813531
1833.810001,14.425903,14.454367
1834.009997,14.48607,14.895267
1834.210003,14.446731,14.611825
1834.410001,14.446731,13.742925
1834.610001,14.472185,14.355185
1834.800136,14.453672,14.581943
1835.009997,14.428218,15.562117
1835.209998,14.454829,14.818936
1835.410063,14.4664,16.415524
1835.610382,14.458302,16.399675
1835.809997,14.447886,15.7638855
1836.009996,14.458302,15.14994
1836.199998,14.4305315,14.190836
1836.410003,14.418962,14.077488
1836.609999,14.425903,15.128479
1836.81,14.4305315,17.462769
1837.009997,14.391192,17.360603
1837.210226,14.425903,15.699075
1837.409999,14.439789,16.124136
1837.599999,14.401606,16.112797
1837.809996,14.410863,16.040699
1838.010145,14.435161,15.836833
1838.209997,14.437474,17.341694
1838.409999,14.40392,17.859383
1838.610086,14.41202,17.332197
1838.809998,14.418962,16.793406
1838.999997,14.410863,16.199915
1839.209997,14.440946,15.943281
1839.409996,14.4305315,15.954157
1839.609998,14.445574,16.635208
1839.809997,14.4305315,17.060287
1840.009998,14.405078,16.989525
1840.210024,14.446731,17.033312
1840.399998,14.379622,16.330313
1840.609998,14.41202,16.473883
1840.809997,14.405078,15.38116
1841.010038,14.425903,15.536368
1841.21,14.40045,16.473164
1841.409999,14.437474,17.747904
1841.609997,14.465242,16.835905
1841.800094,14.449044,18.009119
1842.01,14.476812,16.693373
1842.209997,14.462929,16.04833
1842.409998,14.429376,15.181046
1842.610206,14.457144,16.164179
1842.809998,14.437474,15.926552
1843.01,14.459457,16.08385
1843.2,14.4305315,16.339487
1843.409997,14.452517,16.824368
1843.609998,14.4305315,16.135149
1843.810008,14.449044,15.21427
1844.009996,14.471027,14.919155
1844.209997,14.454829,16.107859
1844.409998,14.440946,15.452777
1844.599998,14.431688,16.086636
1844.810291,14.460614,18.180824
1845.009997,14.473342,15.773122
1845.209999,14.443259,15.775538
1845.409997,14.437474,15.248256
1845.610076,14.439789,15.756099
1845.809998,14.432846,17.03675
1845.999996,14.439789,15.593917
1846.209997,14.446731,16.565775
1846.409999,14.402762,16.98507
1846.609998,14.459457,15.769479
1846.809997,14.447886,15.301486
1847.009997,14.413176,15.208504
1847.209998,14.460614,16.484312
1847.399997,14.418962,14.800385
1847.610001,14.450202,14.6512375
1847.81045,14.429376,15.021372
1848.01,14.4305315,14.103885
1848.209997,14.468715,14.4633465
1848.410002,14.455987,14.241227
1848.610044,14.432846,15.317595
1848.799998,14.450202,15.569126
1848.999996,14.421276,14.849468
1849.209999,14.414333,14.915508
1849.409999,14.420118,15.110359
1849.609998,14.429376,14.579137
1849.809997,14.420118,14.605002
1850.009998,14.455987,15.119433
1850.199999,14.437474,14.614371
1850.399998,14.420118,13.238986
1850.609998,14.443259,12.9877205
1850.810349,14.452517,13.674464
1851.009997,14.4363165,14.8713255
1851.209998,14.462929,13.823274
1851.409996,14.449044,14.108886
1851.600123,14.465242,13.291284
1851.809997,14.459457,13.820652
1852.010001,14.406235,13.844999
1852.209998,14.472185,12.211916
1852.410225,14.417805,13.127258
1852.609998,14.390036,14.238588
1852.809996,14.4247465,16.702692
1853.00017,14.391192,18.340014
1853.210003,14.370366,18.434343
1853.409998,14.386564,19.06905
1853.609997,14.407391,18.625916
1853.810194,14.428218,17.645983
1854.009996,14.4421015,16.565552
1854.210002,14.4698715,15.910354
1854.399997,14.4745,16.875992
1854.610002,14.353011,19.127422
1854.809998,14.2997875,18.982811
1855.010107,14.297472,19.575493
1855.209997,14.32987,18.670961
1855.409998,14.399292,18.448776
1855.609996,14.41202,19.725842
1855.799998,14.408548,20.307901
1856.010001,14.453672,17.48923
1856.210001,14.40392,15.856018
1856.409997,14.455987,14.614115
1856.609999,14.4305315,15.490933
1856.810215,14.429376,16.421528
1857.009999,14.434003,15.450677
1857.199997,14.443259,13.539922
1857.409997,14.423591,16.642794
1857.610114,14.408548,16.62121
1857.809998,14.443259,16.231281
1858.01,14.40045,16.71492
1858.209999,14.439789,17.013512
1858.410173,14.420118,16.537748
1858.599997,14.457144,16.992851
1858.809998,14.41549,17.112066
1859.009998,14.434003,15.928752
1859.209997,14.439789,14.805782
1859.409998,14.41202,14.1757555
1859.609998,14.427061,15.6099205
1859.810191,14.4305315,16.019648
1860.000016,14.457144,18.294767
1860.209997,14.429376,17.010233
1860.409996,14.4756565,16.258862
1860.609997,14.472185,14.375306
1860.809998,14.443259,14.920173
1861.009997,14.4305315,16.097746
1861.209997,14.4247465,14.6315775
1861.399996,14.4305315,14.081592
1861.609997,14.439789,16.900932
1861.809998,14.427061,17.709866
1862.009997,14.406235,17.040003
1862.210033,14.39235,15.335851
1862.409997,14.409705,16.666075
1862.610001,14.409705,16.756483
1862.809999,14.405078,16.94971
1863.010483,14.423591,17.243177
1863.21,14.440946,16.319561
1863.409999,14.409705,15.83871
1863.609996,14.387722,14.85509
1863.810001,14.401606,15.446234
1864.010001,14.393507,14.559149
1864.199998,14.431688,15.33852
1864.409997,14.421276,16.80774
1864.610024,14.4247465,15.75616
1864.809998,14.386564,15.207191
1865.009999,14.428218,17.291433
1865.209997,14.381937,15.986922
1865.409999,14.356482,15.411225
1865.599997,14.376152,18.469904
1865.81,14.422433,17.562506
1866.010388,14.458302,16.065653
1866.209997,14.444416,13.93858
1866.409997,14.4421015,15.401132
1866.610003,14.405078,15.152098
1866.810148,14.393507,15.452414
1866.999997,14.4247465,17.268665
1867.199997,14.395821,18.124765
1867.409997,14.413176,18.414244
1867.609998,14.437474,18.122635
1867.809997,14.444416,16.64006
1868.010001,14.363424,19.718033
1868.209997,14.319457,18.43043
1868.400008,14.353011,17.844263
1868.599998,14.363424,19.605364
1868.809997,14.401606,19.055443
1869.010214,14.40392,17.966434
1869.209997,14.418962,17.847723
1869.409998,14.359953,16.885096
1869.609997,14.418962,16.246367
1869.800015,14.446731,15.730328
1870.009997,14.4247465,14.18209
1870.209998,14.391192,15.121213
1870.409998,14.396977,15.270711
1870.610219,14.40045,16.282957
1870.809998,14.427061,15.404819
1871.009997,14.401606,13.67612
1871.200017,14.374994,13.507378
1871.409999,14.414333,14.017848
1871.610001,14.417805,13.656957
1871.809998,14.390036,13.614089
1872.010238,14.370366,16.512173
1872.209998,14.40392,17.217049
1872.409996,14.439789,16.512058
1872.599997,14.407391,16.137905
1872.810036,14.425903,15.1304455
1873.010001,14.458302,14.234253
1873.209997,14.407391,15.629185
1873.409998,14.395821,16.35595
1873.610222,14.409705,16.685745
1873.809996,14.429376,17.867624
1873.999996,14.390036,17.019135
1874.209999,14.398135,18.05655
1874.410012,14.439789,19.02158
1874.61,14.462929,16.867786
1874.810003,14.440946,16.702948
1875.010363,14.40392,16.012867
1875.209998,14.369209,15.317537
1875.399998,14.427061,15.990799
1875.609997,14.378465,15.76675
1875.810088,14.432846,14.293343
1876.009996,14.402762,14.955968
1876.210002,14.358796,14.640322
1876.409999,14.390036,15.973997
1876.610201,14.402762,16.393923
1876.799998,14.402762,17.558113
1877.010001,14.444416,17.54206
1877.209997,14.41202,15.563396
1877.41,14.420118,15.617738
1877.609997,14.414333,15.403414
1877.809998,14.427061,15.669588
1878.010167,14.462929,15.625123
1878.199998,14.451359,15.669615
1878.41,14.431688,15.350785
1878.609996,14.459457,13.844213
1878.81001,14.453672,13.443539
1879.010001,14.402762,12.601512
1879.209997,14.40392,14.009822
1879.409997,14.37268,15.368141
1879.600045,14.417805,15.095056
1879.809997,14.405078,14.548879
1880.009998,14.394665,14.504603
1880.209997,14.409705,15.316326
1880.410103,14.388879,17.69203
1880.609998,14.402762,16.660275
1880.811917,14.40392,17.805176
1881.010123,14.396977,17.88475
1881.210046,14.439789,18.010586
1881.409996,14.402762,17.460754
1881.609997,14.371524,18.831148
1881.809997,14.381937,17.910301
1882.01,14.394665,18.38048
1882.209997,14.405078,19.130175
1882.399998,14.391192,20.31039
1882.610085,14.402762,18.757776
1882.81,14.368052,18.588009
1883.009996,14.393507,17.636223
1883.209997,14.395821,18.271692
1883.410087,14.427061,19.227589
1883.609999,14.390036,19.055473
1883.799997,14.41202,19.72041
1884.009997,14.408548,18.954245
1884.21049,14.398135,17.109243
1884.409996,14.429376,17.206556
1884.609997,14.408548,17.213303
1884.809997,14.440946,15.773145
1885.009997,14.428218,16.268827
1885.199998,14.458302,15.6982975
1885.409998,14.438631,15.27654
1885.609998,14.454829,15.256727
1885.809997,14.435161,13.835944
1886.009998,14.440946,15.129389
1886.210001,14.449044,14.795102
1886.410176,14.4305315,13.646213
1886.599998,14.467557,15.939427
1886.799998,14.414333,13.888293
1887.009999,14.481442,14.692102
1887.210496,14.390036,13.846807
1887.410001,14.434003,12.923522
1887.609996,14.455987,13.928597
1887.810003,14.476812,14.298851
1887.999996,14.449044,12.949884
1888.209999,14.452517,13.6929035
1888.409997,14.460614,14.383417
1888.610126,14.453672,14.631003
1888.810006,14.443259,13.3066
1889.009996,14.455987,14.447792
1889.210001,14.446731,13.653427
1889.400512,14.399292,14.053928
1889.609998,14.443259,15.14041
1889.809998,14.4421015,16.363905
1890.010095,14.427061,15.56212
1890.209998,14.451359,14.177487
1890.409996,14.445574,13.141861
1890.609997,14.443259,13.574681
1890.799998,14.435161,13.971701
1891.009997,14.465242,14.061608
1891.209998,14.422433,14.057274
1891.409998,14.457144,14.427039
1891.610001,14.452517,14.3030205
1891.81,14.455987,15.516814
1892.009998,14.4421015,15.744833
1892.199999,14.421276,15.1812
1892.410119,14.449044,13.263043
1892.609997,14.449044,14.520446
1892.809998,14.439789,13.255082
1893.01013,14.459457,13.2132015
1893.209998,14.4756565,12.535885
1893.410001,14.468715,12.041688
1893.599997,14.471027,11.688749
1893.810007,14.438631,10.9871025
1894.010001,14.4247465,11.852467
1894.209998,14.458302,12.513395
1894.409997,14.431688,12.23816
1894.610083,14.432846,12.877989
1894.809996,14.460614,11.91705
1894.999998,14.450202,14.009356
1895.210001,14.460614,14.047276
1895.410101,14.4745,13.983205
1895.609998,14.414333,13.517409
1895.809999,14.418962,14.896359
1896.009999,14.4363165,13.989774
1896.210469,14.4363165,15.323895
1896.411253,14.406235,15.077401
1896.599998,14.455987,14.523704
1896.809996,14.452517,14.247064
1897.01002,14.416648,16.494663
1897.21,14.449044,17.177961
1897.41,14.406235,17.23475
1897.609999,14.457144,17.314018
1897.799998,14.449044,15.576329
1898.010002,14.4421015,15.849989
1898.211995,14.451359,14.390271
1898.41011,14.407391,15.067281
1898.609999,14.445574,16.587048
1898.809998,14.437474,16.389322
1899.010022,14.452517,15.788579
1899.200302,14.462929,15.080221
1899.409998,14.432846,16.63138
1899.609997,14.432846,16.457855
1899.809996,14.443259,15.034046
1900.01,14.4421015,14.524231
1900.21,14.449044,14.408071
1900.409997,14.401606,14.704191
1900.599998,14.434003,14.959999
1900.809997,14.468715,14.903603
1901.009998,14.4698715,15.303135
1901.209997,14.499953,14.593023
1901.410012,14.488383,14.429547
1901.609998,14.480285,14.015029
1901.810001,14.453672,12.47565
1901.999999,14.484913,12.111134
1902.210607,14.464087,11.646911
1902.409996,14.459457,12.370062
1902.610002,14.449044,11.636828
1902.810001,14.458302,12.249219
1903.010152,14.457144,14.301663
1903.210915,14.446731,14.549486
1903.399997,14.462929,14.960931
1903.609998,14.455987,14.252551
1903.809997,14.39235,14.906063
1904.010001,14.414333,15.984706
1904.209999,14.409705,16.174898
1904.409998,14.434003,14.202204
1904.609996,14.460614,14.717509
1904.799997,14.41549,14.0619
1905.009998,14.414333,15.103271
1905.210362,14.423591,14.959924
1905.409998,14.422433,16.150448
1905.609999,14.460614,16.91057
1905.809997,14.4305315,15.446377
1906.010098,14.444416,15.559691
1906.199999,14.458302,14.948284
1906.399997,14.460614,15.732859
1906.609998,14.422433,15.133552
1906.810018,14.454829,13.945548
1907.009998,14.446731,14.195716
1907.209997,14.440946,13.122578
1907.409997,14.462929,13.556499
1907.60001,14.472185,12.664667
1907.799997,14.451359,12.865393
1908.009999,14.4421015,13.646978
1908.210283,14.453672,14.708388
1908.409999,14.480285,13.977735
1908.61,14.468715,12.819389
1908.81,14.422433,13.847719
1909.000362,14.407391,16.556082
1909.209997,14.4421015,16.540709
1909.409996,14.420118,16.868793
1909.609998,14.4421015,16.598793
1909.81024,14.408548,19.057981
1910.009998,14.439789,18.344456
1910.209999,14.386564,16.149532
1910.400103,14.39235,16.400204
1910.609998,14.416648,16.222445
1910.809997,14.440946,16.280416
1911.009997,14.431688,16.151318
1911.210249,14.490698,15.523322
1911.409998,14.524251,14.846887
1911.609998,14.494168,11.936887
1911.799999,14.48954,12.646511
1912.010096,14.4698715,14.784579
1912.209998,14.458302,13.566204
1912.409998,14.440946,13.915257
1912.609998,14.41549,15.483844
1912.810381,14.417805,14.840998
1913.009998,14.421276,15.297885
1913.199998,14.406235,16.367476
1913.410001,14.391192,18.091497
1913.610013,14.393507,19.654877
1913.809997,14.368052,18.310852
1914.010002,14.370366,17.071575
1914.210184,14.388879,16.815094
1914.409998,14.380779,16.725744
1914.599997,14.37268,16.952847
1914.809997,14.36111,17.493122
1915.009996,14.402762,16.429762
1915.209998,14.418962,15.847085
1915.409997,14.41549,16.928263
1915.609998,14.40045,18.576002
1915.810152,14.351853,17.287655
1916,14.336813,18.978453
1916.209997,14.297472,19.98056
1916.410001,14.256976,20.206034
1916.610251,14.331028,19.771784
1916.809997,14.320613,19.288933
1917.009998,14.300944,20.076878
1917.210076,14.238464,19.449654
1917.399998,14.265076,19.286108
1917.610008,14.300944,22.069471
1917.809997,14.273176,20.438774
1918.009998,14.297472,19.277376
1918.209999,14.343754,19.480436
1918.409997,14.303258,20.813429
1918.610003,14.07995,21.217064
1918.799996,14.121604,21.098906
1919.009997,14.060281,26.08847
1919.210001,14.13896,29.098198
1919.409996,14.049868,28.434334
1919.609996,14.132017,29.97644
1919.809997,14.143587,27.403746
1920.009999,14.230365,27.310734
1920.209998,14.314828,25.7267
1920.410456,14.390036,22.48505
1920.609997,14.365739,19.84738
1920.809999,14.280117,20.319138
1921.009996,14.274332,21.140589
1921.210133,14.290531,18.745264
1921.409998,14.29863,18.943077
1921.599997,14.339126,19.413523
1921.809999,14.355324,19.127277
1922.009998,14.349539,17.969648
1922.209998,14.314828,16.964218
1922.409998,14.3171425,18.342205
1922.61,14.3171425,19.468239
1922.809997,14.265076,18.904943
1922.999997,14.26739,18.266897
1923.209997,14.3171425,18.961334
1923.410567,14.333341,19.559727
1923.609996,14.376152,19.104132
1923.809999,14.418962,17.787312
1924.009996,14.496483,14.26878
1924.21,14.4698715,13.072392
1924.399997,14.464087,13.420107
1924.599997,14.460614,12.694501
1924.809999,14.48607,12.294688
1925.01003,14.482598,12.48954
1925.21,14.467557,13.459661
1925.41,14.465242,13.216148
1925.609998,14.468715,12.065844
1925.800041,14.452517,11.774386
1925.999999,14.464087,11.956344
1926.209997,14.458302,12.462708
1926.410237,14.459457,12.997322
1926.610009,14.449044,13.622936
1926.809997,14.468715,13.130513
1927.010001,14.4305315,12.760741
1927.200334,14.447886,12.583614
1927.410001,14.467557,12.079608
1927.610001,14.462929,12.957161
1927.809998,14.429376,13.62253
1928.010252,14.420118,14.280437
1928.209997,14.494168,12.47288
1928.409997,14.535822,10.722746
1928.600068,14.578632,9.096495
1928.810006,14.536979,8.180873
1928.999999,14.520781,7.417944
1929.21,14.506896,8.781051
1929.410344,14.452517,8.816707
1929.609998,14.432846,10.787421
1929.809998,14.449044,12.059232
1929.999998,14.465242,12.858908
1930.210024,14.437474,11.513061
1930.409996,14.439789,11.091821
1930.609998,14.473342,10.728072
1930.809999,14.458302,11.120039
1931.010188,14.496483,10.75458
1931.209998,14.444416,11.977678
1931.399997,14.4421015,13.61597
1931.609997,14.454829,12.370864
1931.810032,14.476812,14.550765
1932.01,14.370366,13.277519
1932.209997,14.458302,15.054172
1932.410257,14.445574,16.096933
1932.610001,14.425903,14.767099
1932.799999,14.353011,15.32752
1933.009997,14.275489,17.378489
1933.21026,14.260448,16.969463
1933.409998,14.284746,21.545334
1933.609998,14.460614,19.072927
1933.809997,14.451359,15.928156
1934.009999,14.377309,15.996147
1934.199998,14.348383,15.16663
1934.409997,14.376152,16.691372
1934.610036,14.379622,17.685188
1934.809998,14.38425,16.563274
1935.01,14.346068,16.663755
1935.209997,14.388879,15.141041
1935.410406,14.381937,16.341082
1935.599998,14.378465,15.171936
1935.800001,14.371524,14.787281
1936.009997,14.370366,16.433784
1936.210201,14.396977,15.605521
1936.410001,14.391192,16.515118
1936.609997,14.368052,15.683006
1936.809997,14.343754,14.941849
1936.999998,14.354168,13.29801
1937.209997,14.394665,14.314767
1937.410002,14.349539,15.479813
1937.610009,14.37268,15.805453
1937.809998,14.343754,16.115498
1938.010003,14.390036,17.92763
1938.209997,14.365739,18.03597
1938.399996,14.396977,16.002447
1938.609997,14.395821,14.587236
1938.809996,14.410863,13.842755
1939.009997,14.376152,17.301455
1939.210271,14.354168,16.409687
1939.409997,14.319457,16.856125
1939.609999,14.381937,16.103163
1939.799997,14.402762,16.3345
1940.009997,14.359953,16.524714
1940.209997,14.339126,16.189508
1940.409997,14.353011,16.139595
1940.609997,14.374994,16.63636
1940.809998,14.358796,15.996261
1941.009999,14.376152,16.475687
1941.199998,14.362267,16.174734
1941.410344,14.393507,14.851808
1941.609998,14.380779,15.240719
1941.811592,14.365739,15.821815
1942.009997,14.457144,15.40026
1942.209997,14.340283,15.096911
1942.409998,14.388879,16.340652
1942.599999,14.36111,18.111101
1942.809997,14.39235,18.923178
1943.010024,14.418962,18.392033
1943.209999,14.380779,15.792728
1943.409998,14.357638,17.222605
1943.609998,14.405078,14.841715
1943.809998,14.446731,14.397517
1944.000001,14.509211,13.220334
1944.209997,14.511524,11.322658
1944.410327,14.505738,9.959865
1944.609998,14.385407,10.064704
1944.81,14.378465,12.604087
1945.009997,14.450202,13.617127
1945.210117,14.416648,12.026117
1945.399997,14.439789,11.0406885
1945.599998,14.4305315,12.476674
1945.809998,14.391192,14.164311
1946.009998,14.260448,15.355205
1946.209998,14.376152,18.437016
1946.409997,14.454829,17.64098
1946.609998,14.394665,15.683031
1946.799997,14.379622,15.126761
1946.999999,14.417805,13.776912
1947.210002,14.357638,14.341658
1947.410362,14.476812,14.172702
1947.610001,14.365739,14.071204
1947.809997,14.429376,13.905728
1948.009997,14.464087,14.902179
1948.200418,14.385407,15.385954
1948.409998,14.4363165,14.988983
1948.609997,14.300944,13.268531
1948.809997,14.354168,15.934995
1949.011005,14.393507,16.934397
1949.209998,14.458302,14.825876
1949.409999,14.401606,14.057287
1949.600298,14.378465,16.443808
1949.809997,14.490698,15.591714
1950.009998,14.351853,15.470895
1950.209998,14.226894,18.80059
1950.410434,14.342598,23.070883
1950.609997,14.319457,20.809246
1950.809997,14.349539,20.872452
1950.999999,14.439789,17.788149
1951.210266,14.371524,18.137276
1951.410001,14.505738,17.120848
1951.61,14.514996,15.16244
1951.81,14.370366,15.812424
1952.01,14.307887,14.219251
1952.209997,14.344912,14.289836
1952.4,14.388879,15.254215
1952.610037,14.374994,13.409973
1952.809997,14.304415,16.082123
1953.009997,14.41202,14.949595
1953.210064,14.337969,16.90352
1953.410562,14.354168,17.427803
1953.609998,14.41202,17.40082
1953.799998,14.390036,15.238895
1954.009997,14.378465,15.3741
1954.209997,14.285902,17.943094
1954.409997,14.296316,18.954752
1954.609998,14.359953,16.57286
1954.810091,14.349539,17.363136
1955.009997,14.369209,16.175219
1955.2,14.362267,16.918165
1955.409997,14.353011,17.926363
1955.610082,14.334498,16.904997
1955.809998,14.346068,15.934534
1956.010001,14.362267,16.39411
1956.210073,14.342598,15.454206
1956.409999,14.324085,14.910154
1956.600001,14.307887,15.240785
1956.809997,14.346068,14.959926
1957.009997,14.379622,13.790482
1957.209997,14.394665,14.431096
1957.409998,14.365739,14.171441
1957.609997,14.390036,16.115065
1957.810139,14.350697,16.218546
1957.999999,14.347226,15.414458
1958.199999,14.37268,16.393005
1958.409997,14.369209,16.36224
1958.609997,14.356482,16.453785
1958.809998,14.333341,15.272902
1959.009997,14.356482,15.634105
1959.210341,14.379622,15.480793
1959.400013,14.335655,15.392203
1959.609997,14.355324,16.361498
1959.809997,14.358796,17.979614
1960.010088,14.356482,17.973078
1960.209997,14.347226,18.625843
1960.410001,14.356482,17.443184
1960.609998,14.354168,17.46259
1960.800194,14.356482,18.251177
1961.009997,14.355324,14.970089
1961.21,14.36111,16.712744
1961.409997,14.36111,15.231458
1961.61028,14.36111,15.728692
1961.809998,14.365739,16.070547
1962.009999,14.347226,15.589303
1962.210112,14.358796,17.349575
1962.41004,14.337969,17.80399
1962.609999,14.320613,18.814552
1962.809997,14.351853,19.033836
1963.010162,14.366895,16.199142
1963.209997,14.296316,20.124523
1963.409999,14.346068,19.541777
1963.599997,14.283588,19.875477
1963.810205,14.386564,19.3243
1964.009997,14.355324,18.222017
1964.209998,14.357638,18.109589
1964.410001,14.347226,17.874697
1964.609998,14.362267,18.406893
1964.809998,14.365739,18.656921
1964.999998,14.353011,16.655628
1965.210172,14.324085,15.929517
1965.41006,14.349539,16.840523
1965.610001,14.342598,18.289965
1965.81,14.346068,16.475676
1966.010082,14.371524,17.401276
1966.209998,14.354168,17.410986
1966.399998,14.370366,19.001358
1966.609997,14.328712,19.757658
1966.810136,14.335655,18.049673
1967.009996,14.37268,17.566721
1967.209997,14.363424,18.608486
1967.409997,14.348383,18.116455
1967.609999,14.328712,16.36098
1967.799997,14.34144,17.5283
1967.999999,14.348383,18.1659
1968.210126,14.356482,16.779037
1968.409998,14.315986,16.275606
1968.609998,14.365739,17.658707
1968.809997,14.351853,15.806312
1969.009998,14.339126,17.77261
1969.199998,14.340283,17.631804
1969.409997,14.335655,17.821009
1969.609998,14.350697,15.004806
1969.810237,14.354168,17.402369
1970.009998,14.379622,16.54494
1970.210001,14.387722,16.117105
1970.409999,14.34144,16.419813
1970.600489,14.346068,17.879507
1970.809998,14.378465,17.26727
1971.009999,14.358796,15.662914
1971.210145,14.347226,14.862882
1971.409998,14.339126,13.599629
1971.610001,14.34144,14.857445
1971.809997,14.343754,14.645748
1971.999997,14.354168,16.395271
1972.209997,14.327556,19.16289
1972.41,14.34144,17.672
1972.609997,14.337969,16.15966
1972.810117,14.374994,17.395752
1973.009998,14.319457,17.478077
1973.209998,14.357638,17.61084
1973.399997,14.337969,16.805145
1973.610255,14.326398,17.911549
1973.809997,14.351853,18.119194
1974.009999,14.315986,16.571756
1974.210117,14.3102,17.96884
1974.409996,14.343754,18.815897
1974.609997,14.283588,19.178272
1974.8,14.295159,19.384039
1975.01,14.334498,18.471727
1975.210001,14.332184,18.931274
1975.409997,14.309043,17.154306
1975.609998,14.283588,16.495777
1975.810159,14.358796,16.666971
1976.009997,14.354168,18.972696
1976.199997,14.325242,20.088634
1976.409997,14.313672,18.472237
1976.610122,14.304415,18.939863
1976.809998,14.29863,19.476624
1977.010002,14.319457,17.369877
1977.210117,14.306729,16.74963
1977.410021,14.290531,17.757847
1977.599997,14.307887,17.680347
1977.810004,14.296316,17.176672
1978.009997,14.320613,18.50318
1978.209997,14.304415,19.128946
1978.410003,14.349539,18.949848
1978.609997,14.343754,19.152887
1978.810329,14.334498,19.284933
1978.999997,14.291687,19.678879
1979.209997,14.334498,17.228018
1979.410001,14.343754,16.026983
1979.609997,14.358796,15.616788
1979.809998,14.320613,16.70611
1980.009999,14.32987,17.41598
1980.210384,14.355324,16.123613
1980.399997,14.359953,15.947203
1980.609997,14.362267,16.600197
1980.809997,14.322927,16.929316
1981.010003,14.406235,16.639
1981.209998,14.332184,16.153193
1981.409997,14.369209,16.394966
1981.609997,14.351853,17.553452
1981.800135,14.335655,15.927798
1982.009998,14.339126,15.733522
1982.209998,14.351853,15.555221
1982.409996,14.335655,16.16377
1982.609999,14.270862,17.67074
1982.809997,14.335655,15.837505
1983.010001,14.335655,15.764897
1983.200118,14.385407,17.410667
1983.409997,14.356482,17.469057
1983.61,14.309043,15.80271
1983.81,14.300944,16.546625
1984.010189,14.324085,15.814202
1984.209997,14.344912,14.7662115
1984.410001,14.32987,13.635653
1984.599998,14.278961,13.016036
1984.810258,14.28706,15.48583
1985.009998,14.328712,16.46373
1985.209997,14.306729,16.85632
1985.409998,14.284746,16.509348
1985.610017,14.2997875,16.62744
1985.81,14.322927,17.840668
1985.999996,14.321771,17.6909
1986.210262,14.280117,17.511333
1986.409996,14.315986,17.852982
1986.610001,14.277803,19.095177
1986.809996,14.289374,19.068283
1987.010161,14.277803,18.5702
1987.210001,14.2997875,17.946836
1987.399998,14.302102,19.66343
1987.609997,14.307887,21.997438
1987.81019,14.303258,19.931639
1988.009998,14.302102,20.089958
1988.209997,14.280117,20.778429
1988.409997,14.319457,21.111332
1988.61,14.291687,18.877424
1988.799998,14.276647,16.977875
1988.999997,14.3171425,17.71054
1989.210101,14.275489,16.73154
1989.410027,14.319457,15.953036
1989.609998,14.32987,17.457176
1989.809997,14.321771,18.166304
1990.010083,14.314828,16.507917
1990.199999,14.340283,17.028105
1990.399997,14.319457,16.639124
1990.609998,14.313672,15.957574
1990.810375,14.315986,15.567727
1991.009998,14.313672,15.877119
1991.209998,14.331028,16.091574
1991.409997,14.326398,17.799738
1991.600014,14.358796,17.59914
1991.799998,14.34144,16.891495
1992.009999,14.324085,17.31243
1992.210411,14.276647,17.096317
1992.409998,14.3102,17.115461
1992.609997,14.334498,16.901531
1992.810001,14.280117,16.478315
1993.010297,14.331028,16.378933
1993.209998,14.347226,16.814987
1993.409997,14.3183,16.866396
1993.609998,14.319457,15.965856
1993.809998,14.346068,15.797668
1994.009998,14.346068,14.827605
1994.209997,14.364581,16.282614
1994.400098,14.303258,16.825941
1994.609998,14.304415,15.501214
1994.809998,14.370366,16.759521
1995.010001,14.339126,18.054382
1995.210247,14.353011,17.691826
1995.409996,14.337969,17.116062
1995.609998,14.325242,17.817245
1995.799997,14.36111,16.953684
1996.010084,14.334498,17.793243
1996.210001,14.335655,16.884758
1996.409996,14.344912,15.708028
1996.609998,14.349539,16.598219
1996.810231,14.343754,15.734454
1997.009998,14.3113575,13.339453
1997.199999,14.368052,14.809732
1997.409997,14.337969,16.51116
1997.609997,14.359953,15.906527
1997.809998,14.343754,16.28686
1998.009997,14.306729,16.689592
1998.210232,14.340283,17.129848
1998.410001,14.34144,16.817307
1998.599998,14.349539,17.443075
1998.809997,14.319457,17.048847
1999.0101,14.343754,17.037193
1999.209998,14.348383,17.149647
1999.409998,14.344912,16.176373
1999.609997,14.340283,15.895497
1999.810001,14.326398,15.481093
2000,14.343754,16.353054
2000.209997,14.327556,16.338608
2000.409997,14.353011,15.414857
2000.609997,14.342598,15.201395
2000.809999,14.303258,15.342605
2001.010079,14.326398,15.570674
2001.210382,14.343754,16.274399
2001.399999,14.342598,16.00429
2001.599998,14.357638,16.289465
2001.809997,14.34144,15.638351
2002.010307,14.336813,14.21839
2002.21,14.349539,13.744639
2002.409998,14.340283,13.110196
2002.609997,14.335655,13.484033
2002.800009,14.333341,13.688197
2003.009997,14.34144,14.828034
2003.209997,14.346068,14.323546
2003.410035,14.320613,16.431578
2003.609998,14.325242,16.37376
2003.809998,14.29863,15.05777
2004.01,14.328712,15.937629
2004.200222,14.333341,16.516226
2004.41,14.309043,16.804096
2004.609997,14.336813,18.04005
2004.809997,14.322927,18.004894
2005.010285,14.303258,17.735613
2005.209997,14.312514,16.688057
2005.410001,14.340283,16.363255
2005.599997,14.315986,15.716305
2005.809997,14.32987,14.848565
2006.010011,14.340283,15.791736
2006.209997,14.32987,15.903986
2006.410002,14.322927,16.0486
2006.609998,14.296316,15.547546
2006.809999,14.313672,17.69368
2006.999999,14.3183,18.729998
2007.210397,14.296316,17.513765
2007.409997,14.296316,18.121416
2007.610001,14.321771,16.251648
2007.809998,14.303258,17.620945
2008.01012,14.307887,17.587107
2008.209998,14.314828,17.921104
2008.399998,14.296316,16.894274
2008.609997,14.325242,17.076729
2008.810015,14.28706,18.644083
2009.009998,14.319457,16.486439
2009.210001,14.275489,18.146664
2009.409997,14.251191,18.378744
2009.609997,14.21301,17.598553
2009.799997,14.22458,19.70506
2010.009997,14.276647,20.137596
2010.210446,14.280117,20.70095
2010.409996,14.274332,19.325045
2010.609997,14.277803,18.115908
2010.809998,14.2997875,16.733547
2011.009998,14.337969,17.887539
2011.199997,14.273176,17.319801
2011.399997,14.320613,17.118607
2011.61005,14.283588,18.465242
2011.809997,14.273176,18.199879
2012.009999,14.3055725,18.806116
2012.210004,14.300944,20.245182
2012.410046,14.278961,18.914112
2012.601236,14.261605,17.682941
2012.799998,14.306729,17.774378
2013.01012,14.307887,16.773222
2013.210652,14.296316,16.3912
2013.409998,14.3055725,17.287657
2013.609998,14.322927,18.065588
2013.809998,14.356482,16.680988
2013.999998,14.32987,18.9898
2014.210009,14.359953,17.321795
2014.409998,14.333341,16.340298
2014.610003,14.296316,17.70699
2014.810039,14.334498,19.189528
2015.010001,14.358796,19.755617
2015.209997,14.315986,19.585442
2015.40019,14.359953,18.486288
2015.609997,14.291687,17.56444
2015.809998,14.333341,16.284582
2016.010001,14.300944,16.694975
2016.210329,14.297472,16.598953
2016.409998,14.300944,16.977373
2016.61,14.359953,17.148241
2016.799998,14.336813,16.019213
2017.010096,14.337969,15.731966
2017.209997,14.291687,14.693355
2017.409997,14.300944,16.894722
2017.609997,14.300944,15.283506
2017.809998,14.337969,15.400888
2018.009999,14.312514,15.030778
2018.199999,14.343754,15.339933
2018.409997,14.3183,13.971555
2018.609999,14.326398,15.291609
2018.809997,14.2997875,14.393689
2019.009998,14.28706,14.557808
2019.210431,14.295159,16.084154
2019.409997,14.32987,16.068941
2019.599999,14.321771,17.546026
2019.809998,14.307887,16.407286
2020.010063,14.304415,15.069676
2020.209997,14.336813,16.05445
2020.409998,14.342598,15.527702
2020.609997,14.347226,15.938819
2020.809997,14.359953,14.797808
2020.999998,14.319457,13.939994
2021.2,14.331028,14.430649
2021.409998,14.332184,14.894404
2021.61,14.326398,14.585336
2021.809998,14.340283,12.460212
2022.009997,14.300944,13.070219
2022.210413,14.321771,12.281718
2022.399997,14.3113575,12.620178
2022.609998,14.324085,13.235489
2022.809997,14.326398,14.882892
2023.010086,14.335655,15.210266
2023.209997,14.320613,16.16007
2023.410003,14.3171425,15.813784
2023.609997,14.337969,15.401915
2023.800246,14.351853,16.630802
2024.009997,14.326398,15.131885
2024.210001,14.281274,14.828368
2024.409997,14.32987,14.417489
2024.610035,14.294002,14.658827
2024.809997,14.292845,14.2963915
2025.010005,14.304415,14.712417
2025.200001,14.327556,14.939135
2025.409997,14.315986,15.467778
2025.609998,14.349539,15.185977
2025.810001,14.319457,15.390728
2026.010124,14.303258,15.303419
2026.210001,14.3183,14.749154
2026.409998,14.328712,15.142983
2026.609996,14.295159,14.505261
2026.810012,14.365739,14.684336
2027.009998,14.3055725,14.697208
2027.209998,14.34144,16.487587
2027.409997,14.340283,15.233925
2027.609998,14.315986,14.589858
2027.810001,14.315986,15.880746
2027.999998,14.289374,14.651983
2028.210348,14.309043,15.72428
2028.409997,14.320613,15.636653
2028.61,14.295159,16.343964
2028.809998,14.321771,16.821077
2029.010235,14.303258,17.39003
2029.209997,14.262761,19.319014
2029.399998,14.294002,19.604717
2029.609998,14.278961,18.367088
2029.809998,14.343754,17.731697
2030.009996,14.346068,19.442268
2030.209998,14.304415,17.12527
2030.410028,14.313672,16.360847
2030.609998,14.302102,19.733948
2030.799999,14.272018,20.321188
2031.009998,14.314828,18.757936
2031.210352,14.295159,17.69352
2031.409997,14.332184,16.090584
2031.61,14.312514,14.031481
2031.809997,14.309043,14.377795
2032.01027,14.304415,14.968456
2032.199998,14.277803,14.239139
2032.400001,14.306729,14.086329
2032.609997,14.303258,13.591628
2032.810006,14.335655,14.210946
2033.009998,14.302102,14.73031
2033.210001,14.328712,16.125944
2033.409997,14.320613,16.177082
2033.600039,14.297472,16.524555
2033.799998,14.328712,16.944548
2034.009997,14.278961,15.552936
2034.210331,14.283588,17.190018
2034.409996,14.296316,15.9934
2034.609997,14.324085,16.143904
2034.809999,14.291687,15.989472
2035.000172,14.26739,14.553716
2035.210001,14.319457,15.344573
2035.409997,14.276647,19.047268
2035.61,14.275489,19.747719
2035.810041,14.320613,20.262505
2036.009998,14.239621,17.61458
2036.209999,14.278961,18.126106
2036.400177,14.217637,17.228792
2036.609997,14.291687,17.0338
2036.809998,14.295159,17.474834
2037.009997,14.29863,16.83155
2037.210407,14.295159,15.948694
2037.409998,14.3102,15.100641
2037.609997,14.292845,14.118489
2037.8,14.29863,14.029675
2038.009997,14.277803,16.77041
2038.209997,14.302102,15.536133
2038.409998,14.266233,16.455381
2038.609997,14.283588,17.516285
2038.809998,14.263919,17.731354
2039.009998,14.312514,18.227068
2039.199998,14.261605,17.131819
2039.410108,14.2997875,18.715567
2039.609997,14.3055725,17.950516
2039.809997,14.288217,17.019304
2040.010099,14.217637,15.907121
2040.210386,14.260448,17.875065
2040.409997,14.260448,17.068203
2040.599999,14.268547,16.212822
2040.810001,14.295159,17.784931
2041.010121,14.277803,15.940216
2041.209997,14.278961,15.639156
2041.409998,14.278961,17.44101
2041.610026,14.291687,17.330042
2041.809998,14.280117,17.596788
2042.001371,14.263919,18.220745
2042.209997,14.294002,16.711325
2042.41,14.281274,17.405663
2042.609997,14.296316,16.900139
2042.809998,14.265076,16.239069
2043.009997,14.289374,17.073725
2043.210428,14.278961,17.724747
2043.399998,14.304415,17.292295
2043.609998,14.3102,16.371134
2043.81,14.26739,16.400091
2044.010274,14.291687,18.616785
2044.209997,14.278961,17.229334
2044.409999,14.269704,16.283869
2044.610999,14.328712,16.527473
2044.8,14.270862,17.7541
2045.009996,14.306729,18.336962
2045.209996,14.29863,15.730426
2045.410013,14.306729,15.355939
2045.609998,14.269704,14.762946
2045.809998,14.300944,14.615307
2046.009997,14.289374,14.869788
2046.200055,14.297472,15.192607
2046.409998,14.294002,15.373661
2046.609997,14.307887,15.555309
2046.809997,14.303258,15.969792
2047.010275,14.288217,17.397036
2047.209998,14.256976,17.23737
2047.409998,14.300944,16.378946
2047.599998,14.282432,16.960304
2047.810047,14.291687,17.306023
2048.009998,14.300944,17.194677
2048.209997,14.303258,17.082531
2048.410105,14.270862,16.277674
2048.609997,14.247721,16.576712
2048.809998,14.263919,17.208735
2048.999997,14.283588,17.493156
2049.210439,14.281274,18.267494
2049.409998,14.3102,17.586727
2049.610001,14.272018,18.915438
2049.809997,14.272018,18.225464
2050.009998,14.272018,20.254704
2050.209998,14.277803,19.97498
2050.399998,14.258134,19.703691
2050.609997,14.261605,20.362837
2050.81,14.280117,20.245478
2051.009999,14.278961,20.54089
2051.209997,14.28706,19.978012
2051.410066,14.29863,19.786379
2051.609998,14.261605,20.346815
2051.799998,14.252348,18.115112
2052.010001,14.226894,17.596643
2052.210447,14.277803,17.405317
2052.409998,14.302102,16.95152
2052.609997,14.278961,16.00022
2052.810004,14.263919,16.345682
2053.010139,14.280117,15.874875
2053.199998,14.278961,16.907228
2053.399997,14.277803,16.291615
2053.609997,14.272018,16.312437
2053.810029,14.278961,14.408335
2054.009996,14.300944,13.232797
2054.210001,14.240778,12.563908
2054.409997,14.258134,15.661657
2054.600032,14.285902,16.150257
2054.799998,14.263919,16.022093
2055.01,14.258134,15.264428
2055.210327,14.291687,15.876812
2055.409998,14.269704,17.368364
2055.609998,14.290531,17.349592
2055.809996,14.263919,17.361315
2056.000084,14.243093,19.929445
2056.209997,14.260448,18.644701
2056.41,14.21301,18.69467
2056.609998,14.238464,18.32166
2056.809997,14.275489,16.849009
2057.009998,14.230365,18.7974
2057.209997,14.246563,18.482609
2057.409997,14.23615,19.252918
2057.610039,14.260448,18.48816
2057.809998,14.292845,17.208511
2058.009999,14.280117,18.270878
2058.210245,14.2997875,18.101076
2058.409998,14.277803,19.008564
2058.609997,14.297472,18.59405
2058.799999,14.281274,18.503298
2059.01022,14.302102,16.271408
2059.210013,14.268547,17.369242
2059.409998,14.263919,16.6434
2059.610002,14.260448,16.28286
2059.810018,14.281274,17.874102
2060.009996,14.284746,17.262976
2060.199998,14.289374,17.654379
2060.409997,14.272018,17.699446
2060.609997,14.256976,17.226122
2060.809998,14.283588,19.323278
2061.009998,14.263919,17.960068
2061.210307,14.312514,18.670092
2061.410001,14.234993,18.369274
2061.599998,14.284746,18.25418
2061.810001,14.289374,17.10703
2062.010207,14.23615,16.491528
2062.210001,14.2997875,16.294073
2062.409997,14.277803,16.930859
2062.609997,14.232679,18.050615
2062.810235,14.250035,20.563494
2062.999997,14.259291,20.049295
2063.199999,14.258134,19.600199
2063.409997,14.273176,19.412333
2063.609998,14.265076,19.74757
2063.809998,14.25582,16.771885
2064.009997,14.246563,15.711346
2064.210261,14.300944,16.54224
2064.399997,14.260448,16.428677
2064.609998,14.303258,16.865953
2064.810001,14.259291,17.383085
2065.010076,14.284746,16.573202
2065.209998,14.319457,15.821168
2065.409997,14.268547,16.99509
2065.609998,14.278961,17.617416
2065.800149,14.3113575,17.10548
2066.009998,14.280117,19.818348
2066.209997,14.294002,19.67956
2066.409997,14.26739,17.62299
2066.609997,14.297472,17.094475
2066.809998,14.269704,15.148607
2067.009998,14.302102,15.719704
2067.20007,14.307887,16.117565
2067.409998,14.201439,16.153666
2067.609998,14.272018,16.473682
2067.809998,14.266233,17.84501
2068.010243,14.23615,16.498629
2068.209998,14.25582,17.589025
2068.409997,14.278961,18.522272
2068.599998,14.274332,16.128517
2068.810233,14.283588,15.875071
2069.009999,14.269704,17.212114
2069.209997,14.294002,17.336355
2069.409997,14.290531,17.014833
2069.610023,14.306729,17.866121
2069.809998,14.266233,18.106718
2069.999997,14.284746,17.686527
2070.210172,14.2997875,18.0023
2070.410001,14.3055725,18.21813
2070.610001,14.247721,18.037792
2070.809997,14.300944,15.978872
2071.009998,14.284746,16.521986
2071.209997,14.282432,16.905771
2071.4,14.278961,15.18269
2071.609997,14.285902,16.336275
2071.810175,14.319457,17.604586
2072.009996,14.321771,16.347849
2072.209998,14.302102,15.040362
2072.409998,14.278961,16.709013
2072.610303,14.297472,15.820126
2072.8,14.269704,15.593945
2072.999996,14.306729,15.80102
2073.210135,14.275489,14.690211
2073.41,14.268547,17.916758
2073.61,14.282432,17.382513
2073.809996,14.296316,17.153786
2074.010104,14.262761,17.775206
2074.199999,14.214167,17.425318
2074.410001,14.259291,15.387051
2074.609998,14.268547,16.097286
2074.810213,14.289374,16.076387
2075.009998,14.294002,15.489784
2075.209998,14.251191,14.812757
2075.409997,14.284746,15.158721
2075.600011,14.283588,14.35151
2075.809997,14.294002,14.835929
2076.009998,14.259291,15.930908
2076.210162,14.270862,16.34991
2076.409998,14.275489,15.687271
2076.609997,14.248878,15.296488
2076.809997,14.25582,14.112702
2077.000221,14.302102,16.299887
2077.209997,14.263919,16.583736
2077.409998,14.300944,17.350023
2077.609998,14.272018,17.645197
2077.81034,14.261605,16.420862
2078.01,14.266233,15.562409
2078.209998,14.254663,15.566735
2078.400158,14.291687,15.012654
2078.610001,14.263919,16.68101
2078.799998,14.262761,17.075373
2079.009999,14.290531,17.5534
2079.21012,14.254663,17.571604
2079.410006,14.251191,17.499868
2079.609997,14.231523,16.644335
2079.799997,14.273176,17.226658
2080.010127,14.238464,19.020164
2080.209998,14.261605,18.04645
2080.410001,14.291687,19.215927
2080.609997,14.297472,19.042252
2080.81012,14.291687,18.763762
2081.009998,14.302102,19.900099
2081.199999,14.291687,17.604002
2081.410004,14.303258,17.136246
2081.609997,14.269704,17.764458
2081.809999,14.250035,18.115746
2082.010003,14.275489,18.961477
2082.210124,14.269704,17.916811
2082.410025,14.259291,16.828693
2082.599997,14.266233,17.043772
2082.800001,14.266233,15.995744
2083.009997,14.273176,15.903554
2083.209997,14.282432,14.599521
2083.409999,14.248878,15.242111
2083.609998,14.277803,15.216236
2083.810076,14.22458,16.04214
2083.999997,14.260448,17.220297
2084.209999,14.250035,17.545124
2084.409998,14.243093,18.53316
2084.610048,14.223422,18.419952
2084.809997,14.239621,18.081144
2085.009998,14.230365,18.193203
2085.210188,14.25582,19.03013
2085.40012,14.208382,18.672926
2085.609999,14.251191,18.025648
2085.810001,14.237308,15.801438
2086.009997,14.245406,17.288227
2086.210043,14.256976,17.514765
2086.409997,14.259291,17.512758
2086.61,14.278961,16.563755
2086.799999,14.253506,16.482542
2087.009998,14.25582,16.99894
2087.209997,14.251191,16.814444
2087.41,14.245406,17.994684
2087.610095,14.261605,17.687105
2087.809999,14.240778,17.166721
2088.010002,14.253506,17.940714
2088.210104,14.229208,16.968899
2088.410042,14.270862,16.568592
2088.609998,14.256976,17.398811
2088.809998,14.26739,18.427393
2089.010007,14.248878,18.255972
2089.209997,14.266233,19.560625
2089.409997,14.217637,18.293213
2089.599998,14.22458,16.980501
2089.810245,14.265076,17.17158
2090.009998,14.252348,16.518875
2090.210001,14.210695,17.048584
2090.409997,14.239621,17.183392
2090.609998,14.24425,17.540226
2090.809997,14.245406,16.578903
2090.999998,14.206067,16.47466
2091.21017,14.223422,17.179655
2091.410003,14.217637,17.548351
2091.609996,14.234993,18.860111
2091.809997,14.254663,17.994772
2092.010035,14.270862,16.509928
2092.209997,14.243093,16.086634
2092.399998,14.245406,16.47282
2092.609997,14.23615,15.640187
2092.81021,14.275489,14.837956
2093.009996,14.260448,15.672264
2093.209999,14.245406,14.587058
2093.409999,14.218795,14.247953
2093.610261,14.256976,15.749591
2093.799997,14.243093,14.823261
2094,14.277803,16.664362
2094.210078,14.263919,17.269535
2094.409998,14.26739,17.231308
2094.609999,14.240778,18.263212
2094.809997,14.266233,18.015999
2095.010083,14.240778,18.147593
2095.199997,14.258134,18.66353
2095.409998,14.263919,19.52196
2095.61,14.217637,15.90495
2095.810157,14.259291,17.095432
2096.009998,14.266233,19.11159
2096.209996,14.268547,18.379564
2096.409998,14.226894,17.837313
2096.599997,14.229208,16.694654
2096.810001,14.245406,16.928434
2097.009997,14.208382,16.73022
2097.210355,14.22805,17.917828
2097.41,14.237308,18.137283
2097.609997,14.207224,17.536266
2097.8101,14.234993,17.311075
2098.000007,14.233835,17.504368
2098.209997,14.223422,17.43243
2098.410001,14.245406,18.045063
2098.609998,14.233835,18.987385
2098.810124,14.256976,16.866396
2099.009998,14.245406,17.166023
2099.209997,14.247721,17.095499
2099.400232,14.256976,16.003315
2099.610139,14.218795,14.44285
2099.810002,14.247721,14.476779
2100.01,14.232679,14.797587
2100.210257,14.268547,14.836213
2100.41002,14.253506,12.790221
2100.609998,14.237308,13.95767
2100.799997,14.254663,16.453672
2101.009997,14.24425,17.34481
2101.210008,14.243093,16.006952
2101.409997,14.240778,16.245773
2101.609997,14.234993,16.75938
2101.810008,14.238464,14.864558
2102.009998,14.259291,16.96239
2102.199999,14.238464,17.512886
2102.409997,14.261605,17.239298
2102.6103,14.219952,18.73958
2102.809997,14.266233,19.079798
2103.009997,14.266233,17.991068
2103.210107,14.222265,18.27205
2103.409998,14.219952,18.062685
2103.599997,14.259291,17.096817
2103.809997,14.24425,16.828976
2104.010126,14.229208,15.627143
2104.209999,14.189869,16.568632
2104.409997,14.263919,17.98524
2104.609999,14.254663,17.32701
2104.810162,14.243093,17.672634
2104.999999,14.254663,16.713652
2105.199998,14.251191,17.268402
2105.409997,14.266233,16.783764
2105.609998,14.24425,18.038437
2105.81,14.273176,19.167946
2106.009998,14.238464,19.101017
2106.210155,14.24425,18.07157
2106.400015,14.276647,18.143482
2106.609997,14.225738,16.515017
2106.809997,14.260448,17.412123
2107.009997,14.245406,17.491217
2107.209998,14.248878,17.852861
2107.409999,14.219952,17.301903
2107.609998,14.254663,17.672396
2107.800024,14.23615,16.166313
2108.009998,14.218795,14.65999
2108.209999,14.251191,16.30811
2108.409997,14.248878,16.745728
2108.609997,14.217637,18.31778
2108.809998,14.240778,16.729555
2109.010001,14.24425,17.69521
2109.210204,14.284746,17.800009
2109.410008,14.247721,17.351583
2109.609997,14.250035,17.095901
2109.809997,14.222265,14.51799
2110.009998,14.219952,15.321097
2110.209996,14.250035,15.868711
2110.410004,14.237308,17.093744
2110.599998,14.233835,16.318237
2110.810145,14.247721,15.896659
2111.009997,14.243093,15.321298
2111.209997,14.239621,15.5104265
2111.410001,14.245406,15.632967
2111.609997,14.1979685,15.598988
2111.81,14.219952,16.963114
2111.999997,14.268547,17.54403
2112.210187,14.217637,17.017445
2112.409997,14.250035,17.13965
2112.61,14.245406,16.42246
2112.809999,14.234993,18.176674
2113.01,14.289374,16.070341
2113.209998,14.263919,17.757553
2113.399997,14.254663,18.50378
2113.610001,14.254663,17.770382
2113.810267,14.234993,16.22851
2114.009998,14.221109,16.481722
2114.209997,14.265076,16.886518
2114.409997,14.260448,16.80891
2114.610136,14.248878,16.885473
2114.799999,14.25582,17.818834
2114.999998,14.226894,16.060703
2115.2103,14.258134,15.601952
2115.409996,14.232679,15.439744
2115.609998,14.272018,16.210138
2115.810001,14.230365,15.967512
2116.009997,14.254663,16.66973
2116.199997,14.234993,17.27918
2116.399999,14.266233,17.576298
2116.609997,14.248878,18.825214
2116.810324,14.240778,17.562088
2117.009997,14.237308,17.137014
2117.209999,14.247721,18.637394
2117.409997,14.243093,17.718596
2117.600597,14.254663,19.430864
2117.809998,14.259291,20.48879
2118.009996,14.263919,20.87033
2118.210243,14.256976,19.536535
2118.410008,14.217637,17.608522
2118.609997,14.237308,18.861856
2118.809997,14.222265,18.96729
2119.00008,14.201439,20.461544
2119.209997,14.188711,20.55178
2119.409997,14.170198,20.283628
2119.609999,14.120447,23.198753
2119.81017,14.152843,21.251907
2120.009997,14.151688,22.563908
2120.209998,14.164413,20.788982
2120.399997,14.222265,21.212051
2120.609998,14.175983,21.471966
2120.809997,14.1863985,20.616447
2121.01011,14.191026,19.99769
2121.209997,14.182926,18.854969
2121.410667,14.221109,20.73443
2121.610001,14.184084,20.576918
2121.799999,14.191026,18.97378
2122.009997,14.203753,17.645285
2122.209999,14.1863985,17.35829
2122.409997,14.181769,18.414675
2122.609996,14.188711,18.856506
2122.809997,14.229208,18.5351
2123.009997,14.21648,18.43172
2123.199999,14.188711,18.573395
2123.409998,14.217637,18.671402
2123.609997,14.209538,19.004442
2123.809998,14.196812,19.019009
2124.01,14.202597,19.725203
2124.210161,14.206067,18.601845
2124.410534,14.241936,18.9754
2124.599998,14.22805,18.254389
2124.799998,14.222265,16.903057
2125.009996,14.252348,17.331944
2125.209998,14.266233,16.470419
2125.409998,14.245406,15.736584
2125.609998,14.232679,14.894351
2125.810039,14.206067,14.148234
2125.999998,14.21301,14.681681
2126.209997,14.221109,14.129485
2126.410002,14.231523,15.1339035
2126.610164,14.217637,16.230927
2126.810002,14.229208,17.123999
2127.010003,14.217637,18.703615
2127.210002,14.245406,17.735313
2127.40024,14.241936,17.710041
2127.609997,14.206067,15.691216
2127.809998,14.24425,17.028854
2128.009997,14.223422,16.988094
2128.209999,14.210695,15.460291
2128.409997,14.259291,15.740328
2128.610002,14.199124,14.2400675
2128.800115,14.22458,17.216839
2129.009998,14.229208,17.623278
2129.210001,14.226894,18.203114
2129.409997,14.238464,16.946001
2129.610212,14.23615,17.78022
2129.810007,14.254663,16.77464
2130.009998,14.191026,15.516924
2130.209999,14.193339,17.058077
2130.410444,14.1621,16.927586
2130.609999,14.203753,18.047146
2130.810001,14.1921835,18.214901
2131.009998,14.194497,19.23849
2131.210008,14.204909,20.355526
2131.409997,14.233835,19.537525
2131.599996,14.193339,19.655691
2131.809998,14.144745,18.592962
2132.009999,14.179456,21.248816
2132.209998,14.165571,20.898903
2132.409998,14.1979685,19.991297
2132.610056,14.214167,16.933529
2132.809998,14.202597,19.066717
2132.999997,14.189869,18.179295
2133.209997,14.177141,18.71675
2133.410634,14.173671,18.82042
2133.609996,14.143587,19.01398
2133.809998,14.208382,17.586035
2134.009997,14.209538,18.17058
2134.21,14.189869,17.191383
2134.399997,14.23615,18.01261
2134.599998,14.200282,16.769567
2134.809999,14.218795,18.079384
2135.010032,14.201439,19.031008
2135.210002,14.173671,19.719053
2135.409997,14.214167,18.418161
2135.609997,14.194497,19.515457
2135.799997,14.222265,18.830915
2135.999998,14.191026,19.340534
2136.209997,14.215324,18.913305
2136.410402,14.182926,18.582945
2136.609998,14.219952,17.933233
2136.810045,14.225738,17.86156
2137.009997,14.1921835,16.29245
2137.199999,14.241936,16.807629
2137.409997,14.217637,16.986788
2137.609998,14.208382,17.162498
2137.809998,14.217637,19.414251
2138.009998,14.189869,19.060335
2138.209997,14.217637,18.9978
2138.410001,14.229208,19.48475
2138.600371,14.226894,17.524706
2138.809998,14.222265,16.238607
2139.010001,14.226894,15.823178
2139.210052,14.233835,16.512815
2139.410362,14.247721,17.825489
2139.61,14.237308,17.839132
2139.809997,14.1979685,15.924555
2139.999998,14.238464,14.564363
2140.210134,14.24425,13.39685
2140.409997,14.239621,16.076883
2140.609999,14.240778,16.120028
2140.810087,14.226894,16.79955
2141.009998,14.218795,15.792207
2141.209997,14.199124,15.956328
2141.399997,14.237308,17.250336
2141.609998,14.23615,16.944103
2141.809998,14.259291,17.28056
2142.009998,14.229208,16.280516
2142.210162,14.253506,17.865036
2142.410682,14.22805,17.781612
2142.610002,14.225738,16.731745
2142.799999,14.217637,16.542694
2143.009998,14.225738,16.379791
2143.209997,14.206067,17.430542
2143.409996,14.219952,17.177305
2143.609997,14.209538,18.107801
2143.810089,14.166728,18.224464
2144.009998,14.194497,19.212307
2144.199997,14.13896,18.813671
2144.409997,14.130859,20.717896
2144.609998,14.13896,19.273073
2144.809998,14.1806135,19.1805
2145.009998,14.229208,18.863644
2145.210061,14.223422,18.14877
2145.410643,14.1806135,16.615314
2145.599998,14.15053,17.609108
2145.810002,14.152843,17.70588
2146.009998,14.174828,18.320154
2146.210136,14.171356,19.913397
2146.41,14.219952,18.665663
2146.609997,14.208382,19.091543
2146.81,14.229208,18.407646
2147.00004,14.237308,17.693531
2147.209998,14.195654,18.19745
2147.409998,14.203753,18.265312
2147.610002,14.1921835,18.919285
2147.809999,14.196812,19.849766
2148.009997,14.181769,19.671093
2148.210051,14.206067,20.565464
2148.400021,14.185241,21.703876
2148.609998,14.218795,20.846645
2148.810002,14.151688,20.238386
2149.009997,14.196812,21.256449
2149.209999,14.160943,20.24962
2149.409997,14.217637,19.264347
2149.610001,14.196812,18.157278
2149.810058,14.194497,18.363008
2150.010014,14.248878,17.42372
2150.209999,14.208382,17.562422
2150.409997,14.164413,16.472752
2150.609998,14.239621,16.73257
2150.809999,14.206067,17.777954
2151.010001,14.185241,17.165852
2151.210027,14.241936,18.163048
2151.410539,14.210695,16.700758
2151.609998,14.226894,17.847204
2151.809997,14.208382,18.686506
2152.009997,14.218795,18.584986
2152.210092,14.184084,17.16479
2152.409998,14.171356,18.529272
2152.599998,14.226894,16.877495
2152.810031,14.202597,15.736532
2153.009998,14.207224,16.822172
2153.209998,14.172513,16.295406
2153.409998,14.167886,15.52478
2153.609997,14.189869,15.028199
2153.809997,14.204909,15.601388
2153.999997,14.170198,15.077698
2154.209999,14.173671,15.135742
2154.410277,14.225738,17.669424
2154.61,14.225738,16.646336
2154.809998,14.222265,16.229301
2155.009998,14.137802,16.309711
2155.21027,14.218795,18.801355
2155.399998,14.1863985,17.84735
2155.599998,14.222265,18.59049
2155.809998,14.219952,18.594255
2156.009998,14.208382,16.247345
2156.209999,14.177141,18.108204
2156.409996,14.170198,17.793573
2156.609997,14.217637,16.80306
2156.800033,14.240778,16.694351
2156.999998,14.195654,16.849098
2157.209998,14.225738,16.411167
2157.410401,14.217637,16.835875
2157.609998,14.185241,14.834399
2157.809998,14.217637,14.372456
2158.01,14.188711,15.113166
2158.200138,14.177141,16.650826
2158.409997,14.24425,16.547512
2158.610002,14.22805,17.363846
2158.81,14.218795,17.859993
2159.009998,14.208382,18.168152
2159.209997,14.219952,16.936583
2159.409997,14.22458,16.495481
2159.600343,14.1921835,14.062497
2159.810043,14.191026,15.713414
2160.009998,14.207224,14.695955
2160.210001,14.21648,14.683514
2160.410315,14.223422,15.235797
2160.609999,14.203753,16.112747
2160.809998,14.222265,15.32362
2160.999997,14.221109,15.314917
2161.21018,14.246563,15.528482
2161.409997,14.23615,15.784174
2161.609997,14.204909,18.552998
2161.809997,14.218795,16.905113
2162.010153,14.22805,18.536106
2162.209999,14.250035,18.070448
2162.399997,14.22458,19.02856
2162.609999,14.201439,17.634127
2162.810001,14.222265,16.593922
2163.009999,14.189869,16.263626
2163.209999,14.22805,17.168972
2163.410292,14.174828,17.92088
2163.61,14.1863985,18.394997
2163.799998,14.211852,15.984344
2164.009998,14.182926,16.528284
2164.209998,14.195654,18.783371
2164.409997,14.1979685,18.43823
2164.609997,14.210695,19.371004
2164.809999,14.219952,18.977968
2165.010322,14.189869,20.09693
2165.199997,14.188711,19.080812
2165.410001,14.184084,20.362474
2165.609998,14.199124,20.517418
2165.810003,14.185241,19.548674
2166.009998,14.196812,20.18961
2166.210001,14.203753,19.140606
2166.410181,14.166728,18.28551
2166.599999,14.173671,18.284359
2166.81,14.166728,19.66006
2167.009998,14.152843,18.535091
2167.210149,14.206067,18.822468
2167.409997,14.174828,18.910877
2167.609998,14.1921835,18.351582
2167.809998,14.151688,18.538733
2168.000263,14.201439,18.257273
2168.210001,14.181769,18.211592
2168.409997,14.171356,18.900751
2168.609997,14.173671,20.08882
2168.810004,14.120447,20.064238
2169.010001,14.169043,19.946835
2169.209997,14.1621,19.25373
2169.410163,14.156315,16.295124
2169.609997,14.217637,16.730862
2169.810009,14.157473,17.072824
2170.009998,14.1863985,17.97143
2170.210062,14.196812,19.965641
2170.409999,14.189869,17.284817
2170.609997,14.194497,16.336823
2170.799999,14.159785,17.660114
2171.010176,14.156315,18.87358
2171.209998,14.163258,18.619986
2171.409998,14.122762,18.327066
2171.609997,14.159785,19.885078
2171.810283,14.177141,19.307442
2172.009997,14.188711,18.424017
2172.199998,14.196812,20.702429
2172.410078,14.181769,19.327757
2172.609998,14.148215,20.432976
2172.809998,14.191026,19.696136
2173.009998,14.173671,17.27472
2173.209998,14.169043,15.354673
2173.409998,14.187554,12.909339
2173.599998,14.193339,13.571406
2173.809998,14.22458,15.876965
2174.010232,14.1921835,14.929965
2174.210001,14.165571,15.158113
2174.409997,14.174828,15.706453
2174.609997,14.187554,14.802063
2174.810105,14.1621,15.184928
2174.999997,14.200282,13.683925
2175.199998,14.1806135,13.710567
2175.410264,14.217637,16.393114
2175.610025,14.14243,16.504387
2175.809997,14.189869,16.479815
2176.009998,14.211852,15.914738
2176.209999,14.217637,17.904291
2176.399997,14.238464,18.148668
2176.609997,14.195654,17.352957
2176.809997,14.1921835,17.225441
2177.010034,14.200282,16.3975
2177.209997,14.169043,15.919434
2177.409997,14.188711,16.174892
2177.609997,14.201439,17.200104
2177.800378,14.203753,16.843306
2178.010012,14.170198,17.469107
2178.209999,14.206067,16.304228
2178.410159,14.193339,16.671558
2178.610041,14.238464,16.778585
2178.809999,14.182926,16.701292
2179.01,14.208382,16.965141
2179.199997,14.201439,17.370493
2179.410001,14.170198,14.381454
2179.609998,14.211852,16.449568
2179.810001,14.181769,17.196651
2180.010135,14.209538,16.334904
2180.210007,14.159785,16.900341
2180.410001,14.209538,16.816746
2180.600061,14.188711,17.483246
2180.81011,14.21301,15.646656
2180.999998,14.200282,17.883493
2181.209997,14.1921835,17.347237
2181.41031,14.188711,15.800766
2181.610025,14.171356,17.22801
2181.809998,14.137802,17.884928
2181.999997,14.141273,16.62791
2182.209999,14.193339,16.537762
2182.409997,14.187554,17.173117
2182.609998,14.181769,18.201395
2182.809999,14.170198,16.865305
2183.010229,14.187554,16.528938
2183.210001,14.1806135,17.377813
2183.399998,14.189869,16.547493
2183.609998,14.199124,16.930246
2183.8101,14.178298,15.559028
2184.009997,14.202597,16.000319
2184.21,14.210695,15.138286
2184.410207,14.199124,16.529682
2184.61,14.179456,16.657907
2184.799997,14.155158,16.455162
2185.009997,14.189869,16.484886
2185.209997,14.1806135,16.961002
2185.409998,14.143587,17.504038
2185.609999,14.152843,19.537664
2185.809998,14.137802,19.555445
2186.010126,14.15053,20.173624
2186.199999,14.151688,19.664234
2186.399997,14.170198,18.692398
2186.609997,14.1806135,18.24731
2186.810241,14.159785,18.388716
2187.009997,14.191026,18.57053
2187.209998,14.193339,18.913118
2187.410058,14.148215,17.08617
2187.600133,14.179456,16.34979
2187.809997,14.172513,14.56052
2188.009998,14.164413,14.992024
2188.209997,14.143587,14.03938
2188.410016,14.194497,14.624364
2188.610001,14.193339,15.142123
2188.810001,14.178298,14.201317
2188.999997,14.179456,15.860117
2189.209999,14.178298,16.39435
2189.409997,14.116976,15.758675
2189.609999,14.177141,16.598877
2189.810113,14.130859,16.843903
2190.009999,14.159785,18.138268
2190.209998,14.156315,17.347214
2190.41022,14.132017,16.406683
2190.609999,14.167886,15.42313
2190.809998,14.158628,17.65555
2191.010002,14.174828,17.333296
2191.210001,14.174828,16.541212
2191.409997,14.155158,15.707914
2191.610001,14.182926,14.950913
2191.799997,14.211852,17.461464
2192.010138,14.193339,16.612022
2192.209997,14.199124,18.238058
2192.409998,14.1621,17.086151
2192.609998,14.199124,16.259275
2192.810263,14.167886,16.51403
2193.009997,14.199124,14.424461
2193.199999,14.1806135,14.031926
2193.410012,14.193339,15.090614
2193.610487,14.185241,15.085938
2193.811427,14.164413,13.900894
2194.009998,14.191026,13.929855
2194.210135,14.189869,13.622746
2194.41,14.200282,15.548137
2194.599998,14.1921835,15.914109
2194.809997,14.204909,18.830639
2195.010088,14.207224,17.215103
2195.209998,14.169043,16.233944
2195.410001,14.167886,17.31128
2195.609997,14.189869,18.673965
2195.809998,14.206067,18.646484
2195.999997,14.181769,19.884016
2196.209997,14.160943,19.08917
2196.410174,14.189869,17.54069
2196.609998,14.177141,16.681732
2196.810001,14.206067,15.999462
2197.009997,14.194497,17.317684
2197.210018,14.202597,18.500912
2197.400088,14.170198,19.623993
2197.599998,14.195654,19.333284
2197.809999,14.182926,19.457502
2198.010227,14.195654,17.521069
2198.209996,14.185241,16.740665
2198.409999,14.191026,16.246294
2198.609997,14.159785,17.847933
2198.799999,14.172513,17.90065
2198.999997,14.166728,16.711107
2199.209998,14.187554,17.956419
2199.410259,14.177141,18.092686
2199.61,14.164413,19.190784
2199.810003,14.154,17.901808
2200.009997,14.164413,16.247211
2200.200193,14.164413,15.467949
2200.409997,14.143587,15.724053
2200.609999,14.154,16.375261
2200.809997,14.136645,15.5912895
2201.010044,14.163258,15.556861
2201.199999,14.156315,14.95154
2201.409997,14.14243,13.171722
2201.600176,14.173671,14.642404
2201.810001,14.15053,14.185124
2202.009997,14.189869,17.600847
2202.210001,14.15053,18.378191
2202.410382,14.199124,17.81043
2202.609999,14.158628,17.47255
2202.810003,14.179456,17.200335
2203,14.132017,17.895483
2203.210286,14.181769,18.898886
2203.410001,14.204909,18.639961
2203.609997,14.174828,16.801065
2203.809999,14.126232,17.952995
2204.009996,14.165571,17.512695
2204.209998,14.170198,15.412701
2204.399999,14.208382,14.071589
2204.610041,14.200282,15.443563
2204.809998,14.173671,16.094355
2205.009997,14.166728,15.65907
2205.21,14.179456,16.218628
2205.410537,14.173671,17.126686
2205.61,14.159785,17.077562
2205.799998,14.137802,14.450294
2206.009997,14.120447,15.361044
2206.209997,14.135488,17.00026
2206.41,14.135488,19.056168
2206.609998,14.159785,19.454166
2206.809996,14.149373,18.492685
2207.010025,14.167886,18.643375
2207.199999,14.133174,17.037363
2207.399998,14.169043,18.47811
2207.609998,14.14243,17.68136
2207.809998,14.160943,18.036596
2208.010001,14.172513,17.861137
2208.209997,14.1806135,18.6517
2208.410522,14.163258,18.626974
2208.599997,14.112347,20.767994
2208.809997,14.171356,21.920513
2209.009998,14.191026,19.383287
2209.210064,14.151688,18.458447
2209.409997,14.172513,17.6434
2209.61,14.158628,17.189508
2209.81,14.170198,16.1197
2210.000285,14.156315,18.3292
2210.210009,14.152843,16.587524
2210.409997,14.148215,16.567486
2210.610001,14.166728,15.882284
2210.810025,14.14243,15.33843
2211.009998,14.14243,15.313501
2211.209997,14.1621,16.296654
2211.410402,14.185241,15.256461
2211.609997,14.171356,16.944477
2211.809998,14.155158,17.38039
2212.010007,14.118133,17.276867
2212.210114,14.208382,19.659035
2212.41,14.148215,19.817268
2212.61,14.137802,18.380808
2212.799999,14.156315,19.65745
2213.010132,14.229208,18.347544
2213.209999,14.22458,15.1252165
2213.409998,14.155158,15.621908
2213.610005,14.120447,15.529478
2213.810116,14.1621,15.573363
2214.010001,14.148215,14.462763
2214.199998,14.136645,17.70087
2214.4101,14.189869,17.0134
2214.609998,14.151688,16.502825
2214.809996,14.155158,16.305298
2215.009997,14.147058,18.269255
2215.209997,14.134332,17.526648
2215.410001,14.128547,18.536732
2215.599998,14.158628,21.037203
2215.810003,14.134332,20.710915
2216.010112,14.133174,19.302095
2216.21,14.136645,16.956736
2216.409998,14.154,18.849993
2216.609997,14.118133,16.597868
2216.810091,14.120447,15.126528
2216.999997,14.114661,15.75048
2217.199998,14.169043,17.825235
2217.410138,14.14243,19.074837
2217.609998,14.1921835,21.010485
2217.809998,14.140117,21.292274
2218.009998,14.122762,18.850307
2218.209998,14.135488,17.958427
2218.399997,14.152843,16.839758
2218.609997,14.1621,20.330572
2218.809997,14.125074,19.206072
2219.009998,14.023256,18.251558
2219.209998,13.917966,22.167974
2219.409998,13.899453,30.45006
2219.610001,14.099621,28.33921
2219.800466,14.13896,24.868906
2220.009998,14.170198,20.215082
2220.210001,14.280117,17.743921
2220.410002,14.119289,15.659213
2220.610631,14.025569,17.531427
2220.809998,14.167886,20.949541
2221.009999,14.177141,18.351604
2221.199997,14.163258,18.03622
2221.41001,14.134332,17.909521
2221.609997,14.1621,17.31678
2221.81,14.158628,19.035795
2222.010139,14.123918,18.421843
2222.209999,14.166728,16.208858
2222.409998,14.164413,17.00906
2222.599997,14.143587,17.820164
2222.810065,14.152843,16.919792
2223.009998,14.099621,16.801773
2223.209998,14.157473,19.281368
2223.410281,14.152843,18.102121
2223.610013,14.147058,17.352613
2223.809998,14.177141,16.469519
2223.999997,14.154,18.10707
2224.209997,14.163258,16.240902
2224.409999,14.178298,15.960997
2224.609997,14.165571,14.005389
2224.810002,14.159785,17.319433
2225.010205,14.15053,16.589712
2225.209998,14.115819,16.814486
2225.399998,14.136645,16.932243
2225.609999,14.152843,16.506296
2225.809999,14.122762,17.61597
2226.009997,14.1621,17.928366
2226.21,14.133174,16.584576
2226.410234,14.136645,15.699262
2226.609997,14.119289,15.089663
2226.800008,14.085735,15.375625
2227.009997,14.106562,15.8938265
2227.210032,14.06491,16.064259
2227.41,14.039454,18.30071
2227.61,14.113504,17.936586
2227.809996,14.120447,18.946104
2228.01,14.120447,20.531815
2228.199997,14.128547,19.355627
2228.409998,14.106562,18.601532
2228.609998,14.14243,18.498446
2228.809998,14.116976,16.552877
2229.009997,14.148215,17.920853
2229.209998,14.094992,18.130878
2229.410343,14.0903635,18.103046
2229.6,14.127389,18.619524
2229.810009,14.097306,18.830132
2230.009999,14.078794,19.57275
2230.210056,14.115819,19.632925
2230.409997,14.114661,18.749784
2230.609998,14.074165,19.052973
2230.810001,14.128547,17.875282
2230.999998,14.108876,18.540226
2231.210006,14.118133,18.829899
2231.409998,14.112347,18.015787
2231.609999,14.094992,18.543165
2231.809998,14.074165,17.206127
2232.010001,14.093836,17.899292
2232.209997,14.121604,18.191687
2232.400031,14.141273,18.16079
2232.609997,14.127389,19.329798
2232.809998,14.130859,18.667564
2233.009999,14.098463,17.447262
2233.210186,14.126232,16.734974
2233.409998,14.118133,16.623762
2233.61,14.108876,16.061062
2233.800057,14.135488,16.266361
2234.009999,14.149373,17.739244
2234.209998,14.113504,18.949465
2234.409997,14.143587,18.77946
2234.609997,14.136645,17.305971
2234.809998,14.148215,15.229324
2235.009998,14.094992,16.07105
2235.210058,14.112347,15.743364
2235.410528,14.106562,14.933288
2235.609998,14.089207,15.56064
2235.809999,14.129703,17.236294
2236.009998,14.111191,16.461634
2236.21013,14.106562,18.820427
2236.409998,14.107719,20.29218
2236.599997,14.100777,18.326048
2236.809997,14.115819,18.12814
2237.010027,14.147058,17.69442
2237.209998,14.100777,16.549072
2237.410001,14.118133,16.635954
2237.609997,14.091521,17.002573
2237.809998,14.092678,17.142847
2237.999998,14.08805,17.39969
2238.210004,14.119289,17.825207
2238.410334,14.114661,18.247751
2238.609997,14.122762,16.710247
2238.809996,14.129703,16.7517
2239.009999,14.083421,16.712992
2239.210301,14.118133,17.084982
2239.399998,14.091521,14.977136
2239.599997,14.074165,15.861197
2239.809998,14.113504,15.50677
2240.010043,14.114661,17.55481
2240.210006,14.134332,17.72261
2240.410002,14.135488,16.875853
2240.610052,14.104249,16.044641
2240.800009,14.098463,17.181805
2240.999997,14.081108,16.436127
2241.209997,14.122762,14.93443
2241.410331,14.126232,16.374296
2241.610001,14.115819,14.98632
2241.809998,14.1019335,15.785325
2242.009998,14.118133,14.089761
2242.200203,14.110034,14.925715
2242.410002,14.105406,14.593257
2242.609998,14.106562,15.914578
2242.81,14.059124,14.942612
2243.010008,14.107719,15.128302
2243.209998,14.107719,15.5434475
2243.409997,14.1019335,17.923687
2243.600352,14.044083,18.01304
2243.8,14.120447,18.53315
2244.009997,14.106562,17.598743
2244.21003,14.120447,18.243744
2244.410512,14.129703,18.495764
2244.609998,14.113504,16.814285
2244.809997,14.113504,18.912582
2245,14.089207,16.960566
2245.210001,14.105406,16.91942
2245.409998,14.081108,15.879215
2245.609998,14.078794,16.56795
2245.810069,14.0961485,17.951603
2246.009997,14.127389,18.38941
2246.209998,14.0903635,18.775854
2246.399997,14.118133,18.23649
2246.61015,14.113504,19.3828
2246.809997,14.111191,17.126186
2247.009997,14.098463,17.24294
2247.209999,14.111191,17.926054
2247.410456,14.0903635,19.287449
2247.609999,14.123918,20.610815
2247.799998,14.107719,18.295515
2248.009997,14.120447,17.388811
2248.210299,14.0903635,16.914564
2248.409997,14.106562,16.2927
2248.609997,14.119289,15.051871
2248.809997,14.121604,16.096048
2249.009998,14.116976,17.453207
2249.199997,14.098463,16.578922
2249.409997,14.078794,17.591848
2249.6104,14.067223,17.03671
2249.809998,14.086893,18.44851
2250.010001,14.071851,17.816504
2250.209998,14.0961485,18.283983
2250.410554,14.097306,17.733492
2250.599997,14.107719,19.174696
2250.799998,14.100777,18.30288
2251.010006,14.085735,17.51905
2251.210267,14.092678,18.88574
2251.409997,14.092678,17.353884
2251.609998,14.099621,15.484027
2251.810001,14.0845785,16.635748
2252.000009,14.071851,17.333582
2252.209999,14.098463,16.889973
2252.409997,14.059124,18.02238
2252.610057,14.08805,18.734045
2252.809998,14.097306,19.214523
2253.009998,14.078794,19.150497
2253.209999,14.053339,20.23086
2253.400002,14.039454,20.780914
2253.609997,14.085735,19.80211
2253.809998,14.073008,18.181599
2254.010001,14.092678,17.722765
2254.210002,14.100777,17.998272
2254.410001,14.099621,17.574282
2254.609999,14.067223,17.088806
2254.810045,14.075323,17.907677
2255.009997,14.051024,17.34813
2255.209999,14.070695,18.114868
2255.409998,14.078794,18.248621
2255.609997,14.089207,17.915167
2255.809998,14.098463,17.233671
2256.01,14.097306,16.683691
2256.212069,14.073008,15.464428
2256.41035,14.0845785,16.129627
2256.609997,14.049868,17.228636
2256.809998,14.089207,17.716555
2257.009998,14.0903635,17.182863
2257.21029,14.075323,16.429789
2257.409997,14.111191,18.057865
2257.599997,14.07648,16.637648
2257.809997,14.118133,15.636344
2258.009997,14.06838,14.781816
2258.209998,14.044083,14.47016
2258.409998,14.093836,13.658053
2258.610005,14.108876,15.153142
2258.809998,14.057967,16.288847
2259.000001,14.092678,16.096424
2259.199996,14.082265,17.550913
2259.410248,14.06491,16.650051
2259.61,14.062595,18.294302
2259.809997,14.078794,17.826141
2260.01,14.069537,18.154493
2260.210197,14.073008,18.664154
2260.399998,14.085735,17.676565
2260.609998,14.099621,18.209787
2260.809998,14.093836,17.302858
2261.01007,14.081108,18.578274
2261.210001,14.044083,20.047142
2261.409997,14.057967,19.549213
2261.609997,14.071851,18.29552
2261.800338,14.047554,16.905212
2262.009997,14.057967,15.930038
2262.209999,14.070695,18.146534
2262.41005,14.039454,18.416204
2262.609998,14.08805,18.219448
2262.810011,14.038297,16.902136
2263.009997,14.046397,17.680597
2263.199997,14.086893,16.614153
2263.410039,14.042925,17.185911
2263.609998,14.067223,18.11201
2263.81,14.055653,19.9174
2264.009997,14.07995,21.262545
2264.209998,14.029041,20.787638
2264.409998,14.026727,21.03241
2264.599999,14.033669,19.247921
2264.810125,14.023256,18.01361
2265.009998,14.04871,18.29536
2265.210001,14.067223,18.417093
2265.409997,14.045239,16.320137
2265.610389,14.06491,15.767373
2265.809998,14.062595,14.328829
2265.999998,14.051024,15.649034
2266.209996,14.025569,16.461845
2266.410297,14.049868,16.182865
2266.609998,14.07648,17.74661
2266.809999,14.070695,17.175592
2267.009997,14.057967,15.518831
2267.209997,14.038297,15.9239235
2267.399997,14.033669,17.075165
2267.599998,14.020942,15.861763
2267.809999,14.060281,17.499626
2268.009998,14.017471,18.459192
2268.209997,14.054495,17.908232
2268.409999,14.051024,17.416405
2268.610508,14.070695,18.01489
2268.799998,14.018628,18.454426
2269.01011,14.074165,17.54753
2269.209998,14.026727,17.050755
2269.410147,14.060281,18.375818
2269.609997,14.074165,18.072968
2269.809999,14.082265,16.45266
2270.009998,14.071851,14.959355
2270.200044,14.071851,16.233768
2270.409997,14.034826,15.57765
2270.609997,14.074165,16.059383
2270.809997,14.045239,14.494892
2271.009997,14.004744,15.002025
2271.21,14.051024,14.879768
2271.410011,14.045239,16.173546
2271.600037,14.055653,16.098307
2271.809997,14.030199,16.211916
2272.009998,14.051024,18.413155
2272.209998,13.997801,17.436968
2272.410118,14.013999,16.368345
2272.609998,14.025569,17.19332
2272.81,14.035984,17.710592
2273.010076,14.018628,19.805962
2273.209998,14.022099,17.808365
2273.409998,14.032512,17.567877
2273.609997,14.055653,16.640223
2273.809998,14.041769,15.482981
2274.009997,14.060281,17.16771
2274.209999,14.055653,17.75743
2274.410102,14.06491,18.391003
2274.610744,14.041769,18.202505
2274.810011,14.040611,17.689692
2275.009998,14.04871,18.095024
2275.210001,14.06491,17.147572
2275.409998,14.054495,17.471292
2275.609998,14.046397,17.577179
2275.799997,13.998959,17.90772
2276.010125,14.024413,17.601793
2276.210006,14.039454,18.434544
2276.409996,14.069537,17.123787
2276.609997,14.051024,16.389194
2276.810212,14.049868,17.2472
2277.009997,14.012843,16.369118
2277.199998,14.029041,18.762335
2277.409999,14.011685,18.273462
2277.610629,14.020942,17.521193
2277.809997,14.025569,18.43859
2278.010002,14.041769,19.272139
2278.209998,14.007058,17.281343
2278.409998,14.001273,17.834652
2278.599997,14.016314,16.037148
2278.810001,13.964247,17.20325
2279.009999,14.023256,18.510975
2279.209997,14.041769,18.549599
2279.409998,14.022099,17.356924
2279.609999,14.060281,17.536358
2279.810171,14.020942,16.38191
2279.999998,14.016314,17.38896
2280.2,14.008214,17.43264
2280.409997,13.995487,17.492891
2280.610744,14.002429,17.267214
2280.810001,13.995487,15.898351
2281.009998,13.96309,17.001429
2281.210003,13.961932,17.292002
2281.400232,14.039454,19.13527
2281.610001,14.009371,18.866476
2281.809999,14.016314,18.298426
2282.009997,13.988545,18.231121
2282.209997,14.018628,16.640717
2282.409996,13.989702,16.16534
2282.609997,14.015157,17.507303
2282.800183,14.024413,17.334286
2283.009999,14.020942,18.356949
2283.209997,13.970033,17.062502
2283.41,14.023256,17.264915
2283.610721,14.015157,16.940483
2283.809998,14.022099,16.993032
2284.010001,14.004744,18.891037
2284.200001,13.995487,16.758863
2284.410228,13.99433,15.893764
2284.609998,14.001273,18.588684
2284.810002,13.982759,19.190178
2285.009998,14.009371,18.711452
2285.210001,14.032512,18.5081
2285.409997,14.020942,19.54945
2285.599997,13.997801,18.685694
2285.809997,14.023256,17.59862
2286.009998,14.0059,17.537714
2286.210001,13.982759,17.649214
2286.41,13.997801,17.418085
2286.610566,14.003586,16.174835
2286.81,14.004744,15.087441
2286.999998,14.002429,15.165947
2287.209996,13.988545,15.979961
2287.410211,13.981603,16.65431
2287.609998,14.03714,16.385515
2287.81,13.975818,16.398455
2288.009997,13.988545,17.011446
2288.210031,13.980445,16.549583
2288.399998,13.937635,17.95982
2288.609997,13.983917,19.868551
2288.81006,13.966561,18.0177
2289.009997,13.951519,19.277306
2289.209997,13.9769745,18.85386
2289.409997,13.958462,20.199017
2289.610505,13.964247,20.709435
2289.800001,13.985073,20.325764
2289.999997,13.96309,20.16446
2290.209997,13.928379,19.082308
2290.410096,13.939949,18.645638
2290.609998,13.945734,18.122341
2290.809999,13.958462,16.734968
2291.009999,13.957305,19.077137
2291.200044,13.948049,19.22008
2291.409998,13.930694,19.82523
2291.609997,13.973503,19.880993
2291.809996,13.975818,18.665916
2292.009996,13.97466,20.127441
2292.209998,13.998959,19.555893
2292.409998,13.966561,18.158854
2292.600186,14.004744,16.892387
2292.81,13.935321,15.4976845
2293.009998,13.987388,16.254932
2293.209997,13.939949,15.676971
2293.409999,13.944577,15.849844
2293.609998,13.935321,15.307866
2293.809999,13.97466,17.33978
2293.999998,13.978132,17.18773
2294.21,13.987388,17.004726
2294.409997,13.97466,15.585705
2294.609997,13.997801,15.778701
2294.810033,14.011685,16.255167
2295.009997,13.96309,15.70878
2295.210001,13.978132,16.10299
2295.410068,13.966561,15.251289
2295.610374,13.9769745,15.75955
2295.810001,13.981603,16.363623
2296.009997,14.001273,14.816568
2296.209998,13.936479,13.961143
2296.410016,13.997801,15.255437
2296.610002,13.951519,14.2984085
2296.799998,13.964247,16.724594
2297.010001,13.99433,16.888233
2297.21,13.935321,17.144989
2297.409999,13.980445,17.867813
2297.609997,13.9711895,17.434423
2297.810045,13.939949,15.546237
2298.009998,13.9654045,15.600712
2298.2,13.973503,14.881665
2298.409998,13.950362,15.435847
2298.610542,13.949206,15.1999
2298.809998,14.004744,15.201924
2299.012254,14.070695,14.917312
2299.209999,13.997801,15.270617
2299.410157,13.957305,17.622261
2299.599998,13.942264,17.862196
2299.799997,13.973503,16.531004
2300.010045,13.990858,17.651257
2300.209997,13.958462,19.91582
2300.409998,13.97466,19.306133
2300.609997,13.943421,18.603498
2300.809997,13.9654045,18.591253
2300.999997,13.921436,18.681244
2301.199998,13.774494,20.86839
2301.410005,13.801105,23.315794
2301.610729,13.958462,20.37817
2301.809998,13.989702,17.867674
2302.009997,13.995487,15.990992
2302.209997,13.858956,17.930077
2302.400204,13.88904,18.3506
2302.609998,13.945734,18.39361
2302.809998,13.945734,17.943829
2303.009997,13.9711895,17.187616
2303.209997,13.942264,18.648415
2303.409998,13.902925,17.733671
2303.609997,13.929536,17.493275
2303.800193,13.919123,18.202488
2304.009997,13.948049,19.271809
2304.209998,13.939949,18.906553
2304.409998,13.944577,18.357716
2304.610614,13.961932,19.558064
2304.81,13.911023,17.493954
2305.009996,13.90408,17.130846
2305.199998,13.949206,16.90526
2305.410012,13.948049,19.407402
2305.609998,13.9596195,18.892832
2305.810003,13.945734,17.29897
2306.009997,13.939949,15.073271
2306.209997,13.907553,16.869427
2306.409997,13.919123,18.418432
2306.599997,13.923751,19.051638
2306.810072,13.938792,17.327461
2307.009998,13.926065,15.178412
2307.210001,13.97466,17.435492
2307.409999,13.953835,16.199352
2307.610583,13.942264,17.774067
2307.810001,13.948049,16.12313
2307.999998,13.934164,16.015411
2308.209998,13.942264,15.918796
2308.409999,13.924909,14.680446
2308.609997,13.935321,15.829245
2308.809997,13.916808,17.034527
2309.009997,13.895983,17.632652
2309.209998,13.886725,16.213133
2309.399998,13.926065,16.966042
2309.609997,13.895983,17.931929
2309.810073,13.877469,17.25994
2310.009999,13.912181,18.102108
2310.209999,13.884412,19.418266
2310.410036,13.909866,17.716919
2310.61066,13.895983,19.004967
2310.799997,13.934164,18.401876
2310.999998,13.90061,18.406267
2311.209997,13.93185,17.37469
2311.409997,13.90061,17.21853
2311.61,13.912181,16.825056
2311.809998,13.878627,15.873632
2312.010001,13.891355,15.374363
2312.199998,13.886725,15.246736
2312.409997,13.878627,15.244931
2312.609997,13.847386,17.124294
2312.810091,13.852015,17.282454
2313.010087,13.835816,16.992329
2313.209998,13.898295,18.396778
2313.41014,13.886725,19.74103
2313.600123,13.868214,20.035583
2313.809999,13.884412,19.472738
2314.009998,13.873999,20.061985
2314.209998,13.879785,19.85658
2314.409998,13.877469,20.919218
2314.609999,13.884412,20.78994
2314.809999,13.922593,20.093216
2314.999999,13.852015,17.987116
2315.210045,13.90061,18.836126
2315.409998,13.847386,17.698673
2315.609996,13.841601,19.175816
2315.809997,13.811518,19.660742
2316.009998,13.846229,19.499828
2316.209998,13.848544,20.17317
2316.4,13.852015,20.29649
2316.610669,13.867057,19.23225
2316.809997,13.871684,18.229393
2317.01,13.862429,19.291521
2317.210001,13.868214,19.703846
2317.410107,13.850859,18.312536
2317.609998,13.821933,18.38427
2317.799997,13.856644,17.673552
2318.010001,13.849701,16.580364
2318.210235,13.872842,17.276834
2318.409998,13.886725,17.636494
2318.610001,13.852015,19.037043
2318.809997,13.872842,19.85311
2319.009998,13.83003,19.355982
2319.199997,13.847386,19.311142
2319.399998,13.848544,18.334097
2319.610421,13.867057,18.471777
2319.809996,13.828874,18.217545
2320.010004,13.841601,19.223978
2320.209997,13.842758,17.51339
2320.41024,13.846229,18.269588
2320.600005,13.81499,19.381363
2320.799997,13.805733,19.297201
2321.009997,13.804577,21.266327
2321.210241,13.840444,20.312899
2321.410001,13.820775,19.306734
2321.609997,13.805733,20.330034
2321.809998,13.828874,17.57747
2322.000016,13.794163,16.882566
2322.199998,13.865899,18.271147
2322.409999,13.809205,18.334513
2322.610579,13.825403,21.240705
2322.809997,13.852015,22.631968
2323.01,13.858956,22.098858
2323.209997,13.832345,19.504717
2323.400273,13.834659,19.938463
2323.609998,13.809205,18.532381
2323.810003,13.809205,19.186384
2324.009998,13.796477,19.167585
2324.210395,13.845073,18.520628
2324.409998,13.845073,17.529085
2324.609997,13.849701,17.628641
2324.800264,13.834659,17.353708
2325.009997,13.843916,15.030966
2325.209997,13.798792,16.172163
2325.409998,13.79532,15.860088
2325.610572,13.78375,17.120682
2325.809998,13.798792,18.717352
2326.009997,13.798792,18.866383
2326.200001,13.819618,17.91954
2326.410069,13.847386,16.55047
2326.609997,13.811518,16.473326
2326.81,13.816147,16.263916
2327.009997,13.860114,16.0668
2327.209999,13.843916,17.310455
2327.409998,13.819618,15.852985
2327.599998,13.823089,15.869774
2327.809997,13.817304,17.664276
2328.01002,13.81846,16.737656
2328.209998,13.811518,17.250317
2328.410002,13.838131,17.035414
2328.610524,13.801105,17.173748
2328.809997,13.824245,15.268113
2329,13.788378,15.211752
2329.210001,13.82656,16.181122
2329.410087,13.766394,17.7115
2329.609997,13.723584,19.490644
2329.809997,13.715485,21.558844
2330.009997,13.751353,21.324673
2330.210421,13.75251,21.224455
2330.399997,13.762923,20.373888
2330.599999,13.753666,20.987793
2330.809997,13.745568,18.648813
2331.009998,13.710856,18.751282
2331.209999,13.72937,17.128202
2331.409997,13.712014,17.184196
2331.610593,13.745568,15.611093
2331.799997,13.733997,16.638567
2332.010001,13.74094,19.145409
2332.209997,13.72127,15.934401
2332.410032,13.710856,16.38137
2332.609999,13.731683,16.825247
2332.810001,13.72937,18.594368
2333.009997,13.736311,18.7503
2333.200145,13.766394,18.371336
2333.409997,13.773336,18.243088
2333.609997,13.736311,17.212097
2333.809997,13.718955,16.471123
2334.009997,13.765237,14.605832
2334.209998,13.716642,17.007551
2334.409999,13.765237,18.706667
2334.600034,13.758296,17.448978
2334.809998,13.742096,18.254416
2335.009997,13.718955,17.045769
2335.209997,13.742096,16.45577
2335.410277,13.747881,16.085165
2335.609998,13.77218,16.627275
2335.810001,13.775651,15.627495
2335.999998,13.747881,18.39519
2336.210239,13.746725,17.797304
2336.409997,13.71317,18.068771
2336.609997,13.725898,17.791718
2336.809999,13.727055,18.423029
2337.009997,13.694658,16.691353
2337.209999,13.716642,17.321444
2337.410185,13.699286,18.682396
2337.610663,13.72474,19.164856
2337.809998,13.72937,18.529917
2338.009998,13.733997,18.609995
2338.210001,13.684244,17.57791
2338.410144,13.702757,17.8209
2338.609999,13.731683,19.00111
2338.799998,13.730526,17.9652
2339.009997,13.712014,19.341173
2339.209999,13.722427,18.522282
2339.409998,13.7016,16.80394
2339.609997,13.737468,15.660141
2339.810022,13.717799,17.276524
2340.009998,13.722427,16.6486
2340.199997,13.685402,15.631358
2340.409998,13.699286,18.130949
2340.610634,13.691187,19.025015
2340.809997,13.718955,18.807789
2341.01,13.703915,17.99745
2341.210001,13.716642,17.546368
2341.409997,13.72474,18.2121
2341.599997,13.72127,16.38244
2341.799997,13.71317,15.854446
2342.009997,13.694658,15.558749
2342.209998,13.702757,16.00424
2342.409997,13.677303,16.223574
2342.610003,13.71317,16.144306
2342.809996,13.7016,17.105492
2342.999997,13.700444,15.719574
2343.199998,13.664576,16.858576
2343.410001,13.674989,17.553308
2343.610431,13.702757,16.758158
2343.809999,13.676146,17.199833
2344.010001,13.678459,18.167469
2344.209998,13.688873,18.788273
2344.400179,13.668046,19.301344
2344.609997,13.671518,19.123692
2344.810001,13.622922,19.721584
2345.009999,13.685402,17.97641
2345.209998,13.678459,18.364225
2345.409998,13.663418,19.49014
2345.609996,13.607882,19.16346
2345.80053,13.671518,18.963108
2345.999999,13.666889,16.760117
2346.209997,13.679616,18.266483
2346.410019,13.685402,18.60757
2346.610797,13.662261,16.536062
2346.81,13.651848,14.403909
2347.009998,13.677303,15.012003
2347.199999,13.659947,17.232216
2347.41001,13.663418,17.908684
2347.609998,13.629865,17.758093
2347.810064,13.62408,16.694307
2348.009997,13.65069,14.279655
2348.209997,13.633335,16.084166
2348.409998,13.6252365,16.730448
2348.599997,13.6310215,17.835838
2348.81,13.643748,18.471865
2349.009997,13.642592,20.148561
2349.209997,13.644905,21.533415
2349.409997,13.64722,21.468622
2349.610771,13.632177,19.344526
2349.809998,13.6368065,20.731346
2349.999998,13.62755,20.0892
2350.209997,13.620607,19.390434
2350.409999,13.637963,19.23011
2350.609997,13.628707,18.45972
2350.81,13.593996,18.469574
2351.009997,13.621765,18.947838
2351.209997,13.618294,18.194666
2351.400009,13.574326,19.72051
2351.609997,13.574326,18.58428
2351.81,13.581268,19.051538
2352.009996,13.609037,20.771313
2352.209997,13.581268,20.23117
2352.410057,13.590526,20.108118
2352.610696,13.566228,21.788082
2352.799997,13.570855,21.062103
2352.999998,13.572013,22.160576
2353.209997,13.589368,20.760834
2353.410029,13.6252365,18.50569
2353.609997,13.609037,16.975796
2353.809998,13.603251,19.472189
2354.009998,13.604409,18.24793
2354.199997,13.609037,19.390959
2354.41,13.592839,19.342472
2354.609997,13.595154,19.394817
2354.810147,13.614822,19.61186
2355.009997,13.569698,19.394295
2355.209998,13.614822,18.64705
2355.409997,13.582426,18.25327
2355.600046,13.596311,17.505098
2355.809997,13.604409,16.908813
2356.009998,13.602096,15.950881
2356.210002,13.57664,16.857662
2356.409996,13.587053,16.580736
2356.609998,13.581268,15.783918
2356.810002,13.599781,16.81706
2356.999998,13.596311,18.301249
2357.210046,13.592839,17.607681
2357.409998,13.5292015,18.68236
2357.609998,13.525731,20.32226
2357.809998,13.5916815,21.355818
2358.009998,13.537302,20.12454
2358.209998,13.543087,19.199554
2358.399997,13.5292015,18.06474
2358.610583,13.487549,17.515991
2358.809997,13.526889,15.96026
2359.009998,13.538459,17.993313
2359.209998,13.559285,17.657343
2359.410151,13.555815,18.203827
2359.609997,13.53383,18.01842
2359.799998,13.548872,19.47477
2360.009999,13.515318,19.11225
2360.209997,13.510689,20.443201
2360.41,13.526889,18.369617
2360.609997,13.528045,17.701403
2360.810176,13.531516,16.630203
2361.010097,13.495648,17.183296
2361.199997,13.52226,16.517736
2361.410088,13.532674,17.242134
2361.610958,13.5234165,17.64715
2361.810105,13.514161,17.963388
2362.010001,13.503748,17.47856
2362.209997,13.47945,17.631338
2362.409997,13.496805,15.805152
2362.599997,13.504904,18.132257
2362.809997,13.486392,19.296288
2363.010096,13.507218,19.23552
2363.210003,13.506062,20.374819
2363.409997,13.502591,18.400679
2363.609997,13.495648,16.588865
2363.810284,13.538459,16.718664
2363.999998,13.503748,16.604853
2364.199999,13.486392,16.369823
2364.410427,13.507218,15.691698
2364.610029,13.457467,15.545188
2364.809998,13.478292,15.305108
2365.01001,13.486392,15.06561
2365.209998,13.497963,16.766747
2365.399998,13.471351,17.328768
2365.609998,13.4667225,16.916769
2365.809998,13.488706,17.797676
2366.010334,13.487549,16.685978
2366.209996,13.471351,15.85298
2366.409997,13.442425,17.805634
2366.609997,13.432012,18.762323
2366.799997,13.449367,16.341711
2366.999998,13.445896,16.889702
2367.209999,13.422755,17.283463
2367.41031,13.457467,16.55914
2367.609999,13.433168,16.215107
2367.809998,13.472507,16.385418
2368.010001,13.441267,16.160368
2368.200153,13.418126,17.26775
2368.409997,13.44821,17.61088
2368.609999,13.438953,16.890528
2368.809999,13.467879,15.79163
2369.010236,13.465565,17.571762
2369.209999,13.453995,17.77275
2369.409996,13.443582,18.067545
2369.600123,13.393829,18.028154
2369.809999,13.427383,16.498205
2370.009997,13.4100275,17.380846
2370.210009,13.403086,18.23692
2370.410308,13.388044,18.160908
2370.609997,13.396143,18.538834
2370.809998,13.396143,17.616344
2370.999998,13.373002,17.006348
2371.210132,13.4100275,17.299168
2371.409999,13.412341,16.81969
2371.609999,13.397301,15.547723
2371.809998,13.392673,17.061298
2372.010001,13.37763,15.9400015
2372.209997,13.38573,16.272552
2372.4,13.407713,15.602346
2372.609998,13.392673,13.786759
2372.809998,13.393829,14.657549
2373.01,13.349861,15.290361
2373.21,13.370689,14.790783
2373.410337,13.383415,16.384508
2373.61,13.370689,14.928442
2373.800001,13.346391,16.189743
2374.009997,13.378787,15.434727
2374.210189,13.369532,15.671973
2374.409996,13.379945,16.093607
2374.609999,13.356804,16.465073
2374.809999,13.351019,19.614193
2375.010026,13.368375,18.836378
2375.199997,13.348704,20.244278
2375.409997,13.310523,19.95268
2375.61,13.317465,19.741644
2375.810001,13.301267,19.957455
2376.009998,13.356804,18.447536
2376.210046,13.323251,19.856213
2376.4104,13.348704,18.105919
2376.599998,13.338291,18.022923
2376.809998,13.332506,18.226738
2377.009999,13.312838,18.202965
2377.209999,13.331348,17.193188
2377.409997,13.329036,17.166016
2377.609998,13.287382,16.38878
2377.810006,13.31168,16.900497
2378.000045,13.301267,17.285704
2378.21,13.301267,16.899261
2378.409997,13.302423,16.504293
2378.610043,13.317465,18.44688
2378.809998,13.31515,19.126537
2379.009999,13.288539,18.708355
2379.209997,13.29201,17.782589
2379.400215,13.244571,18.995026
2379.609997,13.271184,17.694132
2379.809998,13.243415,17.186815
2380.009997,13.264241,17.125032
2380.210153,13.244571,14.834847
2380.409997,13.246886,16.483362
2380.609998,13.2457285,17.661978
2380.810118,13.259613,16.017923
2381.010044,13.194819,17.197937
2381.209998,13.268869,20.647982
2381.409999,13.219117,19.576187
2381.609997,13.248043,19.824917
2381.810001,13.236473,17.954834
2382.009997,13.23763,18.368921
2382.210021,13.2411,18.061457
2382.410537,13.231845,17.509787
2382.609997,13.242258,18.597734
2382.809998,13.208704,19.402006
2383.009997,13.220275,19.493567
2383.210015,13.233001,19.227207
2383.409997,13.23763,18.967072
2383.599997,13.195976,17.493273
2383.809997,13.16705,18.40361
2384.01,13.176307,18.613506
2384.209999,13.202919,19.10455
2384.409997,13.180934,19.622932
2384.610115,13.187877,19.656374
2384.809997,13.163579,18.946486
2384.999999,13.190191,16.967886
2385.209997,13.193662,17.672607
2385.410484,13.180934,19.170723
2385.61,13.152008,17.841719
2385.809997,13.191349,15.203701
2386.009997,13.154323,17.518517
2386.209997,13.149695,17.335934
2386.399997,13.180934,17.2463
2386.609997,13.158951,17.624668
2386.810095,13.109199,18.826262
2387.009997,13.141596,19.313732
2387.209997,13.13581,19.107258
2387.412002,13.099942,18.727602
2387.610196,13.118455,18.753946
2387.811203,13.06986,19.085146
2387.999997,13.118455,18.475523
2388.210037,13.128868,17.70083
2388.409997,13.131183,16.861809
2388.61,13.099942,17.191164
2388.809998,13.117297,18.159344
2389.01,13.1265545,18.20792
2389.200043,13.106884,17.191671
2389.409997,13.101099,17.305817
2389.610002,13.125398,17.738214
2389.810203,13.11267,16.655685
2390.009999,13.074488,18.234758
2390.209998,13.095314,18.469006
2390.410001,13.111512,18.286821
2390.600289,13.079116,17.97716
2390.809998,13.059445,15.979077
2391.01,13.076801,16.649467
2391.209999,13.051348,15.343682
2391.410448,13.066388,15.561525
2391.609997,13.05019,17.780365
2391.809997,13.051348,17.150421
2391.999997,13.028207,16.434715
2392.209997,13.029364,17.25944
2392.412048,13.022422,18.88036
2392.609999,13.0247345,17.699413
2392.809999,13.015479,17.972208
2393.009997,13.002751,17.162968
2393.210088,13.0189495,17.135328
2393.399997,12.988868,17.638725
2393.61012,13.005066,18.497541
2393.809998,12.970355,18.172405
2394.009997,12.984239,19.247509
2394.21,12.93333,19.148428
2394.410653,12.965727,19.003284
2394.61,12.969197,19.001574
2394.799998,12.985395,18.586613
2395.009998,12.9449,17.04991
2395.210015,12.988868,18.382912
2395.409998,12.926387,18.522211
2395.609997,12.921759,19.035954
2395.809998,12.912503,17.983698
2396.009998,12.93333,19.725292
2396.199998,12.9449,17.51637
2396.409997,12.763246,20.952303
2396.610132,12.920602,21.928404
2396.809998,12.928701,19.012724
2397.009999,12.98771,19.240095
2397.209997,12.878949,19.384336
2397.410671,12.924073,21.479376
2397.599998,12.850023,21.534021
2397.799997,12.977298,21.038046
2398.009997,12.881263,19.168797
2398.210006,12.847709,20.598688
2398.409997,12.822253,20.354746
2398.609997,12.942586,17.929604
2398.809997,12.772502,19.057457
2398.999998,12.873164,19.461477
2399.209997,12.818783,17.893818
2399.409997,12.779445,18.73076
2399.610071,12.830354,19.52088
2399.810001,12.850023,20.397526
2400.010001,12.836139,21.745022
2400.210017,12.797957,20.800728
2400.400249,12.773659,21.301872
2400.609997,12.802585,21.934673
2400.809998,12.762089,21.202993
2401.009997,12.769032,21.245176
2401.210047,12.781757,22.266344
2401.409997,12.729691,20.874058
2401.609997,12.72275,19.638771
2401.800024,12.667212,20.925154
2402.01,12.817626,20.873411
2402.209998,12.846552,16.981247
2402.409997,12.671839,17.985495
2402.610215,12.458945,18.34879
2402.809998,12.6406,18.786442
2403.01,12.80027,17.827883
2403.210155,12.769032,16.782822
2403.409998,12.600104,18.030918
2403.609997,12.690352,19.419168
2403.81,12.764402,18.152477
2404.010021,12.762089,16.906948
2404.209998,12.716965,17.265352
2404.409998,12.825726,15.440786
2404.599998,12.868535,13.749235
2404.810094,12.912503,11.393619
2405.009997,12.914817,9.534527
2405.209998,12.931016,8.6433525
2405.409997,12.936801,7.7815247
2405.61014,13.059445,5.967617
2405.809998,13.05829,4.368407
2405.999997,13.0640745,3.5571291
2406.210304,13.067546,3.0887513
2406.409997,13.06986,2.5136144
2406.609997,13.084901,2.0573676
2406.812267,13.106884,1.7800446
2407.009996,13.083744,1.6303717
2407.209996,13.096472,1.5109226
2407.399997,13.110356,1.4161345
2407.61,13.1207695,1.3038539
2407.810255,13.111512,1.3176945
2408.011088,13.087215,1.3652141
2408.210001,13.106884,1.3863041
2408.410062,13.11267,1.4084933
2408.609998,13.136968,1.3740873
2408.799997,13.131183,1.2767979
2409.009997,13.133497,1.2070425
2409.21053,13.153166,1.1718299
2409.409997,13.146223,1.1608462
2409.609999,13.14391,1.136607
2409.809997,13.149695,1.122979
2410.009998,13.162423,1.126752
2410.199997,13.16705,1.1012051
2410.409997,13.161265,1.1038492
2410.610137,13.163579,1.1106414
2410.809997,13.171679,1.1055827
2411.009998,13.162423,1.1066239
2411.210002,13.170522,1.098256
2411.409998,13.168208,1.0922285
2411.599997,13.161265,1.0960345
2411.799998,13.171679,1.1068053
2412.01002,13.171679,1.0891713
2412.209998,13.180934,1.0997416
2412.410009,13.190191,1.0982959
2412.609997,13.180934,1.1004244
2412.810003,13.178621,1.0974907
2412.999997,13.190191,1.1016489
2413.209997,13.195976,1.0986483
2413.409999,13.199447,1.1122497
2413.610086,13.199447,1.1005428
2413.809997,13.208704,1.0903813
2414.009998,13.190191,1.0928305
2414.209999,13.193662,1.081368
2414.400447,13.205233,1.0664983
2414.6,13.197134,1.0422875
2414.809999,13.197134,1.041229
2415.010097,13.201762,1.0352755
2415.209999,13.19829,1.0428659
2415.41,13.206389,1.0433954
2415.609997,13.206389,1.0544603
2415.799997,13.206389,1.0436057
2416.009998,13.21796,1.068303
2416.209997,13.2341585,1.0847646
2416.409998,13.227216,1.0921035
2416.610187,13.20986,1.0893179
2416.81,13.212174,1.0843604
2417.010106,13.215646,1.0965236
2417.200037,13.21796,1.0810385
2417.410003,13.22953,1.1070267
2417.6,13.220275,1.1703892
2417.809999,13.227216,1.1492554
2418.010237,13.224902,1.1105695
2418.209997,13.208704,1.0973238
2418.409998,13.22606,1.1007683
2418.599998,13.227216,1.101937
2418.810202,13.223745,1.0799218
2419.009997,13.231845,1.0873793
2419.209998,13.227216,1.0805831
2419.409997,13.233001,1.086936
2419.610238,13.243415,1.0779889
2419.809997,13.22953,1.104937
2419.999997,13.2341585,1.0983378
2420.209997,13.223745,1.0795234
2420.41,13.228373,1.070893
2420.609997,13.238786,1.0496303
2420.809998,13.23763,1.058703
2421.010572,13.236473,1.0715104
2421.209998,13.23763,1.0711738
2421.399999,13.236473,1.0699259
2421.609998,13.23763,1.0645143
2421.810132,13.230687,1.0691936
2422.009996,13.236473,1.059875
2422.209998,13.248043,1.0789161
2422.410032,13.235315,1.0791206
2422.609998,13.233001,1.0726472
2422.8,13.228373,1.0798512
2423.009997,13.243415,1.0634116
2423.209998,13.23763,1.0590906
2423.409997,13.236473,1.0542637
2423.610001,13.242258,1.062238
2423.809997,13.244571,1.0721709
2424.010463,13.254986,1.0849495
2424.199998,13.244571,1.0807984
2424.409997,13.2457285,1.0761815
2424.609996,13.254986,1.0744946
2424.810042,13.2411,1.079624
2425.009998,13.2457285,1.0729128
2425.209999,13.249201,1.0814233
2425.409997,13.254986,1.0889015
2425.599998,13.244571,1.081577
2425.810002,13.2457285,1.0858885
2426.01,13.2515135,1.086897
2426.210204,13.250357,1.088908
2426.409998,13.254986,1.0868679
2426.609997,13.238786,1.0997295
2426.810067,13.252671,1.087952
2426.999997,13.265399,1.0768418
2427.209997,13.254986,1.0714762
2427.409998,13.254986,1.063725
2427.610002,13.260771,1.0147852
2427.809999,13.254986,1.1241766
2428.009998,13.2515135,1.1110326
2428.210001,13.252671,1.0866324
2428.400177,13.259613,1.0700551
2428.609997,13.257298,1.08314
2428.809998,13.252671,1.0799919
2429.009997,13.250357,1.0806717
2429.210008,13.259613,1.069799
2429.409997,13.257298,1.071203
2429.609997,13.259613,1.0643383
2429.799998,13.252671,1.076228
2430.009998,13.257298,1.0604041
2430.209997,13.264241,1.0847083
2430.409997,13.264241,1.0791826
2430.610181,13.258456,1.0870779
2430.809997,13.265399,1.0919335
2431.009997,13.267712,1.0806056
2431.199998,13.2515135,1.0796334
2431.409997,13.263084,1.0593576
2431.61,13.256142,1.0772479
2431.809997,13.254986,1.0660944
2432.010001,13.259613,1.0795662
2432.209998,13.260771,1.0796098
2432.410001,13.266556,1.0754123
2432.610038,13.272341,1.0765477
2432.81036,13.263084,1.0636957
2433.009999,13.259613,1.0599138
2433.209996,13.267712,1.0737339
2433.409997,13.270026,1.0733826
2433.610001,13.273497,1.0817324
2433.809999,13.263084,1.1083883
2433.999997,13.263084,1.0954849
2434.210074,13.273497,1.0914392
2434.409998,13.261927,1.1306657
2434.609997,13.267712,1.11631
2434.809999,13.265399,1.1066666
2435.009997,13.261927,1.1008577
2435.210001,13.260771,1.0933152
2435.399999,13.260771,1.0932955
2435.610353,13.271184,1.1021214
2435.810658,13.280439,1.1057107
2436.009998,13.265399,1.1011332
2436.209997,13.264241,1.0947104
2436.410008,13.265399,1.0845783
2436.609997,13.268869,1.075267
2436.799997,13.260771,1.0824746
2437.009996,13.267712,1.0964643
2437.210033,13.263084,1.0850986
2437.409998,13.263084,1.091468
2437.609997,13.271184,1.0800856
2437.809997,13.274654,1.0935197
2438.010263,13.263084,1.0920291
2438.200009,13.259613,1.0688514
2438.399997,13.285068,1.0653876
2438.610278,13.275812,1.0705664
2438.81,13.259613,1.0612774
2439.01,13.266556,1.0649418
2439.209997,13.270026,1.0923662
2439.410001,13.266556,1.0737147
2439.599997,13.271184,1.1156934
2439.810001,13.271184,1.1177812
2440.009997,13.271184,1.1107309
2440.21007,13.273497,1.080057
2440.409998,13.263084,1.0732396
2440.610001,13.267712,1.062662
2440.809997,13.272341,1.0599313
2441.000024,13.274654,1.0795006
2441.199998,13.268869,1.0782819
2441.410001,13.273497,1.0679156
2441.61047,13.276969,1.0687267
2441.809999,13.267712,1.0803249
2442.009997,13.275812,1.0870489
2442.209997,13.274654,1.0977006
2442.400217,13.267712,1.0807208
2442.609998,13.270026,1.0861672
2442.81,13.285068,1.0891293
2443.009997,13.287382,1.0915438
2443.209997,13.272341,1.0887268
2443.409997,13.270026,1.0854365
2443.609997,13.266556,1.08925
2443.800326,13.282754,1.0870212
2444.009997,13.273497,1.0865543
2444.209998,13.290853,1.1088531
2444.410023,13.282754,1.0951133
2444.610507,13.275812,1.0949537
2444.81,13.258456,1.092861
2445.01,13.265399,1.0843849
2445.199997,13.270026,1.0907191
2445.41015,13.267712,1.0921693
2445.609999,13.265399,1.0954095
2445.809999,13.273497,1.0925305
2446.009998,13.273497,1.1038396
2446.21007,13.276969,1.1128454
2446.409998,13.270026,1.1204355
2446.599997,13.278127,1.1035507
2446.810074,13.275812,1.113868
2447.009998,13.274654,1.1115094
2447.210001,13.278127,1.1145002
2447.409999,13.271184,1.114488
2447.610694,13.294325,1.105353
2447.809997,13.274654,1.2230878
2447.999998,13.273497,1.1460835
2448.209997,13.282754,1.1358105
2448.410289,13.279283,1.1237394
2448.609998,13.278127,1.0981203
2448.810001,13.273497,1.0967137
2449.009997,13.278127,1.096172
2449.209997,13.281597,1.0877084
2449.399998,13.278127,1.0885202
2449.609998,13.273497,1.0864115
2449.810134,13.281597,1.0918472
2450.009999,13.278127,1.0949202
2450.21,13.278127,1.1030918
2450.409998,13.272341,1.1049154
2450.6108,13.282754,1.1000887
2450.799997,13.274654,1.0902497
2450.999998,13.275812,1.0864317
2451.209998,13.273497,1.0733848
2451.409998,13.267712,1.0718442
2451.609997,13.280439,1.0566463
2451.81,13.278127,1.0630171
2452.010163,13.290853,1.0703757
2452.199997,13.29201,1.0719509
2452.409997,13.280439,1.0803828
2452.609997,13.276969,1.0870577
2452.810077,13.272341,1.0971773
2453.009999,13.273497,1.0973326
2453.209998,13.273497,1.1057079
2453.41031,13.282754,1.0862305
2453.599997,13.273497,1.084128
2453.809999,13.271184,1.0864648
2454.009997,13.274654,1.1097002
2454.209998,13.267712,1.0879056
2454.409997,13.276969,1.071586
2454.609998,13.275812,1.0808692
2454.809999,13.275812,1.0796928
2454.999998,13.278127,1.075173
2455.209998,13.260771,1.0772139
2455.409998,13.278127,1.0787477
2455.609997,13.279283,1.1140816
2455.81001,13.281597,1.1027257
2456.009997,13.282754,1.0924861
2456.210409,13.282754,1.1002493
2456.399998,13.273497,1.0973855
2456.609998,13.275812,1.099523
2456.81,13.267712,1.0930051
2457.009997,13.279283,1.0724292
2457.210163,13.283912,1.0625979
2457.410001,13.285068,1.0643691
2457.61,13.280439,1.0815341
2457.799997,13.281597,1.1460997
2458.010217,13.289697,1.0959401
2458.209997,13.275812,1.0952008
2458.409999,13.276969,1.0916332
2458.609998,13.272341,1.0864372
2458.810043,13.280439,1.0808777
2459.010001,13.282754,1.0835332
2459.199997,13.289697,1.0841978
2459.410255,13.282754,1.084041
2459.610002,13.263084,1.0817784
2459.809998,13.282754,1.0909345
2460.009997,13.271184,1.0695599
2460.210133,13.280439,1.0693073
2460.409998,13.272341,1.0858246
2460.599997,13.282754,1.068534
2460.809997,13.278127,1.072339
2461.01001,13.278127,1.0801756
2461.209997,13.272341,1.0753726
2461.409996,13.273497,1.0648986
2461.610004,13.282754,1.0761166
2461.810001,13.279283,1.0640208
2461.999999,13.274654,1.0447246
2462.212248,13.278127,1.0848793
2462.41053,13.283912,1.0990524
2462.61,13.274654,1.1017569
2462.809997,13.266556,1.0756359
2463.009997,13.278127,1.0767632
2463.210014,13.286224,1.0637809
2463.399999,13.265399,1.0494624
2463.61,13.276969,1.0434616
2463.810113,13.287382,1.0460874
2464.01,13.273497,1.0748714
2464.209999,13.275812,1.070826
2464.409997,13.275812,1.0758053
2464.610293,13.273497,1.0959034
2464.800001,13.271184,1.1075344
2464.999997,13.278127,1.0578375
2465.210353,13.275812,1.0569721
2465.409996,13.278127,1.0563934
2465.610007,13.271184,1.0695045
2465.809997,13.273497,1.0509946
2466.010061,13.280439,1.0499084
2466.199999,13.289697,1.0296142
2466.409998,13.268869,1.0255966
2466.61,13.275812,1.0445045
2466.810213,13.29201,1.0530368
2467.010004,13.278127,1.0630494
2467.209997,13.279283,1.0504909
2467.409998,13.267712,1.0566338
2467.599998,13.281597,1.0687376
2467.799998,13.271184,1.0782003
2468.009997,13.271184,1.059538
2468.210265,13.275812,1.0529025
2468.409999,13.272341,1.0473205
2468.609998,13.272341,1.0504062
2468.810002,13.278127,1.0646305
2469.000173,13.278127,1.0786606
2469.209997,13.278127,1.07434
2469.409997,13.287382,1.059666
2469.609997,13.276969,1.0674285
2469.809999,13.271184,1.0585512
2470.009998,13.270026,1.0634227
2470.209998,13.275812,1.0700616
2470.400204,13.286224,1.05745
2470.599998,13.273497,1.0723169
2470.809999,13.278127,1.0628026
2471.01005,13.272341,1.0583756
2471.210557,13.278127,1.0509259
2471.409997,13.278127,1.0556266
2471.609997,13.274654,1.0434802
2471.799997,13.276969,1.0308838
2472.009997,13.267712,1.0517875
2472.209998,13.279283,1.0603632
2472.410003,13.283912,1.065476
2472.610149,13.280439,1.0827643
2472.809998,13.275812,1.0679939
2473.009998,13.270026,1.0705645
2473.200086,13.282754,1.0642699
2473.410139,13.278127,1.0637499
2473.599998,13.273497,1.0734094
2473.810001,13.276969,1.070433
2474.010183,13.278127,1.0742061
2474.210004,13.273497,1.0838522
2474.409998,13.280439,1.0546558
2474.599998,13.265399,1.0694172
2474.810038,13.272341,1.0763216
2475.009998,13.278127,1.0881824
2475.209997,13.278127,1.096512
2475.410003,13.271184,1.081548
2475.610239,13.285068,1.0803065
2475.809998,13.279283,1.1008815
2475.999997,13.265399,1.098483
2476.209997,13.271184,1.089255
2476.409997,13.274654,1.0773184
2476.61,13.282754,1.0945942
2476.809997,13.279283,1.0854442
2477.010413,13.285068,1.0805703
2477.209997,13.279283,1.0583351
2477.399998,13.279283,1.0753924
2477.609997,13.268869,1.0577434
2477.810076,13.263084,1.025328
2478.009998,13.268869,0.97183084
2478.210001,13.282754,0.99114674
2478.409999,13.267712,1.0059621
2478.610356,13.276969,1.0428939
2478.799998,13.272341,1.0514387
2479.009997,13.275812,1.0679581
2479.209997,13.267712,1.0825491
2479.41,13.259613,1.0718771
2479.609997,13.265399,1.0883487
2479.809997,13.270026,1.092331
2480.010336,13.275812,1.0838091
2480.199998,13.263084,1.0717984
2480.399998,13.273497,1.0692302
2480.612256,13.273497,1.0626621
2480.810254,13.273497,1.0564227
2481.009998,13.266556,1.065363
2481.209997,13.263084,1.0625541
2481.41,13.278127,1.0600033
2481.599998,13.274654,1.0772817
2481.809998,13.270026,1.0861895
2482.009997,13.267712,1.090008
2482.209997,13.282754,1.0880504
2482.409998,13.273497,1.0582932
2482.609998,13.268869,1.0579666
2482.810009,13.268869,1.0479244
2482.999998,13.261927,1.0544223
2483.210009,13.256142,1.066109
2483.409998,13.271184,1.0642862
2483.609997,13.273497,1.0374545
2483.809997,13.290853,1.0312477
2484.009997,13.270026,1.0351603
2484.209997,13.280439,1.0427439
2484.399997,13.265399,1.048106
2484.609997,13.273497,1.0583993
2484.809998,13.264241,1.0732231
2485.009997,13.270026,1.0826483
2485.209998,13.270026,1.0627105
2485.409997,13.266556,1.0540704
2485.610002,13.273497,1.0430448
2485.81002,13.270026,1.0387043
2486.010495,13.279283,1.035526
2486.209998,13.271184,1.0434307
2486.409997,13.268869,1.0644934
2486.61,13.266556,1.0586847
2486.810019,13.281597,1.0692861
2487.010105,13.265399,1.0698957
2487.199997,13.266556,1.062174
2487.410096,13.260771,1.0726057
2487.609997,13.264241,1.0676349
2487.809998,13.271184,1.0538243
2488.009997,13.267712,1.0950392
2488.210144,13.273497,1.0791944
2488.410001,13.273497,1.0748776
2488.599998,13.263084,1.0777234
2488.810135,13.270026,1.0703843
2489.010002,13.266556,1.0734574
2489.209997,13.263084,1.07577
2489.409998,13.266556,1.0472807
2489.610248,13.264241,1.0417383
2489.809998,13.263084,1.0367614
2489.999997,13.271184,1.0571305
2490.209997,13.260771,1.0680199
2490.409999,13.273497,1.0523986
2490.609998,13.260771,1.0573089
2490.809998,13.263084,1.052406
2491.009997,13.261927,1.0535702
2491.209999,13.266556,1.0381967
2491.399999,13.261927,1.0391748
2491.610092,13.271184,1.0547123
2491.81042,13.265399,1.0758536
2492.009998,13.260771,1.0939331
2492.210001,13.265399,1.0791562
2492.409998,13.272341,1.0681463
2492.610034,13.254986,1.0636058
2492.799999,13.264241,1.0602634
2493.009997,13.279283,1.0789517
2493.209998,13.265399,1.0681123
2493.409998,13.258456,1.0487528
2493.609996,13.260771,1.0417249
2493.809997,13.273497,1.0426787
2494.0103,13.256142,1.0501102
2494.199997,13.268869,1.0683249
2494.4,13.261927,1.0502977
2494.610238,13.273497,1.0587387
2494.810004,13.248043,1.0690496
2495.009998,13.257298,1.0803261
2495.210001,13.268869,1.0819051
2495.410005,13.278127,1.0710613
2495.599998,13.260771,1.055777
2495.810004,13.2515135,1.0510802
2496.009997,13.266556,1.0524453
2496.2101,13.273497,1.0503129
2496.410001,13.268869,1.0493075
2496.609997,13.264241,1.0633651
2496.810002,13.265399,1.0583518
2497.000008,13.261927,1.0713949
2497.200001,13.261927,1.1067488
2497.409999,13.266556,1.1036264
2497.61054,13.273497,1.0868306
2497.809998,13.261927,1.0698849
2498.009998,13.261927,1.0028751
2498.209997,13.258456,1.007149
2498.400134,13.273497,1.0159751
2498.609998,13.2515135,1.0438087
2498.809999,13.267712,1.0477653
2499.009998,13.264241,1.062795
2499.210373,13.266556,1.0557499
2499.409998,13.264241,1.0523129
2499.609997,13.259613,1.0507458
2499.800074,13.265399,1.0524933
2500.009998,13.256142,1.1126822
2500.209999,13.253828,1.1104242
2500.409998,13.258456,1.0935968
2500.610542,13.267712,1.0892366
2500.809997,13.264241,1.0758537
2501.009996,13.256142,1.0942786
2501.199997,13.266556,1.0889909
2501.411048,13.258456,1.0684596
2501.609998,13.259613,1.0726235
2501.809997,13.272341,1.0703927
2502.009999,13.257298,1.065265
2502.209998,13.253828,1.0624452
2502.409997,13.264241,1.0703177
2502.599998,13.243415,1.0826257
2502.810098,13.257298,1.0857213
2503.009998,13.259613,1.0793935
2503.209997,13.267712,1.0747328
2503.410055,13.264241,1.0755532
