time_[s],voltage_[V],current_[A]
0,25.227,0
1,25.227,0
2,25.227,0
3,25.227,0
4,25.227,0
5,25.227,0
6,25.227,0
7,25.227,0
8,25.227,0
9,25.175,0.9994
10,25.169,0.9994
11,25.165,0.9994
12,25.162,0.9994
13,25.159,0.9994
14,25.157,0.9994
15,25.154,0.9994
16,25.153,0.9994
17,25.15,0.9994
18,25.148,0.9994
19,25.146,0.9994
20,25.145,0.9994
21,25.143,0.9994
22,25.142,0.9994
23,25.141,0.9994
24,25.139,0.9994
25,25.138,0.9994
26,25.136,0.9994
27,25.135,0.9994
28,25.133,0.9994
29,25.132,0.9994
30,25.131,0.9994
31,25.13,0.9994
32,25.128,0.9994
33,25.127,0.9994
34,25.126,0.9994
35,25.125,0.9994
36,25.122,0.9994
37,25.121,0.9994
38,25.12,0.9994
39,25.119,0.9994
40,25.118,0.9994
41,25.116,0.9994
42,25.115,0.9994
43,25.114,0.9994
44,25.113,0.9994
45,25.111,0.9994
46,25.11,0.9994
47,25.109,0.9994
48,25.108,0.9994
49,25.107,0.9994
50,25.106,0.9994
51,25.105,0.9994
52,25.104,0.9994
53,25.102,0.9994
54,25.101,0.9994
55,25.1,0.9994
56,25.099,0.9994
57,25.098,0.9994
58,25.097,0.9994
59,25.095,0.9994
60,25.093,0.9994
61,25.093,0.9994
62,25.091,0.9994
63,25.09,0.9994
64,25.089,0.9994
65,25.088,0.9994
66,25.087,0.9994
67,25.086,0.9994
68,25.085,0.9994
69,25.084,0.9994
70,25.083,0.9994
71,25.082,0.9994
72,25.081,0.9994
73,25.08,0.9994
74,25.079,0.9994
75,25.077,0.9994
76,25.076,0.9994
77,25.075,0.9994
78,25.074,0.9994
79,25.073,0.9994
80,25.072,0.9994
81,25.071,0.9994
82,25.07,0.9994
83,25.069,0.9994
84,25.067,0.9994
85,25.066,0.9994
86,25.065,0.9994
87,25.064,0.9994
88,25.063,0.9994
89,25.062,0.9994
90,25.06,0.9994
91,25.06,0.9994
92,25.058,0.9994
93,25.057,0.9994
94,25.056,0.9994
95,25.055,0.9994
96,25.054,0.9994
97,25.053,0.9994
98,25.052,0.9994
99,25.051,0.9994
100,25.051,0.9994
101,25.049,0.9994
102,25.048,0.9994
103,25.047,0.9994
104,25.046,0.9994
105,25.045,0.9994
106,25.044,0.9994
107,25.043,0.9994
108,25.042,0.9994
109,25.041,0.9994
110,25.039,0.9994
111,25.038,0.9994
112,25.037,0.9994
113,25.036,0.9994
114,25.035,0.9994
115,25.034,0.9994
116,25.033,0.9994
117,25.032,0.9994
118,25.031,0.9994
119,25.03,0.9994
120,25.029,0.9994
121,25.028,0.9994
122,25.027,0.9994
123,25.026,0.9994
124,25.025,0.9994
125,25.024,0.9994
126,25.024,0.9994
127,25.022,0.9994
128,25.021,0.9994
129,25.02,0.9994
130,25.02,0.9994
131,25.018,0.9994
132,25.018,0.9994
133,25.016,0.9994
134,25.016,0.9994
135,25.014,0.9994
136,25.014,0.9994
137,25.013,0.9994
138,25.011,0.9994
139,25.01,0.9994
140,25.009,0.9994
141,25.008,0.9994
142,25.007,0.9994
143,25.006,0.9994
144,25.005,0.9994
145,25.004,0.9994
146,25.003,0.9994
147,25.002,0.9994
148,25.001,0.9994
149,25,0.9994
150,24.999,0.9994
151,24.998,0.9994
152,24.997,0.9994
153,24.996,0.9994
154,24.995,0.9994
155,24.994,0.9994
156,24.993,0.9994
157,24.992,0.9994
158,24.992,0.9994
159,24.991,0.9994
160,24.99,0.9994
161,24.989,0.9994
162,24.988,0.9994
163,24.987,0.9994
164,24.986,0.9994
165,24.985,0.9994
166,24.983,0.9994
167,24.982,0.9994
168,24.981,0.9994
169,24.98,0.9994
170,24.979,0.9994
171,24.978,0.9994
172,24.977,0.9994
173,24.977,0.9994
174,24.975,0.9994
175,24.975,0.9994
176,24.973,0.9994
177,24.973,0.9994
178,24.972,0.9994
179,24.971,0.9994
180,24.97,0.9994
181,24.969,0.9994
182,24.968,0.9994
183,24.967,0.9994
184,24.966,0.9994
185,24.965,0.9994
186,24.965,0.9994
187,24.963,0.9994
188,24.963,0.9994
189,24.962,0.9994
190,24.961,0.9994
191,24.96,0.9994
192,24.959,0.9994
193,24.958,0.9994
194,24.957,0.9994
195,24.955,0.9994
196,24.954,0.9994
197,24.953,0.9994
198,24.952,0.9994
199,24.951,0.9994
200,24.95,0.9994
201,24.95,0.9994
202,24.949,0.9994
203,24.948,0.9994
204,24.947,0.9994
205,24.946,0.9994
206,24.945,0.9994
207,24.944,0.9994
208,24.943,0.9994
209,24.942,0.9994
210,24.941,0.9994
211,24.94,0.9994
212,24.94,0.9994
213,24.939,0.9994
214,24.938,0.9994
215,24.937,0.9994
216,24.936,0.9994
217,24.935,0.9994
218,24.934,0.9994
219,24.933,0.9994
220,24.932,0.9994
221,24.931,0.9994
222,24.93,0.9994
223,24.929,0.9994
224,24.927,0.9994
225,24.927,0.9994
226,24.926,0.9994
227,24.925,0.9994
228,24.924,0.9994
229,24.923,0.9994
230,24.922,0.9994
231,24.921,0.9994
232,24.92,0.9994
233,24.919,0.9994
234,24.918,0.9994
235,24.917,0.9994
236,24.916,0.9994
237,24.916,0.9994
238,24.915,0.9994
239,24.914,0.9994
240,24.913,0.9994
241,24.912,0.9994
242,24.911,0.9994
243,24.91,0.9994
244,24.909,0.9994
245,24.908,0.9994
246,24.908,0.9994
247,24.906,0.9994
248,24.906,0.9994
249,24.905,0.9994
250,24.904,0.9994
251,24.903,0.9994
252,24.902,0.9994
253,24.901,0.9994
254,24.899,0.9994
255,24.899,0.9994
256,24.897,0.9994
257,24.897,0.9994
258,24.896,0.9994
259,24.895,0.9994
260,24.894,0.9994
261,24.893,0.9994
262,24.892,0.9994
263,24.891,0.9994
264,24.89,0.9994
265,24.889,0.9994
266,24.889,0.9994
267,24.888,0.9994
268,24.887,0.9994
269,24.886,0.9994
270,24.885,0.9994
271,24.884,0.9994
272,24.883,0.9994
273,24.882,0.9994
274,24.881,0.9994
275,24.88,0.9994
276,24.88,0.9994
277,24.878,0.9994
278,24.878,0.9994
279,24.877,0.9994
280,24.876,0.9994
281,24.875,0.9994
282,24.874,0.9994
283,24.872,0.9994
284,24.871,0.9994
285,24.871,0.9994
286,24.87,0.9994
287,24.869,0.9994
288,24.868,0.9994
289,24.867,0.9994
290,24.866,0.9994
291,24.865,0.9994
292,24.864,0.9994
293,24.863,0.9994
294,24.863,0.9994
295,24.862,0.9994
296,24.861,0.9994
297,24.86,0.9994
298,24.859,0.9994
299,24.858,0.9994
300,24.857,0.9994
301,24.856,0.9994
302,24.855,0.9994
303,24.854,0.9994
304,24.854,0.9994
305,24.853,0.9994
306,24.852,0.9994
307,24.851,0.9994
308,24.85,0.9994
309,24.849,0.9994
310,24.848,0.9994
311,24.848,0.9994
312,24.846,0.9994
313,24.846,0.9994
314,24.844,0.9994
315,24.843,0.9994
316,24.842,0.9994
317,24.841,0.9994
318,24.84,0.9994
319,24.839,0.9994
320,24.838,0.9994
321,24.838,0.9994
322,24.837,0.9994
323,24.836,0.9994
324,24.835,0.9994
325,24.834,0.9994
326,24.833,0.9994
327,24.832,0.9994
328,24.831,0.9994
329,24.83,0.9994
330,24.83,0.9994
331,24.828,0.9994
332,24.828,0.9994
333,24.827,0.9994
334,24.826,0.9994
335,24.825,0.9994
336,24.824,0.9994
337,24.823,0.9994
338,24.822,0.9994
339,24.822,0.9994
340,24.821,0.9994
341,24.82,0.9994
342,24.819,0.9994
343,24.818,0.9994
344,24.816,0.9994
345,24.815,0.9997
346,24.814,0.9994
347,24.814,0.9994
348,24.812,0.9994
349,24.812,0.9994
350,24.81,0.9994
351,24.81,0.9994
352,24.809,0.9994
353,24.808,0.9994
354,24.807,0.9994
355,24.806,0.9994
356,24.806,0.9994
357,24.804,0.9994
358,24.804,0.9994
359,24.803,0.9997
360,24.802,0.9994
361,24.801,0.9994
362,24.8,0.9994
363,24.799,0.9994
364,24.798,0.9994
365,24.798,0.9994
366,24.796,0.9994
367,24.796,0.9994
368,24.795,0.9997
369,24.794,0.9994
370,24.793,0.9994
371,24.792,0.9994
372,24.791,0.9994
373,24.79,0.9994
374,24.788,0.9994
375,24.788,0.9994
376,24.786,0.9994
377,24.786,0.9994
378,24.785,0.9994
379,24.784,0.9994
380,24.783,0.9994
381,24.782,0.9994
382,24.781,0.9994
383,24.78,0.9994
384,24.78,0.9994
385,24.779,0.9994
386,24.778,0.9994
387,24.777,0.9994
388,24.776,0.9994
389,24.775,0.9994
390,24.774,0.9994
391,24.773,0.9994
392,24.772,0.9994
393,24.771,0.9994
394,24.771,0.9994
395,24.77,0.9994
396,24.769,0.9994
397,24.768,0.9994
398,24.767,0.9994
399,24.766,0.9994
400,24.765,0.9994
401,24.764,0.9994
402,24.763,0.9994
403,24.763,0.9994
404,24.762,0.9994
405,24.76,0.9994
406,24.759,0.9994
407,24.758,0.9994
408,24.757,0.9994
409,24.756,0.9994
410,24.756,0.9994
411,24.755,0.9994
412,24.754,0.9994
413,24.753,0.9997
414,24.752,0.9994
415,24.751,0.9994
416,24.75,0.9994
417,24.749,0.9994
418,24.749,0.9994
419,24.748,0.9994
420,24.747,0.9994
421,24.746,0.9997
422,24.745,0.9994
423,24.744,0.9994
424,24.743,0.9994
425,24.743,0.9994
426,24.741,0.9994
427,24.741,0.9994
428,24.74,0.9994
429,24.739,0.9994
430,24.738,0.9994
431,24.737,0.9994
432,24.737,0.9997
433,24.736,0.9994
434,24.735,0.9994
435,24.734,0.9994
436,24.732,0.9994
437,24.731,0.9994
438,24.73,0.9994
439,24.729,0.9994
440,24.728,0.9994
441,24.727,0.9994
442,24.727,0.9994
443,24.726,0.9994
444,24.725,0.9994
445,24.724,0.9994
446,24.723,0.9994
447,24.722,0.9994
448,24.721,0.9994
449,24.72,0.9994
450,24.719,0.9994
451,24.719,0.9994
452,24.718,0.9994
453,24.717,0.9994
454,24.716,0.9994
455,24.715,0.9994
456,24.714,0.9994
457,24.714,0.9994
458,24.713,0.9994
459,24.712,0.9994
460,24.711,0.9994
461,24.71,0.9994
462,24.709,0.9994
463,24.708,0.9994
464,24.708,0.9994
465,24.707,0.9994
466,24.706,0.9994
467,24.704,0.9994
468,24.703,0.9994
469,24.702,0.9994
470,24.701,0.9997
471,24.7,0.9997
472,24.699,0.9994
473,24.699,0.9994
474,24.698,0.9994
475,24.697,0.9997
476,24.696,0.9994
477,24.695,0.9994
478,24.694,0.9994
479,24.693,0.9994
480,24.692,0.9994
481,24.692,0.9994
482,24.691,0.9994
483,24.69,0.9997
484,24.689,0.9994
485,24.688,0.9994
486,24.687,0.9994
487,24.686,0.9997
488,24.686,0.9997
489,24.685,0.9994
490,24.684,0.9994
491,24.683,0.9994
492,24.682,0.9994
493,24.681,0.9994
494,24.681,0.9994
495,24.679,0.9997
496,24.679,0.9997
497,24.678,0.9997
498,24.676,0.9994
499,24.675,0.9994
500,24.674,0.9994
501,24.674,0.9994
502,24.673,0.9994
503,24.672,0.9994
504,24.671,0.9994
505,24.67,0.9997
506,24.669,0.9997
507,24.668,0.9997
508,24.667,0.9994
509,24.666,0.9997
510,24.665,0.9997
511,24.665,0.9997
512,24.664,0.9997
513,24.663,0.9994
514,24.662,0.9994
515,24.661,0.9994
516,24.661,0.9994
517,24.659,0.9994
518,24.659,0.9997
519,24.658,0.9994
520,24.657,0.9994
521,24.656,0.9994
522,24.655,0.9994
523,24.654,0.9994
524,24.653,0.9997
525,24.653,0.9994
526,24.652,0.9994
527,24.651,0.9994
528,24.65,0.9994
529,24.648,0.9994
530,24.647,0.9994
531,24.647,0.9994
532,24.646,0.9994
533,24.645,0.9994
534,24.644,0.9994
535,24.643,0.9994
536,24.642,0.9994
537,24.641,0.9994
538,24.64,0.9994
539,24.639,0.9994
540,24.639,0.9994
541,24.638,0.9994
542,24.637,0.9994
543,24.636,0.9997
544,24.635,0.9994
545,24.634,0.9994
546,24.634,0.9997
547,24.633,0.9997
548,24.632,0.9994
549,24.631,0.9997
550,24.63,0.9994
551,24.629,0.9994
552,24.628,0.9994
553,24.628,0.9994
554,24.627,0.9994
555,24.626,0.9997
556,24.625,0.9994
557,24.624,0.9994
558,24.623,0.9994
559,24.621,0.9994
560,24.62,0.9994
561,24.62,0.9994
562,24.619,0.9994
563,24.618,0.9994
564,24.617,0.9994
565,24.616,0.9994
566,24.616,0.9994
567,24.615,0.9994
568,24.614,0.9994
569,24.613,0.9997
570,24.612,0.9994
571,24.611,0.9997
572,24.61,0.9994
573,24.609,0.9994
574,24.609,0.9994
575,24.607,0.9994
576,24.607,0.9994
577,24.606,0.9994
578,24.605,0.9994
579,24.604,0.9994
580,24.603,0.9994
581,24.603,0.9994
582,24.602,0.9994
583,24.601,0.9994
584,24.6,0.9994
585,24.599,0.9997
586,24.598,0.9997
587,24.597,0.9994
588,24.597,0.9994
589,24.596,0.9994
590,24.595,0.9997
591,24.593,0.9994
592,24.592,0.9994
593,24.591,0.9994
594,24.591,0.9994
595,24.59,0.9994
596,24.589,0.9994
597,24.588,0.9994
598,24.587,0.9994
599,24.586,0.9994
600,24.586,0.9997
601,24.584,0.9994
602,24.584,0.9997
603,24.583,0.9997
604,24.582,0.9994
605,24.581,0.9994
606,24.58,0.9994
607,24.58,0.9994
608,24.579,0.9994
609,24.578,0.9994
610,24.577,0.9994
611,24.576,0.9994
612,24.575,0.9994
613,24.574,0.9994
614,24.573,0.9994
615,24.573,0.9994
616,24.572,0.9994
617,24.571,0.9997
618,24.57,0.9997
619,24.569,0.9997
620,24.569,0.9994
621,24.568,0.9997
622,24.567,0.9994
623,24.565,0.9997
624,24.564,0.9997
625,24.563,0.9997
626,24.562,0.9997
627,24.561,0.9997
628,24.561,0.9994
629,24.56,0.9994
630,24.559,0.9997
631,24.558,0.9997
632,24.558,0.9997
633,24.557,0.9997
634,24.556,0.9997
635,24.555,0.9997
636,24.554,0.9997
637,24.553,0.9997
638,24.552,0.9994
639,24.552,0.9997
640,24.551,0.9997
641,24.55,0.9997
642,24.549,0.9997
643,24.548,0.9997
644,24.547,0.9997
645,24.547,0.9997
646,24.546,0.9997
647,24.545,0.9997
648,24.544,0.9997
649,24.543,0.9997
650,24.543,0.9997
651,24.542,0.9997
652,24.541,0.9997
653,24.54,0.9994
654,24.539,0.9997
655,24.537,0.9994
656,24.536,0.9997
657,24.536,0.9997
658,24.535,0.9997
659,24.534,0.9997
660,24.533,0.9997
661,24.532,0.9997
662,24.531,0.9997
663,24.531,0.9997
664,24.53,0.9997
665,24.529,0.9997
666,24.528,0.9997
667,24.527,0.9997
668,24.527,0.9997
669,24.526,0.9997
670,24.525,0.9997
671,24.524,0.9997
672,24.523,0.9997
673,24.523,0.9997
674,24.522,0.9997
675,24.521,0.9997
676,24.52,0.9997
677,24.519,0.9997
678,24.519,0.9997
679,24.517,0.9997
680,24.517,0.9997
681,24.516,0.9997
682,24.515,0.9997
683,24.514,0.9997
684,24.514,0.9994
685,24.513,0.9994
686,24.512,0.9994
687,24.511,0.9997
688,24.509,0.9997
689,24.509,0.9997
690,24.508,0.9997
691,24.507,0.9997
692,24.506,0.9997
693,24.505,0.9997
694,24.505,0.9997
695,24.504,0.9997
696,24.503,0.9997
697,24.502,0.9997
698,24.501,0.9997
699,24.501,0.9997
700,24.5,0.9997
701,24.499,0.9997
702,24.498,0.9997
703,24.497,0.9997
704,24.496,0.9997
705,24.496,0.9997
706,24.495,0.9997
707,24.494,0.9997
708,24.493,0.9997
709,24.493,0.9997
710,24.492,0.9997
711,24.491,0.9997
712,24.49,0.9997
713,24.49,0.9997
714,24.489,0.9994
715,24.488,0.9997
716,24.487,0.9997
717,24.486,0.9997
718,24.485,0.9997
719,24.485,0.9997
720,24.484,0.9997
721,24.483,0.9997
722,24.483,0.9997
723,24.481,0.9997
724,24.48,0.9997
725,24.479,0.9997
726,24.479,0.9997
727,24.478,0.9997
728,24.477,0.9997
729,24.476,0.9997
730,24.475,0.9997
731,24.474,0.9997
732,24.474,0.9997
733,24.473,0.9994
734,24.472,0.9997
735,24.472,0.9997
736,24.471,0.9997
737,24.47,0.9997
738,24.469,0.9997
739,24.468,0.9997
740,24.467,0.9997
741,24.467,0.9997
742,24.466,0.9997
743,24.465,0.9997
744,24.464,0.9997
745,24.464,0.9997
746,24.463,0.9997
747,24.462,0.9997
748,24.461,0.9997
749,24.461,0.9997
750,24.46,0.9997
751,24.459,0.9997
752,24.459,0.9997
753,24.458,0.9997
754,24.457,0.9997
755,24.456,0.9994
756,24.456,0.9997
757,24.455,0.9997
758,24.453,0.9997
759,24.452,0.9997
760,24.452,0.9997
761,24.451,0.9997
762,24.451,0.9997
763,24.45,0.9997
764,24.449,0.9997
765,24.448,0.9997
766,24.447,0.9994
767,24.447,0.9994
768,24.446,0.9997
769,24.446,0.9997
770,24.445,0.9997
771,24.444,0.9994
772,24.443,0.9994
773,24.443,0.9994
774,24.442,0.9997
775,24.441,0.9997
776,24.441,0.9997
777,24.44,0.9997
778,24.439,0.9997
779,24.439,0.9997
780,24.438,0.9997
781,24.437,0.9997
782,24.437,0.9997
783,24.436,0.9997
784,24.435,0.9997
785,24.435,0.9994
786,24.434,0.9997
787,24.433,0.9997
788,24.433,0.9997
789,24.432,0.9997
790,24.431,0.9997
791,24.431,0.9997
792,24.43,0.9997
793,24.429,0.9997
794,24.429,0.9997
795,24.428,0.9997
796,24.428,0.9997
797,24.427,0.9997
798,24.425,0.9997
799,24.425,0.9997
800,24.424,0.9997
801,24.424,0.9997
802,24.423,0.9997
803,24.423,0.9997
804,24.422,0.9997
805,24.421,0.9997
806,24.421,0.9997
807,24.42,0.9994
808,24.42,0.9997
809,24.419,0.9994
810,24.419,0.9997
811,24.418,0.9997
812,24.417,0.9997
813,24.417,0.9994
814,24.416,0.9997
815,24.416,0.9997
816,24.415,0.9994
817,24.415,0.9997
818,24.414,0.9997
819,24.414,0.9997
820,24.413,0.9997
821,24.413,0.9997
822,24.412,0.9997
823,24.412,0.9997
824,24.411,0.9994
825,24.41,0.9997
826,24.41,0.9994
827,24.41,0.9994
828,24.409,0.9994
829,24.408,0.9997
830,24.408,0.9997
831,24.408,0.9997
832,24.407,0.9994
833,24.406,0.9994
834,24.406,0.9994
835,24.405,0.9997
836,24.405,0.9994
837,24.404,0.9997
838,24.404,0.9994
839,24.403,0.9997
840,24.403,0.9994
841,24.402,0.9994
842,24.402,0.9994
843,24.402,0.9997
844,24.401,0.9997
845,24.401,0.9997
846,24.4,0.9994
847,24.4,0.9997
848,24.398,0.9994
849,24.398,0.9994
850,24.397,0.9994
851,24.397,0.9997
852,24.396,0.9997
853,24.396,0.9997
854,24.395,0.9997
855,24.395,0.9997
856,24.394,0.9994
857,24.394,0.9997
858,24.393,0.9994
859,24.393,0.9994
860,24.392,0.9994
861,24.392,0.9997
862,24.392,0.9994
863,24.391,0.9994
864,24.391,0.9997
865,24.39,0.9994
866,24.39,0.9994
867,24.389,0.9994
868,24.389,0.9994
869,24.388,0.9994
870,24.388,0.9997
871,24.387,0.9994
872,24.387,0.9994
873,24.386,0.9994
874,24.386,0.9994
875,24.386,0.9997
876,24.385,0.9994
877,24.384,0.9994
878,24.384,0.9994
879,24.384,0.9994
880,24.383,0.9994
881,24.383,0.9994
882,24.382,0.9994
883,24.382,0.9994
884,24.381,0.9994
885,24.381,0.9994
886,24.38,0.9994
887,24.38,0.9994
888,24.379,0.9994
889,24.379,0.9994
890,24.378,0.9994
891,24.378,0.9994
892,24.377,0.9994
893,24.377,0.9994
894,24.376,0.9994
895,24.376,0.9994
896,24.376,0.9994
897,24.375,0.9994
898,24.374,0.9994
899,24.374,0.9994
900,24.374,0.9994
901,24.373,0.9994
902,24.373,0.9994
903,24.372,0.9994
904,24.372,0.9994
905,24.37,0.9994
906,24.37,0.9994
907,24.369,0.9994
908,24.369,0.9994
909,24.368,0.9994
910,24.367,0.9994
911,24.367,0.9994
912,24.367,0.9994
913,24.366,0.9997
914,24.366,0.9994
915,24.365,0.9994
916,24.365,0.9994
917,24.364,0.9994
918,24.364,0.9994
919,24.363,0.9994
920,24.363,0.9994
921,24.362,0.9994
922,24.361,0.9994
923,24.361,0.9994
924,24.36,0.9994
925,24.36,0.9994
926,24.359,0.9994
927,24.359,0.9994
928,24.358,0.9994
929,24.358,0.9994
930,24.357,0.9994
931,24.357,0.9994
932,24.356,0.9994
933,24.356,0.9994
934,24.355,0.9994
935,24.354,0.9994
936,24.354,0.9994
937,24.353,0.9994
938,24.353,0.9994
939,24.352,0.9994
940,24.352,0.9994
941,24.351,0.9997
942,24.351,0.9994
943,24.35,0.9994
944,24.35,0.9994
945,24.349,0.9994
946,24.348,0.9994
947,24.348,0.9994
948,24.347,0.9994
949,24.346,0.9994
950,24.346,0.9994
951,24.345,0.9994
952,24.345,0.9994
953,24.344,0.9994
954,24.342,0.9994
955,24.342,0.9994
956,24.341,0.9994
957,24.341,0.9994
958,24.34,0.9994
959,24.34,0.9994
960,24.339,0.9994
961,24.338,0.9994
962,24.337,0.9994
963,24.337,0.9994
964,24.336,0.9994
965,24.336,0.9994
966,24.335,0.9994
967,24.334,0.9994
968,24.333,0.9994
969,24.333,0.9994
970,24.332,0.9994
971,24.332,0.9994
972,24.331,0.9994
973,24.33,0.9994
974,24.33,0.9994
975,24.329,0.9994
976,24.328,0.9994
977,24.327,0.9994
978,24.327,0.9994
979,24.326,0.9994
980,24.325,0.9994
981,24.325,0.9994
982,24.324,0.9994
983,24.323,0.9994
984,24.322,0.9994
985,24.322,0.9994
986,24.321,0.9994
987,24.32,0.9994
988,24.319,0.9994
989,24.319,0.9994
990,24.318,0.9994
991,24.317,0.9994
992,24.316,0.9994
993,24.316,0.9994
994,24.314,0.9994
995,24.313,0.9994
996,24.312,0.9994
997,24.312,0.9994
998,24.311,0.9994
999,24.31,0.9994
1000,24.309,0.9994
1001,24.308,0.9994
1002,24.307,0.9994
1003,24.307,0.9994
1004,24.306,0.9994
1005,24.305,0.9994
1006,24.304,0.9994
1007,24.303,0.9994
1008,24.302,0.9994
1009,24.301,0.9994
1010,24.301,0.9994
1011,24.3,0.9994
1012,24.299,0.9994
1013,24.298,0.9994
1014,24.297,0.9994
1015,24.296,0.9994
1016,24.295,0.9994
1017,24.294,0.9994
1018,24.293,0.9994
1019,24.292,0.9994
1020,24.291,0.9994
1021,24.29,0.9994
1022,24.289,0.9994
1023,24.288,0.9994
1024,24.286,0.9994
1025,24.285,0.9994
1026,24.284,0.9994
1027,24.283,0.9994
1028,24.282,0.9994
1029,24.281,0.9994
1030,24.28,0.9994
1031,24.279,0.9994
1032,24.278,0.9994
1033,24.277,0.9994
1034,24.276,0.9994
1035,24.274,0.9994
1036,24.273,0.9994
1037,24.272,0.9994
1038,24.271,0.9994
1039,24.269,0.9994
1040,24.269,0.9994
1041,24.268,0.9994
1042,24.266,0.9994
1043,24.265,0.9994
1044,24.264,0.9994
1045,24.263,0.9994
1046,24.261,0.9994
1047,24.26,0.9994
1048,24.258,0.9994
1049,24.257,0.9994
1050,24.255,0.9994
1051,24.254,0.9994
1052,24.253,0.9994
1053,24.252,0.9994
1054,24.25,0.9994
1055,24.249,0.9994
1056,24.248,0.9994
1057,24.246,0.9994
1058,24.245,0.9994
1059,24.244,0.9994
1060,24.243,0.9994
1061,24.241,0.9994
1062,24.24,0.9994
1063,24.239,0.9994
1064,24.237,0.9994
1065,24.236,0.9994
1066,24.235,0.9994
1067,24.233,0.9994
1068,24.232,0.9994
1069,24.229,0.9994
1070,24.228,0.9994
1071,24.227,0.9994
1072,24.225,0.9994
1073,24.224,0.9994
1074,24.222,0.9994
1075,24.221,0.9994
1076,24.219,0.9994
1077,24.218,0.9994
1078,24.216,0.9994
1079,24.215,0.9994
1080,24.213,0.9994
1081,24.212,0.9994
1082,24.21,0.9994
1083,24.209,0.9994
1084,24.207,0.9994
1085,24.206,0.9994
1086,24.205,0.9994
1087,24.202,0.9994
1088,24.201,0.9994
1089,24.199,0.9994
1090,24.198,0.9994
1091,24.196,0.9994
1092,24.195,0.9994
1093,24.193,0.9994
1094,24.192,0.9994
1095,24.19,0.9994
1096,24.189,0.9994
1097,24.187,0.9994
1098,24.185,0.9994
1099,24.184,0.9994
1100,24.182,0.9994
1101,24.181,0.9994
1102,24.179,0.9994
1103,24.178,0.9994
1104,24.176,0.9994
1105,24.174,0.9994
1106,24.172,0.9994
1107,24.171,0.9994
1108,24.169,0.9994
1109,24.167,0.9994
1110,24.166,0.9994
1111,24.164,0.9994
1112,24.162,0.9994
1113,24.161,0.9994
1114,24.159,0.9994
1115,24.158,0.9994
1116,24.157,0.9994
1117,24.155,0.9994
1118,24.154,0.9994
1119,24.152,0.9994
1120,24.15,0.9994
1121,24.147,0.9994
1122,24.146,0.9994
1123,24.144,0.9994
1124,24.143,0.9994
1125,24.141,0.9994
1126,24.14,0.9994
1127,24.138,0.9994
1128,24.137,0.9994
1129,24.136,0.9994
1130,24.134,0.9994
1131,24.132,0.9994
1132,24.13,0.9994
1133,24.129,0.9994
1134,24.127,0.9994
1135,24.126,0.9994
1136,24.124,0.9994
1137,24.123,0.9994
1138,24.121,0.9994
1139,24.119,0.9994
1140,24.117,0.9994
1141,24.116,0.9994
1142,24.114,0.9994
1143,24.113,0.9994
1144,24.111,0.9994
1145,24.109,0.9994
1146,24.108,0.9994
1147,24.106,0.9994
1148,24.105,0.9994
1149,24.103,0.9994
1150,24.102,0.9994
1151,24.1,0.9994
1152,24.099,0.9994
1153,24.097,0.9994
1154,24.096,0.9994
1155,24.094,0.9994
1156,24.093,0.9994
1157,24.091,0.9994
1158,24.088,0.9994
1159,24.087,0.9994
1160,24.085,0.9994
1161,24.084,0.9994
1162,24.082,0.9994
1163,24.081,0.9994
1164,24.079,0.9994
1165,24.078,0.9994
1166,24.077,0.9994
1167,24.075,0.9994
1168,24.074,0.9994
1169,24.073,0.9994
1170,24.071,0.9994
1171,24.069,0.9994
1172,24.068,0.9994
1173,24.066,0.9994
1174,24.065,0.9994
1175,24.062,0.9994
1176,24.061,0.9994
1177,24.06,0.9994
1178,24.058,0.9994
1179,24.057,0.9994
1180,24.056,0.9994
1181,24.055,0.9994
1182,24.052,0.9994
1183,24.052,0.9994
1184,24.05,0.9994
1185,24.049,0.9994
1186,24.047,0.9994
1187,24.046,0.9994
1188,24.044,0.9994
1189,24.043,0.9994
1190,24.041,0.9994
1191,24.04,0.9994
1192,24.038,0.9994
1193,24.037,0.9994
1194,24.035,0.9994
1195,24.033,0.9994
1196,24.032,0.9994
1197,24.031,0.9994
1198,24.03,0.9994
1199,24.028,0.9994
1200,24.027,0.9994
1201,24.025,0.9994
1202,24.024,0.9994
1203,24.023,0.9994
1204,24.022,0.9994
1205,24.02,0.9994
1206,24.019,0.9994
1207,24.017,0.9994
1208,24.016,0.9994
1209,24.015,0.9994
1210,24.014,0.9994
1211,24.013,0.9994
1212,24.011,0.9994
1213,24.01,0.9994
1214,24.009,0.9994
1215,24.007,0.9994
1216,24.005,0.9994
1217,24.004,0.9994
1218,24.003,0.9994
1219,24.002,0.9994
1220,24,0.9994
1221,23.999,0.9994
1222,23.997,0.9994
1223,23.997,0.9994
1224,23.995,0.9994
1225,23.994,0.9994
1226,23.993,0.9994
1227,23.992,0.9994
1228,23.991,0.9994
1229,23.989,0.9994
1230,23.988,0.9994
1231,23.987,0.9994
1232,23.986,0.9994
1233,23.984,0.9994
1234,23.983,0.9994
1235,23.982,0.9994
1236,23.981,0.9994
1237,23.979,0.9994
1238,23.977,0.9994
1239,23.976,0.9994
1240,23.975,0.9994
1241,23.974,0.9994
1242,23.973,0.9994
1243,23.972,0.9994
1244,23.97,0.9994
1245,23.969,0.9994
1246,23.968,0.9994
1247,23.967,0.9994
1248,23.966,0.9994
1249,23.965,0.9994
1250,23.964,0.9994
1251,23.963,0.9994
1252,23.962,0.9994
1253,23.96,0.9994
1254,23.96,0.9994
1255,23.958,0.9994
1256,23.957,0.9994
1257,23.956,0.9994
1258,23.955,0.9994
1259,23.954,0.9994
1260,23.953,0.9994
1261,23.951,0.9994
1262,23.95,0.9994
1263,23.949,0.9994
1264,23.948,0.9994
1265,23.947,0.9994
1266,23.946,0.9994
1267,23.945,0.9994
1268,23.943,0.9994
1269,23.942,0.9994
1270,23.941,0.9994
1271,23.94,0.9994
1272,23.939,0.9994
1273,23.938,0.9994
1274,23.937,0.9994
1275,23.936,0.9994
1276,23.935,0.9994
1277,23.934,0.9994
1278,23.933,0.9994
1279,23.932,0.9994
1280,23.931,0.9994
1281,23.93,0.9994
1282,23.929,0.9994
1283,23.928,0.9994
1284,23.927,0.9994
1285,23.926,0.9994
1286,23.925,0.9994
1287,23.923,0.9994
1288,23.922,0.9994
1289,23.921,0.9994
1290,23.92,0.9994
1291,23.92,0.9994
1292,23.918,0.9994
1293,23.918,0.9994
1294,23.916,0.9994
1295,23.916,0.9994
1296,23.914,0.9994
1297,23.914,0.9994
1298,23.912,0.9994
1299,23.912,0.9994
1300,23.911,0.9994
1301,23.91,0.9994
1302,23.909,0.9994
1303,23.908,0.9994
1304,23.907,0.9994
1305,23.906,0.9994
1306,23.906,0.9994
1307,23.904,0.9994
1308,23.903,0.9994
1309,23.902,0.9994
1310,23.902,0.9994
1311,23.901,0.9994
1312,23.9,0.9994
1313,23.899,0.9994
1314,23.898,0.9994
1315,23.896,0.9994
1316,23.895,0.9994
1317,23.895,0.9994
1318,23.893,0.9994
1319,23.893,0.9994
1320,23.892,0.9994
1321,23.891,0.9994
1322,23.89,0.9994
1323,23.889,0.9994
1324,23.888,0.9994
1325,23.888,0.9994
1326,23.887,0.9994
1327,23.886,0.9994
1328,23.885,0.9994
1329,23.884,0.9994
1330,23.883,0.9994
1331,23.882,0.9994
1332,23.882,0.9994
1333,23.881,0.9994
1334,23.88,0.9994
1335,23.879,0.9994
1336,23.878,0.9994
1337,23.877,0.9994
1338,23.877,0.9994
1339,23.876,0.9994
1340,23.875,0.9994
1341,23.874,0.9994
1342,23.873,0.9994
1343,23.873,0.9994
1344,23.872,0.9994
1345,23.871,0.9994
1346,23.87,0.9994
1347,23.868,0.9994
1348,23.867,0.9994
1349,23.867,0.9994
1350,23.866,0.9994
1351,23.865,0.9994
1352,23.864,0.9994
1353,23.864,0.9994
1354,23.863,0.9994
1355,23.862,0.9994
1356,23.861,0.9994
1357,23.861,0.9994
1358,23.86,0.9994
1359,23.859,0.9994
1360,23.858,0.9994
1361,23.857,0.9994
1362,23.857,0.9994
1363,23.856,0.9994
1364,23.855,0.9994
1365,23.854,0.9994
1366,23.854,0.9994
1367,23.853,0.9994
1368,23.852,0.9994
1369,23.852,0.9994
1370,23.851,0.9994
1371,23.85,0.9994
1372,23.849,0.9994
1373,23.848,0.9994
1374,23.848,0.9994
1375,23.847,0.9994
1376,23.846,0.9994
1377,23.846,0.9994
1378,23.845,0.9994
1379,23.844,0.9994
1380,23.843,0.9994
1381,23.843,0.9994
1382,23.842,0.9994
1383,23.84,0.9994
1384,23.839,0.9994
1385,23.838,0.9994
1386,23.838,0.9994
1387,23.837,0.9994
1388,23.837,0.9994
1389,23.836,0.9994
1390,23.835,0.9994
1391,23.834,0.9994
1392,23.834,0.9994
1393,23.833,0.9994
1394,23.832,0.9994
1395,23.832,0.9994
1396,23.831,0.9994
1397,23.83,0.9994
1398,23.829,0.9994
1399,23.829,0.9994
1400,23.828,0.9994
1401,23.828,0.9994
1402,23.827,0.9994
1403,23.826,0.9994
1404,23.825,0.9994
1405,23.825,0.9994
1406,23.824,0.9994
1407,23.824,0.9994
1408,23.823,0.9994
1409,23.822,0.9994
1410,23.821,0.9994
1411,23.821,0.9994
1412,23.82,0.9994
1413,23.819,0.9994
1414,23.819,0.9994
1415,23.818,0.9994
1416,23.818,0.9994
1417,23.817,0.9994
1418,23.816,0.9994
1419,23.816,0.9994
1420,23.815,0.9994
1421,23.814,0.9994
1422,23.814,0.9994
1423,23.812,0.9994
1424,23.811,0.9994
1425,23.811,0.9994
1426,23.81,0.9994
1427,23.809,0.9994
1428,23.809,0.9994
1429,23.808,0.9994
1430,23.808,0.9994
1431,23.807,0.9994
1432,23.806,0.9994
1433,23.806,0.9994
1434,23.805,0.9994
1435,23.804,0.9994
1436,23.804,0.9994
1437,23.803,0.9994
1438,23.802,0.9994
1439,23.802,0.9994
1440,23.801,0.9994
1441,23.801,0.9994
1442,23.8,0.9994
1443,23.799,0.9994
1444,23.799,0.9994
1445,23.798,0.9994
1446,23.798,0.9994
1447,23.797,0.9994
1448,23.797,0.9994
1449,23.796,0.9994
1450,23.795,0.9994
1451,23.794,0.9994
1452,23.794,0.9994
1453,23.793,0.9994
1454,23.793,0.9994
1455,23.793,0.9994
1456,23.792,0.9994
1457,23.791,0.9994
1458,23.791,0.9994
1459,23.79,0.9994
1460,23.789,0.9994
1461,23.789,0.9994
1462,23.788,0.9994
1463,23.788,0.9994
1464,23.787,0.9994
1465,23.786,0.9994
1466,23.786,0.9994
1467,23.784,0.9994
1468,23.784,0.9994
1469,23.783,0.9994
1470,23.783,0.9994
1471,23.782,0.9994
1472,23.782,0.9994
1473,23.781,0.9994
1474,23.78,0.9994
1475,23.779,0.9994
1476,23.779,0.9994
1477,23.778,0.9994
1478,23.778,0.9994
1479,23.777,0.9994
1480,23.777,0.9994
1481,23.776,0.9994
1482,23.776,0.9994
1483,23.775,0.9994
1484,23.775,0.9994
1485,23.774,0.9994
1486,23.773,0.9994
1487,23.773,0.9994
1488,23.772,0.9994
1489,23.772,0.9994
1490,23.771,0.9994
1491,23.771,0.9994
1492,23.77,0.9994
1493,23.77,0.9994
1494,23.769,0.9994
1495,23.769,0.9994
1496,23.768,0.9994
1497,23.767,0.9994
1498,23.767,0.9994
1499,23.766,0.9994
1500,23.766,0.9994
1501,23.765,0.9994
1502,23.765,0.9994
1503,23.764,0.9994
1504,23.764,0.9994
1505,23.763,0.9994
1506,23.763,0.9994
1507,23.762,0.9994
1508,23.762,0.9994
1509,23.761,0.9994
1510,23.76,0.9994
1511,23.76,0.9994
1512,23.759,0.9994
1513,23.759,0.9994
1514,23.758,0.9994
1515,23.758,0.9994
1516,23.756,0.9994
1517,23.756,0.9994
1518,23.755,0.9994
1519,23.755,0.9994
1520,23.754,0.9994
1521,23.754,0.9994
1522,23.753,0.9994
1523,23.752,0.9994
1524,23.752,0.9994
1525,23.751,0.9994
1526,23.751,0.9994
1527,23.75,0.9994
1528,23.75,0.9994
1529,23.749,0.9994
1530,23.749,0.9994
1531,23.748,0.9994
1532,23.748,0.9994
1533,23.747,0.9994
1534,23.747,0.9994
1535,23.746,0.9994
1536,23.746,0.9994
1537,23.745,0.9994
1538,23.745,0.9994
1539,23.744,0.9994
1540,23.744,0.9994
1541,23.743,0.9994
1542,23.743,0.9994
1543,23.742,0.9994
1544,23.742,0.9994
1545,23.741,0.9994
1546,23.741,0.9994
1547,23.74,0.9994
1548,23.74,0.9994
1549,23.739,0.9994
1550,23.739,0.9994
1551,23.738,0.9994
1552,23.738,0.9994
1553,23.737,0.9994
1554,23.737,0.9994
1555,23.736,0.9994
1556,23.736,0.9994
1557,23.735,0.9994
1558,23.735,0.9994
1559,23.734,0.9994
1560,23.734,0.9994
1561,23.733,0.9994
1562,23.733,0.9994
1563,23.732,0.9994
1564,23.732,0.9994
1565,23.731,0.9994
1566,23.731,0.9994
1567,23.73,0.9994
1568,23.73,0.9994
1569,23.728,0.9994
1570,23.728,0.9994
1571,23.727,0.9994
1572,23.727,0.9994
1573,23.726,0.9994
1574,23.725,0.9994
1575,23.725,0.9994
1576,23.725,0.9994
1577,23.724,0.9994
1578,23.724,0.9994
1579,23.723,0.9994
1580,23.723,0.9994
1581,23.722,0.9994
1582,23.722,0.9994
1583,23.721,0.9994
1584,23.721,0.9994
1585,23.72,0.9994
1586,23.72,0.9994
1587,23.719,0.9994
1588,23.719,0.9994
1589,23.718,0.9994
1590,23.718,0.9994
1591,23.717,0.9994
1592,23.717,0.9994
1593,23.716,0.9994
1594,23.716,0.9994
1595,23.715,0.9994
1596,23.715,0.9994
1597,23.714,0.9994
1598,23.714,0.9994
1599,23.713,0.9994
1600,23.713,0.9994
1601,23.712,0.9994
1602,23.712,0.9994
1603,23.711,0.9994
1604,23.711,0.9994
1605,23.711,0.9994
1606,23.71,0.9994
1607,23.71,0.9994
1608,23.709,0.9994
1609,23.709,0.9994
1610,23.708,0.9994
1611,23.708,0.9994
1612,23.707,0.9994
1613,23.707,0.9994
1614,23.706,0.9994
1615,23.706,0.9994
1616,23.705,0.9994
1617,23.705,0.9994
1618,23.704,0.9994
1619,23.704,0.9994
1620,23.703,0.9994
1621,23.703,0.9994
1622,23.702,0.9994
1623,23.702,0.9994
1624,23.7,0.9994
1625,23.7,0.9994
1626,23.699,0.9994
1627,23.699,0.9994
1628,23.698,0.9994
1629,23.698,0.9994
1630,23.697,0.9994
1631,23.697,0.9994
1632,23.697,0.9994
1633,23.696,0.9994
1634,23.696,0.9994
1635,23.695,0.9994
1636,23.695,0.9994
1637,23.694,0.9994
1638,23.694,0.9994
1639,23.693,0.9994
1640,23.692,0.9994
1641,23.692,0.9994
1642,23.691,0.9994
1643,23.691,0.9994
1644,23.69,0.9994
1645,23.69,0.9994
1646,23.689,0.9994
1647,23.689,0.9994
1648,23.688,0.9994
1649,23.688,0.9994
1650,23.687,0.9994
1651,23.687,0.9994
1652,23.686,0.9994
1653,23.686,0.9994
1654,23.685,0.9994
1655,23.685,0.9994
1656,23.684,0.9994
1657,23.684,0.9994
1658,23.683,0.9994
1659,23.683,0.9994
1660,23.682,0.9994
1661,23.682,0.9994
1662,23.681,0.9994
1663,23.681,0.9994
1664,23.681,0.9994
1665,23.68,0.9994
1666,23.68,0.9994
1667,23.679,0.9994
1668,23.678,0.9994
1669,23.678,0.9994
1670,23.677,0.9994
1671,23.677,0.9994
1672,23.676,0.9994
1673,23.676,0.9994
1674,23.675,0.9994
1675,23.675,0.9994
1676,23.673,0.9994
1677,23.673,0.9994
1678,23.672,0.9994
1679,23.672,0.9994
1680,23.671,0.9994
1681,23.671,0.9994
1682,23.67,0.9994
1683,23.67,0.9994
1684,23.669,0.9994
1685,23.669,0.9994
1686,23.668,0.9994
1687,23.667,0.9994
1688,23.667,0.9994
1689,23.667,0.9994
1690,23.666,0.9994
1691,23.665,0.9994
1692,23.665,0.9994
1693,23.664,0.9994
1694,23.664,0.9994
1695,23.663,0.9994
1696,23.663,0.9994
1697,23.662,0.9994
1698,23.662,0.9994
1699,23.661,0.9994
1700,23.661,0.9994
1701,23.66,0.9994
1702,23.66,0.9994
1703,23.659,0.9994
1704,23.658,0.9994
1705,23.658,0.9994
1706,23.657,0.9994
1707,23.657,0.9994
1708,23.656,0.9994
1709,23.656,0.9994
1710,23.655,0.9994
1711,23.655,0.9994
1712,23.654,0.9994
1713,23.654,0.9994
1714,23.653,0.9994
1715,23.653,0.9994
1716,23.652,0.9994
1717,23.651,0.9994
1718,23.651,0.9994
1719,23.65,0.9994
1720,23.65,0.9994
1721,23.649,0.9994
1722,23.649,0.9994
1723,23.648,0.9994
1724,23.648,0.9994
1725,23.647,0.9994
1726,23.647,0.9994
1727,23.645,0.9994
1728,23.644,0.9994
1729,23.644,0.9994
1730,23.643,0.9994
1731,23.643,0.9994
1732,23.642,0.9994
1733,23.641,0.9994
1734,23.641,0.9994
1735,23.64,0.9994
1736,23.64,0.9994
1737,23.639,0.9994
1738,23.639,0.9994
1739,23.638,0.9994
1740,23.638,0.9994
1741,23.637,0.9994
1742,23.636,0.9994
1743,23.636,0.9994
1744,23.635,0.9994
1745,23.635,0.9994
1746,23.634,0.9994
1747,23.634,0.9994
1748,23.633,0.9994
1749,23.633,0.9997
1750,23.632,0.9997
1751,23.631,0.9994
1752,23.631,0.9994
1753,23.63,0.9994
1754,23.629,0.9994
1755,23.629,0.9994
1756,23.628,0.9997
1757,23.628,0.9994
1758,23.627,0.9994
1759,23.626,0.9994
1760,23.626,0.9994
1761,23.625,0.9994
1762,23.625,0.9994
1763,23.624,0.9994
1764,23.624,0.9994
1765,23.623,0.9994
1766,23.622,0.9994
1767,23.622,0.9994
1768,23.621,0.9994
1769,23.62,0.9994
1770,23.62,0.9994
1771,23.619,0.9994
1772,23.619,0.9994
1773,23.617,0.9994
1774,23.617,0.9994
1775,23.616,0.9994
1776,23.615,0.9994
1777,23.615,0.9994
1778,23.614,0.9994
1779,23.614,0.9994
1780,23.613,0.9994
1781,23.612,0.9994
1782,23.612,0.9994
1783,23.611,0.9994
1784,23.61,0.9994
1785,23.61,0.9994
1786,23.609,0.9994
1787,23.609,0.9994
1788,23.608,0.9994
1789,23.607,0.9994
1790,23.607,0.9994
1791,23.606,0.9994
1792,23.606,0.9994
1793,23.605,0.9994
1794,23.604,0.9994
1795,23.604,0.9994
1796,23.603,0.9994
1797,23.602,0.9994
1798,23.602,0.9994
1799,23.601,0.9994
1800,23.6,0.9994
1801,23.6,0.9994
1802,23.599,0.9994
1803,23.599,0.9994
1804,23.598,0.9994
1805,23.597,0.9994
1806,23.597,0.9994
1807,23.596,0.9994
1808,23.596,0.9994
1809,23.595,0.9994
1810,23.594,0.9994
1811,23.594,0.9994
1812,23.593,0.9994
1813,23.592,0.9994
1814,23.592,0.9994
1815,23.591,0.9994
1816,23.591,0.9994
1817,23.589,0.9994
1818,23.588,0.9994
1819,23.588,0.9994
1820,23.587,0.9994
1821,23.586,0.9994
1822,23.586,0.9994
1823,23.585,0.9994
1824,23.584,0.9994
1825,23.584,0.9994
1826,23.583,0.9994
1827,23.583,0.9994
1828,23.582,0.9994
1829,23.581,0.9994
1830,23.58,0.9994
1831,23.58,0.9994
1832,23.579,0.9994
1833,23.579,0.9994
1834,23.578,0.9994
1835,23.577,0.9994
1836,23.577,0.9994
1837,23.576,0.9994
1838,23.575,0.9994
1839,23.575,0.9994
1840,23.574,0.9994
1841,23.573,0.9994
1842,23.573,0.9994
1843,23.572,0.9994
1844,23.571,0.9994
1845,23.571,0.9994
1846,23.57,0.9994
1847,23.569,0.9994
1848,23.569,0.9994
1849,23.568,0.9994
1850,23.568,0.9994
1851,23.567,0.9994
1852,23.566,0.9994
1853,23.565,0.9994
1854,23.565,0.9994
1855,23.564,0.9994
1856,23.564,0.9994
1857,23.563,0.9994
1858,23.561,0.9994
1859,23.561,0.9994
1860,23.56,0.9994
1861,23.559,0.9994
1862,23.558,0.9994
1863,23.558,0.9994
1864,23.557,0.9994
1865,23.557,0.9994
1866,23.556,0.9994
1867,23.555,0.9994
1868,23.555,0.9994
1869,23.554,0.9994
1870,23.553,0.9994
1871,23.553,0.9994
1872,23.552,0.9994
1873,23.551,0.9994
1874,23.551,0.9994
1875,23.55,0.9994
1876,23.549,0.9994
1877,23.548,0.9994
1878,23.548,0.9994
1879,23.547,0.9994
1880,23.547,0.9994
1881,23.546,0.9994
1882,23.545,0.9994
1883,23.545,0.9994
1884,23.544,0.9994
1885,23.543,0.9994
1886,23.543,0.9994
1887,23.542,0.9994
1888,23.541,0.9994
1889,23.541,0.9994
1890,23.54,0.9994
1891,23.539,0.9994
1892,23.539,0.9994
1893,23.538,0.9994
1894,23.537,0.9994
1895,23.536,0.9994
1896,23.536,0.9994
1897,23.535,0.9994
1898,23.535,0.9994
1899,23.533,0.9994
1900,23.532,0.9994
1901,23.531,0.9994
1902,23.531,0.9994
1903,23.53,0.9994
1904,23.529,0.9994
1905,23.529,0.9994
1906,23.528,0.9994
1907,23.527,0.9994
1908,23.527,0.9994
1909,23.526,0.9994
1910,23.525,0.9994
1911,23.525,0.9994
1912,23.524,0.9994
1913,23.523,0.9994
1914,23.523,0.9994
1915,23.522,0.9994
1916,23.521,0.9994
1917,23.521,0.9994
1918,23.52,0.9994
1919,23.519,0.9994
1920,23.518,0.9994
1921,23.518,0.9994
1922,23.517,0.9994
1923,23.516,0.9994
1924,23.516,0.9994
1925,23.515,0.9994
1926,23.514,0.9994
1927,23.514,0.9994
1928,23.513,0.9994
1929,23.512,0.9994
1930,23.511,0.9994
1931,23.511,0.9994
1932,23.51,0.9994
1933,23.509,0.9994
1934,23.509,0.9994
1935,23.508,0.9994
1936,23.507,0.9994
1937,23.507,0.9994
1938,23.505,0.9994
1939,23.504,0.9994
1940,23.503,0.9994
1941,23.503,0.9994
1942,23.502,0.9994
1943,23.502,0.9994
1944,23.501,0.9994
1945,23.5,0.9994
1946,23.499,0.9994
1947,23.499,0.9994
1948,23.498,0.9994
1949,23.497,0.9994
1950,23.496,0.9994
1951,23.496,0.9994
1952,23.495,0.9994
1953,23.494,0.9994
1954,23.494,0.9994
1955,23.493,0.9994
1956,23.493,0.9994
1957,23.492,0.9994
1958,23.491,0.9994
1959,23.49,0.9994
1960,23.49,0.9994
1961,23.489,0.9994
1962,23.488,0.9994
1963,23.487,0.9994
1964,23.487,0.9994
1965,23.486,0.9994
1966,23.486,0.9994
1967,23.485,0.9994
1968,23.484,0.9994
1969,23.483,0.9994
1970,23.482,0.9994
1971,23.482,0.9994
1972,23.481,0.9994
1973,23.48,0.9994
1974,23.48,0.9994
1975,23.479,0.9994
1976,23.477,0.9994
1977,23.477,0.9994
1978,23.476,0.9994
1979,23.475,0.9994
1980,23.475,0.9994
1981,23.474,0.9994
1982,23.473,0.9994
1983,23.472,0.9994
1984,23.472,0.9994
1985,23.471,0.9994
1986,23.47,0.9994
1987,23.469,0.9994
1988,23.469,0.9994
1989,23.468,0.9994
1990,23.468,0.9994
1991,23.467,0.9994
1992,23.466,0.9994
1993,23.466,0.9994
1994,23.465,0.9994
1995,23.464,0.9994
1996,23.463,0.9994
1997,23.463,0.9994
1998,23.462,0.9994
1999,23.461,0.9994
2000,23.46,0.9994
2001,23.46,0.9994
2002,23.459,0.9994
2003,23.458,0.9994
2004,23.458,0.9994
2005,23.457,0.9994
2006,23.456,0.9994
2007,23.456,0.9994
2008,23.455,0.9994
2009,23.454,0.9994
2010,23.454,0.9994
2011,23.453,0.9994
2012,23.452,0.9994
2013,23.451,0.9994
2014,23.451,0.9994
2015,23.449,0.9994
2016,23.448,0.9994
2017,23.448,0.9994
2018,23.447,0.9994
2019,23.446,0.9994
2020,23.446,0.9994
2021,23.445,0.9994
2022,23.444,0.9994
2023,23.443,0.9994
2024,23.443,0.9994
2025,23.442,0.9994
2026,23.441,0.9994
2027,23.441,0.9994
2028,23.44,0.9994
2029,23.439,0.9994
2030,23.438,0.9994
2031,23.438,0.9994
2032,23.437,0.9994
2033,23.436,0.9994
2034,23.436,0.9994
2035,23.435,0.9994
2036,23.434,0.9994
2037,23.433,0.9994
2038,23.433,0.9994
2039,23.432,0.9994
2040,23.431,0.9994
2041,23.431,0.9994
2042,23.43,0.9994
2043,23.429,0.9994
2044,23.429,0.9994
2045,23.428,0.9994
2046,23.427,0.9994
2047,23.426,0.9994
2048,23.426,0.9994
2049,23.425,0.9994
2050,23.424,0.9994
2051,23.424,0.9994
2052,23.422,0.9994
2053,23.421,0.9994
2054,23.42,0.9994
2055,23.42,0.9994
2056,23.419,0.9994
2057,23.418,0.9994
2058,23.418,0.9994
2059,23.417,0.9994
2060,23.416,0.9994
2061,23.416,0.9994
2062,23.415,0.9994
2063,23.414,0.9994
2064,23.414,0.9994
2065,23.413,0.9994
2066,23.412,0.9994
2067,23.411,0.9994
2068,23.411,0.9994
2069,23.41,0.9994
2070,23.409,0.9994
2071,23.409,0.9994
2072,23.408,0.9994
2073,23.407,0.9994
2074,23.406,0.9994
2075,23.406,0.9994
2076,23.405,0.9994
2077,23.405,0.9994
2078,23.404,0.9994
2079,23.403,0.9994
2080,23.402,0.9994
2081,23.402,0.9994
2082,23.401,0.9994
2083,23.4,0.9994
2084,23.4,0.9994
2085,23.399,0.9994
2086,23.398,0.9994
2087,23.398,0.9994
2088,23.397,0.9994
2089,23.396,0.9994
2090,23.396,0.9994
2091,23.394,0.9994
2092,23.393,0.9994
2093,23.392,0.9994
2094,23.392,0.9994
2095,23.391,0.9994
2096,23.39,0.9994
2097,23.389,0.9994
2098,23.389,0.9994
2099,23.388,0.9994
2100,23.387,0.9994
2101,23.386,0.9994
2102,23.386,0.9994
2103,23.385,0.9994
2104,23.384,0.9994
2105,23.384,0.9994
2106,23.383,0.9994
2107,23.383,0.9994
2108,23.382,0.9994
2109,23.381,0.9994
2110,23.38,0.9994
2111,23.38,0.9994
2112,23.379,0.9994
2113,23.378,0.9994
2114,23.377,0.9994
2115,23.377,0.9994
2116,23.376,0.9994
2117,23.375,0.9994
2118,23.375,0.9994
2119,23.374,0.9994
2120,23.374,0.9994
2121,23.373,0.9994
2122,23.372,0.9994
2123,23.371,0.9994
2124,23.371,0.9994
2125,23.37,0.9994
2126,23.369,0.9994
2127,23.369,0.9994
2128,23.368,0.9994
2129,23.366,0.9994
2130,23.365,0.9994
2131,23.365,0.9994
2132,23.364,0.9994
2133,23.364,0.9994
2134,23.363,0.9994
2135,23.362,0.9994
2136,23.362,0.9994
2137,23.361,0.9994
2138,23.36,0.9994
2139,23.36,0.9994
2140,23.359,0.9994
2141,23.358,0.9994
2142,23.357,0.9994
2143,23.357,0.9994
2144,23.356,0.9994
2145,23.355,0.9994
2146,23.354,0.9994
2147,23.354,0.9994
2148,23.353,0.9994
2149,23.352,0.9994
2150,23.352,0.9994
2151,23.351,0.9994
2152,23.351,0.9994
2153,23.35,0.9994
2154,23.349,0.9994
2155,23.348,0.9994
2156,23.348,0.9994
2157,23.347,0.9994
2158,23.346,0.9994
2159,23.346,0.9994
2160,23.345,0.9994
2161,23.344,0.9994
2162,23.344,0.9994
2163,23.343,0.9994
2164,23.342,0.9994
2165,23.342,0.9994
2166,23.341,0.9994
2167,23.341,0.9994
2168,23.34,0.9994
2169,23.338,0.9994
2170,23.337,0.9994
2171,23.337,0.9994
2172,23.336,0.9994
2173,23.335,0.9994
2174,23.334,0.9994
2175,23.334,0.9994
2176,23.333,0.9994
2177,23.333,0.9994
2178,23.332,0.9994
2179,23.331,0.9994
2180,23.331,0.9994
2181,23.33,0.9994
2182,23.329,0.9994
2183,23.328,0.9994
2184,23.328,0.9994
2185,23.327,0.9994
2186,23.327,0.9994
2187,23.326,0.9994
2188,23.325,0.9994
2189,23.324,0.9994
2190,23.324,0.9994
2191,23.323,0.9994
2192,23.323,0.9994
2193,23.322,0.9994
2194,23.321,0.9994
2195,23.321,0.9994
2196,23.32,0.9994
2197,23.319,0.9994
2198,23.318,0.9994
2199,23.318,0.9994
2200,23.317,0.9994
2201,23.317,0.9994
2202,23.316,0.9994
2203,23.315,0.9994
2204,23.315,0.9994
2205,23.314,0.9994
2206,23.313,0.9994
2207,23.313,0.9994
2208,23.312,0.9994
2209,23.31,0.9994
2210,23.31,0.9994
2211,23.309,0.9994
2212,23.308,0.9994
2213,23.308,0.9994
2214,23.307,0.9994
2215,23.306,0.9994
2216,23.306,0.9994
2217,23.305,0.9994
2218,23.304,0.9994
2219,23.303,0.9994
2220,23.303,0.9994
2221,23.302,0.9994
2222,23.302,0.9994
2223,23.301,0.9994
2224,23.3,0.9994
2225,23.3,0.9994
2226,23.299,0.9994
2227,23.298,0.9994
2228,23.298,0.9994
2229,23.297,0.9994
2230,23.297,0.9994
2231,23.296,0.9994
2232,23.295,0.9994
2233,23.295,0.9994
2234,23.294,0.9994
2235,23.293,0.9994
2236,23.292,0.9994
2237,23.292,0.9994
2238,23.291,0.9994
2239,23.291,0.9994
2240,23.29,0.9994
2241,23.289,0.9994
2242,23.289,0.9994
2243,23.288,0.9994
2244,23.287,0.9994
2245,23.287,0.9994
2246,23.286,0.9994
2247,23.285,0.9994
2248,23.285,0.9994
2249,23.284,0.9994
2250,23.284,0.9994
2251,23.282,0.9994
2252,23.281,0.9994
2253,23.281,0.9994
2254,23.28,0.9994
2255,23.28,0.9994
2256,23.279,0.9994
2257,23.278,0.9994
2258,23.278,0.9994
2259,23.277,0.9994
2260,23.276,0.9994
2261,23.276,0.9994
2262,23.275,0.9994
2263,23.275,0.9994
2264,23.274,0.9994
2265,23.273,0.9994
2266,23.272,0.9994
2267,23.272,0.9994
2268,23.271,0.9994
2269,23.271,0.9994
2270,23.27,0.9994
2271,23.269,0.9994
2272,23.269,0.9994
2273,23.268,0.9994
2274,23.267,0.9994
2275,23.267,0.9994
2276,23.266,0.9994
2277,23.265,0.9994
2278,23.265,0.9994
2279,23.264,0.9994
2280,23.264,0.9994
2281,23.263,0.9994
2282,23.262,0.9994
2283,23.262,0.9994
2284,23.261,0.9994
2285,23.261,0.9994
2286,23.26,0.9994
2287,23.259,0.9994
2288,23.259,0.9994
2289,23.258,0.9994
2290,23.257,0.9994
2291,23.257,0.9994
2292,23.256,0.9994
2293,23.256,0.9994
2294,23.254,0.9994
2295,23.253,0.9994
2296,23.253,0.9994
2297,23.252,0.9994
2298,23.252,0.9994
2299,23.251,0.9994
2300,23.25,0.9994
2301,23.25,0.9994
2302,23.249,0.9994
2303,23.249,0.9994
2304,23.248,0.9994
2305,23.247,0.9994
2306,23.247,0.9994
2307,23.246,0.9994
2308,23.246,0.9994
2309,23.245,0.9994
2310,23.244,0.9994
2311,23.244,0.9994
2312,23.243,0.9994
2313,23.242,0.9994
2314,23.242,0.9994
2315,23.241,0.9994
2316,23.241,0.9994
2317,23.24,0.9994
2318,23.239,0.9994
2319,23.239,0.9994
2320,23.238,0.9994
2321,23.238,0.9994
2322,23.237,0.9994
2323,23.236,0.9994
2324,23.236,0.9994
2325,23.235,0.9994
2326,23.235,0.9994
2327,23.234,0.9994
2328,23.233,0.9994
2329,23.233,0.9994
2330,23.232,0.9994
2331,23.231,0.9994
2332,23.231,0.9994
2333,23.23,0.9994
2334,23.23,0.9994
2335,23.229,0.9994
2336,23.228,0.9994
2337,23.228,0.9994
2338,23.226,0.9994
2339,23.226,0.9994
2340,23.225,0.9994
2341,23.225,0.9994
2342,23.224,0.9994
2343,23.223,0.9994
2344,23.223,0.9994
2345,23.222,0.9994
2346,23.221,0.9994
2347,23.221,0.9994
2348,23.22,0.9994
2349,23.22,0.9994
2350,23.219,0.9994
2351,23.218,0.9994
2352,23.218,0.9994
2353,23.217,0.9994
2354,23.217,0.9994
2355,23.216,0.9994
2356,23.215,0.9994
2357,23.215,0.9994
2358,23.214,0.9994
2359,23.214,0.9994
2360,23.213,0.9994
2361,23.212,0.9994
2362,23.212,0.9994
2363,23.211,0.9994
2364,23.211,0.9994
2365,23.21,0.9994
2366,23.21,0.9994
2367,23.209,0.9994
2368,23.208,0.9994
2369,23.208,0.9994
2370,23.207,0.9994
2371,23.207,0.9994
2372,23.206,0.9994
2373,23.206,0.9994
2374,23.205,0.9994
2375,23.205,0.9994
2376,23.204,0.9994
2377,23.203,0.9994
2378,23.203,0.9994
2379,23.202,0.9994
2380,23.202,0.9994
2381,23.201,0.9994
2382,23.2,0.9994
2383,23.2,0.9994
2384,23.198,0.9994
2385,23.198,0.9994
2386,23.197,0.9994
2387,23.197,0.9994
2388,23.196,0.9994
2389,23.195,0.9994
2390,23.195,0.9994
2391,23.194,0.9994
2392,23.194,0.9994
2393,23.193,0.9994
2394,23.193,0.9994
2395,23.192,0.9994
2396,23.191,0.9994
2397,23.191,0.9994
2398,23.19,0.9994
2399,23.19,0.9994
2400,23.189,0.9994
2401,23.188,0.9994
2402,23.188,0.9994
2403,23.187,0.9994
2404,23.187,0.9994
2405,23.186,0.9994
2406,23.186,0.9994
2407,23.185,0.9994
2408,23.185,0.9994
2409,23.184,0.9994
2410,23.184,0.9994
2411,23.183,0.9994
2412,23.182,0.9994
2413,23.182,0.9994
2414,23.181,0.9994
2415,23.18,0.9994
2416,23.18,0.9994
2417,23.179,0.9994
2418,23.179,0.9994
2419,23.178,0.9994
2420,23.178,0.9994
2421,23.177,0.9994
2422,23.177,0.9994
2423,23.176,0.9994
2424,23.176,0.9994
2425,23.175,0.9994
2426,23.174,0.9994
2427,23.174,0.9994
2428,23.173,0.9994
2429,23.173,0.9994
2430,23.171,0.9994
2431,23.171,0.9994
2432,23.17,0.9994
2433,23.169,0.9994
2434,23.169,0.9994
2435,23.168,0.9994
2436,23.168,0.9994
2437,23.167,0.9994
2438,23.167,0.9994
2439,23.166,0.9994
2440,23.166,0.9994
2441,23.165,0.9994
2442,23.164,0.9994
2443,23.164,0.9994
2444,23.163,0.9994
2445,23.163,0.9994
2446,23.162,0.9994
2447,23.162,0.9994
2448,23.161,0.9994
2449,23.161,0.9994
2450,23.16,0.9994
2451,23.16,0.9994
2452,23.159,0.9994
2453,23.158,0.9994
2454,23.158,0.9994
2455,23.157,0.9994
2456,23.157,0.9994
2457,23.156,0.9994
2458,23.155,0.9994
2459,23.155,0.9994
2460,23.154,0.9994
2461,23.154,0.9994
2462,23.153,0.9994
2463,23.153,0.9994
2464,23.153,0.9994
2465,23.152,0.9994
2466,23.151,0.9994
2467,23.151,0.9994
2468,23.15,0.9994
2469,23.15,0.9994
2470,23.149,0.9994
2471,23.149,0.9994
2472,23.148,0.9994
2473,23.147,0.9994
2474,23.147,0.9994
2475,23.146,0.9994
2476,23.146,0.9994
2477,23.146,0.9994
2478,23.145,0.9994
2479,23.143,0.9994
2480,23.143,0.9994
2481,23.142,0.9994
2482,23.142,0.9994
2483,23.141,0.9994
2484,23.14,0.9994
2485,23.14,0.9994
2486,23.139,0.9994
2487,23.139,0.9994
2488,23.138,0.9994
2489,23.138,0.9994
2490,23.137,0.9994
2491,23.137,0.9994
2492,23.136,0.9994
2493,23.136,0.9994
2494,23.135,0.9994
2495,23.135,0.9994
2496,23.134,0.9994
2497,23.134,0.9994
2498,23.133,0.9994
2499,23.132,0.9994
2500,23.132,0.9994
2501,23.131,0.9994
2502,23.131,0.9994
2503,23.13,0.9994
2504,23.13,0.9994
2505,23.129,0.9994
2506,23.129,0.9994
2507,23.128,0.9994
2508,23.128,0.9994
2509,23.127,0.9994
2510,23.127,0.9994
2511,23.126,0.9994
2512,23.126,0.9994
2513,23.125,0.9994
2514,23.125,0.9994
2515,23.124,0.9994
2516,23.124,0.9994
2517,23.123,0.9994
2518,23.123,0.9994
2519,23.122,0.9994
2520,23.122,0.9994
2521,23.121,0.9994
2522,23.12,0.9994
2523,23.12,0.9994
2524,23.119,0.9994
2525,23.119,0.9994
2526,23.118,0.9994
2527,23.118,0.9994
2528,23.117,0.9994
2529,23.115,0.9994
2530,23.115,0.9994
2531,23.115,0.9994
2532,23.114,0.9994
2533,23.114,0.9994
2534,23.113,0.9994
2535,23.113,0.9994
2536,23.112,0.9994
2537,23.111,0.9994
2538,23.111,0.9994
2539,23.11,0.9994
2540,23.11,0.9994
2541,23.109,0.9994
2542,23.109,0.9994
2543,23.108,0.9994
2544,23.108,0.9994
2545,23.107,0.9994
2546,23.107,0.9994
2547,23.106,0.9994
2548,23.106,0.9994
2549,23.105,0.9994
2550,23.105,0.9994
2551,23.104,0.9994
2552,23.104,0.9994
2553,23.103,0.9994
2554,23.103,0.9994
2555,23.102,0.9994
2556,23.102,0.9994
2557,23.101,0.9994
2558,23.101,0.9994
2559,23.1,0.9994
2560,23.1,0.9994
2561,23.099,0.9994
2562,23.099,0.9994
2563,23.098,0.9994
2564,23.097,0.9994
2565,23.097,0.9994
2566,23.096,0.9994
2567,23.096,0.9994
2568,23.095,0.9994
2569,23.095,0.9994
2570,23.095,0.9994
2571,23.094,0.9994
2572,23.094,0.9994
2573,23.093,0.9994
2574,23.093,0.9994
2575,23.092,0.9994
2576,23.092,0.9994
2577,23.091,0.9994
2578,23.091,0.9994
2579,23.09,0.9994
2580,23.09,0.9994
2581,23.089,0.9994
2582,23.089,0.9994
2583,23.087,0.9994
2584,23.087,0.9994
2585,23.086,0.9994
2586,23.085,0.9994
2587,23.085,0.9994
2588,23.085,0.9994
2589,23.084,0.9994
2590,23.084,0.9994
2591,23.083,0.9994
2592,23.083,0.9994
2593,23.082,0.9994
2594,23.081,0.9994
2595,23.081,0.9994
2596,23.08,0.9994
2597,23.08,0.9994
2598,23.079,0.9994
2599,23.079,0.9994
2600,23.079,0.9994
2601,23.078,0.9994
2602,23.078,0.9994
2603,23.077,0.9994
2604,23.077,0.9994
2605,23.076,0.9994
2606,23.076,0.9994
2607,23.075,0.9994
2608,23.075,0.9994
2609,23.074,0.9994
2610,23.074,0.9994
2611,23.073,0.9994
2612,23.073,0.9994
2613,23.072,0.9994
2614,23.072,0.9994
2615,23.071,0.9994
2616,23.071,0.9994
2617,23.07,0.9994
2618,23.07,0.9994
2619,23.069,0.9994
2620,23.069,0.9994
2621,23.068,0.9994
2622,23.068,0.9994
2623,23.067,0.9994
2624,23.067,0.9994
2625,23.066,0.9994
2626,23.066,0.9994
2627,23.065,0.9994
2628,23.065,0.9994
2629,23.064,0.9994
2630,23.064,0.9994
2631,23.063,0.9994
2632,23.063,0.9994
2633,23.062,0.9994
2634,23.062,0.9994
2635,23.061,0.9994
2636,23.061,0.9994
2637,23.059,0.9994
2638,23.059,0.9994
2639,23.059,0.9994
2640,23.058,0.9994
2641,23.058,0.9994
2642,23.057,0.9994
2643,23.056,0.9994
2644,23.056,0.9994
2645,23.056,0.9994
2646,23.055,0.9994
2647,23.055,0.9994
2648,23.054,0.9994
2649,23.054,0.9994
2650,23.053,0.9994
2651,23.053,0.9994
2652,23.052,0.9994
2653,23.052,0.9994
2654,23.051,0.9994
2655,23.051,0.9994
2656,23.05,0.9994
2657,23.05,0.9994
2658,23.049,0.9994
2659,23.049,0.9994
2660,23.048,0.9994
2661,23.048,0.9994
2662,23.047,0.9994
2663,23.047,0.9994
2664,23.046,0.9994
2665,23.046,0.9994
2666,23.046,0.9994
2667,23.045,0.9994
2668,23.045,0.9994
2669,23.044,0.9994
2670,23.044,0.9994
2671,23.043,0.9994
2672,23.043,0.9994
2673,23.042,0.9994
2674,23.042,0.9994
2675,23.041,0.9994
2676,23.041,0.9994
2677,23.04,0.9994
2678,23.04,0.9994
2679,23.039,0.9994
2680,23.039,0.9994
2681,23.038,0.9994
2682,23.038,0.9994
2683,23.037,0.9994
2684,23.037,0.9994
2685,23.036,0.9994
2686,23.036,0.9994
2687,23.035,0.9994
2688,23.035,0.9994
2689,23.035,0.9994
2690,23.034,0.9994
2691,23.034,0.9994
2692,23.033,0.9994
2693,23.033,0.9994
2694,23.031,0.9994
2695,23.031,0.9994
2696,23.03,0.9994
2697,23.03,0.9994
2698,23.029,0.9994
2699,23.029,0.9994
2700,23.028,0.9994
2701,23.028,0.9994
2702,23.028,0.9994
2703,23.027,0.9994
2704,23.027,0.9994
2705,23.026,0.9994
2706,23.026,0.9994
2707,23.025,0.9994
2708,23.025,0.9994
2709,23.024,0.9994
2710,23.024,0.9994
2711,23.023,0.9994
2712,23.023,0.9994
2713,23.022,0.9994
2714,23.022,0.9994
2715,23.022,0.9994
2716,23.021,0.9994
2717,23.021,0.9994
2718,23.02,0.9994
2719,23.02,0.9994
2720,23.019,0.9994
2721,23.019,0.9994
2722,23.018,0.9994
2723,23.018,0.9994
2724,23.017,0.9994
2725,23.017,0.9994
2726,23.016,0.9994
2727,23.016,0.9994
2728,23.016,0.9994
2729,23.015,0.9994
2730,23.015,0.9994
2731,23.014,0.9994
2732,23.014,0.9994
2733,23.013,0.9994
2734,23.013,0.9994
2735,23.012,0.9994
2736,23.012,0.9994
2737,23.012,0.9994
2738,23.011,0.9994
2739,23.011,0.9994
2740,23.01,0.9994
2741,23.01,0.9994
2742,23.009,0.9994
2743,23.009,0.9994
2744,23.008,0.9994
2745,23.008,0.9994
2746,23.008,0.9994
2747,23.007,0.9994
2748,23.007,0.9994
2749,23.006,0.9994
2750,23.006,0.9994
2751,23.006,0.9994
2752,23.005,0.9994
2753,23.003,0.9994
2754,23.003,0.9994
2755,23.002,0.9994
2756,23.002,0.9994
2757,23.002,0.9994
2758,23.001,0.9994
2759,23.001,0.9994
2760,23,0.9994
2761,23,0.9994
2762,23,0.9994
2763,22.999,0.9994
2764,22.998,0.9994
2765,22.998,0.9994
2766,22.998,0.9994
2767,22.997,0.9994
2768,22.997,0.9994
2769,22.996,0.9994
2770,22.996,0.9994
2771,22.995,0.9994
2772,22.995,0.9994
2773,22.994,0.9994
2774,22.994,0.9994
2775,22.993,0.9994
2776,22.993,0.9994
2777,22.993,0.9994
2778,22.992,0.9994
2779,22.992,0.9994
2780,22.991,0.9994
2781,22.991,0.9994
2782,22.99,0.9994
2783,22.99,0.9994
2784,22.99,0.9994
2785,22.989,0.9994
2786,22.989,0.9994
2787,22.988,0.9994
2788,22.988,0.9994
2789,22.987,0.9994
2790,22.987,0.9994
2791,22.986,0.9994
2792,22.986,0.9994
2793,22.985,0.9994
2794,22.985,0.9994
2795,22.985,0.9994
2796,22.984,0.9994
2797,22.984,0.9994
2798,22.983,0.9994
2799,22.983,0.9994
2800,22.982,0.9994
2801,22.982,0.9994
2802,22.982,0.9994
2803,22.981,0.9994
2804,22.981,0.9994
2805,22.98,0.9994
2806,22.98,0.9994
2807,22.979,0.9994
2808,22.979,0.9994
2809,22.979,0.9994
2810,22.978,0.9994
2811,22.978,0.9994
2812,22.977,0.9994
2813,22.977,0.9994
2814,22.975,0.9994
2815,22.975,0.9994
2816,22.975,0.9994
2817,22.974,0.9994
2818,22.974,0.9994
2819,22.973,0.9994
2820,22.973,0.9994
2821,22.973,0.9994
2822,22.972,0.9994
2823,22.972,0.9994
2824,22.971,0.9994
2825,22.971,0.9994
2826,22.97,0.9994
2827,22.97,0.9994
2828,22.97,0.9994
2829,22.969,0.9994
2830,22.969,0.9994
2831,22.968,0.9994
2832,22.968,0.9994
2833,22.967,0.9994
2834,22.967,0.9994
2835,22.967,0.9994
2836,22.966,0.9994
2837,22.966,0.9994
2838,22.965,0.9994
2839,22.965,0.9994
2840,22.964,0.9994
2841,22.964,0.9994
2842,22.963,0.9994
2843,22.963,0.9994
2844,22.963,0.9994
2845,22.962,0.9994
2846,22.962,0.9994
2847,22.961,0.9994
2848,22.961,0.9994
2849,22.961,0.9994
2850,22.96,0.9994
2851,22.96,0.9994
2852,22.959,0.9994
2853,22.959,0.9994
2854,22.959,0.9994
2855,22.958,0.9994
2856,22.958,0.9994
2857,22.957,0.9994
2858,22.957,0.9994
2859,22.957,0.9994
2860,22.956,0.9994
2861,22.956,0.9994
2862,22.955,0.9994
2863,22.955,0.9994
2864,22.954,0.9994
2865,22.954,0.9994
2866,22.954,0.9994
2867,22.953,0.9994
2868,22.953,0.9994
2869,22.952,0.9994
2870,22.952,0.9994
2871,22.951,0.9994
2872,22.951,0.9994
2873,22.951,0.9994
2874,22.95,0.9994
2875,22.95,0.9994
2876,22.95,0.9994
2877,22.948,0.9994
2878,22.948,0.9994
2879,22.947,0.9994
2880,22.947,0.9994
2881,22.946,0.9994
2882,22.946,0.9994
2883,22.945,0.9994
2884,22.945,0.9994
2885,22.945,0.9994
2886,22.944,0.9994
2887,22.944,0.9994
2888,22.944,0.9994
2889,22.943,0.9994
2890,22.943,0.9994
2891,22.942,0.9994
2892,22.942,0.9994
2893,22.942,0.9994
2894,22.941,0.9994
2895,22.941,0.9994
2896,22.94,0.9994
2897,22.94,0.9994
2898,22.94,0.9994
2899,22.939,0.9994
2900,22.939,0.9994
2901,22.938,0.9994
2902,22.938,0.9994
2903,22.937,0.9994
2904,22.937,0.9994
2905,22.937,0.9994
2906,22.936,0.9994
2907,22.936,0.9994
2908,22.935,0.9994
2909,22.935,0.9994
2910,22.935,0.9994
2911,22.934,0.9994
2912,22.934,0.9994
2913,22.933,0.9994
2914,22.933,0.9994
2915,22.933,0.9994
2916,22.932,0.9994
2917,22.932,0.9994
2918,22.931,0.9994
2919,22.931,0.9994
2920,22.93,0.9994
2921,22.93,0.9994
2922,22.93,0.9994
2923,22.929,0.9994
2924,22.929,0.9994
2925,22.929,0.9994
2926,22.928,0.9994
2927,22.928,0.9994
2928,22.927,0.9994
2929,22.927,0.9994
2930,22.926,0.9994
2931,22.926,0.9994
2932,22.926,0.9994
2933,22.925,0.9994
2934,22.925,0.9994
2935,22.925,0.9994
2936,22.924,0.9994
2937,22.924,0.9994
2938,22.923,0.9994
2939,22.923,0.9994
2940,22.922,0.9994
2941,22.922,0.9994
2942,22.922,0.9994
2943,22.92,0.9994
2944,22.92,0.9994
2945,22.92,0.9994
2946,22.919,0.9994
2947,22.919,0.9994
2948,22.918,0.9994
2949,22.918,0.9994
2950,22.918,0.9994
2951,22.917,0.9994
2952,22.917,0.9994
2953,22.916,0.9994
2954,22.916,0.9994
2955,22.916,0.9994
2956,22.915,0.9994
2957,22.915,0.9994
2958,22.914,0.9994
2959,22.914,0.9994
2960,22.914,0.9994
2961,22.913,0.9994
2962,22.913,0.9994
2963,22.912,0.9994
2964,22.912,0.9994
2965,22.912,0.9994
2966,22.911,0.9994
2967,22.911,0.9994
2968,22.91,0.9994
2969,22.91,0.9994
2970,22.91,0.9994
2971,22.91,0.9994
2972,22.909,0.9994
2973,22.909,0.9994
2974,22.908,0.9994
2975,22.908,0.9994
2976,22.907,0.9994
2977,22.907,0.9994
2978,22.907,0.9994
2979,22.906,0.9994
2980,22.906,0.9994
2981,22.905,0.9994
2982,22.905,0.9994
2983,22.905,0.9994
2984,22.904,0.9994
2985,22.904,0.9994
2986,22.904,0.9994
2987,22.903,0.9994
2988,22.903,0.9994
2989,22.902,0.9994
2990,22.902,0.9994
2991,22.902,0.9994
2992,22.901,0.9994
2993,22.901,0.9994
2994,22.901,0.9994
2995,22.9,0.9994
2996,22.9,0.9994
2997,22.899,0.9994
2998,22.899,0.9994
2999,22.899,0.9994
3000,22.898,0.9994
3001,22.898,0.9994
3002,22.897,0.9994
3003,22.897,0.9994
3004,22.897,0.9994
3005,22.896,0.9994
3006,22.896,0.9994
3007,22.896,0.9994
3008,22.895,0.9994
3009,22.895,0.9994
3010,22.895,0.9994
3011,22.894,0.9994
3012,22.894,0.9994
3013,22.892,0.9994
3014,22.892,0.9994
3015,22.891,0.9994
3016,22.891,0.9994
3017,22.891,0.9994
3018,22.891,0.9994
3019,22.89,0.9994
3020,22.89,0.9994
3021,22.889,0.9994
3022,22.889,0.9994
3023,22.888,0.9994
3024,22.888,0.9994
3025,22.888,0.9994
3026,22.887,0.9994
3027,22.887,0.9994
3028,22.887,0.9994
3029,22.886,0.9994
3030,22.886,0.9994
3031,22.885,0.9994
3032,22.885,0.9994
3033,22.885,0.9994
3034,22.884,0.9994
3035,22.884,0.9994
3036,22.883,0.9994
3037,22.883,0.9994
3038,22.883,0.9994
3039,22.883,0.9994
3040,22.882,0.9994
3041,22.882,0.9994
3042,22.881,0.9994
3043,22.881,0.9994
3044,22.881,0.9994
3045,22.88,0.9994
3046,22.88,0.9994
3047,22.88,0.9994
3048,22.879,0.9994
3049,22.879,0.9994
3050,22.879,0.9994
3051,22.878,0.9994
3052,22.878,0.9994
3053,22.878,0.9994
3054,22.877,0.9994
3055,22.877,0.9994
3056,22.876,0.9994
3057,22.876,0.9994
3058,22.876,0.9994
3059,22.875,0.9994
3060,22.875,0.9994
3061,22.874,0.9994
3062,22.874,0.9994
3063,22.874,0.9994
3064,22.873,0.9994
3065,22.873,0.9994
3066,22.873,0.9994
3067,22.872,0.9994
3068,22.872,0.9994
3069,22.872,0.9994
3070,22.871,0.9994
3071,22.871,0.9994
3072,22.871,0.9994
3073,22.87,0.9994
3074,22.87,0.9994
3075,22.869,0.9994
3076,22.869,0.9994
3077,22.869,0.9994
3078,22.868,0.9994
3079,22.868,0.9994
3080,22.868,0.9994
3081,22.867,0.9994
3082,22.867,0.9994
3083,22.866,0.9994
3084,22.866,0.9994
3085,22.866,0.9994
3086,22.864,0.9994
3087,22.864,0.9994
3088,22.864,0.9994
3089,22.863,0.9994
3090,22.863,0.9994
3091,22.862,0.9994
3092,22.862,0.9994
3093,22.862,0.9994
3094,22.861,0.9994
3095,22.861,0.9994
3096,22.861,0.9994
3097,22.86,0.9994
3098,22.86,0.9994
3099,22.859,0.9994
3100,22.859,0.9994
3101,22.859,0.9994
3102,22.858,0.9994
3103,22.858,0.9994
3104,22.858,0.9994
3105,22.857,0.9994
3106,22.857,0.9994
3107,22.857,0.9994
3108,22.856,0.9994
3109,22.856,0.9994
3110,22.855,0.9994
3111,22.855,0.9994
3112,22.855,0.9994
3113,22.854,0.9994
3114,22.854,0.9994
3115,22.854,0.9994
3116,22.853,0.9994
3117,22.853,0.9994
3118,22.853,0.9994
3119,22.852,0.9994
3120,22.852,0.9994
3121,22.852,0.9994
3122,22.851,0.9994
3123,22.851,0.9994
3124,22.851,0.9994
3125,22.85,0.9994
3126,22.85,0.9994
3127,22.849,0.9994
3128,22.849,0.9994
3129,22.849,0.9994
3130,22.848,0.9994
3131,22.848,0.9994
3132,22.848,0.9994
3133,22.847,0.9994
3134,22.847,0.9994
3135,22.847,0.9994
3136,22.846,0.9994
3137,22.846,0.9994
3138,22.846,0.9994
3139,22.845,0.9994
3140,22.845,0.9994
3141,22.844,0.9994
3142,22.844,0.9994
3143,22.844,0.9994
3144,22.843,0.9994
3145,22.843,0.9994
3146,22.843,0.9994
3147,22.842,0.9994
3148,22.842,0.9994
3149,22.842,0.9994
3150,22.841,0.9994
3151,22.841,0.9994
3152,22.841,0.9994
3153,22.84,0.9994
3154,22.84,0.9994
3155,22.84,0.9994
3156,22.839,0.9994
3157,22.839,0.9994
3158,22.838,0.9994
3159,22.838,0.9994
3160,22.838,0.9994
3161,22.836,0.9994
3162,22.836,0.9994
3163,22.836,0.9994
3164,22.835,0.9994
3165,22.835,0.9994
3166,22.835,0.9994
3167,22.834,0.9994
3168,22.834,0.9994
3169,22.834,0.9994
3170,22.833,0.9994
3171,22.833,0.9994
3172,22.833,0.9994
3173,22.832,0.9994
3174,22.832,0.9994
3175,22.832,0.9994
3176,22.831,0.9994
3177,22.831,0.9994
3178,22.831,0.9994
3179,22.83,0.9994
3180,22.83,0.9994
3181,22.83,0.9994
3182,22.829,0.9994
3183,22.829,0.9994
3184,22.828,0.9994
3185,22.828,0.9994
3186,22.828,0.9994
3187,22.827,0.9994
3188,22.827,0.9994
3189,22.827,0.9994
3190,22.826,0.9994
3191,22.826,0.9994
3192,22.826,0.9994
3193,22.825,0.9994
3194,22.825,0.9994
3195,22.825,0.9994
3196,22.824,0.9994
3197,22.824,0.9994
3198,22.824,0.9994
3199,22.823,0.9994
3200,22.823,0.9994
3201,22.823,0.9994
3202,22.822,0.9994
3203,22.822,0.9994
3204,22.822,0.9994
3205,22.821,0.9994
3206,22.821,0.9994
3207,22.821,0.9994
3208,22.82,0.9994
3209,22.82,0.9994
3210,22.82,0.9994
3211,22.819,0.9994
3212,22.819,0.9994
3213,22.819,0.9994
3214,22.818,0.9994
3215,22.818,0.9994
3216,22.818,0.9994
3217,22.817,0.9994
3218,22.817,0.9994
3219,22.817,0.9994
3220,22.816,0.9994
3221,22.816,0.9994
3222,22.816,0.9994
3223,22.815,0.9994
3224,22.815,0.9994
3225,22.815,0.9994
3226,22.814,0.9994
3227,22.814,0.9994
3228,22.814,0.9994
3229,22.813,0.9994
3230,22.813,0.9994
3231,22.813,0.9994
3232,22.812,0.9994
3233,22.812,0.9994
3234,22.812,0.9994
3235,22.811,0.9994
3236,22.811,0.9994
3237,22.811,0.9994
3238,22.81,0.9994
3239,22.81,0.9994
3240,22.81,0.9994
3241,22.808,0.9994
3242,22.808,0.9994
3243,22.808,0.9994
3244,22.807,0.9994
3245,22.807,0.9994
3246,22.807,0.9994
3247,22.806,0.9994
3248,22.806,0.9994
3249,22.806,0.9994
3250,22.805,0.9994
3251,22.805,0.9994
3252,22.805,0.9994
3253,22.804,0.9994
3254,22.804,0.9994
3255,22.804,0.9994
3256,22.803,0.9994
3257,22.803,0.9994
3258,22.803,0.9994
3259,22.802,0.9994
3260,22.802,0.9994
3261,22.802,0.9994
3262,22.801,0.9994
3263,22.801,0.9994
3264,22.801,0.9994
3265,22.8,0.9994
3266,22.8,0.9994
3267,22.8,0.9994
3268,22.799,0.9994
3269,22.799,0.9994
3270,22.799,0.9994
3271,22.798,0.9994
3272,22.798,0.9994
3273,22.798,0.9994
3274,22.797,0.9994
3275,22.797,0.9994
3276,22.797,0.9994
3277,22.796,0.9994
3278,22.796,0.9994
3279,22.796,0.9994
3280,22.795,0.9994
3281,22.795,0.9994
3282,22.795,0.9994
3283,22.795,0.9994
3284,22.794,0.9994
3285,22.794,0.9994
3286,22.793,0.9994
3287,22.793,0.9994
3288,22.793,0.9994
3289,22.793,0.9994
3290,22.792,0.9994
3291,22.792,0.9994
3292,22.792,0.9994
3293,22.791,0.9994
3294,22.791,0.9994
3295,22.79,0.9994
3296,22.79,0.9994
3297,22.79,0.9994
3298,22.789,0.9994
3299,22.789,0.9994
3300,22.789,0.9994
3301,22.789,0.9994
3302,22.788,0.9994
3303,22.788,0.9994
3304,22.788,0.9994
3305,22.787,0.9994
3306,22.787,0.9994
3307,22.787,0.9994
3308,22.786,0.9994
3309,22.786,0.9994
3310,22.786,0.9994
3311,22.785,0.9994
3312,22.785,0.9994
3313,22.785,0.9994
3314,22.784,0.9994
3315,22.784,0.9994
3316,22.784,0.9994
3317,22.783,0.9994
3318,22.783,0.9994
3319,22.783,0.9994
3320,22.782,0.9994
3321,22.782,0.9994
3322,22.782,0.9994
3323,22.78,0.9994
3324,22.78,0.9994
3325,22.78,0.9994
3326,22.779,0.9994
3327,22.779,0.9994
3328,22.779,0.9994
3329,22.779,0.9994
3330,22.778,0.9994
3331,22.778,0.9994
3332,22.778,0.9994
3333,22.777,0.9994
3334,22.777,0.9994
3335,22.777,0.9994
3336,22.777,0.9994
3337,22.776,0.9994
3338,22.776,0.9994
3339,22.775,0.9994
3340,22.775,0.9994
3341,22.775,0.9994
3342,22.775,0.9994
3343,22.774,0.9994
3344,22.774,0.9994
3345,22.774,0.9994
3346,22.773,0.9994
3347,22.773,0.9994
3348,22.773,0.9994
3349,22.772,0.9994
3350,22.772,0.9994
3351,22.772,0.9994
3352,22.771,0.9994
3353,22.771,0.9994
3354,22.771,0.9994
3355,22.77,0.9994
3356,22.77,0.9994
3357,22.77,0.9994
3358,22.769,0.9994
3359,22.769,0.9994
3360,22.769,0.9994
3361,22.769,0.9994
3362,22.768,0.9994
3363,22.768,0.9994
3364,22.767,0.9994
3365,22.767,0.9994
3366,22.767,0.9994
3367,22.767,0.9994
3368,22.766,0.9994
3369,22.766,0.9994
3370,22.766,0.9994
3371,22.765,0.9994
3372,22.765,0.9994
3373,22.765,0.9994
3374,22.764,0.9994
3375,22.764,0.9994
3376,22.764,0.9994
3377,22.763,0.9994
3378,22.763,0.9994
3379,22.763,0.9994
3380,22.763,0.9994
3381,22.762,0.9994
3382,22.762,0.9994
3383,22.762,0.9994
3384,22.761,0.9994
3385,22.761,0.9994
3386,22.761,0.9994
3387,22.76,0.9994
3388,22.76,0.9994
3389,22.76,0.9994
3390,22.759,0.9994
3391,22.759,0.9994
3392,22.759,0.9994
3393,22.759,0.9994
3394,22.758,0.9994
3395,22.758,0.9994
3396,22.758,0.9994
3397,22.757,0.9994
3398,22.757,0.9994
3399,22.757,0.9994
3400,22.756,0.9994
3401,22.756,0.9994
3402,22.756,0.9994
3403,22.756,0.9994
3404,22.755,0.9994
3405,22.755,0.9994
3406,22.755,0.9994
3407,22.754,0.9994
3408,22.754,0.9994
3409,22.754,0.9994
3410,22.752,0.9994
3411,22.752,0.9994
3412,22.752,0.9994
3413,22.751,0.9994
3414,22.751,0.9994
3415,22.751,0.9994
3416,22.751,0.9994
3417,22.75,0.9994
3418,22.75,0.9994
3419,22.75,0.9994
3420,22.749,0.9994
3421,22.749,0.9994
3422,22.749,0.9994
3423,22.748,0.9994
3424,22.748,0.9994
3425,22.748,0.9994
3426,22.747,0.9994
3427,22.747,0.9994
3428,22.747,0.9994
3429,22.746,0.9994
3430,22.746,0.9994
3431,22.746,0.9994
3432,22.746,0.9994
3433,22.745,0.9994
3434,22.745,0.9994
3435,22.745,0.9994
3436,22.744,0.9994
3437,22.744,0.9994
3438,22.744,0.9994
3439,22.744,0.9994
3440,22.743,0.9994
3441,22.743,0.9994
3442,22.743,0.9994
3443,22.742,0.9994
3444,22.742,0.9994
3445,22.742,0.9994
3446,22.741,0.9994
3447,22.741,0.9994
3448,22.741,0.9994
3449,22.74,0.9994
3450,22.74,0.9994
3451,22.74,0.9994
3452,22.74,0.9994
3453,22.739,0.9994
3454,22.739,0.9994
3455,22.739,0.9994
3456,22.739,0.9994
3457,22.738,0.9994
3458,22.738,0.9994
3459,22.737,0.9994
3460,22.737,0.9994
3461,22.737,0.9994
3462,22.737,0.9994
3463,22.736,0.9994
3464,22.736,0.9994
3465,22.736,0.9994
3466,22.735,0.9994
3467,22.735,0.9994
3468,22.735,0.9994
3469,22.735,0.9994
3470,22.734,0.9994
3471,22.734,0.9994
3472,22.734,0.9994
3473,22.733,0.9994
3474,22.733,0.9994
3475,22.733,0.9994
3476,22.732,0.9994
3477,22.732,0.9994
3478,22.732,0.9994
3479,22.732,0.9994
3480,22.731,0.9994
3481,22.731,0.9994
3482,22.731,0.9994
3483,22.73,0.9994
3484,22.73,0.9994
3485,22.73,0.9994
3486,22.73,0.9994
3487,22.729,0.9994
3488,22.729,0.9994
3489,22.729,0.9994
3490,22.728,0.9994
3491,22.728,0.9994
3492,22.728,0.9994
3493,22.728,0.9994
3494,22.727,0.9994
3495,22.727,0.9994
3496,22.727,0.9994
3497,22.726,0.9994
3498,22.726,0.9994
3499,22.726,0.9994
3500,22.724,0.9994
3501,22.724,0.9994
3502,22.724,0.9994
3503,22.723,0.9994
3504,22.723,0.9994
3505,22.723,0.9994
3506,22.723,0.9994
3507,22.722,0.9994
3508,22.722,0.9994
3509,22.722,0.9994
3510,22.721,0.9994
3511,22.721,0.9994
3512,22.721,0.9994
3513,22.721,0.9994
3514,22.72,0.9994
3515,22.72,0.9994
3516,22.72,0.9994
3517,22.719,0.9994
3518,22.719,0.9994
3519,22.719,0.9994
3520,22.719,0.9994
3521,22.718,0.9994
3522,22.718,0.9994
3523,22.718,0.9994
3524,22.717,0.9994
3525,22.717,0.9994
3526,22.717,0.9994
3527,22.716,0.9994
3528,22.716,0.9994
3529,22.716,0.9994
3530,22.715,0.9994
3531,22.715,0.9994
3532,22.715,0.9994
3533,22.715,0.9994
3534,22.714,0.9994
3535,22.714,0.9994
3536,22.714,0.9994
3537,22.714,0.9994
3538,22.713,0.9994
3539,22.713,0.9994
3540,22.713,0.9994
3541,22.712,0.9994
3542,22.712,0.9994
3543,22.712,0.9994
3544,22.712,0.9994
3545,22.711,0.9994
3546,22.711,0.9994
3547,22.711,0.9994
3548,22.71,0.9994
3549,22.71,0.9994
3550,22.71,0.9994
3551,22.71,0.9994
3552,22.709,0.9994
3553,22.709,0.9994
3554,22.709,0.9994
3555,22.708,0.9994
3556,22.708,0.9994
3557,22.708,0.9994
3558,22.708,0.9994
3559,22.707,0.9994
3560,22.707,0.9994
3561,22.707,0.9994
3562,22.707,0.9994
3563,22.706,0.9994
3564,22.706,0.9994
3565,22.705,0.9994
3566,22.705,0.9994
3567,22.705,0.9994
3568,22.705,0.9994
3569,22.704,0.9994
3570,22.704,0.9994
3571,22.704,0.9994
3572,22.704,0.9994
3573,22.703,0.9994
3574,22.703,0.9994
3575,22.703,0.9994
3576,22.702,0.9994
3577,22.702,0.9994
3578,22.702,0.9994
3579,22.702,0.9994
3580,22.701,0.9994
3581,22.701,0.9994
3582,22.701,0.9994
3583,22.7,0.9994
3584,22.7,0.9994
3585,22.7,0.9994
3586,22.7,0.9994
3587,22.699,0.9994
3588,22.699,0.9994
3589,22.699,0.9994
3590,22.699,0.9994
3591,22.697,0.9994
3592,22.697,0.9994
3593,22.697,0.9994
3594,22.696,0.9994
3595,22.696,0.9994
3596,22.696,0.9994
3597,22.696,0.9994
3598,22.695,0.9994
3599,22.695,0.9994
3600,22.695,0.9994
3601,22.695,0.9994
3602,22.694,0.9994
3603,22.694,0.9994
3604,22.694,0.9994
3605,22.693,0.9994
3606,22.693,0.9994
3607,22.693,0.9994
3608,22.693,0.9994
3609,22.692,0.9994
3610,22.692,0.9994
3611,22.691,0.9994
3612,22.691,0.9994
3613,22.691,0.9994
3614,22.691,0.9994
3615,22.69,0.9994
3616,22.69,0.9994
3617,22.69,0.9994
3618,22.69,0.9994
3619,22.689,0.9994
3620,22.689,0.9994
3621,22.689,0.9994
3622,22.689,0.9994
3623,22.688,0.9994
3624,22.688,0.9994
3625,22.688,0.9994
3626,22.688,0.9994
3627,22.687,0.9994
3628,22.687,0.9994
3629,22.687,0.9994
3630,22.686,0.9994
3631,22.686,0.9994
3632,22.686,0.9994
3633,22.686,0.9994
3634,22.685,0.9994
3635,22.685,0.9994
3636,22.685,0.9994
3637,22.685,0.9994
3638,22.684,0.9994
3639,22.684,0.9994
3640,22.684,0.9994
3641,22.683,0.9994
3642,22.683,0.9994
3643,22.683,0.9994
3644,22.683,0.9994
3645,22.682,0.9994
3646,22.682,0.9994
3647,22.682,0.9994
3648,22.682,0.9994
3649,22.681,0.9994
3650,22.681,0.9994
3651,22.681,0.9994
3652,22.68,0.9994
3653,22.68,0.9994
3654,22.68,0.9994
3655,22.68,0.9994
3656,22.679,0.9994
3657,22.679,0.9994
3658,22.679,0.9994
3659,22.679,0.9994
3660,22.678,0.9994
3661,22.678,0.9994
3662,22.678,0.9994
3663,22.677,0.9994
3664,22.677,0.9994
3665,22.677,0.9994
3666,22.677,0.9994
3667,22.676,0.9994
3668,22.676,0.9994
3669,22.676,0.9994
3670,22.675,0.9994
3671,22.675,0.9994
3672,22.675,0.9994
3673,22.675,0.9994
3674,22.674,0.9994
3675,22.674,0.9994
3676,22.674,0.9994
3677,22.674,0.9994
3678,22.673,0.9994
3679,22.673,0.9994
3680,22.673,0.9994
3681,22.673,0.9994
3682,22.672,0.9994
3683,22.672,0.9994
3684,22.672,0.9994
3685,22.671,0.9994
3686,22.671,0.9994
3687,22.671,0.9994
3688,22.671,0.9994
3689,22.669,0.9994
3690,22.669,0.9994
3691,22.669,0.9994
3692,22.669,0.9994
3693,22.668,0.9994
3694,22.668,0.9994
3695,22.668,0.9994
3696,22.668,0.9994
3697,22.667,0.9994
3698,22.667,0.9994
3699,22.667,0.9994
3700,22.666,0.9994
3701,22.666,0.9994
3702,22.666,0.9994
3703,22.666,0.9994
3704,22.665,0.9994
3705,22.665,0.9994
3706,22.665,0.9994
3707,22.665,0.9994
3708,22.664,0.9994
3709,22.664,0.9994
3710,22.664,0.9994
3711,22.664,0.9994
3712,22.663,0.9994
3713,22.663,0.9994
3714,22.663,0.9994
3715,22.662,0.9994
3716,22.662,0.9994
3717,22.662,0.9994
3718,22.662,0.9994
3719,22.661,0.9994
3720,22.661,0.9994
3721,22.661,0.9994
3722,22.661,0.9994
3723,22.66,0.9994
3724,22.66,0.9994
3725,22.66,0.9994
3726,22.66,0.9994
3727,22.659,0.9994
3728,22.659,0.9994
3729,22.659,0.9994
3730,22.659,0.9994
3731,22.658,0.9994
3732,22.658,0.9994
3733,22.658,0.9994
3734,22.657,0.9994
3735,22.657,0.9994
3736,22.657,0.9994
3737,22.657,0.9994
3738,22.656,0.9994
3739,22.656,0.9994
3740,22.656,0.9994
3741,22.656,0.9994
3742,22.655,0.9994
3743,22.655,0.9994
3744,22.655,0.9994
3745,22.655,0.9994
3746,22.654,0.9994
3747,22.654,0.9994
3748,22.654,0.9994
3749,22.654,0.9994
3750,22.653,0.9994
3751,22.653,0.9994
3752,22.653,0.9994
3753,22.652,0.9994
3754,22.652,0.9994
3755,22.652,0.9994
3756,22.652,0.9994
3757,22.651,0.9994
3758,22.651,0.9994
3759,22.651,0.9994
3760,22.651,0.9994
3761,22.65,0.9994
3762,22.65,0.9994
3763,22.65,0.9994
3764,22.65,0.9994
3765,22.649,0.9994
3766,22.649,0.9994
3767,22.649,0.9994
3768,22.649,0.9994
3769,22.648,0.9994
3770,22.648,0.9994
3771,22.648,0.9994
3772,22.648,0.9994
3773,22.647,0.9994
3774,22.647,0.9994
3775,22.647,0.9994
3776,22.647,0.9994
3777,22.646,0.9994
3778,22.646,0.9994
3779,22.646,0.9994
3780,22.646,0.9994
3781,22.645,0.9994
3782,22.645,0.9994
3783,22.645,0.9994
3784,22.645,0.9994
3785,22.644,0.9994
3786,22.644,0.9994
3787,22.644,0.9994
3788,22.643,0.9994
3789,22.643,0.9994
3790,22.643,0.9994
3791,22.643,0.9994
3792,22.641,0.9994
3793,22.641,0.9994
3794,22.641,0.9994
3795,22.641,0.9994
3796,22.641,0.9994
3797,22.64,0.9994
3798,22.64,0.9994
3799,22.64,0.9994
3800,22.64,0.9994
3801,22.639,0.9994
3802,22.639,0.9994
3803,22.639,0.9994
3804,22.639,0.9994
3805,22.638,0.9994
3806,22.638,0.9994
3807,22.638,0.9994
3808,22.638,0.9994
3809,22.637,0.9994
3810,22.637,0.9994
3811,22.637,0.9994
3812,22.636,0.9994
3813,22.636,0.9994
3814,22.636,0.9994
3815,22.636,0.9994
3816,22.635,0.9994
3817,22.635,0.9994
3818,22.635,0.9994
3819,22.635,0.9994
3820,22.634,0.9994
3821,22.634,0.9994
3822,22.634,0.9994
3823,22.634,0.9994
3824,22.633,0.9994
3825,22.633,0.9994
3826,22.633,0.9994
3827,22.633,0.9994
3828,22.632,0.9994
3829,22.632,0.9994
3830,22.632,0.9994
3831,22.632,0.9994
3832,22.631,0.9994
3833,22.631,0.9994
3834,22.631,0.9994
3835,22.631,0.9994
3836,22.63,0.9994
3837,22.63,0.9994
3838,22.63,0.9994
3839,22.63,0.9994
3840,22.629,0.9994
3841,22.629,0.9994
3842,22.629,0.9994
3843,22.629,0.9994
3844,22.628,0.9994
3845,22.628,0.9994
3846,22.628,0.9994
3847,22.628,0.9994
3848,22.627,0.9994
3849,22.627,0.9994
3850,22.627,0.9994
3851,22.627,0.9994
3852,22.626,0.9994
3853,22.626,0.9994
3854,22.626,0.9994
3855,22.626,0.9994
3856,22.625,0.9994
3857,22.625,0.9994
3858,22.625,0.9994
3859,22.625,0.9994
3860,22.624,0.9994
3861,22.624,0.9994
3862,22.624,0.9994
3863,22.624,0.9994
3864,22.623,0.9994
3865,22.623,0.9994
3866,22.623,0.9994
3867,22.623,0.9994
3868,22.622,0.9994
3869,22.622,0.9994
3870,22.622,0.9994
3871,22.622,0.9994
3872,22.621,0.9994
3873,22.621,0.9994
3874,22.621,0.9994
3875,22.621,0.9994
3876,22.62,0.9994
3877,22.62,0.9994
3878,22.62,0.9994
3879,22.62,0.9994
3880,22.62,0.9994
3881,22.619,0.9994
3882,22.619,0.9994
3883,22.619,0.9994
3884,22.619,0.9994
3885,22.618,0.9994
3886,22.618,0.9994
3887,22.618,0.9994
3888,22.617,0.9994
3889,22.617,0.9994
3890,22.617,0.9994
3891,22.617,0.9994
3892,22.617,0.9994
3893,22.616,0.9994
3894,22.616,0.9994
3895,22.616,0.9994
3896,22.616,0.9994
3897,22.615,0.9994
3898,22.615,0.9994
3899,22.615,0.9994
3900,22.615,0.9994
3901,22.613,0.9994
3902,22.613,0.9994
3903,22.613,0.9994
3904,22.613,0.9994
3905,22.613,0.9994
3906,22.612,0.9994
3907,22.612,0.9994
3908,22.612,0.9994
3909,22.612,0.9994
3910,22.611,0.9994
3911,22.611,0.9994
3912,22.611,0.9994
3913,22.61,0.9994
3914,22.61,0.9994
3915,22.61,0.9994
3916,22.61,0.9994
3917,22.61,0.9994
3918,22.609,0.9994
3919,22.609,0.9994
3920,22.609,0.9994
3921,22.609,0.9994
3922,22.609,0.9994
3923,22.608,0.9994
3924,22.608,0.9994
3925,22.608,0.9994
3926,22.608,0.9994
3927,22.607,0.9994
3928,22.607,0.9994
3929,22.607,0.9994
3930,22.607,0.9994
3931,22.606,0.9994
3932,22.606,0.9994
3933,22.606,0.9994
3934,22.606,0.9994
3935,22.605,0.9994
3936,22.605,0.9994
3937,22.605,0.9994
3938,22.605,0.9994
3939,22.604,0.9994
3940,22.604,0.9994
3941,22.604,0.9994
3942,22.604,0.9994
3943,22.604,0.9994
3944,22.603,0.9994
3945,22.603,0.9994
3946,22.603,0.9994
3947,22.603,0.9994
3948,22.602,0.9994
3949,22.602,0.9994
3950,22.602,0.9994
3951,22.602,0.9994
3952,22.601,0.9994
3953,22.601,0.9994
3954,22.601,0.9994
3955,22.601,0.9994
3956,22.6,0.9994
3957,22.6,0.9994
3958,22.6,0.9994
3959,22.6,0.9994
3960,22.6,0.9994
3961,22.599,0.9994
3962,22.599,0.9994
3963,22.599,0.9994
3964,22.599,0.9994
3965,22.598,0.9994
3966,22.598,0.9994
3967,22.598,0.9994
3968,22.598,0.9994
3969,22.597,0.9994
3970,22.597,0.9994
3971,22.597,0.9994
3972,22.597,0.9994
3973,22.596,0.9994
3974,22.596,0.9994
3975,22.596,0.9994
3976,22.596,0.9994
3977,22.596,0.9994
3978,22.595,0.9994
3979,22.595,0.9994
3980,22.595,0.9994
3981,22.595,0.9994
3982,22.594,0.9994
3983,22.594,0.9994
3984,22.594,0.9994
3985,22.594,0.9994
3986,22.593,0.9994
3987,22.593,0.9994
3988,22.593,0.9994
3989,22.593,0.9994
3990,22.593,0.9994
3991,22.592,0.9994
3992,22.592,0.9994
3993,22.592,0.9994
3994,22.592,0.9994
3995,22.592,0.9994
3996,22.591,0.9994
3997,22.591,0.9994
3998,22.591,0.9994
3999,22.591,0.9994
4000,22.59,0.9994
4001,22.59,0.9994
4002,22.59,0.9994
4003,22.59,0.9994
4004,22.589,0.9994
4005,22.589,0.9994
4006,22.589,0.9994
4007,22.589,0.9994
4008,22.589,0.9994
4009,22.588,0.9994
4010,22.588,0.9994
4011,22.588,0.9994
4012,22.588,0.9994
4013,22.587,0.9994
4014,22.587,0.9994
4015,22.587,0.9994
4016,22.587,0.9994
4017,22.587,0.9994
4018,22.585,0.9994
4019,22.585,0.9994
4020,22.585,0.9994
4021,22.585,0.9994
4022,22.585,0.9994
4023,22.584,0.9994
4024,22.584,0.9994
4025,22.584,0.9994
4026,22.584,0.9994
4027,22.583,0.9994
4028,22.583,0.9994
4029,22.583,0.9994
4030,22.583,0.9994
4031,22.583,0.9994
4032,22.582,0.9994
4033,22.582,0.9994
4034,22.582,0.9994
4035,22.582,0.9994
4036,22.581,0.9994
4037,22.581,0.9994
4038,22.581,0.9994
4039,22.581,0.9994
4040,22.581,0.9994
4041,22.58,0.9994
4042,22.58,0.9994
4043,22.58,0.9994
4044,22.58,0.9994
4045,22.58,0.9994
4046,22.579,0.9994
4047,22.579,0.9994
4048,22.579,0.9994
4049,22.579,0.9994
4050,22.579,0.9994
4051,22.578,0.9994
4052,22.578,0.9994
4053,22.578,0.9994
4054,22.578,0.9994
4055,22.578,0.9994
4056,22.577,0.9994
4057,22.577,0.9994
4058,22.577,0.9994
4059,22.577,0.9994
4060,22.577,0.9994
4061,22.576,0.9994
4062,22.576,0.9994
4063,22.576,0.9994
4064,22.576,0.9994
4065,22.576,0.9997
4066,22.575,0.9994
4067,22.575,0.9994
4068,22.575,0.9994
4069,22.575,0.9994
4070,22.574,0.9994
4071,22.574,0.9994
4072,22.574,0.9994
4073,22.574,0.9994
4074,22.574,0.9994
4075,22.573,0.9994
4076,22.573,0.9994
4077,22.573,0.9994
4078,22.573,0.9994
4079,22.572,0.9994
4080,22.572,0.9994
4081,22.572,0.9994
4082,22.572,0.9994
4083,22.572,0.9994
4084,22.571,0.9994
4085,22.571,0.9994
4086,22.571,0.9994
4087,22.571,0.9994
4088,22.571,0.9994
4089,22.571,0.9994
4090,22.57,0.9994
4091,22.57,0.9994
4092,22.57,0.9994
4093,22.57,0.9994
4094,22.569,0.9994
4095,22.569,0.9994
4096,22.569,0.9994
4097,22.569,0.9994
4098,22.569,0.9994
4099,22.568,0.9994
4100,22.568,0.9994
4101,22.568,0.9994
4102,22.568,0.9994
4103,22.568,0.9994
4104,22.568,0.9994
4105,22.567,0.9994
4106,22.567,0.9994
4107,22.567,0.9994
4108,22.567,0.9994
4109,22.567,0.9994
4110,22.566,0.9994
4111,22.566,0.9994
4112,22.566,0.9994
4113,22.566,0.9994
4114,22.566,0.9994
4115,22.565,0.9994
4116,22.565,0.9994
4117,22.565,0.9994
4118,22.565,0.9994
4119,22.565,0.9994
4120,22.565,0.9994
4121,22.564,0.9994
4122,22.564,0.9994
4123,22.564,0.9994
4124,22.564,0.9994
4125,22.564,0.9994
4126,22.563,0.9994
4127,22.563,0.9994
4128,22.563,0.9994
4129,22.563,0.9994
4130,22.563,0.9994
4131,22.562,0.9994
4132,22.562,0.9994
4133,22.562,0.9994
4134,22.562,0.9994
4135,22.562,0.9994
4136,22.562,0.9994
4137,22.562,0.9994
4138,22.561,0.9994
4139,22.561,0.9994
4140,22.561,0.9994
4141,22.561,0.9994
4142,22.56,0.9994
4143,22.56,0.9994
4144,22.56,0.9994
4145,22.56,0.9994
4146,22.56,0.9994
4147,22.56,0.9994
4148,22.559,0.9994
4149,22.559,0.9994
4150,22.559,0.9994
4151,22.559,0.9994
4152,22.559,0.9994
4153,22.559,0.9994
4154,22.557,0.9994
4155,22.557,0.9994
4156,22.557,0.9994
4157,22.557,0.9994
4158,22.557,0.9994
4159,22.556,0.9994
4160,22.556,0.9994
4161,22.556,0.9994
4162,22.556,0.9994
4163,22.556,0.9994
4164,22.556,0.9994
4165,22.556,0.9994
4166,22.555,0.9994
4167,22.555,0.9994
4168,22.555,0.9994
4169,22.555,0.9994
4170,22.555,0.9994
4171,22.554,0.9994
4172,22.554,0.9994
4173,22.554,0.9994
4174,22.554,0.9994
4175,22.554,0.9994
4176,22.554,0.9994
4177,22.554,0.9994
4178,22.553,0.9994
4179,22.553,0.9994
4180,22.553,0.9994
4181,22.553,0.9994
4182,22.553,0.9994
4183,22.552,0.9994
4184,22.552,0.9994
4185,22.552,0.9994
4186,22.552,0.9994
4187,22.552,0.9994
4188,22.552,0.9994
4189,22.551,0.9994
4190,22.551,0.9994
4191,22.551,0.9994
4192,22.551,0.9994
4193,22.551,0.9994
4194,22.551,0.9994
4195,22.55,0.9994
4196,22.55,0.9994
4197,22.55,0.9994
4198,22.55,0.9994
4199,22.55,0.9994
4200,22.55,0.9994
4201,22.55,0.9994
4202,22.549,0.9994
4203,22.549,0.9994
4204,22.549,0.9994
4205,22.549,0.9994
4206,22.549,0.9994
4207,22.549,0.9994
4208,22.548,0.9994
4209,22.548,0.9994
4210,22.548,0.9994
4211,22.548,0.9994
4212,22.548,0.9994
4213,22.548,0.9994
4214,22.547,0.9994
4215,22.547,0.9994
4216,22.547,0.9994
4217,22.547,0.9994
4218,22.547,0.9994
4219,22.547,0.9994
4220,22.546,0.9994
4221,22.546,0.9994
4222,22.546,0.9994
4223,22.546,0.9994
4224,22.546,0.9994
4225,22.546,0.9994
4226,22.545,0.9994
4227,22.545,0.9994
4228,22.545,0.9994
4229,22.545,0.9994
4230,22.545,0.9994
4231,22.545,0.9994
4232,22.544,0.9994
4233,22.544,0.9994
4234,22.544,0.9994
4235,22.544,0.9994
4236,22.544,0.9994
4237,22.544,0.9994
4238,22.544,0.9994
4239,22.543,0.9994
4240,22.543,0.9994
4241,22.543,0.9994
4242,22.543,0.9994
4243,22.543,0.9994
4244,22.543,0.9994
4245,22.542,0.9994
4246,22.542,0.9994
4247,22.542,0.9994
4248,22.542,0.9994
4249,22.542,0.9994
4250,22.542,0.9994
4251,22.542,0.9994
4252,22.541,0.9994
4253,22.541,0.9994
4254,22.541,0.9994
4255,22.541,0.9994
4256,22.541,0.9994
4257,22.54,0.9994
4258,22.54,0.9994
4259,22.54,0.9994
4260,22.54,0.9994
4261,22.54,0.9994
4262,22.54,0.9994
4263,22.539,0.9994
4264,22.539,0.9994
4265,22.539,0.9994
4266,22.539,0.9994
4267,22.539,0.9994
4268,22.539,0.9994
4269,22.538,0.9994
4270,22.538,0.9994
4271,22.538,0.9994
4272,22.538,0.9994
4273,22.538,0.9994
4274,22.538,0.9994
4275,22.538,0.9994
4276,22.537,0.9994
4277,22.537,0.9994
4278,22.537,0.9994
4279,22.537,0.9994
4280,22.537,0.9994
4281,22.537,0.9994
4282,22.536,0.9994
4283,22.536,0.9994
4284,22.536,0.9994
4285,22.536,0.9994
4286,22.536,0.9994
4287,22.536,0.9994
4288,22.536,0.9994
4289,22.535,0.9994
4290,22.535,0.9994
4291,22.535,0.9994
4292,22.535,0.9994
4293,22.535,0.9994
4294,22.534,0.9994
4295,22.534,0.9994
4296,22.534,0.9994
4297,22.534,0.9994
4298,22.534,0.9994
4299,22.534,0.9994
4300,22.533,0.9994
4301,22.533,0.9994
4302,22.533,0.9994
4303,22.533,0.9994
4304,22.533,0.9994
4305,22.533,0.9994
4306,22.532,0.9994
4307,22.532,0.9994
4308,22.532,0.9994
4309,22.532,0.9994
4310,22.532,0.9994
4311,22.532,0.9994
4312,22.532,0.9994
4313,22.531,0.9994
4314,22.531,0.9994
4315,22.531,0.9994
4316,22.531,0.9994
4317,22.531,0.9994
4318,22.531,0.9994
4319,22.529,0.9994
4320,22.529,0.9994
4321,22.529,0.9994
4322,22.529,0.9994
4323,22.529,0.9994
4324,22.528,0.9994
4325,22.528,0.9994
4326,22.528,0.9994
4327,22.528,0.9994
4328,22.528,0.9994
4329,22.528,0.9994
4330,22.528,0.9994
4331,22.527,0.9994
4332,22.527,0.9994
4333,22.527,0.9994
4334,22.527,0.9994
4335,22.527,0.9994
4336,22.526,0.9994
4337,22.526,0.9994
4338,22.526,0.9994
4339,22.526,0.9994
4340,22.526,0.9994
4341,22.526,0.9994
4342,22.525,0.9994
4343,22.525,0.9994
4344,22.525,0.9994
4345,22.525,0.9994
4346,22.525,0.9994
4347,22.525,0.9994
4348,22.525,0.9994
4349,22.524,0.9994
4350,22.524,0.9994
4351,22.524,0.9994
4352,22.524,0.9994
4353,22.524,0.9994
4354,22.523,0.9994
4355,22.523,0.9994
4356,22.523,0.9994
4357,22.523,0.9994
4358,22.523,0.9994
4359,22.523,0.9994
4360,22.522,0.9994
4361,22.522,0.9994
4362,22.522,0.9994
4363,22.522,0.9994
4364,22.522,0.9994
4365,22.522,0.9994
4366,22.521,0.9994
4367,22.521,0.9994
4368,22.521,0.9994
4369,22.521,0.9994
4370,22.521,0.9994
4371,22.52,0.9994
4372,22.52,0.9994
4373,22.52,0.9994
4374,22.52,0.9994
4375,22.52,0.9994
4376,22.52,0.9994
4377,22.519,0.9994
4378,22.519,0.9994
4379,22.519,0.9994
4380,22.519,0.9994
4381,22.519,0.9994
4382,22.519,0.9994
4383,22.518,0.9994
4384,22.518,0.9994
4385,22.518,0.9994
4386,22.518,0.9994
4387,22.518,0.9994
4388,22.518,0.9994
4389,22.517,0.9994
4390,22.517,0.9994
4391,22.517,0.9994
4392,22.517,0.9994
4393,22.517,0.9994
4394,22.516,0.9994
4395,22.516,0.9994
4396,22.516,0.9994
4397,22.516,0.9994
4398,22.516,0.9994
4399,22.515,0.9994
4400,22.515,0.9994
4401,22.515,0.9994
4402,22.515,0.9994
4403,22.515,0.9994
4404,22.514,0.9994
4405,22.514,0.9994
4406,22.514,0.9994
4407,22.514,0.9994
4408,22.514,0.9994
4409,22.514,0.9994
4410,22.513,0.9994
4411,22.513,0.9994
4412,22.513,0.9994
4413,22.513,0.9994
4414,22.513,0.9994
4415,22.513,0.9994
4416,22.512,0.9994
4417,22.512,0.9994
4418,22.512,0.9994
4419,22.512,0.9994
4420,22.511,0.9994
4421,22.511,0.9994
4422,22.511,0.9994
4423,22.511,0.9994
4424,22.511,0.9994
4425,22.511,0.9994
4426,22.51,0.9994
4427,22.51,0.9994
4428,22.51,0.9994
4429,22.51,0.9994
4430,22.51,0.9994
4431,22.509,0.9994
4432,22.509,0.9994
4433,22.509,0.9994
4434,22.509,0.9994
4435,22.509,0.9994
4436,22.509,0.9994
4437,22.508,0.9994
4438,22.508,0.9994
4439,22.508,0.9994
4440,22.508,0.9994
4441,22.508,0.9994
4442,22.507,0.9994
4443,22.507,0.9994
4444,22.507,0.9994
4445,22.507,0.9994
4446,22.506,0.9994
4447,22.506,0.9994
4448,22.506,0.9994
4449,22.506,0.9994
4450,22.506,0.9994
4451,22.505,0.9994
4452,22.505,0.9994
4453,22.505,0.9994
4454,22.505,0.9994
4455,22.505,0.9994
4456,22.505,0.9994
4457,22.504,0.9994
4458,22.504,0.9994
4459,22.504,0.9994
4460,22.504,0.9994
4461,22.503,0.9994
4462,22.503,0.9994
4463,22.503,0.9994
4464,22.503,0.9994
4465,22.503,0.9994
4466,22.501,0.9994
4467,22.501,0.9994
4468,22.501,0.9994
4469,22.501,0.9994
4470,22.5,0.9994
4471,22.5,0.9994
4472,22.5,0.9994
4473,22.5,0.9994
4474,22.5,0.9994
4475,22.5,0.9994
4476,22.499,0.9994
4477,22.499,0.9994
4478,22.499,0.9994
4479,22.499,0.9994
4480,22.499,0.9994
4481,22.498,0.9994
4482,22.498,0.9994
4483,22.498,0.9994
4484,22.498,0.9994
4485,22.497,0.9994
4486,22.497,0.9994
4487,22.497,0.9994
4488,22.497,0.9994
4489,22.497,0.9994
4490,22.496,0.9994
4491,22.496,0.9994
4492,22.496,0.9994
4493,22.496,0.9994
4494,22.496,0.9994
4495,22.495,0.9994
4496,22.495,0.9994
4497,22.495,0.9994
4498,22.495,0.9994
4499,22.495,0.9994
4500,22.494,0.9994
4501,22.494,0.9994
4502,22.494,0.9994
4503,22.494,0.9994
4504,22.493,0.9994
4505,22.493,0.9994
4506,22.493,0.9994
4507,22.493,0.9994
4508,22.493,0.9994
4509,22.492,0.9994
4510,22.492,0.9994
4511,22.492,0.9994
4512,22.492,0.9994
4513,22.491,0.9994
4514,22.491,0.9994
4515,22.491,0.9994
4516,22.491,0.9994
4517,22.49,0.9994
4518,22.49,0.9994
4519,22.49,0.9994
4520,22.49,0.9994
4521,22.49,0.9994
4522,22.489,0.9994
4523,22.489,0.9994
4524,22.489,0.9994
4525,22.489,0.9994
4526,22.488,0.9994
4527,22.488,0.9994
4528,22.488,0.9994
4529,22.488,0.9994
4530,22.488,0.9994
4531,22.487,0.9994
4532,22.487,0.9994
4533,22.487,0.9994
4534,22.487,0.9994
4535,22.487,0.9994
4536,22.486,0.9994
4537,22.486,0.9994
4538,22.486,0.9994
4539,22.486,0.9994
4540,22.485,0.9994
4541,22.485,0.9994
4542,22.485,0.9994
4543,22.484,0.9994
4544,22.484,0.9994
4545,22.484,0.9994
4546,22.484,0.9994
4547,22.484,0.9994
4548,22.483,0.9994
4549,22.483,0.9994
4550,22.483,0.9994
4551,22.483,0.9994
4552,22.482,0.9994
4553,22.482,0.9994
4554,22.482,0.9994
4555,22.482,0.9994
4556,22.481,0.9994
4557,22.481,0.9994
4558,22.481,0.9994
4559,22.481,0.9994
4560,22.48,0.9994
4561,22.48,0.9994
4562,22.48,0.9994
4563,22.48,0.9994
4564,22.479,0.9994
4565,22.479,0.9994
4566,22.479,0.9994
4567,22.479,0.9994
4568,22.478,0.9994
4569,22.478,0.9994
4570,22.478,0.9994
4571,22.478,0.9994
4572,22.477,0.9994
4573,22.477,0.9994
4574,22.477,0.9994
4575,22.477,0.9994
4576,22.476,0.9994
4577,22.476,0.9994
4578,22.476,0.9994
4579,22.476,0.9994
4580,22.475,0.9994
4581,22.475,0.9994
4582,22.475,0.9994
4583,22.475,0.9994
4584,22.473,0.9994
4585,22.473,0.9994
4586,22.473,0.9994
4587,22.473,0.9994
4588,22.472,0.9994
4589,22.472,0.9994
4590,22.472,0.9994
4591,22.472,0.9994
4592,22.471,0.9994
4593,22.471,0.9994
4594,22.471,0.9994
4595,22.47,0.9994
4596,22.47,0.9994
4597,22.47,0.9994
4598,22.47,0.9994
4599,22.469,0.9994
4600,22.469,0.9994
4601,22.469,0.9994
4602,22.469,0.9994
4603,22.468,0.9994
4604,22.468,0.9994
4605,22.468,0.9994
4606,22.468,0.9994
4607,22.467,0.9994
4608,22.467,0.9994
4609,22.467,0.9994
4610,22.466,0.9994
4611,22.466,0.9994
4612,22.466,0.9994
4613,22.466,0.9994
4614,22.465,0.9994
4615,22.465,0.9994
4616,22.465,0.9994
4617,22.464,0.9994
4618,22.464,0.9994
4619,22.464,0.9994
4620,22.464,0.9994
4621,22.463,0.9994
4622,22.463,0.9994
4623,22.463,0.9994
4624,22.463,0.9994
4625,22.462,0.9994
4626,22.462,0.9994
4627,22.462,0.9994
4628,22.462,0.9994
4629,22.461,0.9994
4630,22.461,0.9994
4631,22.461,0.9994
4632,22.46,0.9994
4633,22.46,0.9994
4634,22.46,0.9994
4635,22.459,0.9994
4636,22.459,0.9994
4637,22.459,0.9994
4638,22.459,0.9994
4639,22.458,0.9994
4640,22.458,0.9994
4641,22.458,0.9994
4642,22.458,0.9994
4643,22.457,0.9994
4644,22.457,0.9994
4645,22.457,0.9994
4646,22.456,0.9994
4647,22.456,0.9994
4648,22.456,0.9994
4649,22.455,0.9994
4650,22.455,0.9994
4651,22.455,0.9994
4652,22.454,0.9994
4653,22.454,0.9994
4654,22.454,0.9994
4655,22.453,0.9994
4656,22.453,0.9994
4657,22.453,0.9994
4658,22.453,0.9994
4659,22.452,0.9994
4660,22.452,0.9994
4661,22.452,0.9994
4662,22.451,0.9994
4663,22.451,0.9994
4664,22.451,0.9994
4665,22.451,0.9994
4666,22.45,0.9994
4667,22.45,0.9994
4668,22.45,0.9994
4669,22.449,0.9994
4670,22.449,0.9994
4671,22.449,0.9994
4672,22.449,0.9994
4673,22.448,0.9994
4674,22.448,0.9994
4675,22.448,0.9994
4676,22.446,0.9994
4677,22.446,0.9994
4678,22.446,0.9994
4679,22.445,0.9994
4680,22.445,0.9994
4681,22.445,0.9994
4682,22.445,0.9994
4683,22.444,0.9994
4684,22.444,0.9994
4685,22.444,0.9994
4686,22.443,0.9994
4687,22.443,0.9994
4688,22.443,0.9994
4689,22.442,0.9994
4690,22.442,0.9994
4691,22.442,0.9994
4692,22.441,0.9994
4693,22.441,0.9994
4694,22.441,0.9994
4695,22.441,0.9994
4696,22.44,0.9994
4697,22.44,0.9994
4698,22.44,0.9994
4699,22.439,0.9994
4700,22.439,0.9994
4701,22.439,0.9994
4702,22.438,0.9994
4703,22.438,0.9994
4704,22.438,0.9994
4705,22.437,0.9994
4706,22.437,0.9994
4707,22.437,0.9994
4708,22.437,0.9994
4709,22.436,0.9994
4710,22.436,0.9994
4711,22.436,0.9994
4712,22.435,0.9994
4713,22.435,0.9994
4714,22.435,0.9994
4715,22.434,0.9994
4716,22.434,0.9994
4717,22.434,0.9994
4718,22.434,0.9994
4719,22.433,0.9994
4720,22.433,0.9994
4721,22.433,0.9994
4722,22.432,0.9994
4723,22.432,0.9994
4724,22.432,0.9994
4725,22.431,0.9994
4726,22.431,0.9994
4727,22.431,0.9994
4728,22.43,0.9994
4729,22.43,0.9994
4730,22.43,0.9994
4731,22.43,0.9994
4732,22.429,0.9994
4733,22.429,0.9994
4734,22.429,0.9994
4735,22.428,0.9994
4736,22.428,0.9994
4737,22.428,0.9994
4738,22.428,0.9994
4739,22.427,0.9994
4740,22.427,0.9994
4741,22.427,0.9994
4742,22.426,0.9994
4743,22.426,0.9994
4744,22.426,0.9994
4745,22.425,0.9994
4746,22.425,0.9994
4747,22.425,0.9994
4748,22.424,0.9994
4749,22.424,0.9994
4750,22.424,0.9994
4751,22.423,0.9994
4752,22.423,0.9994
4753,22.423,0.9994
4754,22.423,0.9994
4755,22.422,0.9994
4756,22.422,0.9994
4757,22.422,0.9994
4758,22.421,0.9994
4759,22.421,0.9994
4760,22.421,0.9994
4761,22.421,0.9994
4762,22.42,0.9994
4763,22.42,0.9994
4764,22.42,0.9994
4765,22.418,0.9994
4766,22.418,0.9994
4767,22.418,0.9994
4768,22.417,0.9994
4769,22.417,0.9994
4770,22.417,0.9994
4771,22.417,0.9994
4772,22.416,0.9994
4773,22.416,0.9994
4774,22.416,0.9994
4775,22.415,0.9994
4776,22.415,0.9994
4777,22.415,0.9994
4778,22.414,0.9994
4779,22.414,0.9994
4780,22.414,0.9994
4781,22.413,0.9994
4782,22.413,0.9994
4783,22.413,0.9994
4784,22.413,0.9994
4785,22.412,0.9994
4786,22.412,0.9994
4787,22.412,0.9994
4788,22.411,0.9994
4789,22.411,0.9994
4790,22.411,0.9994
4791,22.41,0.9994
4792,22.41,0.9994
4793,22.41,0.9994
4794,22.409,0.9994
4795,22.409,0.9994
4796,22.409,0.9994
4797,22.409,0.9994
4798,22.408,0.9994
4799,22.408,0.9994
4800,22.408,0.9994
4801,22.408,0.9994
4802,22.407,0.9994
4803,22.407,0.9994
4804,22.406,0.9994
4805,22.406,0.9994
4806,22.406,0.9994
4807,22.406,0.9994
4808,22.405,0.9994
4809,22.405,0.9994
4810,22.405,0.9994
4811,22.405,0.9994
4812,22.404,0.9994
4813,22.404,0.9994
4814,22.404,0.9994
4815,22.403,0.9994
4816,22.403,0.9994
4817,22.403,0.9994
4818,22.402,0.9994
4819,22.402,0.9994
4820,22.402,0.9994
4821,22.402,0.9994
4822,22.401,0.9994
4823,22.401,0.9994
4824,22.401,0.9994
4825,22.4,0.9994
4826,22.4,0.9994
4827,22.4,0.9994
4828,22.399,0.9994
4829,22.399,0.9994
4830,22.399,0.9994
4831,22.399,0.9994
4832,22.398,0.9994
4833,22.398,0.9994
4834,22.398,0.9994
4835,22.398,0.9994
4836,22.397,0.9994
4837,22.397,0.9994
4838,22.397,0.9994
4839,22.396,0.9994
4840,22.396,0.9994
4841,22.396,0.9994
4842,22.396,0.9994
4843,22.395,0.9994
4844,22.395,0.9994
4845,22.395,0.9994
4846,22.394,0.9994
4847,22.394,0.9994
4848,22.394,0.9994
4849,22.394,0.9994
4850,22.393,0.9994
4851,22.393,0.9994
4852,22.393,0.9994
4853,22.392,0.9994
4854,22.392,0.9994
4855,22.392,0.9994
4856,22.39,0.9994
4857,22.39,0.9994
4858,22.39,0.9994
4859,22.39,0.9994
4860,22.389,0.9994
4861,22.389,0.9994
4862,22.389,0.9994
4863,22.388,0.9994
4864,22.388,0.9994
4865,22.388,0.9994
4866,22.388,0.9994
4867,22.387,0.9994
4868,22.387,0.9994
4869,22.387,0.9994
4870,22.387,0.9994
4871,22.386,0.9994
4872,22.386,0.9994
4873,22.385,0.9994
4874,22.385,0.9994
4875,22.385,0.9994
4876,22.385,0.9994
4877,22.384,0.9994
4878,22.384,0.9994
4879,22.384,0.9994
4880,22.384,0.9994
4881,22.383,0.9994
4882,22.383,0.9994
4883,22.383,0.9994
4884,22.382,0.9994
4885,22.382,0.9994
4886,22.382,0.9994
4887,22.382,0.9994
4888,22.381,0.9994
4889,22.381,0.9994
4890,22.381,0.9994
4891,22.38,0.9994
4892,22.38,0.9994
4893,22.38,0.9994
4894,22.38,0.9994
4895,22.379,0.9994
4896,22.379,0.9994
4897,22.378,0.9994
4898,22.378,0.9994
4899,22.378,0.9994
4900,22.378,0.9994
4901,22.377,0.9994
4902,22.377,0.9994
4903,22.377,0.9994
4904,22.376,0.9994
4905,22.376,0.9994
4906,22.376,0.9994
4907,22.376,0.9994
4908,22.375,0.9994
4909,22.375,0.9994
4910,22.375,0.9994
4911,22.375,0.9994
4912,22.374,0.9994
4913,22.374,0.9994
4914,22.374,0.9994
4915,22.373,0.9994
4916,22.373,0.9994
4917,22.373,0.9994
4918,22.373,0.9994
4919,22.372,0.9994
4920,22.372,0.9994
4921,22.372,0.9994
4922,22.371,0.9994
4923,22.371,0.9994
4924,22.371,0.9994
4925,22.37,0.9994
4926,22.37,0.9994
4927,22.37,0.9994
4928,22.37,0.9994
4929,22.369,0.9994
4930,22.369,0.9994
4931,22.368,0.9994
4932,22.368,0.9994
4933,22.368,0.9994
4934,22.368,0.9994
4935,22.367,0.9994
4936,22.367,0.9994
4937,22.367,0.9994
4938,22.366,0.9994
4939,22.366,0.9994
4940,22.366,0.9994
4941,22.366,0.9994
4942,22.365,0.9994
4943,22.365,0.9994
4944,22.365,0.9994
4945,22.364,0.9994
4946,22.364,0.9994
4947,22.364,0.9994
4948,22.362,0.9994
4949,22.362,0.9994
4950,22.362,0.9994
4951,22.361,0.9994
4952,22.361,0.9994
4953,22.361,0.9994
4954,22.36,0.9994
4955,22.36,0.9994
4956,22.36,0.9994
4957,22.359,0.9994
4958,22.359,0.9994
4959,22.359,0.9994
4960,22.359,0.9994
4961,22.358,0.9994
4962,22.358,0.9994
4963,22.358,0.9994
4964,22.357,0.9994
4965,22.357,0.9994
4966,22.357,0.9994
4967,22.357,0.9994
4968,22.356,0.9994
4969,22.356,0.9994
4970,22.356,0.9994
4971,22.355,0.9994
4972,22.355,0.9994
4973,22.354,0.9994
4974,22.354,0.9994
4975,22.354,0.9994
4976,22.354,0.9994
4977,22.353,0.9994
4978,22.353,0.9994
4979,22.353,0.9994
4980,22.352,0.9994
4981,22.352,0.9994
4982,22.352,0.9994
4983,22.351,0.9994
4984,22.351,0.9994
4985,22.351,0.9994
4986,22.35,0.9994
4987,22.35,0.9994
4988,22.35,0.9994
4989,22.349,0.9994
4990,22.349,0.9994
4991,22.349,0.9994
4992,22.348,0.9994
4993,22.348,0.9994
4994,22.348,0.9994
4995,22.347,0.9994
4996,22.347,0.9994
4997,22.346,0.9994
4998,22.346,0.9994
4999,22.346,0.9994
5000,22.345,0.9994
5001,22.345,0.9994
5002,22.345,0.9994
5003,22.344,0.9994
5004,22.344,0.9994
5005,22.344,0.9994
5006,22.343,0.9994
5007,22.343,0.9994
5008,22.343,0.9994
5009,22.342,0.9994
5010,22.342,0.9994
5011,22.342,0.9994
5012,22.341,0.9994
5013,22.341,0.9994
5014,22.34,0.9994
5015,22.34,0.9994
5016,22.34,0.9994
5017,22.34,0.9994
5018,22.339,0.9994
5019,22.339,0.9994
5020,22.338,0.9994
5021,22.338,0.9994
5022,22.338,0.9994
5023,22.337,0.9994
5024,22.337,0.9994
5025,22.337,0.9994
5026,22.336,0.9994
5027,22.336,0.9994
5028,22.334,0.9994
5029,22.334,0.9994
5030,22.334,0.9994
5031,22.333,0.9994
5032,22.333,0.9994
5033,22.333,0.9994
5034,22.332,0.9994
5035,22.332,0.9994
5036,22.331,0.9994
5037,22.331,0.9994
5038,22.331,0.9994
5039,22.33,0.9994
5040,22.33,0.9994
5041,22.329,0.9994
5042,22.329,0.9994
5043,22.329,0.9994
5044,22.328,0.9994
5045,22.328,0.9994
5046,22.327,0.9994
5047,22.327,0.9994
5048,22.327,0.9994
5049,22.326,0.9994
5050,22.326,0.9994
5051,22.326,0.9994
5052,22.325,0.9994
5053,22.325,0.9994
5054,22.324,0.9994
5055,22.324,0.9994
5056,22.324,0.9994
5057,22.323,0.9994
5058,22.323,0.9994
5059,22.322,0.9994
5060,22.322,0.9994
5061,22.322,0.9994
5062,22.321,0.9994
5063,22.321,0.9994
5064,22.32,0.9994
5065,22.32,0.9994
5066,22.32,0.9994
5067,22.319,0.9994
5068,22.319,0.9994
5069,22.318,0.9994
5070,22.318,0.9994
5071,22.317,0.9994
5072,22.317,0.9994
5073,22.317,0.9994
5074,22.316,0.9994
5075,22.316,0.9994
5076,22.315,0.9994
5077,22.315,0.9994
5078,22.314,0.9994
5079,22.314,0.9994
5080,22.314,0.9994
5081,22.313,0.9994
5082,22.313,0.9994
5083,22.312,0.9994
5084,22.312,0.9994
5085,22.312,0.9994
5086,22.311,0.9994
5087,22.311,0.9994
5088,22.31,0.9994
5089,22.31,0.9994
5090,22.309,0.9994
5091,22.309,0.9994
5092,22.309,0.9994
5093,22.308,0.9994
5094,22.308,0.9994
5095,22.306,0.9994
5096,22.306,0.9994
5097,22.305,0.9994
5098,22.305,0.9994
5099,22.304,0.9994
5100,22.304,0.9994
5101,22.304,0.9994
5102,22.303,0.9994
5103,22.303,0.9994
5104,22.302,0.9994
5105,22.302,0.9994
5106,22.301,0.9994
5107,22.301,0.9994
5108,22.3,0.9994
5109,22.3,0.9994
5110,22.3,0.9994
5111,22.299,0.9994
5112,22.299,0.9994
5113,22.298,0.9994
5114,22.298,0.9994
5115,22.297,0.9994
5116,22.297,0.9994
5117,22.296,0.9994
5118,22.296,0.9994
5119,22.296,0.9994
5120,22.295,0.9994
5121,22.295,0.9994
5122,22.294,0.9994
5123,22.294,0.9994
5124,22.293,0.9994
5125,22.293,0.9994
5126,22.292,0.9994
5127,22.292,0.9994
5128,22.291,0.9994
5129,22.291,0.9994
5130,22.29,0.9994
5131,22.29,0.9994
5132,22.29,0.9994
5133,22.289,0.9994
5134,22.289,0.9994
5135,22.288,0.9994
5136,22.288,0.9994
5137,22.287,0.9994
5138,22.287,0.9994
5139,22.286,0.9994
5140,22.286,0.9994
5141,22.285,0.9994
5142,22.285,0.9994
5143,22.284,0.9994
5144,22.284,0.9994
5145,22.283,0.9994
5146,22.283,0.9994
5147,22.282,0.9994
5148,22.282,0.9994
5149,22.281,0.9994
5150,22.281,0.9994
5151,22.28,0.9994
5152,22.28,0.9994
5153,22.28,0.9994
5154,22.278,0.9994
5155,22.277,0.9994
5156,22.277,0.9994
5157,22.277,0.9994
5158,22.276,0.9994
5159,22.276,0.9994
5160,22.275,0.9994
5161,22.275,0.9994
5162,22.274,0.9994
5163,22.274,0.9994
5164,22.273,0.9994
5165,22.273,0.9994
5166,22.272,0.9994
5167,22.272,0.9994
5168,22.271,0.9994
5169,22.271,0.9994
5170,22.27,0.9994
5171,22.27,0.9994
5172,22.269,0.9994
5173,22.269,0.9994
5174,22.268,0.9994
5175,22.268,0.9994
5176,22.267,0.9994
5177,22.267,0.9994
5178,22.266,0.9994
5179,22.266,0.9994
5180,22.265,0.9994
5181,22.265,0.9994
5182,22.264,0.9994
5183,22.264,0.9994
5184,22.263,0.9994
5185,22.263,0.9994
5186,22.262,0.9994
5187,22.262,0.9994
5188,22.261,0.9994
5189,22.261,0.9994
5190,22.26,0.9994
5191,22.26,0.9994
5192,22.259,0.9994
5193,22.259,0.9994
5194,22.258,0.9994
5195,22.258,0.9994
5196,22.257,0.9994
5197,22.257,0.9994
5198,22.256,0.9994
5199,22.256,0.9994
5200,22.255,0.9994
5201,22.255,0.9994
5202,22.254,0.9994
5203,22.254,0.9994
5204,22.253,0.9994
5205,22.253,0.9994
5206,22.252,0.9994
5207,22.252,0.9994
5208,22.25,0.9994
5209,22.25,0.9994
5210,22.249,0.9994
5211,22.249,0.9994
5212,22.248,0.9994
5213,22.248,0.9994
5214,22.247,0.9994
5215,22.247,0.9994
5216,22.247,0.9994
5217,22.246,0.9994
5218,22.246,0.9994
5219,22.245,0.9994
5220,22.244,0.9994
5221,22.244,0.9994
5222,22.243,0.9994
5223,22.243,0.9994
5224,22.242,0.9994
5225,22.242,0.9994
5226,22.242,0.9994
5227,22.241,0.9994
5228,22.241,0.9994
5229,22.24,0.9994
5230,22.24,0.9994
5231,22.239,0.9994
5232,22.239,0.9994
5233,22.238,0.9994
5234,22.238,0.9994
5235,22.237,0.9994
5236,22.237,0.9994
5237,22.236,0.9994
5238,22.236,0.9994
5239,22.235,0.9994
5240,22.235,0.9994
5241,22.234,0.9994
5242,22.234,0.9994
5243,22.233,0.9994
5244,22.233,0.9994
5245,22.232,0.9994
5246,22.232,0.9994
5247,22.231,0.9994
5248,22.231,0.9994
5249,22.231,0.9994
5250,22.23,0.9994
5251,22.23,0.9994
5252,22.229,0.9994
5253,22.229,0.9994
5254,22.228,0.9994
5255,22.228,0.9994
5256,22.227,0.9994
5257,22.227,0.9994
5258,22.226,0.9994
5259,22.226,0.9994
5260,22.225,0.9994
5261,22.225,0.9994
5262,22.223,0.9994
5263,22.223,0.9994
5264,22.223,0.9994
5265,22.222,0.9994
5266,22.222,0.9994
5267,22.221,0.9994
5268,22.22,0.9994
5269,22.22,0.9994
5270,22.22,0.9994
5271,22.219,0.9994
5272,22.219,0.9994
5273,22.218,0.9994
5274,22.218,0.9994
5275,22.217,0.9994
5276,22.217,0.9994
5277,22.216,0.9994
5278,22.216,0.9994
5279,22.215,0.9994
5280,22.215,0.9994
5281,22.214,0.9994
5282,22.214,0.9994
5283,22.214,0.9994
5284,22.213,0.9994
5285,22.213,0.9994
5286,22.212,0.9994
5287,22.212,0.9994
5288,22.211,0.9994
5289,22.211,0.9994
5290,22.21,0.9994
5291,22.21,0.9994
5292,22.21,0.9994
5293,22.209,0.9994
5294,22.209,0.9994
5295,22.208,0.9994
5296,22.208,0.9994
5297,22.207,0.9994
5298,22.207,0.9994
5299,22.207,0.9994
5300,22.206,0.9994
5301,22.206,0.9994
5302,22.205,0.9994
5303,22.205,0.9994
5304,22.204,0.9994
5305,22.204,0.9994
5306,22.203,0.9994
5307,22.203,0.9994
5308,22.202,0.9994
5309,22.202,0.9994
5310,22.201,0.9994
5311,22.201,0.9994
5312,22.201,0.9994
5313,22.2,0.9994
5314,22.2,0.9994
5315,22.199,0.9994
5316,22.199,0.9994
5317,22.198,0.9994
5318,22.198,0.9994
5319,22.197,0.9994
5320,22.197,0.9994
5321,22.195,0.9994
5322,22.195,0.9994
5323,22.194,0.9994
5324,22.194,0.9994
5325,22.194,0.9994
5326,22.193,0.9994
5327,22.193,0.9994
5328,22.192,0.9994
5329,22.192,0.9994
5330,22.191,0.9994
5331,22.191,0.9994
5332,22.19,0.9994
5333,22.19,0.9994
5334,22.189,0.9994
5335,22.189,0.9994
5336,22.188,0.9994
5337,22.188,0.9994
5338,22.187,0.9994
5339,22.187,0.9994
5340,22.187,0.9994
5341,22.186,0.9994
5342,22.186,0.9994
5343,22.185,0.9994
5344,22.185,0.9994
5345,22.184,0.9994
5346,22.184,0.9994
5347,22.183,0.9994
5348,22.183,0.9994
5349,22.182,0.9994
5350,22.182,0.9994
5351,22.181,0.9994
5352,22.181,0.9994
5353,22.18,0.9994
5354,22.18,0.9994
5355,22.179,0.9994
5356,22.179,0.9994
5357,22.179,0.9994
5358,22.178,0.9994
5359,22.177,0.9994
5360,22.177,0.9994
5361,22.176,0.9994
5362,22.176,0.9994
5363,22.175,0.9994
5364,22.175,0.9994
5365,22.174,0.9994
5366,22.174,0.9994
5367,22.173,0.9994
5368,22.173,0.9994
5369,22.172,0.9994
5370,22.172,0.9994
5371,22.171,0.9994
5372,22.171,0.9994
5373,22.17,0.9994
5374,22.17,0.9994
5375,22.169,0.9994
5376,22.169,0.9994
5377,22.167,0.9994
5378,22.167,0.9994
5379,22.166,0.9994
5380,22.166,0.9994
5381,22.165,0.9994
5382,22.165,0.9994
5383,22.164,0.9994
5384,22.163,0.9994
5385,22.163,0.9994
5386,22.163,0.9994
5387,22.162,0.9994
5388,22.161,0.9994
5389,22.161,0.9994
5390,22.16,0.9994
5391,22.16,0.9994
5392,22.159,0.9994
5393,22.159,0.9994
5394,22.158,0.9994
5395,22.158,0.9994
5396,22.157,0.9994
5397,22.156,0.9994
5398,22.156,0.9994
5399,22.155,0.9994
5400,22.155,0.9994
5401,22.154,0.9994
5402,22.154,0.9994
5403,22.153,0.9994
5404,22.152,0.9994
5405,22.152,0.9994
5406,22.151,0.9994
5407,22.151,0.9994
5408,22.15,0.9994
5409,22.15,0.9994
5410,22.149,0.9994
5411,22.148,0.9994
5412,22.148,0.9994
5413,22.147,0.9994
5414,22.147,0.9994
5415,22.146,0.9994
5416,22.145,0.9994
5417,22.145,0.9994
5418,22.144,0.9994
5419,22.143,0.9994
5420,22.143,0.9994
5421,22.142,0.9994
5422,22.142,0.9994
5423,22.141,0.9994
5424,22.139,0.9994
5425,22.139,0.9994
5426,22.138,0.9994
5427,22.137,0.9994
5428,22.137,0.9994
5429,22.136,0.9994
5430,22.136,0.9994
5431,22.135,0.9994
5432,22.134,0.9994
5433,22.134,0.9994
5434,22.133,0.9994
5435,22.132,0.9994
5436,22.132,0.9994
5437,22.131,0.9994
5438,22.13,0.9994
5439,22.13,0.9994
5440,22.129,0.9994
5441,22.128,0.9994
5442,22.128,0.9994
5443,22.127,0.9994
5444,22.127,0.9994
5445,22.126,0.9994
5446,22.125,0.9994
5447,22.124,0.9994
5448,22.124,0.9994
5449,22.123,0.9994
5450,22.122,0.9994
5451,22.121,0.9994
5452,22.121,0.9994
5453,22.12,0.9994
5454,22.12,0.9994
5455,22.119,0.9994
5456,22.118,0.9994
5457,22.118,0.9994
5458,22.117,0.9994
5459,22.116,0.9994
5460,22.115,0.9994
5461,22.115,0.9994
5462,22.114,0.9994
5463,22.113,0.9994
5464,22.111,0.9994
5465,22.111,0.9994
5466,22.11,0.9994
5467,22.109,0.9994
5468,22.109,0.9994
5469,22.108,0.9994
5470,22.107,0.9994
5471,22.106,0.9994
5472,22.106,0.9994
5473,22.105,0.9994
5474,22.104,0.9994
5475,22.103,0.9994
5476,22.103,0.9994
5477,22.102,0.9994
5478,22.101,0.9994
5479,22.101,0.9994
5480,22.1,0.9994
5481,22.099,0.9994
5482,22.099,0.9994
5483,22.098,0.9994
5484,22.097,0.9994
5485,22.096,0.9994
5486,22.095,0.9994
5487,22.095,0.9994
5488,22.094,0.9994
5489,22.094,0.9994
5490,22.093,0.9994
5491,22.092,0.9994
5492,22.091,0.9994
5493,22.091,0.9994
5494,22.09,0.9994
5495,22.089,0.9994
5496,22.089,0.9994
5497,22.088,0.9994
5498,22.087,0.9994
5499,22.086,0.9994
5500,22.086,0.9994
5501,22.085,0.9994
5502,22.083,0.9994
5503,22.082,0.9994
5504,22.082,0.9994
5505,22.081,0.9994
5506,22.08,0.9994
5507,22.08,0.9994
5508,22.079,0.9994
5509,22.079,0.9994
5510,22.078,0.9994
5511,22.077,0.9994
5512,22.076,0.9994
5513,22.076,0.9994
5514,22.075,0.9994
5515,22.075,0.9994
5516,22.074,0.9994
5517,22.073,0.9994
5518,22.072,0.9994
5519,22.072,0.9994
5520,22.071,0.9994
5521,22.071,0.9994
5522,22.07,0.9994
5523,22.069,0.9994
5524,22.069,0.9994
5525,22.068,0.9994
5526,22.068,0.9994
5527,22.067,0.9994
5528,22.066,0.9994
5529,22.066,0.9994
5530,22.065,0.9994
5531,22.065,0.9994
5532,22.064,0.9994
5533,22.063,0.9994
5534,22.063,0.9994
5535,22.063,0.9994
5536,22.062,0.9994
5537,22.061,0.9994
5538,22.061,0.9994
5539,22.06,0.9994
5540,22.059,0.9994
5541,22.059,0.9994
5542,22.058,0.9994
5543,22.058,0.9994
5544,22.057,0.9994
5545,22.057,0.9994
5546,22.055,0.9994
5547,22.055,0.9994
5548,22.054,0.9994
5549,22.054,0.9994
5550,22.053,0.9994
5551,22.053,0.9994
5552,22.052,0.9994
5553,22.052,0.9994
5554,22.051,0.9994
5555,22.051,0.9994
5556,22.051,0.9994
5557,22.05,0.9994
5558,22.05,0.9994
5559,22.05,0.9994
5560,22.049,0.9994
5561,22.049,0.9994
5562,22.048,0.9994
5563,22.048,0.9994
5564,22.047,0.9994
5565,22.047,0.9994
5566,22.047,0.9994
5567,22.046,0.9994
5568,22.046,0.9994
5569,22.046,0.9994
5570,22.045,0.9994
5571,22.045,0.9994
5572,22.044,0.9994
5573,22.044,0.9994
5574,22.044,0.9994
5575,22.043,0.9994
5576,22.043,0.9994
5577,22.043,0.9994
5578,22.042,0.9994
5579,22.042,0.9994
5580,22.042,0.9994
5581,22.041,0.9994
5582,22.041,0.9994
5583,22.041,0.9994
5584,22.04,0.9994
5585,22.04,0.9994
5586,22.04,0.9994
5587,22.039,0.9994
5588,22.039,0.9994
5589,22.039,0.9994
5590,22.039,0.9994
5591,22.038,0.9994
5592,22.038,0.9994
5593,22.038,0.9994
5594,22.037,0.9994
5595,22.037,0.9994
5596,22.037,0.9994
5597,22.037,0.9994
5598,22.036,0.9994
5599,22.036,0.9994
5600,22.036,0.9994
5601,22.036,0.9994
5602,22.035,0.9994
5603,22.035,0.9994
5604,22.035,0.9994
5605,22.035,0.9994
5606,22.034,0.9994
5607,22.034,0.9994
5608,22.034,0.9994
5609,22.034,0.9994
5610,22.033,0.9994
5611,22.033,0.9994
5612,22.033,0.9994
5613,22.033,0.9994
5614,22.032,0.9994
5615,22.032,0.9994
5616,22.032,0.9994
5617,22.032,0.9994
5618,22.031,0.9994
5619,22.031,0.9994
5620,22.031,0.9994
5621,22.031,0.9994
5622,22.031,0.9994
5623,22.03,0.9994
5624,22.03,0.9994
5625,22.03,0.9994
5626,22.03,0.9994
5627,22.029,0.9994
5628,22.029,0.9994
5629,22.029,0.9994
5630,22.029,0.9994
5631,22.027,0.9994
5632,22.027,0.9994
5633,22.027,0.9994
5634,22.027,0.9994
5635,22.026,0.9994
5636,22.026,0.9994
5637,22.026,0.9994
5638,22.026,0.9994
5639,22.026,0.9994
5640,22.025,0.9994
5641,22.025,0.9994
5642,22.025,0.9994
5643,22.025,0.9994
5644,22.025,0.9994
5645,22.024,0.9994
5646,22.024,0.9994
5647,22.024,0.9994
5648,22.024,0.9994
5649,22.023,0.9994
5650,22.023,0.9994
5651,22.023,0.9994
5652,22.023,0.9994
5653,22.023,0.9994
5654,22.022,0.9994
5655,22.022,0.9994
5656,22.022,0.9994
5657,22.022,0.9994
5658,22.021,0.9994
5659,22.021,0.9994
5660,22.021,0.9994
5661,22.021,0.9994
5662,22.021,0.9994
5663,22.02,0.9994
5664,22.02,0.9994
5665,22.02,0.9994
5666,22.02,0.9994
5667,22.019,0.9994
5668,22.019,0.9994
5669,22.019,0.9994
5670,22.019,0.9994
5671,22.019,0.9994
5672,22.018,0.9994
5673,22.018,0.9994
5674,22.018,0.9994
5675,22.018,0.9994
5676,22.017,0.9994
5677,22.017,0.9994
5678,22.017,0.9994
5679,22.017,0.9994
5680,22.016,0.9994
5681,22.016,0.9994
5682,22.016,0.9994
5683,22.016,0.9994
5684,22.015,0.9994
5685,22.015,0.9994
5686,22.015,0.9994
5687,22.015,0.9994
5688,22.015,0.9994
5689,22.014,0.9994
5690,22.014,0.9994
5691,22.014,0.9994
5692,22.014,0.9994
5693,22.014,0.9994
5694,22.013,0.9994
5695,22.013,0.9994
5696,22.013,0.9994
5697,22.012,0.9994
5698,22.012,0.9994
5699,22.012,0.9994
5700,22.012,0.9994
5701,22.011,0.9994
5702,22.011,0.9994
5703,22.011,0.9994
5704,22.011,0.9994
5705,22.011,0.9994
5706,22.01,0.9994
5707,22.01,0.9994
5708,22.01,0.9994
5709,22.01,0.9994
5710,22.009,0.9994
5711,22.009,0.9994
5712,22.009,0.9994
5713,22.009,0.9994
5714,22.008,0.9994
5715,22.008,0.9994
5716,22.008,0.9994
5717,22.008,0.9994
5718,22.007,0.9994
5719,22.007,0.9994
5720,22.007,0.9994
5721,22.007,0.9994
5722,22.006,0.9994
5723,22.006,0.9994
5724,22.006,0.9994
5725,22.006,0.9994
5726,22.005,0.9994
5727,22.005,0.9994
5728,22.005,0.9994
5729,22.004,0.9994
5730,22.004,0.9994
5731,22.004,0.9994
5732,22.004,0.9994
5733,22.004,0.9994
5734,22.003,0.9994
5735,22.003,0.9994
5736,22.003,0.9994
5737,22.003,0.9994
5738,22.002,0.9994
5739,22.002,0.9994
5740,22.002,0.9994
5741,22.001,0.9994
5742,22.001,0.9994
5743,22.001,0.9994
5744,22.001,0.9994
5745,21.999,0.9994
5746,21.999,0.9994
5747,21.999,0.9994
5748,21.998,0.9994
5749,21.998,0.9994
5750,21.998,0.9994
5751,21.997,0.9994
5752,21.997,0.9994
5753,21.997,0.9994
5754,21.997,0.9994
5755,21.996,0.9994
5756,21.996,0.9994
5757,21.996,0.9994
5758,21.995,0.9994
5759,21.995,0.9994
5760,21.995,0.9994
5761,21.994,0.9994
5762,21.994,0.9994
5763,21.994,0.9994
5764,21.993,0.9994
5765,21.993,0.9994
5766,21.993,0.9994
5767,21.993,0.9994
5768,21.992,0.9994
5769,21.992,0.9994
5770,21.991,0.9994
5771,21.991,0.9994
5772,21.991,0.9994
5773,21.99,0.9994
5774,21.99,0.9994
5775,21.99,0.9994
5776,21.99,0.9994
5777,21.989,0.9994
5778,21.989,0.9994
5779,21.988,0.9994
5780,21.988,0.9994
5781,21.988,0.9994
5782,21.987,0.9994
5783,21.987,0.9994
5784,21.987,0.9994
5785,21.986,0.9994
5786,21.986,0.9994
5787,21.986,0.9994
5788,21.985,0.9994
5789,21.985,0.9994
5790,21.985,0.9994
5791,21.984,0.9994
5792,21.984,0.9994
5793,21.984,0.9994
5794,21.983,0.9994
5795,21.983,0.9994
5796,21.982,0.9994
5797,21.982,0.9994
5798,21.982,0.9994
5799,21.981,0.9994
5800,21.981,0.9994
5801,21.98,0.9994
5802,21.98,0.9994
5803,21.98,0.9994
5804,21.979,0.9994
5805,21.979,0.9994
5806,21.979,0.9994
5807,21.978,0.9994
5808,21.978,0.9994
5809,21.977,0.9994
5810,21.977,0.9994
5811,21.976,0.9994
5812,21.976,0.9994
5813,21.975,0.9994
5814,21.975,0.9994
5815,21.975,0.9994
5816,21.974,0.9994
5817,21.974,0.9994
5818,21.972,0.9994
5819,21.972,0.9994
5820,21.971,0.9994
5821,21.971,0.9994
5822,21.97,0.9994
5823,21.97,0.9994
5824,21.969,0.9994
5825,21.969,0.9994
5826,21.968,0.9994
5827,21.968,0.9994
5828,21.968,0.9994
5829,21.967,0.9994
5830,21.967,0.9994
5831,21.966,0.9994
5832,21.966,0.9994
5833,21.965,0.9994
5834,21.965,0.9994
5835,21.964,0.9994
5836,21.964,0.9994
5837,21.963,0.9994
5838,21.963,0.9994
5839,21.962,0.9994
5840,21.961,0.9994
5841,21.961,0.9994
5842,21.96,0.9994
5843,21.96,0.9994
5844,21.959,0.9994
5845,21.959,0.9994
5846,21.958,0.9994
5847,21.958,0.9994
5848,21.957,0.9994
5849,21.956,0.9994
5850,21.956,0.9994
5851,21.955,0.9994
5852,21.954,0.9994
5853,21.954,0.9994
5854,21.953,0.9994
5855,21.952,0.9994
5856,21.952,0.9994
5857,21.951,0.9994
5858,21.951,0.9994
5859,21.95,0.9994
5860,21.949,0.9994
5861,21.949,0.9994
5862,21.948,0.9994
5863,21.947,0.9994
5864,21.947,0.9994
5865,21.946,0.9994
5866,21.944,0.9994
5867,21.943,0.9994
5868,21.943,0.9994
5869,21.942,0.9994
5870,21.941,0.9994
5871,21.941,0.9994
5872,21.94,0.9994
5873,21.939,0.9994
5874,21.938,0.9994
5875,21.938,0.9994
5876,21.937,0.9994
5877,21.936,0.9994
5878,21.935,0.9994
5879,21.934,0.9994
5880,21.933,0.9994
5881,21.933,0.9994
5882,21.931,0.9994
5883,21.931,0.9994
5884,21.93,0.9994
5885,21.929,0.9994
5886,21.928,0.9994
5887,21.927,0.9994
5888,21.927,0.9994
5889,21.925,0.9994
5890,21.925,0.9994
5891,21.924,0.9994
5892,21.923,0.9994
5893,21.921,0.9994
5894,21.921,0.9994
5895,21.919,0.9994
5896,21.919,0.9994
5897,21.916,0.9994
5898,21.915,0.9994
5899,21.914,0.9994
5900,21.913,0.9994
5901,21.912,0.9994
5902,21.911,0.9997
5903,21.91,0.9994
5904,21.909,0.9994
5905,21.908,0.9994
5906,21.907,0.9994
5907,21.906,0.9994
5908,21.904,0.9994
5909,21.903,0.9994
5910,21.902,0.9994
5911,21.901,0.9994
5912,21.899,0.9994
5913,21.898,0.9994
5914,21.897,0.9994
5915,21.896,0.9994
5916,21.894,0.9994
5917,21.893,0.9994
5918,21.892,0.9994
5919,21.89,0.9994
5920,21.888,0.9994
5921,21.886,0.9994
5922,21.885,0.9994
5923,21.884,0.9994
5924,21.882,0.9994
5925,21.881,0.9994
5926,21.879,0.9994
5927,21.878,0.9994
5928,21.876,0.9994
5929,21.875,0.9994
5930,21.873,0.9994
5931,21.871,0.9994
5932,21.87,0.9994
5933,21.869,0.9994
5934,21.867,0.9994
5935,21.865,0.9994
5936,21.863,0.9994
5937,21.862,0.9994
5938,21.859,0.9994
5939,21.857,0.9994
5940,21.855,0.9994
5941,21.854,0.9994
5942,21.852,0.9994
5943,21.85,0.9994
5944,21.848,0.9994
5945,21.846,0.9994
5946,21.844,0.9997
5947,21.843,0.9994
5948,21.841,0.9994
5949,21.839,0.9994
5950,21.837,0.9994
5951,21.835,0.9994
5952,21.832,0.9994
5953,21.83,0.9994
5954,21.828,0.9994
5955,21.826,0.9994
5956,21.824,0.9994
5957,21.821,0.9994
5958,21.819,0.9994
5959,21.817,0.9994
5960,21.815,0.9994
5961,21.813,0.9994
5962,21.811,0.9994
5963,21.809,0.9994
5964,21.806,0.9994
5965,21.803,0.9994
5966,21.8,0.9994
5967,21.798,0.9994
5968,21.796,0.9994
5969,21.794,0.9994
5970,21.79,0.9994
5971,21.788,0.9994
5972,21.785,0.9994
5973,21.783,0.9994
5974,21.78,0.9994
5975,21.778,0.9994
5976,21.774,0.9994
5977,21.772,0.9994
5978,21.769,0.9994
5979,21.767,0.9994
5980,21.765,0.9994
5981,21.762,0.9994
5982,21.759,0.9994
5983,21.756,0.9994
5984,21.754,0.9994
5985,21.75,0.9994
5986,21.747,0.9994
5987,21.744,0.9994
5988,21.741,0.9994
5989,21.738,0.9994
5990,21.736,0.9994
5991,21.732,0.9994
5992,21.73,0.9994
5993,21.727,0.9994
5994,21.724,0.9994
5995,21.72,0.9994
5996,21.716,0.9994
5997,21.714,0.9994
5998,21.71,0.9994
5999,21.708,0.9994
6000,21.704,0.9994
6001,21.701,0.9994
6002,21.697,0.9994
6003,21.695,0.9994
6004,21.69,0.9994
6005,21.688,0.9994
6006,21.684,0.9994
6007,21.681,0.9994
6008,21.678,0.9994
6009,21.674,0.9994
6010,21.671,0.9994
6011,21.667,0.9994
6012,21.664,0.9994
6013,21.66,0.9994
6014,21.657,0.9994
6015,21.653,0.9994
6016,21.65,0.9994
6017,21.646,0.9994
6018,21.643,0.9994
6019,21.637,0.9994
6020,21.634,0.9994
6021,21.631,0.9994
6022,21.627,0.9994
6023,21.624,0.9994
6024,21.62,0.9994
6025,21.617,0.9994
6026,21.613,0.9994
6027,21.609,0.9994
6028,21.604,0.9994
6029,21.601,0.9994
6030,21.597,0.9994
6031,21.594,0.9994
6032,21.589,0.9994
6033,21.586,0.9994
6034,21.58,0.9994
6035,21.577,0.9994
6036,21.573,0.9994
6037,21.57,0.9994
6038,21.566,0.9994
6039,21.562,0.9994
6040,21.559,0.9994
6041,21.553,0.9994
6042,21.55,0.9994
6043,21.545,0.9994
6044,21.542,0.9994
6045,21.537,0.9994
6046,21.533,0.9994
6047,21.529,0.9994
6048,21.524,0.9994
6049,21.52,0.9994
6050,21.516,0.9994
6051,21.513,0.9994
6052,21.508,0.9994
6053,21.505,0.9994
6054,21.5,0.9994
6055,21.496,0.9994
6056,21.491,0.9994
6057,21.487,0.9994
6058,21.482,0.9994
6059,21.478,0.9994
6060,21.473,0.9994
6061,21.469,0.9994
6062,21.464,0.9994
6063,21.46,0.9994
6064,21.455,0.9994
6065,21.452,0.9994
6066,21.447,0.9994
6067,21.442,0.9994
6068,21.439,0.9994
6069,21.434,0.9994
6070,21.43,0.9994
6071,21.424,0.9994
6072,21.421,0.9994
6073,21.414,0.9994
6074,21.411,0.9994
6075,21.405,0.9994
6076,21.402,0.9994
6077,21.396,0.9994
6078,21.393,0.9994
6079,21.386,0.9994
6080,21.383,0.9994
6081,21.377,0.9994
6082,21.374,0.9994
6083,21.37,0.9994
6084,21.364,0.9994
6085,21.36,0.9994
6086,21.354,0.9994
6087,21.35,0.9994
6088,21.344,0.9994
6089,21.34,0.9994
6090,21.335,0.9994
6091,21.33,0.9994
6092,21.324,0.9994
6093,21.321,0.9994
6094,21.315,0.9994
6095,21.311,0.9994
6096,21.306,0.9994
6097,21.299,0.9994
6098,21.296,0.9994
6099,21.29,0.9994
6100,21.286,0.9994
6101,21.28,0.9994
6102,21.276,0.9994
6103,21.269,0.9994
6104,21.265,0.9994
6105,21.259,0.9994
6106,21.255,0.9994
6107,21.249,0.9994
6108,21.244,0.9994
6109,21.237,0.9994
6110,21.233,0.9994
6111,21.227,0.9994
6112,21.223,0.9994
6113,21.218,0.9994
6114,21.212,0.9994
6115,21.208,0.9994
6116,21.202,0.9994
6117,21.197,0.9994
6118,21.19,0.9994
6119,21.186,0.9994
6120,21.18,0.9994
6121,21.175,0.9994
6122,21.169,0.9994
6123,21.163,0.9994
6124,21.156,0.9994
6125,21.152,0.9994
6126,21.146,0.9994
6127,21.141,0.9994
6128,21.134,0.9994
6129,21.13,0.9994
6130,21.123,0.9994
6131,21.119,0.9994
6132,21.114,0.9994
6133,21.107,0.9994
6134,21.102,0.9994
6135,21.095,0.9994
6136,21.091,0.9994
6137,21.083,0.9994
6138,21.078,0.9994
6139,21.071,0.9994
6140,21.066,0.9994
6141,21.06,0.9994
6142,21.055,0.9994
6143,21.047,0.9994
6144,21.042,0.9994
6145,21.038,0.9994
6146,21.031,0.9994
6147,21.026,0.9994
6148,21.018,0.9994
6149,21.013,0.9994
6150,21.005,0.9994
6151,21,0.9994
6152,20.992,0.9994
6153,20.987,0.9994
6154,20.98,0.9994
6155,20.975,0.9994
6156,20.967,0.9994
6157,20.962,0.9994
6158,20.955,0.9994
6159,20.95,0.9994
6160,20.942,0.9994
6161,20.936,0.9994
6162,20.928,0.9994
6163,20.923,0.9994
6164,20.918,0.9994
6165,20.909,0.9994
6166,20.904,0.9994
6167,20.896,0.9994
6168,20.891,0.9994
6169,20.882,0.9994
6170,20.877,0.9994
6171,20.869,0.9994
6172,20.864,0.9994
6173,20.855,0.9994
6174,20.848,0.9994
6175,20.84,0.9994
6176,20.835,0.9994
6177,20.83,0.9994
6178,20.821,0.9994
6179,20.815,0.9994
6180,20.807,0.9994
6181,20.802,0.9994
6182,20.793,0.9994
6183,20.787,0.9994
6184,20.779,0.9994
6185,20.772,0.9994
6186,20.764,0.9994
6187,20.758,0.9994
6188,20.749,0.9994
6189,20.742,0.9994
6190,20.733,0.9994
6191,20.728,0.9994
6192,20.722,0.9994
6193,20.712,0.9994
6194,20.706,0.9994
6195,20.698,0.9994
6196,20.692,0.9994
6197,20.682,0.9994
6198,20.676,0.9994
6199,20.667,0.9994
6200,20.66,0.9994
6201,20.65,0.9994
6202,20.644,0.9994
6203,20.633,0.9994
6204,20.627,0.9994
6205,20.621,0.9994
6206,20.612,0.9994
6207,20.605,0.9994
6208,20.595,0.9994
6209,20.589,0.9994
6210,20.58,0.9994
6211,20.572,0.9994
6212,20.563,0.9994
6213,20.556,0.9994
6214,20.544,0.9994
6215,20.538,0.9994
6216,20.528,0.9994
6217,20.52,0.9994
6218,20.514,0.9994
6219,20.504,0.9994
6220,20.497,0.9994
6221,20.486,0.9994
6222,20.479,0.9994
6223,20.469,0.9994
6224,20.461,0.9994
6225,20.451,0.9994
6226,20.442,0.9994
6227,20.431,0.9994
6228,20.424,0.9994
6229,20.413,0.9994
6230,20.405,0.9994
6231,20.394,0.9994
6232,20.387,0.9994
6233,20.379,0.9994
6234,20.368,0.9994
6235,20.361,0.9994
6236,20.349,0.9994
6237,20.342,0.9994
6238,20.33,0.9994
6239,20.32,0.9994
6240,20.309,0.9994
6241,20.301,0.9994
6242,20.289,0.9994
6243,20.281,0.9994
6244,20.268,0.9994
6245,20.26,0.9994
6246,20.253,0.9994
6247,20.24,0.9994
6248,20.232,0.9994
6249,20.22,0.9994
6250,20.211,0.9994
6251,20.199,0.9994
6252,20.189,0.9994
6253,20.175,0.9994
6254,20.167,0.9994
6255,20.154,0.9994
6256,20.145,0.9994
6257,20.131,0.9994
6258,20.123,0.9994
6259,20.11,0.9994
6260,20.1,0.9994
6261,20.087,0.9994
6262,20.078,0.9994
6263,20.068,0.9994
6264,20.055,0.9994
6265,20.045,0.9994
6266,20.029,0.9994
6267,20.019,0.9994
6268,20.005,0.9994
6269,19.996,0.9994
6270,19.981,0.9994
6271,19.971,0.9994
6272,19.956,0.9994
6273,19.947,0.9994
6274,19.931,0.9994
6275,19.921,0.9994
6276,19.906,0.9994
6277,19.895,0.9994
6278,19.885,0.9994
6279,19.867,0.9994
6280,19.856,0.9994
6281,19.84,0.9994
6282,19.83,0.9994
6283,19.813,0.9994
6284,19.802,0.9994
6285,19.785,0.9994
6286,19.774,0.9994
6287,19.757,0.9994
6288,19.746,0.9994
6289,19.728,0.9994
6290,19.717,0.9994
6291,19.704,0.9994
6292,19.683,0.9994
6293,19.671,0.9994
6294,19.652,0.9994
6295,19.64,0.9994
6296,19.621,0.9994
6297,19.609,0.9994
6298,19.589,0.9994
6299,19.576,0.9994
6300,19.556,0.9994
6301,19.542,0.9994
6302,19.522,0.9994
6303,19.508,0.9994
6304,19.483,0.9994
6305,19.47,0.9994
6306,19.455,0.9994
6307,19.433,0.9994
6308,19.418,0.9994
6309,19.396,0.9994
6310,19.381,0.9994
6311,19.358,0.9994
6312,19.341,0.9994
6313,19.317,0.9994
6314,19.302,0.9994
6315,19.277,0.9994
6316,19.26,0.9994
6317,19.23,0.9994
6318,19.213,0.9994
6319,19.186,0.9994
6320,19.168,0.9994
6321,19.14,0.9994
6322,19.121,0.9994
6323,19.092,0.9994
6324,19.072,0.9994
6325,19.053,0.9994
6326,19.023,0.9994
6327,19.002,0.9994
6328,18.971,0.9994
6329,18.949,0.9994
6330,18.911,0.9994
6331,18.889,0.9994
6332,18.855,0.9994
6333,18.832,0.9994
6334,18.797,0.9994
6335,18.773,0.9994
6336,18.736,0.9994
6337,18.712,0.9994
6338,18.687,0.9994
6339,18.648,0.9994
6340,18.622,0.9994
6341,18.583,1.1228
6342,18.693,0
6343,18.784,0
6344,18.812,0
6345,18.844,0
6346,18.862,0
6347,18.885,0
6348,18.898,0
6349,18.916,0
6350,18.927,0
6351,18.942,0
6352,18.951,0
6353,18.965,0
6354,18.973,0
6355,18.981,0
6356,18.995,0
6357,19.002,0
6358,19.012,0
6359,19.02,0
6360,19.029,0
6361,19.035,0
6362,19.044,0
6363,19.05,0
6364,19.059,0
6365,19.064,0
6366,19.072,0
6367,19.078,0
6368,19.085,0
6369,19.09,0
6370,19.099,0
6371,19.104,0
6372,19.111,0
6373,19.115,0
6374,19.122,0
6375,19.126,0
6376,19.131,0
6377,19.138,0
6378,19.142,0
6379,19.147,0
6380,19.151,0
6381,19.158,0
6382,19.162,0
6383,19.168,0
6384,19.172,0
6385,19.177,0
6386,19.181,0
6387,19.187,0
6388,19.19,0
6389,19.195,0
6390,19.199,0
6391,19.202,0
6392,19.207,0
6393,19.21,0
6394,19.215,0
6395,19.218,0
6396,19.224,0
6397,19.227,0
6398,19.231,0
6399,19.234,0
6400,19.238,0
6401,19.242,0
6402,19.246,0
6403,19.249,0
6404,19.253,0
6405,19.256,0
6406,19.259,0
6407,19.263,0
6408,19.265,0
6409,19.271,0
6410,19.273,0
6411,19.277,0
6412,19.28,0
6413,19.284,0
6414,19.286,0
6415,19.29,0
6416,19.292,0
6417,19.295,0
6418,19.299,0
6419,19.302,0
6420,19.305,0
6421,19.308,0
6422,19.311,0
6423,19.313,0
6424,19.316,0
6425,19.319,0
6426,19.322,0
6427,19.325,0
6428,19.328,0
6429,19.33,0
6430,19.333,0
6431,19.335,0
6432,19.339,0
6433,19.341,0
6434,19.344,0
6435,19.346,0
6436,19.349,0
6437,19.352,0
6438,19.354,0
6439,19.357,0
6440,19.359,0
6441,19.362,0
6442,19.363,0
6443,19.366,0
6444,19.368,0
6445,19.371,0
6446,19.373,0
6447,19.375,0
6448,19.378,0
6449,19.381,0
6450,19.383,0
6451,19.385,0
6452,19.388,0
6453,19.389,0
6454,19.392,0
6455,19.394,0
6456,19.396,0
6457,19.398,0
6458,19.4,0
6459,19.402,0
6460,19.405,0
6461,19.408,0
6462,19.41,0
6463,19.412,0
6464,19.414,0
6465,19.416,0
6466,19.417,0
6467,19.42,0
6468,19.421,0
6469,19.424,0
6470,19.425,0
6471,19.427,0
6472,19.429,0
6473,19.431,0
6474,19.433,0
6475,19.436,0
6476,19.438,0
6477,19.44,0
6478,19.442,0
6479,19.443,0
6480,19.445,0
6481,19.447,0
6482,19.449,0
6483,19.45,0
6484,19.452,0
6485,19.454,0
6486,19.456,0
6487,19.457,0
6488,19.46,0
6489,19.461,0
6490,19.464,0
6491,19.466,0
6492,19.468,0
6493,19.469,0
6494,19.47,0
6495,19.472,0
6496,19.474,0
6497,19.475,0
6498,19.477,0
6499,19.479,0
6500,19.48,0
6501,19.482,0
6502,19.484,0
6503,19.485,0
6504,19.487,0
6505,19.489,0
6506,19.49,0
6507,19.492,0
6508,19.494,0
6509,19.495,0
6510,19.497,0
6511,19.498,0
6512,19.5,0
6513,19.501,0
6514,19.504,0
6515,19.505,0
6516,19.506,0
6517,19.508,0
6518,19.509,0
6519,19.511,0
6520,19.512,0
6521,19.513,0
6522,19.515,0
6523,19.516,0
6524,19.518,0
6525,19.52,0
6526,19.521,0
6527,19.523,0
6528,19.524,0
6529,19.526,0
6530,19.527,0
6531,19.529,0
6532,19.53,0
6533,19.532,0
6534,19.533,0
6535,19.534,0
6536,19.536,0
6537,19.537,0
6538,19.538,0
6539,19.539,0
6540,19.541,0
6541,19.542,0
6542,19.544,0
6543,19.545,0
6544,19.546,0
6545,19.548,0
6546,19.55,0
6547,19.551,0
6548,19.553,0
6549,19.554,0
6550,19.555,0
6551,19.556,0
6552,19.557,0
6553,19.559,0
6554,19.56,0
6555,19.561,0
6556,19.562,0
6557,19.564,0
6558,19.565,0
6559,19.566,0
6560,19.567,0
6561,19.569,0
6562,19.57,0
6563,19.571,0
6564,19.572,0
6565,19.573,0
6566,19.576,0
6567,19.577,0
6568,19.578,0
6569,19.579,0
6570,19.581,0
6571,19.582,0
6572,19.583,0
6573,19.584,0
6574,19.585,0
6575,19.586,0
6576,19.587,0
6577,19.588,0
6578,19.589,0
6579,19.591,0
6580,19.592,0
6581,19.593,0
6582,19.594,0
6583,19.595,0
6584,19.596,0
6585,19.598,0
6586,19.599,0
6587,19.6,0
6588,19.601,0
6589,19.601,0
6590,19.604,0
6591,19.605,0
6592,19.606,0
6593,19.607,0
6594,19.608,0
6595,19.609,0
6596,19.61,0
6597,19.611,0
6598,19.613,0
6599,19.614,0
6600,19.615,0
6601,19.616,0
6602,19.617,0
6603,19.618,0
6604,19.619,0
6605,19.62,0
6606,19.621,0
6607,19.622,0
6608,19.623,0
6609,19.624,0
6610,19.625,0
6611,19.626,0
6612,19.627,0
6613,19.628,0
6614,19.629,0
6615,19.631,0
6616,19.632,0
6617,19.633,0
6618,19.634,0
6619,19.635,0
6620,19.636,0
6621,19.637,0
6622,19.638,0
6623,19.639,0
6624,19.64,0
6625,19.641,0
6626,19.642,0
6627,19.642,0
6628,19.644,0
6629,19.644,0
6630,19.645,0
6631,19.646,0
6632,19.647,0
6633,19.648,0
6634,19.649,0
6635,19.65,0
6636,19.651,0
6637,19.652,0
6638,19.653,0
6639,19.654,0
6640,19.654,0
6641,19.656,0
6642,19.656,0
6643,19.657,0
6644,19.659,0
6645,19.66,0
6646,19.661,0
6647,19.662,0
6648,19.663,0
6649,19.663,0
6650,19.664,0
6651,19.665,0
6652,19.666,0
6653,19.667,0
6654,19.668,0
6655,19.669,0
6656,19.67,0
6657,19.671,0
6658,19.671,0
6659,19.672,0
6660,19.673,0
6661,19.674,0
6662,19.675,0
6663,19.676,0
6664,19.676,0
6665,19.677,0
6666,19.678,0
6667,19.679,0
6668,19.68,0
6669,19.681,0
6670,19.682,0
6671,19.682,0
6672,19.683,0
6673,19.684,0
6674,19.685,0
6675,19.687,0
6676,19.688,0
6677,19.688,0
6678,19.689,0
6679,19.69,0
6680,19.691,0
6681,19.691,0
6682,19.693,0
6683,19.693,0
6684,19.694,0
6685,19.695,0
6686,19.695,0
6687,19.696,0
6688,19.697,0
6689,19.698,0
6690,19.699,0
6691,19.699,0
6692,19.7,0
6693,19.701,0
6694,19.702,0
6695,19.703,0
6696,19.703,0
6697,19.704,0
6698,19.705,0
6699,19.705,0
6700,19.706,0
6701,19.707,0
6702,19.708,0
6703,19.708,0
6704,19.709,0
6705,19.71,0
6706,19.711,0
6707,19.711,0
6708,19.712,0
6709,19.713,0
6710,19.715,0
6711,19.715,0
6712,19.716,0
6713,19.717,0
6714,19.717,0
6715,19.718,0
6716,19.719,0
6717,19.72,0
6718,19.72,0
6719,19.721,0
6720,19.722,0
6721,19.723,0
6722,19.723,0
6723,19.724,0
6724,19.725,0
6725,19.726,0
6726,19.726,0
6727,19.727,0
6728,19.728,0
6729,19.728,0
6730,19.729,0
6731,19.729,0
6732,19.73,0
6733,19.731,0
6734,19.732,0
6735,19.732,0
6736,19.733,0
6737,19.734,0
6738,19.735,0
6739,19.735,0
6740,19.736,0
6741,19.737,0
6742,19.737,0
6743,19.738,0
6744,19.738,0
6745,19.739,0
6746,19.74,0
6747,19.741,0
6748,19.741,0
6749,19.743,0
6750,19.744,0
6751,19.744,0
6752,19.745,0
6753,19.746,0
6754,19.746,0
6755,19.747,0
6756,19.748,0
6757,19.748,0
6758,19.749,0
6759,19.749,0
6760,19.75,0
6761,19.751,0
6762,19.752,0
6763,19.752,0
6764,19.753,0
6765,19.753,0
6766,19.754,0
6767,19.755,0
6768,19.755,0
6769,19.756,0
6770,19.756,0
6771,19.757,0
6772,19.758,0
6773,19.759,0
6774,19.759,0
6775,19.76,0
6776,19.76,0
6777,19.761,0
6778,19.761,0
6779,19.762,0
6780,19.763,0
6781,19.763,0
6782,19.764,0
6783,19.764,0
6784,19.765,0
6785,19.766,0
6786,19.766,0
6787,19.767,0
6788,19.768,0
6789,19.768,0
6790,19.769,0
6791,19.769,0
6792,19.771,0
6793,19.772,0
6794,19.772,0
6795,19.773,0
6796,19.773,0
6797,19.774,0
6798,19.775,0
6799,19.775,0
6800,19.776,0
6801,19.776,0
6802,19.777,0
6803,19.778,0
6804,19.778,0
6805,19.779,0
6806,19.779,0
6807,19.78,0
6808,19.78,0
6809,19.781,0
6810,19.782,0
6811,19.782,0
6812,19.783,0
6813,19.783,0
6814,19.784,0
6815,19.784,0
6816,19.785,0
6817,19.786,0
6818,19.786,0
6819,19.787,0
6820,19.787,0
6821,19.788,0
6822,19.788,0
6823,19.789,0
6824,19.789,0
6825,19.79,0
6826,19.791,0
6827,19.791,0
6828,19.792,0
6829,19.792,0
6830,19.793,0
6831,19.793,0
6832,19.794,0
6833,19.794,0
6834,19.795,0
6835,19.795,0
6836,19.796,0
6837,19.797,0
6838,19.797,0
6839,19.799,0
6840,19.799,0
6841,19.8,0
6842,19.8,0
6843,19.801,0
6844,19.802,0
6845,19.802,0
6846,19.803,0
6847,19.803,0
6848,19.804,0
6849,19.804,0
6850,19.805,0
6851,19.805,0
6852,19.806,0
6853,19.806,0
6854,19.807,0
6855,19.807,0
6856,19.808,0
6857,19.808,0
6858,19.809,0
6859,19.81,0
6860,19.81,0
6861,19.81,0
6862,19.811,0
6863,19.811,0
6864,19.812,0
6865,19.812,0
6866,19.813,0
6867,19.813,0
6868,19.814,0
6869,19.814,0
6870,19.815,0
6871,19.815,0
6872,19.816,0
6873,19.816,0
6874,19.817,0
6875,19.817,0
6876,19.818,0
6877,19.819,0
6878,19.819,0
6879,19.819,0
6880,19.82,0
6881,19.821,0
6882,19.821,0
6883,19.821,0
6884,19.822,0
6885,19.822,0
6886,19.823,0
6887,19.824,0
6888,19.824,0
6889,19.824,0
6890,19.826,0
6891,19.826,0
6892,19.827,0
6893,19.827,0
6894,19.828,0
6895,19.828,0
6896,19.829,0
6897,19.829,0
6898,19.83,0
6899,19.83,0
6900,19.831,0
6901,19.831,0
6902,19.832,0
6903,19.832,0
6904,19.833,0
6905,19.833,0
6906,19.833,0
6907,19.834,0
6908,19.834,0
6909,19.835,0
6910,19.835,0
6911,19.836,0
6912,19.836,0
6913,19.837,0
6914,19.837,0
6915,19.838,0
6916,19.838,0
6917,19.839,0
6918,19.839,0
6919,19.84,0
6920,19.84,0
6921,19.84,0
6922,19.841,0
6923,19.841,0
6924,19.842,0
6925,19.842,0
6926,19.843,0
6927,19.843,0
6928,19.844,0
6929,19.844,0
6930,19.844,0
6931,19.845,0
6932,19.845,0
6933,19.846,0
6934,19.846,0
6935,19.847,0
6936,19.847,0
6937,19.848,0
6938,19.848,0
6939,19.849,0
6940,19.849,0
6941,19.85,0
6942,19.85,0
6943,19.85,0
6944,19.851,0
6945,19.851,0
6946,19.852,0
6947,19.852,0
6948,19.854,0
6949,19.854,0
6950,19.854,0
6951,19.855,0
6952,19.855,0
6953,19.856,0
6954,19.856,0
6955,19.856,0
6956,19.857,0
6957,19.857,0
6958,19.858,0
6959,19.858,0
6960,19.859,0
6961,19.859,0
6962,19.859,0
6963,19.86,0
6964,19.86,0
6965,19.861,0
6966,19.861,0
6967,19.862,0
6968,19.862,0
6969,19.863,0
6970,19.863,0
6971,19.863,0
6972,19.864,0
6973,19.864,0
6974,19.865,0
6975,19.865,0
6976,19.865,0
6977,19.866,0
6978,19.866,0
6979,19.867,0
6980,19.867,0
6981,19.867,0
6982,19.868,0
6983,19.868,0
6984,19.869,0
6985,19.869,0
6986,19.869,0
6987,19.87,0
6988,19.87,0
6989,19.871,0
6990,19.871,0
6991,19.872,0
6992,19.872,0
6993,19.872,0
6994,19.873,0
6995,19.873,0
6996,19.874,0
6997,19.874,0
6998,19.874,0
6999,19.875,0
7000,19.875,0
7001,19.875,0
7002,19.876,0
7003,19.876,0
7004,19.877,0
7005,19.877,0
7006,19.878,0
7007,19.878,0
7008,19.878,0
7009,19.879,0
7010,19.879,0
7011,19.88,0
7012,19.88,0
7013,19.88,0
7014,19.882,0
7015,19.882,0
7016,19.882,0
7017,19.883,0
7018,19.883,0
7019,19.884,0
7020,19.884,0
7021,19.884,0
7022,19.885,0
7023,19.885,0
7024,19.885,0
7025,19.886,0
7026,19.886,0
7027,19.886,0
7028,19.887,0
7029,19.887,0
7030,19.888,0
7031,19.888,0
7032,19.889,0
7033,19.889,0
7034,19.889,0
7035,19.89,0
7036,19.89,0
7037,19.89,0
7038,19.891,0
7039,19.891,0
7040,19.892,0
7041,19.892,0
7042,19.892,0
7043,19.893,0
7044,19.893,0
7045,19.893,0
7046,19.894,0
7047,19.894,0
7048,19.894,0
7049,19.895,0
7050,19.895,0
7051,19.895,0
7052,19.896,0
7053,19.896,0
7054,19.897,0
7055,19.897,0
7056,19.898,0
7057,19.898,0
7058,19.898,0
7059,19.899,0
7060,19.899,0
7061,19.899,0
7062,19.9,0
7063,19.9,0
