,timestamp,gyro_rad[0],gyro_rad[1],gyro_rad[2],gyro_integral_dt,accelerometer_timestamp_relative,accelerometer_m_s2[0],accelerometer_m_s2[1],accelerometer_m_s2[2],accelerometer_integral_dt,accelerometer_clipping,gyro_clipping,accel_calibration_count,gyro_calibration_count
0,541391,-0.0036891585,-0.002337262,0.0001626089,8006,0,-0.0952591,0.1930213,-10.268192,8006,0,0,1,1
1,551397,-0.0046818405,-0.0009456128,-0.00016648695,5003,0,-0.07072625,0.21504354,-10.232294,5003,0,0,1,1
2,559527,-0.00029997525,-0.0030520111,-0.00034315186,8130,0,-0.0796676,0.17940393,-10.265184,8130,0,0,1,1
3,564531,-0.00376248,-0.0023510903,0.0007987092,5004,0,-0.049907558,0.17170703,-10.284487,5004,0,0,1,1
4,569409,-0.00169963,-0.0029846728,0.0011466396,4878,0,-0.05222989,0.16693766,-10.230367,4878,0,0,1,1
5,577540,-0.0015143678,-0.002644509,0.0004280256,8131,0,-0.074083485,0.17417517,-10.2837105,8131,0,0,1,1
6,585545,-0.001716554,-0.0024680195,7.0143484e-05,8005,0,-0.06864108,0.18634617,-10.280593,8005,0,0,1,1
7,590549,-0.0031244156,-0.0024209172,0.0012969065,5004,0,-0.09290846,0.19673061,-10.2280445,5004,0,0,1,1
8,595552,-0.0037591308,-0.003925517,0.00069318525,5003,0,-0.07013619,0.21186903,-10.24675,5003,0,0,1,1
9,603557,-0.0026175638,-0.00268583,-0.000361416,8005,0,-0.07363287,0.20061548,-10.252824,8005,0,0,1,1
10,613564,-0.0039422885,-0.0040887594,0.0017507373,5003,0,-0.081746854,0.19756745,-10.279932,5003,0,0,1,1
11,621569,-0.0023278666,-0.0034281162,-0.00060796406,8005,0,-0.062299073,0.24229302,-10.266061,8005,0,0,1,1
12,631576,-0.0033456013,-0.0021461546,0.0014311599,5003,0,-0.10766027,0.22174549,-10.287476,5003,0,0,1,1
13,639582,-0.002797339,-0.0026572496,0.000903836,8006,0,-0.0923432,0.22022036,-10.264349,8006,0,0,1,1
14,647587,-0.001349598,-0.0015657096,5.663838e-05,8005,0,-0.09518517,0.2171884,-10.269957,8005,0,0,1,1
15,652590,-0.0027500167,-0.0023510158,-0.0016716225,5003,0,-0.08318347,0.18774974,-10.307943,5003,0,0,1,1
16,657594,-0.003395047,-0.0027370304,0.00072540366,5004,0,-0.073398866,0.23266947,-10.306509,5004,0,0,1,1
17,763540,-0.0009269902,-0.0029547664,0.0016057745,7880,0,-0.065764934,0.20783296,-10.273662,7880,0,0,1,1
18,768544,-0.0035224184,-0.002217874,0.00065897545,5004,0,-0.08198862,0.20522824,-10.253841,5004,0,0,1,1
19,773672,-0.002879832,-0.0027852654,0.0004785582,5128,0,-0.09002921,0.24474014,-10.256418,5128,0,0,1,1
20,781678,-0.0022886433,-0.0024057925,9.810459e-05,8006,0,-0.057623535,0.20870474,-10.264936,8006,0,0,1,1
21,786681,-0.002645634,-0.0007846802,0.00064351247,5003,0,-0.08267908,0.19505483,-10.292086,5003,0,0,1,1
22,791684,-0.0025241785,-0.00086627906,0.0005988723,5003,0,-0.057327952,0.18822661,-10.256475,5003,0,0,1,1
23,799690,-0.0019105598,-0.0034435391,0.0004464644,8006,0,-0.08306305,0.19388118,-10.206737,8006,0,0,1,1
24,807570,-0.0033824483,-0.0027013274,0.0007642173,7880,0,-0.07148565,0.18189417,-10.240315,7880,0,0,1,1
25,817702,-0.0030383319,-0.0028510988,-6.9446396e-05,5003,0,-0.074951395,0.17105326,-10.265598,5003,0,0,1,1
26,825583,-0.0012803823,-0.0035856662,-0.00093158474,7881,0,-0.0570196,0.19536787,-10.240936,7881,0,0,1,1
27,830711,-0.0020173155,-0.002849862,0.00032190373,5128,0,-0.09403092,0.17636324,-10.260683,5128,0,0,1,1
28,835714,-0.0037124904,-0.0013670921,0.0001890785,5003,0,-0.06359725,0.20655666,-10.272577,5003,0,0,1,1
29,843595,-0.0027982143,-0.0025593638,-0.0011667664,7881,0,-0.078731455,0.19337298,-10.2205925,7881,0,0,1,1
30,848723,-0.0017394051,-0.0023721752,0.00033141486,5128,0,-0.08398114,0.23934133,-10.238785,5128,0,0,1,1
31,853726,-0.0031864904,-0.002884388,0.0007903965,5003,0,-0.07399979,0.19870718,-10.231508,5003,0,0,1,1
32,861732,-0.0026704147,-0.0033694205,0.0007364803,8006,0,-0.0876653,0.2112574,-10.257327,8006,0,0,1,1
33,866610,-0.0030683165,-0.0015468597,0.0010813342,4878,0,-0.09639795,0.18725994,-10.269545,4878,0,0,1,1
34,871614,-0.0036697127,-0.0030028522,0.0013394982,5004,0,-0.06676673,0.19849563,-10.275665,5004,0,0,1,1
35,879619,-0.0015564001,-0.0018722712,0.0010643486,8005,0,-0.10131603,0.20914163,-10.292653,8005,0,0,1,1
36,884624,-0.0023149478,-0.0017512591,-0.00010520639,5005,0,-0.095838726,0.1983127,-10.260701,5005,0,0,1,1
37,889751,-0.0035336316,-0.0018305184,0.0002942365,5127,0,-0.06046999,0.23341937,-10.239928,5127,0,0,1,1
38,897632,-0.0023405699,-0.0023900568,0.0017139982,7881,0,-0.06690718,0.2247013,-10.288058,7881,0,0,1,1
39,905637,-0.003344476,-0.002481252,0.00067274616,8005,0,-0.07223448,0.16855249,-10.293295,8005,0,0,1,1
40,915644,-0.0012296961,-0.0029033127,0.00082748156,4879,0,-0.057451904,0.21537651,-10.261351,4879,0,0,1,1
41,923774,-0.0017493665,-0.0022946596,0.0016532044,8130,0,-0.047841504,0.19966424,-10.297504,8130,0,0,1,1
42,928777,-0.00391059,-0.0039067417,0.0013579892,5003,0,-0.08043298,0.18314055,-10.249342,5003,0,0,1,1
43,933656,-0.0037742706,-0.0031565279,0.0027842193,4879,0,-0.07804822,0.16132495,-10.261044,4879,0,0,1,1
44,941786,-0.0039667375,-0.002362296,0.0011652324,8130,0,-0.08585365,0.19905818,-10.256416,8130,0,0,1,1
45,946789,-0.0033359418,-0.0026026964,0.0011563599,5003,0,-0.086356275,0.19623879,-10.283056,5003,0,0,1,1
46,951668,-0.0027435462,-0.0031112286,0.00025373232,4879,0,-0.09806059,0.21810766,-10.276603,4879,0,0,1,1
47,959798,-0.0037066152,-0.002921611,0.0007100876,8130,0,-0.07438004,0.20227739,-10.299532,8130,0,0,1,1
48,964802,-0.0025037157,-0.002658829,0.0021607277,5004,0,-0.11313668,0.20259506,-10.247799,5004,0,0,1,1
49,969680,-0.00147745,-0.002184197,-0.00041972843,4878,0,-0.09376128,0.19858353,-10.274116,4878,0,0,1,1
50,977810,-0.0025081746,-0.0020427702,0.0004237378,8130,0,-0.08821384,0.2064606,-10.273341,8130,0,0,1,1
51,985691,-0.0027672162,-0.0021941958,0.0008310948,7881,0,-0.05954869,0.23808344,-10.294575,7881,0,0,1,1
52,995822,-0.0024873093,-0.002147287,0.0015173559,5128,0,-0.08666973,0.21256787,-10.29674,5128,0,0,1,1
53,1003828,-0.0025874488,-0.0033058822,1.4529098e-05,8006,0,-0.08560499,0.22991028,-10.266496,8006,0,0,1,1
54,1013835,-0.0029955844,-0.00249736,-0.0017472539,5004,0,-0.09318213,0.18541437,-10.284758,5004,0,0,1,1
55,1021715,-0.0037430194,-0.0030239674,0.0010485312,7880,0,-0.07758159,0.19304879,-10.277406,7880,0,0,1,1
56,1026843,-0.0029689854,-0.0027521104,-0.00021422375,5128,0,-0.08214558,0.20298827,-10.290527,5128,0,0,1,1
57,1031847,-0.0020286962,-0.0030124635,0.0008280824,5004,0,-0.07543207,0.19693804,-10.231327,5004,0,0,1,1
58,1039727,-0.0020648541,-0.0030071589,0.0010339556,7880,0,-0.07908253,0.18539266,-10.293598,7880,0,0,1,1
59,1047858,-0.002169989,-0.0023690313,0.0013506648,8131,0,-0.075744204,0.18076989,-10.276047,8131,0,0,1,1
60,1057865,0.00050541013,-0.004448205,6.540679e-06,5004,0,-0.074800745,0.1932534,-10.276339,5004,0,0,1,1
61,1065870,-0.00301576,-0.0027264804,0.0009782063,8005,0,-0.089369394,0.19405289,-10.252913,8005,0,0,1,1
62,1075752,-0.0023164789,-0.0024240166,0.0015376514,4879,0,-0.09851892,0.19398281,-10.241183,4879,0,0,1,1
63,1083882,-0.0021890176,-0.0031024814,0.0014029185,8130,0,-0.08753062,0.19399232,-10.274448,8130,0,0,1,1
64,1093764,-0.003942117,-0.0016253442,0.0021635818,5004,0,-0.12556079,0.21049419,-10.268688,5004,0,0,1,1
65,1101895,-0.00189491,-0.0027517676,0.00051836856,8131,0,-0.095937826,0.1979866,-10.251442,8131,0,0,1,1
66,1109900,-0.0033043732,-0.0024648604,-0.00017122133,8005,0,-0.08762542,0.19983141,-10.243374,8005,0,0,1,1
67,1114778,-0.0011737682,-0.0024556816,-0.00028427268,4878,0,-0.077951364,0.2280242,-10.272372,4878,0,0,1,1
68,1119907,-0.002109591,-0.002028495,0.00024266167,5129,0,-0.11765068,0.21087226,-10.221966,5129,0,0,1,1
69,1127913,-0.0023674332,-0.0017120986,0.0018557538,8006,0,-0.10716925,0.18959972,-10.247644,8006,0,0,1,1
70,1132915,-0.005095139,-0.003377944,0.00089191593,5002,0,-0.08279279,0.22108619,-10.241651,5002,0,0,1,1
71,1137919,-0.0011533238,-0.0035592467,0.00097264565,5004,0,-0.07992144,0.18331921,-10.243124,5004,0,0,1,1
72,1145924,-0.0024890862,-0.0023284853,-0.00039121226,8005,0,-0.07498355,0.18864463,-10.264945,8005,0,0,1,1
73,1155931,-0.000689961,-0.0037824959,0.0012325456,5128,0,-0.08666715,0.19612612,-10.246453,5128,0,0,1,1
74,1163936,-0.0027403533,-0.0018822401,0.00018599583,8005,0,-0.065125756,0.17950253,-10.264235,8005,0,0,1,1
75,1171942,-0.0031501576,-0.0019804537,0.0002952218,8006,0,-0.074141316,0.19363764,-10.285608,8006,0,0,1,1
76,1181949,-0.0020736903,-0.0017061384,0.0008163266,5004,0,-0.10281588,0.21486175,-10.26707,5004,0,0,1,1
77,1189829,-0.0021813253,-0.0029694887,0.0015715583,7880,0,-0.080071665,0.1802044,-10.261746,7880,0,0,1,1
78,1194957,-0.0025982298,-0.0022106466,0.0006982707,5128,0,-0.08676146,0.19846244,-10.230144,5128,0,0,1,1
79,1199961,-0.0030999556,-0.0035384598,0.0005023151,5004,0,-0.07079199,0.1917578,-10.245157,5004,0,0,1,1
80,1207966,-0.0025245657,-0.0026416478,0.0010552073,8005,0,-0.08413327,0.19770159,-10.28073,8005,0,0,1,1
81,1212970,1.8045306e-05,-0.0024600923,-0.0006515123,5004,0,-0.08090874,0.20968343,-10.248869,5004,0,0,1,1
82,1217973,-0.0040153004,-0.0014851987,0.0007718671,5003,0,-0.08294443,0.15853786,-10.222954,5003,0,0,1,1
83,1225978,-0.0028715876,-0.0028778315,0.0012780973,8005,0,-0.08531091,0.20600353,-10.274218,8005,0,0,1,1
84,1233984,-0.002176933,-0.0026615113,0.000782575,8006,0,-0.08516015,0.22321466,-10.274673,8006,0,0,1,1
85,1243990,-0.0028832704,-0.0008726716,0.0005325128,5003,0,-0.05996072,0.22222996,-10.286642,5003,0,0,1,1
86,1251996,-0.002813682,-0.0022370515,0.0010821947,8006,0,-0.0815669,0.21318583,-10.224245,8006,0,0,1,1
87,1262003,-0.0012125969,-0.0038422644,-0.00044615613,5004,0,-0.06450649,0.21384406,-10.241631,5004,0,0,1,1
88,1270008,-0.0019979177,-0.0020330846,0.0006287424,8005,0,-0.08710605,0.18759932,-10.253718,8005,0,0,1,1
89,1275012,-0.0023824424,-0.0021083355,0.0006215763,5004,0,-0.11134343,0.2085205,-10.290859,5004,0,0,1,1
90,1280015,-0.001977779,-0.0029699504,-0.00016682502,5003,0,-0.083900824,0.19708629,-10.292383,5003,0,0,1,1
91,1288020,-0.0028301848,-0.002682328,0.0006876206,8005,0,-0.06316253,0.18520541,-10.268233,8005,0,0,1,1
92,1293024,-0.00316995,-0.0011062175,0.0012382071,5004,0,-0.08988508,0.21767221,-10.244982,5004,0,0,1,1
93,1298027,-0.002870094,-0.0015851706,0.0018105432,5003,0,-0.074323535,0.20737854,-10.260784,5003,0,0,1,1
94,1306032,-0.0030594019,-0.0039847493,0.0015028835,8005,0,-0.08590625,0.20076512,-10.220946,8005,0,0,1,1
95,1314038,-0.0024761483,-0.0024241207,0.0010618033,8006,0,-0.06944771,0.20465869,-10.267338,8006,0,0,1,1
96,1324045,-0.00382898,-0.0029702485,5.905051e-06,5004,0,-0.11574022,0.2138474,-10.254555,5004,0,0,1,1
97,1332050,-0.001976922,-0.001071751,0.00057519827,8005,0,-0.06510601,0.19522904,-10.280802,8005,0,0,1,1
98,1342057,-0.0028900318,-0.0019650608,0.002323318,5004,0,-0.0836613,0.18942598,-10.270838,5004,0,0,1,1
99,1350062,-0.002759367,-0.0020828694,0.00030821702,8005,0,-0.07902349,0.19568188,-10.260752,8005,0,0,1,1
100,1360069,-0.0018447526,-0.0023242682,0.0005188079,5003,0,-0.05588727,0.21743844,-10.276819,5003,0,0,1,1
101,1368074,-0.002926275,-0.0035687832,-0.00042826493,8005,0,-0.08500794,0.20226108,-10.275417,8005,0,0,1,1
102,1373078,-0.0044075735,-0.0017914176,0.000272376,5004,0,-0.11167404,0.18631458,-10.237322,5004,0,0,1,1
103,1378081,-0.0021239445,-0.00060650706,0.0015579382,5003,0,-0.09299931,0.22318757,-10.228701,5003,0,0,1,1
104,1386087,-0.0035917684,-0.0030775964,0.00073737185,8006,0,-0.0601707,0.19403863,-10.24878,8006,0,0,1,1
105,1391090,-0.0026770607,-0.0034827888,-6.0524326e-05,5003,0,-0.08437794,0.2045089,-10.2519245,5003,0,0,1,1
106,1396093,-0.0038755238,-0.0017383845,0.0010516348,5003,0,-0.07767508,0.21001254,-10.287592,5003,0,0,1,1
107,1404099,-0.0032794958,-0.0043008775,0.0008579334,8006,0,-0.054783,0.18820101,-10.247436,8006,0,0,1,1
108,1412104,-0.0019311457,-0.0029690266,0.00031673533,8005,0,-0.082169145,0.19867097,-10.29368,8005,0,0,1,1
109,1422111,-0.0030699184,-0.004648164,0.0014445481,5003,0,-0.07863625,0.22294852,-10.2626915,5003,0,0,1,1
110,1430116,-0.0027385724,-0.0029903054,0.00042892105,8005,0,-0.08860164,0.19582576,-10.251176,8005,0,0,1,1
111,1440123,-0.0026703775,-0.0036957115,0.0005521064,5003,0,-0.06810091,0.19947977,-10.266533,5003,0,0,1,1
112,1448129,-0.002197519,-0.0023825318,-0.00024901517,8006,0,-0.085009724,0.20346156,-10.246538,8006,0,0,1,1
113,1458135,-0.0013686679,-0.0036051872,0.0005840226,5003,0,-0.05696593,0.20606947,-10.2734375,5003,0,0,1,1
114,1466141,-0.0029789023,-0.003372997,0.0011826532,8006,0,-0.049527183,0.19227055,-10.272015,8006,0,0,1,1
115,1471144,-0.004634727,-0.0021513402,0.00017928798,5003,0,-0.0958692,0.1934914,-10.286404,5003,0,0,1,1
116,1476148,-0.0024970435,-0.0019714683,9.956631e-05,5004,0,-0.09945998,0.20881833,-10.240917,5004,0,0,1,1
117,1484153,-0.0028968563,-0.003069341,0.0002125101,8005,0,-0.08665756,0.20046802,-10.229477,8005,0,0,1,1
118,1492159,-0.0025226884,-0.0031068623,0.00021716952,8006,0,-0.09203951,0.19717583,-10.289782,8006,0,0,1,1
119,1497162,-0.0029766,-0.00357607,0.0010848546,5003,0,-0.12172734,0.22773284,-10.276354,5003,0,0,1,1
120,1502165,-0.0024572127,-0.0020376295,0.0014309741,5003,0,-0.08869234,0.20474772,-10.259817,5003,0,0,1,1
121,1510171,-0.0006704666,-0.003044352,0.001024348,8006,0,-0.07857594,0.20031545,-10.246231,8006,0,0,1,1
122,1520177,-0.0019353814,-0.0017391592,0.0007376415,5003,0,-0.10752053,0.20453691,-10.243656,5003,0,0,1,1
123,1528183,-0.0022893287,-0.0025491118,0.0017442317,8006,0,-0.06869665,0.21557851,-10.331081,8006,0,0,1,1
124,1538190,-0.0012655966,-0.00420174,0.001204862,5004,0,-0.08725189,0.19062045,-10.31776,5004,0,0,1,1
125,1546070,-0.0023528414,-0.0024772733,0.0015106372,7880,0,-0.07771528,0.19445764,-10.266271,7880,0,0,1,1
126,1556202,-0.0012389533,-0.00092624134,0.00039933342,5004,0,-0.07504357,0.18894678,-10.247147,5004,0,0,1,1
127,1564207,-0.003533542,-0.002806991,0.00037480285,8005,0,-0.08500824,0.18625128,-10.266594,8005,0,0,1,1
128,1569211,-0.003402427,-0.0036559107,0.00043218353,5004,0,-0.08940854,0.20402563,-10.2413845,5004,0,0,1,1
129,1574214,-0.0029705726,-0.0036094785,3.329804e-05,5003,0,-0.069296815,0.1525538,-10.260309,5003,0,0,1,1
130,1582219,-0.0029881038,-0.0023367403,-0.00027825683,8005,0,-0.06974471,0.17607637,-10.28185,8005,0,0,1,1
131,1590225,-0.0023223273,-0.0016501695,0.00050816656,8006,0,-0.07857729,0.18595278,-10.216764,8006,0,0,1,1
132,1595228,-0.002279289,-0.0017243327,0.0008267644,5003,0,-0.08920367,0.20328504,-10.250725,5003,0,0,1,1
133,1600232,-0.0032496413,-0.00379549,0.0015178584,5004,0,-0.11142979,0.16811189,-10.242107,5004,0,0,1,1
134,1608237,-0.0041079484,-0.0010356903,-1.4523975e-05,8005,0,-0.06100761,0.18662728,-10.237479,8005,0,0,1,1
135,1618244,-0.001898054,-0.0013589561,0.00041921533,5004,0,-0.07767556,0.20834228,-10.266535,5004,0,0,1,1
136,1626249,-0.0021687483,-0.0032357124,0.00022927718,8005,0,-0.08471065,0.21034351,-10.251172,8005,0,0,1,1
137,1636256,-0.0011724532,-0.002357483,0.00017327815,5003,0,-0.08198732,0.17889097,-10.285919,5003,0,0,1,1
138,1644138,-0.0034677498,-0.0035075992,0.0010099413,7882,0,-0.067803115,0.21580479,-10.265526,7882,0,0,1,1
139,1654268,-0.0022041053,-0.0037959963,-4.6981964e-05,5003,0,-0.09538394,0.19732654,-10.268681,5003,0,0,1,1
140,1662274,-0.0021148173,-0.0018502622,0.0016607316,8006,0,-0.08710577,0.1976253,-10.250874,8006,0,0,1,1
141,1667277,-0.003935598,-0.00235112,0.0004457545,5003,0,-0.068816826,0.20738238,-10.238035,5003,0,0,1,1
142,1672281,-0.0030366927,-0.0019780993,1.2986362e-05,5004,0,-0.052776866,0.19037956,-10.237087,5004,0,0,1,1
143,1680161,-0.002451774,-0.0021168143,0.0011082537,7880,0,-0.062990025,0.19031654,-10.263894,7880,0,0,1,1
144,1688166,-0.002384115,-0.00097611535,0.0010556378,8005,0,-0.07657515,0.18659137,-10.252048,8005,0,0,1,1
145,1693170,-0.0019643418,-0.0022977293,0.0016508226,5004,0,-0.07264553,0.19110322,-10.258146,5004,0,0,1,1
146,1698299,-0.0030786472,-0.0020652413,0.0016294324,5129,0,-0.0804444,0.19330579,-10.269022,5129,0,0,1,1
147,1706304,-0.0027841888,-0.0021124184,0.0008329134,8005,0,-0.08605445,0.18355851,-10.276908,8005,0,0,1,1
148,1716310,-0.0025173016,-0.0017451496,-0.00085239304,5003,0,-0.09060343,0.17697653,-10.312494,5003,0,0,1,1
149,1724316,-0.0015778542,-0.0023866892,0.00026715174,8006,0,-0.09697744,0.19762096,-10.292326,8006,0,0,1,1
150,1734323,-0.0015914738,-0.0043749367,0.0019436353,5004,0,-0.081508,0.21241303,-10.275627,5004,0,0,1,1
151,1742328,-0.0033417158,-0.003052443,5.476875e-05,8005,0,-0.09129478,0.21438609,-10.274072,8005,0,0,1,1
152,1752335,-0.0035426763,-0.0022576451,-0.0008393447,5004,0,-0.08941236,0.1987616,-10.275869,5004,0,0,1,1
153,1760340,-0.0023392588,-0.0018917172,0.00020813661,8005,0,-0.0715382,0.20211239,-10.276314,8005,0,0,1,1
154,1768346,-0.0020226538,-0.002012342,0.0013321791,8006,0,-0.07214201,0.21124053,-10.2686825,8006,0,0,1,1
155,1773349,-0.002417419,-0.003749192,0.00027910434,5003,0,-0.08940706,0.21264881,-10.282576,5003,0,0,1,1
156,1778352,-0.0010859035,-0.003676027,-0.00085910363,5003,0,-0.08964513,0.18343988,-10.267729,5003,0,0,1,1
157,1786358,-0.0032582283,-0.002511412,0.00091157435,8006,0,-0.077380635,0.17368239,-10.255068,8006,0,0,1,1
158,1796365,-0.0018047875,-0.0016719997,-8.6926855e-05,5004,0,-0.08270367,0.19756478,-10.266769,5004,0,0,1,1
159,1804370,-0.0016067511,-0.0041137035,0.0002791588,8005,0,-0.10730796,0.19268592,-10.259408,8005,0,0,1,1
160,1814377,-0.0032431597,-0.0036892146,-0.00028657354,5004,0,-0.09228526,0.22437921,-10.241629,5004,0,0,1,1
161,1822382,-0.003054924,-0.0010676235,0.0004833303,8005,0,-0.101168886,0.19103928,-10.260604,8005,0,0,1,1
162,1832389,-0.0033825599,-0.002304554,0.0017975154,5004,0,-0.111198455,0.18655573,-10.260305,5004,0,0,1,1
163,1840394,-0.0019982532,-0.0017585306,-4.9692575e-05,8005,0,-0.054935668,0.18325716,-10.265394,8005,0,0,1,1
164,1848400,-0.0026596226,-0.0021162925,0.0011280477,8006,0,-0.040868904,0.1834122,-10.235914,8006,0,0,1,1
165,1853403,-0.0029461384,-0.001131922,0.0013928837,5003,0,-0.06537722,0.19241613,-10.231869,5003,0,0,1,1
166,1858407,-0.0030966026,-0.0016654134,0.00040580615,5004,0,-0.035533495,0.21359675,-10.282799,5004,0,0,1,1
167,1866412,-0.0035374349,-0.0018040686,0.0008701694,8005,0,-0.066006415,0.20391144,-10.249828,8005,0,0,1,1
168,1871415,-0.0010057688,-0.003396228,0.0012577747,5003,0,-0.050144635,0.2131274,-10.296217,5003,0,0,1,1
169,1876419,-0.0031697939,-0.0012459755,0.00091852713,5004,0,-0.05397828,0.22318621,-10.24762,5004,0,0,1,1
170,1884424,-0.003279667,-0.001650244,0.00021693156,8005,0,-0.077075824,0.2226155,-10.270779,8005,0,0,1,1
171,1889427,-0.0024048053,-0.001832083,0.0009782619,5003,0,-0.086774535,0.22438154,-10.254791,5003,0,0,1,1
172,1894431,-0.0014789104,-0.0023573637,0.0012116847,5004,0,-0.0824642,0.19612223,-10.252407,5004,0,0,1,1
173,1902436,-0.0031424162,-0.0019623486,0.0009033109,8005,0,-0.098325446,0.19238622,-10.23876,8005,0,0,1,1
174,1912443,-0.003125299,-0.0018667728,0.00043011832,5003,0,-0.08591002,0.19858347,-10.262901,5003,0,0,1,1
175,1920448,-0.0029093956,-0.0024742037,0.0004586235,8005,0,-0.080519676,0.2063028,-10.284397,8005,0,0,1,1
176,1928454,-0.0024846233,-0.002652928,0.00018725358,8006,0,-0.08965025,0.19777203,-10.209127,8006,0,0,1,1
177,1933457,-0.0029501244,-0.002477467,0.0007587003,5003,0,-0.09659301,0.18247634,-10.295259,5003,0,0,1,1
178,1938461,-0.0018246733,-0.0025243165,-0.0006399192,5004,0,-0.064034015,0.20163813,-10.201647,5004,0,0,1,1
179,1946466,-0.0031175276,-0.0019539148,0.00082092587,8005,0,-0.09892557,0.19672851,-10.258509,8005,0,0,1,1
180,1951470,-0.0035823844,-0.0031701326,0.0016174475,5004,0,-0.08222593,0.19924034,-10.222477,5004,0,0,1,1
181,1956473,-0.0028833598,-0.0025705695,0.0011048599,5003,0,-0.070496544,0.20068075,-10.308435,5003,0,0,1,1
182,1964478,-0.0026678108,-0.0028571782,-0.00053232297,8005,0,-0.097728014,0.17892681,-10.280358,8005,0,0,1,1
183,1969482,-0.0032763334,-0.0027771294,0.00019233208,5004,0,-0.07312375,0.20833874,-10.262695,5004,0,0,1,1
184,1974360,-0.00294533,-0.0028459579,0.000216607,4878,0,-0.05413548,0.2075201,-10.2688875,4878,0,0,1,1
185,1982490,-0.0041088723,-0.0012483448,0.0005037694,8130,0,-0.090109915,0.17163277,-10.241496,8130,0,0,1,1
186,1992372,-0.0011598244,-0.0027433336,5.9192065e-05,4878,0,-0.046239473,0.22019368,-10.225614,4878,0,0,1,1
187,2000378,-0.0035160778,-0.0030665842,0.00053139747,8006,0,-0.09331556,0.20323655,-10.239931,8006,0,0,1,1
188,2008508,-0.0013992265,-0.0022272319,0.0007130448,8130,0,-0.07134208,0.23395754,-10.244648,8130,0,0,1,1
189,2013512,-0.0045774505,-0.00163275,-0.00063444953,5004,0,-0.08438114,0.21755737,-10.29397,5004,0,0,1,1
190,2018515,-0.0016051047,-0.002836898,0.0014513601,5003,0,-0.07312835,0.19924147,-10.262217,5003,0,0,1,1
191,2026520,-0.0026972443,-0.002769753,0.0004997106,8005,0,-0.0929438,0.19822425,-10.244893,8005,0,0,1,1
192,2031524,-0.0031163655,-0.0012588799,-0.0012783958,5004,0,-0.094911285,0.19684662,-10.254795,5004,0,0,1,1
193,2036527,-0.0040884316,-0.0027238727,2.6220921e-05,5003,0,-0.07264596,0.2030718,-10.286638,5003,0,0,1,1
194,2044533,-0.0016320422,-0.0029942244,5.8747824e-05,8006,0,-0.098326914,0.18490684,-10.224993,8006,0,0,1,1
195,2049536,-0.002097685,-0.0027706325,0.00151732,5003,0,-0.085818864,0.1867907,-10.262455,5003,0,0,1,1
196,2054539,-0.0023040213,-0.002916932,4.6086498e-05,5003,0,-0.080552384,0.21265027,-10.296217,5003,0,0,1,1
197,2062545,-0.001581911,-0.0025490075,4.251348e-05,8006,0,-0.08695176,0.1834099,-10.262398,8006,0,0,1,1
198,2070550,-0.003125865,-0.0026407093,-0.00034938563,8005,0,-0.05208909,0.16081266,-10.230226,8005,0,0,1,1
199,2080557,-0.0032896434,-0.00242424,0.0012113291,5003,0,-0.08893065,0.20307492,-10.298847,5003,0,0,1,1
200,2088562,-0.0029759181,-0.0016002505,0.00065361656,8005,0,-0.08814986,0.17397852,-10.270476,8005,0,0,1,1
201,2098569,-0.0030229576,-0.0021645129,0.0005656844,5003,0,-0.11885363,0.19971666,-10.218885,5003,0,0,1,1
202,2106575,-0.0031592064,-0.0023037193,0.00047895126,8006,0,-0.08142036,0.20825495,-10.239649,8006,0,0,1,1
203,2111578,-0.004561171,-0.0029303432,0.0008719547,5003,0,-0.10353611,0.23898172,-10.257673,5003,0,0,1,1
204,2116581,-0.0033364554,-0.0025709867,0.00081162545,5003,0,-0.104969606,0.22677912,-10.286404,5003,0,0,1,1
205,2124587,-0.002231177,-0.00093862414,0.0010113406,8006,0,-0.08231423,0.19089052,-10.28529,8006,0,0,1,1
206,2129590,-0.002277404,-0.0017783493,0.00045910315,5003,0,-0.08773379,0.17649534,-10.255037,5003,0,0,1,1
207,2134593,-0.0028035343,-0.002603814,0.0004923728,5003,0,-0.088690415,0.1899068,-10.269402,5003,0,0,1,1
208,2142599,-0.0029215068,-0.0023367703,0.0007371062,8006,0,-0.09293996,0.19118913,-10.256262,8006,0,0,1,1
209,2150604,-0.0023058914,-0.0027155278,7.520243e-05,8005,0,-0.06765126,0.19942255,-10.264491,8005,0,0,1,1
210,2160611,-0.0016520731,-0.002171576,0.00037899753,5003,0,-0.062108222,0.21672851,-10.268684,5003,0,0,1,1
211,2168617,-0.0028757304,-0.0018999575,9.234063e-05,8006,0,-0.06361263,0.1952314,-10.276012,8006,0,0,1,1
212,2178623,-0.0034030045,-0.003349632,0.0012645707,5003,0,-0.10042359,0.1808064,-10.296936,5003,0,0,1,1
213,2186629,-0.0033749267,-0.0028527677,0.00090344384,8006,0,-0.09458772,0.17577812,-10.283199,8006,0,0,1,1
214,2196636,-0.0023569576,0.00045885146,0.0007319258,5004,0,-0.11071521,0.21719138,-10.2969265,5004,0,0,1,1
215,2204641,-0.00345866,-0.0029695032,0.00089945825,8005,0,-0.073937945,0.192991,-10.262255,8005,0,0,1,1
216,2209644,-0.0015051924,-0.0020717978,0.0008649067,5003,0,-0.088451385,0.1875071,-10.278254,5003,0,0,1,1
217,2214648,-0.003775686,-0.000519827,0.001151507,5004,0,-0.09084152,0.18511942,-10.293104,5004,0,0,1,1
218,2222653,-0.0024435108,-0.0028154552,0.0016359462,8005,0,-0.10027042,0.18236284,-10.272123,8005,0,0,1,1
219,2230659,-0.0037212372,-0.001471445,-0.00059472304,8006,0,-0.103266634,0.21737432,-10.287982,8006,0,0,1,1
220,2235662,-0.0032294802,-0.0021978766,-0.00093905116,5003,0,-0.07288715,0.19613135,-10.280657,5003,0,0,1,1
221,2240665,-0.0020110868,-0.003143251,0.0006585808,5003,0,-0.1006619,0.22892687,-10.278259,5003,0,0,1,1
222,2248671,-0.0023143403,-0.0028713495,0.00010786484,8006,0,-0.103748105,0.2185031,-10.228176,8006,0,0,1,1
223,2258553,-0.0020511972,-0.002751246,0.0011412913,4879,0,-0.040995263,0.15337363,-10.276815,4879,0,0,1,1
224,2266683,-0.0027129054,-0.0026750863,0.0009321885,8130,0,-0.09394063,0.18778625,-10.2914295,8130,0,0,1,1
225,2276690,-0.0024906471,-0.0024574846,0.00037265243,5004,0,-0.09874253,0.18319887,-10.294783,5004,0,0,1,1
226,2284695,-0.002012916,-0.0025686917,0.0014231376,8005,0,-0.07290728,0.18952708,-10.255534,8005,0,0,1,1
227,2294702,-0.0042017996,-0.0028170496,0.0016638536,5003,0,-0.09347739,0.21049345,-10.267006,5003,0,0,1,1
228,2302708,-0.0035210736,-0.0016565322,0.0007507468,8006,0,-0.07810673,0.19881894,-10.255461,8006,0,0,1,1
229,2307711,-0.0044695437,-0.0027620792,0.0018784994,5003,0,-0.06493145,0.19638886,-10.238636,5003,0,0,1,1
230,2312714,-0.0034400187,-0.0041086376,0.00074564945,5003,0,-0.07425271,0.20192568,-10.301077,5003,0,0,1,1
231,2320720,-0.0037203245,-0.0023403612,0.0006377457,8006,0,-0.08152996,0.200037,-10.258644,8006,0,0,1,1
232,2328725,-0.0025556087,-0.0011468232,0.0009827238,8005,0,-0.08081816,0.21707891,-10.221693,8005,0,0,1,1
233,2333728,-0.0042285062,-0.0030768958,0.0013710032,5003,0,-0.1001812,0.19636849,-10.301477,5003,0,0,1,1
234,2338732,-0.0031192154,-0.0029429197,0.00046490156,5004,0,-0.083052464,0.19774039,-10.257591,5004,0,0,1,1
235,2346737,-0.0020003691,-0.003721535,0.0005461108,8005,0,-0.06893972,0.203872,-10.257293,8005,0,0,1,1
236,2356744,-0.001331497,-0.002622336,0.0013085855,5128,0,-0.09881512,0.20447809,-10.259867,5128,0,0,1,1
237,2364749,-0.0024973003,-0.0027697382,0.00026687793,8005,0,-0.07408688,0.20435809,-10.270777,8005,0,0,1,1
238,2374756,-0.0023241602,-0.0034629107,0.00082519907,5003,0,-0.07049511,0.2109624,-10.304356,5003,0,0,1,1
239,2382638,-0.0029154231,-0.0027044415,0.0005377645,7882,0,-0.087190166,0.2057719,-10.26705,7882,0,0,1,1
240,2392769,-0.0029036775,-0.001574427,0.0005701792,5004,0,-0.093304135,0.17773467,-10.272913,5004,0,0,1,1
241,2400774,-0.00052918115,-0.0015585421,-7.437775e-05,8005,0,-0.079767175,0.20465644,-10.285437,8005,0,0,1,1
242,2408656,-0.0028322302,-0.0017635226,0.00038735662,7882,0,-0.069632486,0.1976279,-10.274687,7882,0,0,1,1
243,2413783,-0.0031184144,-0.0021903515,7.8312594e-05,5127,0,-0.07781826,0.18250927,-10.266104,5127,0,0,1,1
244,2418786,-0.0018915124,-0.0023775399,0.002090425,5003,0,-0.11239651,0.18224472,-10.263893,5003,0,0,1,1
245,2426791,-0.001269754,-0.003439471,0.00022926692,8005,0,-0.052688465,0.18744646,-10.282746,8005,0,0,1,1
246,2431795,-0.0023111217,-0.0027568936,0.000292568,5004,0,-0.054689977,0.19277734,-10.227505,5004,0,0,1,1
247,2436798,-0.003316287,-0.0011659414,0.0001329733,5003,0,-0.09467114,0.21552429,-10.24354,5003,0,0,1,1
248,2444804,-0.00250151,-0.0035351512,0.0013113942,8006,0,-0.07169613,0.20286304,-10.237415,8006,0,0,1,1
249,2454810,-0.0032562132,-0.0023642331,0.0008785242,5003,0,-0.09132294,0.23276223,-10.232536,5003,0,0,1,1
250,2462816,-0.0017880015,-0.0023394674,0.0014895252,8006,0,-0.054258015,0.21878272,-10.19562,8006,0,0,1,1
251,2472823,-0.0013524145,-0.0029634088,0.00015287474,5004,0,-0.09802557,0.20618874,-10.289753,5004,0,0,1,1
252,2480828,-0.003978878,-0.001983091,0.000408404,8005,0,-0.10865058,0.20420825,-10.262692,8005,0,0,1,1
253,2490835,-0.003403563,-0.0024433285,0.0017049063,5129,0,-0.094432205,0.17137003,-10.253731,5129,0,0,1,1
254,2498840,-0.0017186514,-0.0025564728,0.0010972262,8005,0,-0.0859713,0.17619585,-10.260746,8005,0,0,1,1
255,2506846,-0.0027592778,-0.0019000918,0.0008822514,8006,0,-0.08620982,0.18012065,-10.261946,8006,0,0,1,1
256,2511849,-0.0021959208,-0.0027030706,0.001852762,5003,0,-0.100625776,0.18849966,-10.246956,5003,0,0,1,1
257,2516853,-0.0009792522,-0.0016320051,0.0017703531,5004,0,-0.10856048,0.18272036,-10.261976,5004,0,0,1,1
258,2524858,-0.002056092,-0.0031773744,0.00094956433,8005,0,-0.087852724,0.19672658,-10.228279,8005,0,0,1,1
259,2534742,-0.0019119085,-0.003615305,0.0002445467,4881,0,-0.053420555,0.1991226,-10.250664,4881,0,0,1,1
260,2542870,-0.0019416512,-0.0027524682,-0.0011148915,8128,0,-0.07863153,0.20760311,-10.250466,8128,0,0,1,1
261,2552877,-0.003741827,-0.0020642877,0.0002128086,5004,0,-0.041287184,0.16045558,-10.282806,5004,0,0,1,1
262,2560882,-0.0023599376,-0.0016088038,0.0008992247,8005,0,-0.05687869,0.23099582,-10.268237,8005,0,0,1,1
263,2570764,-0.0029565804,-0.0028636307,0.00041918643,5003,0,-0.065945745,0.1913434,-10.203085,5003,0,0,1,1
264,2578895,-0.0033869334,-0.0026030988,-0.00036409963,8131,0,-0.103571385,0.21317524,-10.260498,8131,0,0,1,1
265,2586900,-0.0016127639,-0.0024036018,0.0006366798,8005,0,-0.109607056,0.19070114,-10.273732,8005,0,0,1,1
266,2591779,-0.0021924677,-0.0013611168,0.0011300499,4879,0,-0.071043506,0.23148356,-10.261806,4879,0,0,1,1
267,2596907,-0.0033870377,-0.0021149814,0.0007828036,5128,0,-0.04831091,0.20968129,-10.279697,5128,0,0,1,1
268,2604912,-0.003075931,-0.0031567065,0.0017187017,8005,0,-0.07453612,0.20705093,-10.265538,8005,0,0,1,1
269,2609915,-0.0018912592,-0.0037689507,0.002023479,5003,0,-0.08701142,0.20714238,-10.242102,5003,0,0,1,1
270,2614919,-0.003236428,-0.002970457,0.0017639429,5004,0,-0.07360795,0.20355055,-10.297419,5004,0,0,1,1
271,2622924,-0.001869358,-0.002413809,0.0008458143,8005,0,-0.08843834,0.19321279,-10.285268,8005,0,0,1,1
272,2632806,-0.0030299646,-0.0026973484,0.00014932454,4878,0,-0.08022384,0.20294271,-10.230373,4878,0,0,1,1
273,2640937,-0.0024483614,-0.0022797883,-0.00017926516,8131,0,-0.07445493,0.18099043,-10.26684,8131,0,0,1,1
274,2648942,-0.0032045243,-0.00321497,0.00019624036,8005,0,-0.08650548,0.17473088,-10.286193,8005,0,0,1,1
275,2658824,-0.0033369362,-0.0030447992,0.0006669464,4879,0,-0.07528329,0.18185796,-10.27961,4879,0,0,1,1
276,2666954,-0.0015736371,-0.0018582642,-0.0003399197,8130,0,-0.08116037,0.22147705,-10.248226,8130,0,0,1,1
277,2671957,-0.00057287514,-0.00358288,-0.00073280325,5003,0,-0.08581934,0.16835397,-10.295263,5003,0,0,1,1
278,2676961,-0.0029231831,-0.0037219673,0.000112660695,5004,0,-0.06905806,0.1987616,-10.277538,5004,0,0,1,1
279,2684966,-0.0027717946,-0.0030650941,0.00022945133,8005,0,-0.08456201,0.21258886,-10.244887,8005,0,0,1,1
280,2689970,-0.0019046888,-0.0025840104,0.0011448716,5004,0,-0.06762053,0.20306946,-10.289034,5004,0,0,1,1
281,2694973,-0.0041350983,-0.0030631425,0.0011713638,5003,0,-0.063309155,0.18750498,-10.261976,5003,0,0,1,1
282,2702978,-0.0024515798,-0.0019582657,0.0012739374,8005,0,-0.05253967,0.2078017,-10.290832,8005,0,0,1,1
283,2710984,-0.0020900331,-0.0038140563,0.00047870094,8006,0,-0.043708548,0.18924348,-10.235612,8006,0,0,1,1
284,2720991,-0.0023244396,-0.0039821267,-0.000120218385,5004,0,-0.080791995,0.22892863,-10.233246,5004,0,0,1,1
285,2728996,-0.0035956835,-0.0020703524,0.0013985179,8005,0,-0.09533217,0.23593257,-10.277514,8005,0,0,1,1
286,2739003,-0.001299046,-0.002264455,0.00082534994,5004,0,-0.058285594,0.20307088,-10.261978,5004,0,0,1,1
287,2747008,-0.003829695,-0.0022905022,0.00043646616,8005,0,-0.061366957,0.22347628,-10.282296,8005,0,0,1,1
288,2752012,-0.0014718361,-0.0029500425,0.00032615615,5004,0,-0.09180106,0.1640467,-10.267014,5004,0,0,1,1
289,2757015,-0.0031898655,-0.0033297988,0.0017509835,5003,0,-0.07959025,0.17051345,-10.306513,5003,0,0,1,1
290,2765021,-0.0014318228,-0.0035810915,0.0006157101,8006,0,-0.08800427,0.18101412,-10.280058,8006,0,0,1,1
291,2770024,-0.0019132309,-0.0033643842,0.0009457289,5003,0,-0.1159859,0.21642059,-10.274521,5003,0,0,1,1
292,2775027,-0.0017318651,-0.002776876,0.0005123967,5003,0,-0.08965088,0.2191139,-10.250729,5003,0,0,1,1
293,2783033,-0.0024975426,-0.003077656,5.5041164e-07,8006,0,-0.088897526,0.22665328,-10.265685,8006,0,0,1,1
294,2791038,-0.0043069683,-0.0025237948,0.0014613948,8005,0,-0.09563694,0.20929773,-10.239502,8005,0,0,1,1
295,2801045,-0.0020178482,-0.002224505,0.0004858838,5004,0,-0.064027555,0.18894395,-10.246178,5004,0,0,1,1
296,2809050,-0.0015607326,-0.0018540471,0.0010200575,8005,0,-0.070643626,0.21752788,-10.258507,8005,0,0,1,1
297,2819057,-0.0028105453,-0.0022380203,0.0007254137,5003,0,-0.09778795,0.19924268,-10.250967,5003,0,0,1,1
298,2827062,-0.0014694518,-0.0027279106,0.000807875,8005,0,-0.10431424,0.19523098,-10.235017,8005,0,0,1,1
299,2837069,-0.0018113552,-0.0009328127,0.00033888267,5003,0,-0.069060646,0.18678543,-10.264608,5003,0,0,1,1
300,2845075,-0.0037082843,-0.0031233132,0.00062466715,8006,0,-0.07408329,0.20870076,-10.271378,8006,0,0,1,1
301,2850078,-0.0022818,-0.0018633455,0.0017239887,5003,0,-0.05080312,0.20456994,-10.294659,5003,0,0,1,1
302,2855081,-0.0037823245,-0.003509298,0.0017972855,5003,0,-0.06450817,0.20283519,-10.27994,5003,0,0,1,1
303,2863087,-0.0030644608,-0.0025849938,0.00024596648,8006,0,-0.08263765,0.2058533,-10.263351,8006,0,0,1,1
304,2868090,-0.0014516674,-0.003336206,-0.0005463958,5003,0,-0.098503865,0.24521486,-10.283524,5003,0,0,1,1
305,2873094,-0.00082422426,-0.0021227747,0.0022089481,5004,0,-0.069444895,0.21530986,-10.284992,5004,0,0,1,1
306,2881099,-0.0018567032,-0.0023577658,0.0010697881,8005,0,-0.089049675,0.19104153,-10.26524,8005,0,0,1,1
307,2889104,-0.0025306006,-0.003019273,-0.0004906072,8005,0,-0.08665353,0.21992086,-10.312676,8005,0,0,1,1
308,2899111,-0.0022176355,-0.002716869,0.0006923154,5003,0,-0.05085935,0.20665835,-10.2751465,5003,0,0,1,1
309,2907117,-0.003043141,-0.003068,0.00074161333,8006,0,-0.10032472,0.20379907,-10.265579,8006,0,0,1,1
310,2917123,-0.000852637,-0.0018980056,-0.00039320206,5003,0,-0.09754988,0.19637063,-10.266529,5003,0,0,1,1
311,2925129,-0.0027635098,-0.0027407554,0.0008824642,8006,0,-0.09069334,0.20241174,-10.26539,8006,0,0,1,1
312,2935136,-0.0024706908,-0.0029899776,-0.00040643523,5004,0,-0.06810282,0.2080947,-10.252882,5004,0,0,1,1
313,2943141,-0.0021336712,-0.002125427,0.0005352881,8005,0,-0.08203426,0.17568456,-10.271749,8005,0,0,1,1
314,2948144,-0.0020244494,-0.001365602,-0.00088592333,5003,0,-0.07671726,0.17266908,-10.250727,5003,0,0,1,1
315,2953148,-0.0007928834,-0.0019448549,-0.0002932772,5004,0,-0.05924705,0.18200725,-10.254557,5004,0,0,1,1
316,2961153,-0.0024855137,-0.0024274138,0.0009523031,8005,0,-0.103489205,0.22476597,-10.270462,8005,0,0,1,1
317,2969159,-0.0010869503,-0.003181681,0.00075802417,8006,0,-0.071240224,0.2188726,-10.290529,8006,0,0,1,1
318,2974162,-0.0023240037,-0.0037823468,0.0006386216,5003,0,-0.090129904,0.20713902,-10.28137,5003,0,0,1,1
319,2979165,-0.0021817945,-0.0025422275,0.000453403,5003,0,-0.08569563,0.18807706,-10.192341,5003,0,0,1,1
320,2987171,-0.0029799938,-0.0018710196,0.00056225294,8006,0,-0.10296624,0.18520516,-10.284988,8006,0,0,1,1
321,2997178,-0.003278859,-0.0021476746,0.0006316446,5004,0,-0.06684065,0.21321179,-10.256672,5004,0,0,1,1
322,3005183,-0.0028841866,-0.0031482724,9.654415e-05,8005,0,-0.072290406,0.19373406,-10.266137,8005,0,0,1,1
323,3015190,-0.0023311675,-0.0030498358,-0.0011986154,5004,0,-0.05613205,0.22749425,-10.282566,5004,0,0,1,1
324,3023195,-0.0035544035,-0.0025824457,0.0027013614,8005,0,-0.04490394,0.18640159,-10.246984,8005,0,0,1,1
325,3033202,-0.0031163993,-0.0030639023,0.0015578275,5003,0,-0.09276027,0.17745152,-10.278986,5003,0,0,1,1
326,3041207,-0.001397293,-0.0043763365,0.0006293396,8005,0,-0.08136026,0.20057677,-10.297656,8005,0,0,1,1
327,3046211,-0.0031027908,-0.002277702,-6.051548e-05,5004,0,-0.098984145,0.23754759,-10.296213,5004,0,0,1,1
328,3051090,-0.00081384555,-0.002546266,0.00021847153,4879,0,-0.10564191,0.16549161,-10.2429905,4879,0,0,1,1
329,3059220,-0.0025170855,-0.0025440454,3.0953903e-05,8130,0,-0.09497091,0.19493118,-10.275287,8130,0,0,1,1
330,3067225,-0.0039070807,-0.0033486038,0.00094531727,8005,0,-0.114782184,0.20963301,-10.234799,8005,0,0,1,1
331,3072228,-0.0044417903,-0.0019250661,0.001144524,5003,0,-0.12125453,0.20977488,-10.268204,5003,0,0,1,1
332,3077232,-0.0018448645,-0.00059345365,-0.00012024259,5004,0,-0.075526565,0.19852196,-10.25432,5004,0,0,1,1
333,3085237,-0.003272254,-0.0018986462,0.0012170331,8005,0,-0.07414447,0.18764122,-10.277177,8005,0,0,1,1
334,3095244,-0.0019114651,-0.0023245215,0.001417385,5003,0,-0.0781589,0.18224424,-10.305313,5003,0,0,1,1
335,3103249,-0.002488833,-0.0034935174,0.00047476284,8005,0,-0.09772981,0.21288781,-10.259105,8005,0,0,1,1
336,3113256,-0.003043048,-0.0025841892,0.00013303338,5003,0,-0.0740857,0.20618695,-10.216253,5003,0,0,1,1
337,3121262,-0.0025267228,-0.0018584579,0.00097402086,8006,0,-0.08081838,0.20346144,-10.246534,8006,0,0,1,1
338,3131144,-0.004731104,-0.003014207,-3.3232387e-05,4879,0,-0.0987049,0.20871218,-10.230781,4879,0,0,1,1
339,3139274,-0.0031876639,-0.0026386825,-0.00013359357,8130,0,-0.08577679,0.20486197,-10.26386,8130,0,0,1,1
340,3147279,-0.0017606466,-0.0034187732,0.00041242267,8005,0,-0.06764946,0.22366066,-10.3059435,8005,0,0,1,1
341,3152283,-0.0018515364,-0.0037423673,0.0010781852,5004,0,-0.09491223,0.21863344,-10.293583,5004,0,0,1,1
342,3157286,-0.0031237453,-0.002750352,6.574532e-05,5003,0,-0.07240884,0.22437915,-10.2344475,5003,0,0,1,1
343,3165166,-0.0027655924,-0.0018799455,0.00043896402,7880,0,-0.10536543,0.23943767,-10.247651,7880,0,0,1,1
344,3170170,-0.0020115338,-0.0027171075,-0.0004794402,5004,0,-0.07648253,0.20259145,-10.239231,5004,0,0,1,1
345,3175176,-0.0025034845,-0.0019257216,0.0003797654,5006,0,-0.0793581,0.2270295,-10.220547,5006,0,0,1,1
346,3183304,-0.0029261708,-0.0014080853,0.00073315017,8128,0,-0.07958193,0.19584344,-10.285221,8128,0,0,1,1
347,3193186,-0.0042959005,-0.003255591,0.00057433895,4879,0,-0.11561325,0.181829,-10.258862,4879,0,0,1,1
348,3201316,-0.0025282912,-0.001669243,0.0008360094,8130,0,-0.117475666,0.20658955,-10.268995,8130,0,0,1,1
349,3211323,-0.0010528751,-0.0036626458,0.0013048453,5004,0,-0.07743466,0.15518945,-10.2337265,5004,0,0,1,1
350,3219328,-0.004153706,-0.0037308035,0.0010527985,8005,0,-0.07633139,0.20106663,-10.2389,8005,0,0,1,1
351,3227334,-0.00227651,-0.0036182553,0.00012964614,8006,0,-0.069895394,0.19552764,-10.284683,8006,0,0,1,1
352,3232337,-0.0031921791,-0.0026789457,0.0009464605,5003,0,-0.1098518,0.22405307,-10.243486,5003,0,0,1,1
353,3237340,-0.0030764937,-0.0031899211,0.0012381151,5003,0,-0.09108582,0.20283328,-10.313934,5003,0,0,1,1
354,3245346,-0.0020813495,-0.0028445125,0.0011946685,8006,0,-0.07797874,0.19896984,-10.239803,8006,0,0,1,1
355,3250349,-0.0029234476,-0.0017184764,0.0010518609,5003,0,-0.08605311,0.17553726,-10.239233,5003,0,0,1,1
356,3255352,-0.002550412,-0.002750203,0.0018703612,5003,0,-0.069295615,0.19804007,-10.278257,5003,0,0,1,1
357,3263358,-0.0024932323,-0.0024825484,0.0020603167,8006,0,-0.09219143,0.20944849,-10.271681,8006,0,0,1,1
358,3273365,-0.003076054,-0.0032161176,0.0010652556,5004,0,-0.050861843,0.21145539,-10.282806,5004,0,0,1,1
359,3281370,-0.0031094064,-0.0009013563,0.0015156708,8005,0,-0.0725889,0.22665276,-10.259705,8005,0,0,1,1
360,3291377,-0.002064623,-0.00038680434,0.000772052,5004,0,-0.070492476,0.19804087,-10.270603,5004,0,0,1,1
361,3299382,-0.0018272846,-0.0022077262,0.0008122301,8005,0,-0.1029673,0.20151767,-10.258657,8005,0,0,1,1
362,3307388,-0.0024393722,-0.0023037344,6.730016e-05,8006,0,-0.06914432,0.1642577,-10.29307,8006,0,0,1,1
363,3312391,-0.004414659,-0.0027903318,0.0003924286,5003,0,-0.06427272,0.19301552,-10.261501,5003,0,0,1,1
364,3317394,-0.003962096,-0.0034562498,-0.00033966033,5003,0,-0.06642573,0.19876556,-10.213131,5003,0,0,1,1
365,3325400,-0.0032459907,-0.0020787418,0.00085342536,8006,0,-0.07318376,0.19088936,-10.263447,8006,0,0,1,1
366,3330403,-0.0020646304,-0.0011260957,0.00083180657,5003,0,-0.053498097,0.17649609,-10.303638,5003,0,0,1,1
367,3335407,-0.0034558775,-0.0015517176,6.006006e-05,5004,0,-0.042722076,0.19205797,-10.286873,5004,0,0,1,1
368,3343412,-0.0033460818,-0.0025032908,0.00067431753,8005,0,-0.08126934,0.18729977,-10.235461,8005,0,0,1,1
369,3348415,-0.00238394,-0.0029901564,0.00079214893,5003,0,-0.06450793,0.20378752,-10.272753,5003,0,0,1,1
370,3353419,-0.001978781,-0.002444014,0.00073126354,5004,0,-0.057339195,0.23419073,-10.271559,5004,0,0,1,1
371,3361424,-0.003961894,-0.003011137,0.00096150325,8005,0,-0.079170644,0.18984172,-10.248931,8005,0,0,1,1
372,3369430,-0.0029176062,-0.0029817075,0.00039988334,8006,0,-0.085009724,0.2121414,-10.254015,8006,0,0,1,1
373,3379436,-0.002317734,-0.0032565144,-0.00027355878,5003,0,-0.083898425,0.22461674,-10.2485695,5003,0,0,1,1
374,3387442,-0.0030187366,-0.0040142536,0.0011908608,8006,0,-0.072832376,0.21055362,-10.238847,8006,0,0,1,1
375,3397449,-0.0027490072,-0.002606243,0.0010229603,5129,0,-0.07621662,0.23385479,-10.285702,5129,0,0,1,1
376,3405454,-0.0032462364,-0.0029568223,8.779996e-05,8005,0,-0.07722641,0.21887435,-10.228732,8005,0,0,1,1
377,3410457,-0.0021244474,-0.0017648786,0.000532395,5003,0,-0.064508885,0.19947833,-10.28137,5003,0,0,1,1
378,3415336,-0.0018861481,-0.0026649237,0.00134102,4879,0,-0.060089998,0.20153247,-10.244992,4879,0,0,1,1
379,3423466,-0.0026993044,-0.0028508601,7.5309996e-05,8130,0,-0.109022185,0.20292306,-10.255642,8130,0,0,1,1
380,3428470,-0.0028510652,-0.0027925074,0.0013860252,5004,0,-0.094612,0.19693802,-10.2723675,5004,0,0,1,1
381,3433473,-0.0013257265,-0.0027571023,0.002376569,5003,0,-0.057565797,0.20881729,-10.249523,5003,0,0,1,1
382,3441478,-0.0029341353,-0.0027862338,0.001585733,8005,0,-0.06899895,0.18460707,-10.24878,8005,0,0,1,1
383,3449484,-0.0029880777,-0.0027403233,0.00083286874,8006,0,-0.06989105,0.1823628,-10.224091,8006,0,0,1,1
384,3459491,-0.0034368522,-0.0033114406,0.00033020694,5004,0,-0.07408689,0.15976998,-10.275442,5004,0,0,1,1
385,3467496,-0.002876084,-0.0026990173,0.0007872765,8005,0,-0.08126785,0.19164029,-10.233816,8005,0,0,1,1
386,3477503,-0.004288174,-0.0026438385,0.0015642075,5004,0,-0.09635335,0.20522869,-10.248095,5004,0,0,1,1
387,3485508,-0.0012236311,-0.0032852737,0.0019331088,8005,0,-0.07971454,0.23859115,-10.251437,8005,0,0,1,1
388,3490390,-0.0027370192,-0.003931567,0.000923577,4882,0,-0.09141914,0.19485557,-10.279316,4882,0,0,1,1
389,3495515,-0.0017196013,-0.0035968274,0.0014113302,5125,0,-0.084990405,0.22754204,-10.27964,5125,0,0,1,1
390,3503520,-0.002209082,-0.0030037162,0.00012754694,8005,0,-0.099281035,0.20368548,-10.258843,8005,0,0,1,1
391,3511526,-0.0021631792,-0.0020121038,0.0016840853,8006,0,-0.08210415,0.20725492,-10.273349,8006,0,0,1,1
392,3516529,-0.0015715212,-0.003449142,-5.3746626e-05,5003,0,-0.093240984,0.2016376,-10.257183,5003,0,0,1,1
393,3521533,-0.001805097,-0.002178073,0.00064543594,5004,0,-0.08318691,0.19780713,-10.261978,5004,0,0,1,1
394,3529538,-0.0017207674,-0.0027247518,0.0016206884,8005,0,-0.09795219,0.20383649,-10.264756,8005,0,0,1,1
395,3539545,-0.0014055297,-0.002877131,0.0013644927,5004,0,-0.055169396,0.1910975,-10.246891,5004,0,0,1,1
396,3547550,-0.0023060886,-0.0033273397,0.0014364303,8005,0,-0.062416013,0.21857542,-10.258805,8005,0,0,1,1
397,3557557,-0.002310723,-0.0017050059,0.0018306032,5003,0,-0.08031406,0.18511409,-10.272276,5003,0,0,1,1
398,3565562,-0.0030631644,-0.0025739667,-0.00034896377,8005,0,-0.079472125,0.1946358,-10.268382,8005,0,0,1,1
399,3575569,-0.0039479546,-0.0015321969,0.00028942898,5003,0,-0.09341781,0.1911324,-10.265863,5003,0,0,1,1
400,3583575,-0.0028552487,-0.0019580573,0.0006413899,8006,0,-0.10805474,0.19642836,-10.2691345,8006,0,0,1,1
401,3591580,-0.0029047763,-0.002644628,0.00035416984,8005,0,-0.07363497,0.20301075,-10.269427,8005,0,0,1,1
402,3596584,-0.003256325,-0.0020381361,0.00085197366,5004,0,-0.073604845,0.19660813,-10.241386,5004,0,0,1,1
403,3601587,-0.0034495892,-0.003456071,0.0012782884,5003,0,-0.08892658,0.21720374,-10.225111,5003,0,0,1,1
404,3609592,-0.0024847127,-0.002748847,8.3375715e-05,8005,0,-0.10520911,0.22306265,-10.271373,8005,0,0,1,1
405,3614596,-0.0031766035,-0.0036825242,0.0014911285,5004,0,-0.10569045,0.22725832,-10.304117,5004,0,0,1,1
406,3619599,-0.0029699132,-0.0030166507,0.00016576052,5003,0,-0.09060607,0.23514873,-10.323509,5003,0,0,1,1
407,3627480,-0.0039579608,-0.0027084795,0.0011108979,7881,0,-0.06422453,0.1951397,-10.267004,7881,0,0,1,1
408,3637611,-0.0023569763,-0.0012390912,0.0010051599,5003,0,-0.09132127,0.17576963,-10.275158,5003,0,0,1,1
409,3645617,-0.0023796929,-0.0024503171,0.0005993834,8006,0,-0.06159075,0.1881448,-10.214766,8006,0,0,1,1
410,3653622,-0.001790028,-0.0030694453,0.0017395368,8005,0,-0.075280696,0.21333902,-10.255071,8005,0,0,1,1
411,3658625,-0.0042551234,-0.0030701307,0.0006520753,5003,0,-0.061875645,0.18439505,-10.212179,5003,0,0,1,1
412,3663629,-0.0021001995,-0.002464801,0.00023413358,5004,0,-0.09461607,0.2086992,-10.263254,5004,0,0,1,1
413,3671634,-0.0020603088,-0.0015709399,-0.000223984,8005,0,-0.07094318,0.19747822,-10.284095,8005,0,0,1,1
414,3676638,-0.0025371164,-0.003276557,6.380025e-06,5004,0,-0.08557705,0.21025015,-10.284727,5004,0,0,1,1
415,3681641,-0.0038888454,-0.0023310333,-0.00025337609,5003,0,-0.03601535,0.18894657,-10.263172,5003,0,0,1,1
416,3689646,-0.0020784214,-0.0028619615,-5.2420884e-05,8005,0,-0.08719128,0.20166406,-10.270213,8005,0,0,1,1
417,3694650,-0.002290897,-0.0035095813,-5.9940387e-05,5004,0,-0.116703354,0.20211639,-10.28401,5004,0,0,1,1
418,3699653,-0.003189806,-0.0023310333,0.00091853226,5003,0,-0.09730988,0.21168843,-10.238279,5003,0,0,1,1
419,3707659,-0.003133908,-0.0025115758,0.0015120117,8006,0,-0.07243927,0.17847395,-10.264644,8006,0,0,1,1
420,3712662,-0.0020848513,-0.003829062,0.001024808,5003,0,-0.08437985,0.17218792,-10.268204,5003,0,0,1,1
421,3717665,-0.00087294355,-0.0022378117,0.0022635397,5003,0,-0.076718695,0.22318543,-10.233963,5003,0,0,1,1
422,3725546,-0.0023459718,-0.0032415686,0.0006792941,7881,0,-0.06462554,0.19621924,-10.251435,7881,0,0,1,1
423,3735678,-0.0016483963,-0.0024419576,0.0013683212,5004,0,-0.0777258,0.18341348,-10.2855835,5004,0,0,1,1
424,3743683,-0.00405582,-0.0022005886,0.0007967422,8005,0,-0.06441557,0.20267354,-10.279302,8005,0,0,1,1
425,3751689,-0.002008639,-0.0042772293,0.0013243763,8006,0,-0.08504217,0.19482875,-10.228712,8006,0,0,1,1
426,3756692,-0.0027206019,-0.004233241,0.0003558197,5003,0,-0.07279432,0.21057893,-10.243778,5003,0,0,1,1
427,3761695,-0.00024712086,-0.0027905256,0.001737155,5003,0,-0.080309756,0.20594838,-10.237795,5003,0,0,1,1
428,3769701,-0.0023805276,-0.0020994693,0.0012781788,8006,0,-0.09443566,0.19642702,-10.250877,8006,0,0,1,1
429,3774579,-0.0040143016,-0.0016715676,0.0010353264,4878,0,-0.06159687,0.21205965,-10.280746,4878,0,0,1,1
430,3779708,-0.0025929622,-0.0034643263,0.001310379,5129,0,-0.07942609,0.16611981,-10.274292,5129,0,0,1,1
431,3787713,-0.0026806293,-0.0033642498,0.002009805,8005,0,-0.0707184,0.18350469,-10.257741,8005,0,0,1,1
432,3792716,-0.0024832822,-0.0045768917,-0.00015033176,5003,0,-0.099137,0.15516484,-10.237686,5003,0,0,1,1
433,3797720,-0.0030629002,-0.0031431615,1.3024547e-05,5004,0,-0.05876141,0.2186277,-10.249529,5004,0,0,1,1
434,3805725,-0.0017109177,-0.0027905253,0.0004418464,8005,0,-0.08650951,0.1829582,-10.255662,8005,0,0,1,1
435,3810729,-0.0026168674,-0.0030563178,0.00013943482,5004,0,-0.06930135,0.1992413,-10.269886,5004,0,0,1,1
436,3815732,-0.0030100346,-0.0033164916,5.280925e-05,5003,0,-0.087255955,0.17529878,-10.278736,5003,0,0,1,1
437,3823612,-0.0026425014,-0.0033007266,0.0007912382,7880,0,-0.09525479,0.19880627,-10.257527,7880,0,0,1,1
438,3831743,-0.002437219,-0.0028646737,0.0019314166,8131,0,-0.058457423,0.19075069,-10.240454,8131,0,0,1,1
439,3841750,-0.0026968757,-0.0032895356,0.0017507017,5004,0,-0.088688456,0.200436,-10.204996,5004,0,0,1,1
440,3849755,-0.0029468534,-0.0029569564,0.0010406184,8005,0,-0.079771355,0.20839855,-10.274966,8005,0,0,1,1
441,3854759,-0.0024482682,-0.0010336936,0.0006888299,5004,0,-0.0897681,0.19523233,-10.251354,5004,0,0,1,1
442,3859638,-0.0020170026,-0.0031007975,0.00025563687,4879,0,-0.10539753,0.21104965,-10.261178,4879,0,0,1,1
443,3867767,-0.0038801725,-0.00166668,0.0010842636,8129,0,-0.098104425,0.21613117,-10.255784,8129,0,0,1,1
444,3872771,-0.0023906305,-0.0029501617,0.0028559999,5004,0,-0.06187905,0.18751478,-10.284716,5004,0,0,1,1
445,3877774,-0.0011957847,-0.004142612,8.2688406e-05,5003,0,-0.067021295,0.20764725,-10.195566,5003,0,0,1,1
446,3885780,-0.0030037574,-0.003596127,0.00093348674,8006,0,-0.07517125,0.1957344,-10.273756,8006,0,0,1,1
447,3890658,-0.0033599918,-0.00250563,0.0020663,4878,0,-0.066848606,0.17469284,-10.255472,4878,0,0,1,1
448,3895786,-0.0043458827,-0.0030214041,0.0007173442,5128,0,-0.06115056,0.19040398,-10.263836,5128,0,0,1,1
449,3903792,-0.0020197444,-0.0028375983,0.0014438273,8006,0,-0.07718954,0.20389119,-10.285049,8006,0,0,1,1
450,3908795,-0.002097845,-0.002517432,0.0007189957,5003,0,-0.081027344,0.20738187,-10.317764,5003,0,0,1,1
451,3913798,-0.0032292828,-0.003336385,0.00093856343,5003,0,-0.07265099,0.20737663,-10.261503,5003,0,0,1,1
452,3921804,-0.0028929934,-0.002153799,0.00027916068,8006,0,-0.07708024,0.19298959,-10.2553625,8006,0,0,1,1
453,3929809,-0.0025136657,-0.002582356,0.0008535101,8005,0,-0.08411337,0.20032059,-10.277209,8005,0,0,1,1
454,3939816,-0.0036620945,-0.003053382,0.00033587124,5003,0,-0.07417375,0.18529382,-10.251564,5003,0,0,1,1
455,3947822,-0.0035209209,-0.0032479465,0.00049141445,8006,0,-0.08052411,0.19104004,-10.274071,8006,0,0,1,1
456,3952825,-0.0018383302,-0.003329784,-0.00012687268,5003,0,-0.07791556,0.21480307,-10.22822,5003,0,0,1,1
457,3957703,-0.0038013533,-0.0028984994,0.0018127413,4878,0,-0.09634077,0.20993467,-10.242748,4878,0,0,1,1
458,3965834,-0.002743002,-0.0027023554,0.0006935173,8131,0,-0.09469067,0.19574216,-10.267542,8131,0,0,1,1
459,3970837,-0.0031232461,-0.001665175,0.0017842704,5003,0,-0.06929992,0.20905802,-10.298132,5003,0,0,1,1
460,3975840,-0.003908973,-0.0028904974,0.0011049237,5003,0,-0.07193412,0.19756347,-10.265329,5003,0,0,1,1
461,3983846,-0.0033251196,-0.0032234937,-0.00034565153,8006,0,-0.09027362,0.2023376,-10.271221,8006,0,0,1,1
462,3988849,-0.0024640374,-0.0020114481,0.00057871966,5003,0,-0.089411125,0.20426509,-10.242828,5003,0,0,1,1
463,3993728,-0.0016410985,-0.0025393518,0.0017574286,4879,0,-0.062111255,0.22193938,-10.241982,4879,0,0,1,1
464,4001858,-0.0033384673,-0.00309287,0.0022466632,8130,0,-0.056075286,0.20184197,-10.251127,8130,0,0,1,1
465,4011740,-0.0015277714,-0.001524657,0.0011978662,5001,0,-0.08088243,0.20444812,-10.239227,5001,0,0,1,1
466,4019870,-0.0023311116,-0.00322859,-6.631296e-05,8130,0,-0.06787874,0.19223997,-10.276468,8130,0,0,1,1
467,4027876,-0.0031465143,-0.0014006793,0.0014532242,8006,0,-0.07663077,0.1881958,-10.284244,8006,0,0,1,1
468,4037882,-0.0030701123,-0.003982246,0.00081208156,5003,0,-0.07432832,0.18654925,-10.247141,5003,0,0,1,1
469,4045763,-0.0022415593,-0.002467498,-0.00023905699,7881,0,-0.07404696,0.18725325,-10.258022,7881,0,0,1,1
470,4050771,-0.004977625,-0.004748568,0.0011839957,5008,0,-0.093687266,0.18271634,-10.212412,5008,0,0,1,1
471,4055895,-0.002942402,-0.0033317655,0.00018603634,5124,0,-0.08702134,0.18345827,-10.284887,5124,0,0,1,1
472,4063900,-0.0022713952,-0.0024714617,0.00076164835,8005,0,-0.08469061,0.20222636,-10.287724,8005,0,0,1,1
473,4068903,-0.002117917,-0.0032232106,0.0014113083,5003,0,-0.10234283,0.21456164,-10.255518,5003,0,0,1,1
474,4073907,-0.001944814,-0.0014455765,0.000978597,5004,0,-0.030274043,0.22749256,-10.239711,5004,0,0,1,1
475,4081912,-0.0031040048,-0.0023699848,0.0014690472,8005,0,-0.08306267,0.18490733,-10.242641,8005,0,0,1,1
476,4089918,-0.003342323,-0.0026324538,0.0008949672,8006,0,-0.08022162,0.2200664,-10.275269,8006,0,0,1,1
477,4099924,-0.002257768,-0.0009392947,0.0005990199,5003,0,-0.1006619,0.18511531,-10.305073,5003,0,0,1,1
478,4107930,-0.002713643,-0.0030318496,0.0006034109,8006,0,-0.08590553,0.19029588,-10.283499,8006,0,0,1,1
479,4117937,-0.0035226124,-0.0036291478,0.0017238187,5004,0,-0.089642026,0.18343833,-10.268211,5004,0,0,1,1
480,4125942,-0.0025642512,-0.003635302,0.0013155426,8005,0,-0.07647719,0.23518486,-10.244886,8005,0,0,1,1
481,4135949,-0.0035888255,-0.0025174618,0.0011180278,5004,0,-0.055172738,0.20283353,-10.279932,5004,0,0,1,1
482,4143954,-0.0028464904,-0.0019497721,7.947999e-05,8005,0,-0.08755273,0.21004452,-10.271527,8005,0,0,1,1
483,4148958,-0.0034096169,-0.00325647,0.0013776473,5004,0,-0.06139795,0.21432231,-10.265097,5004,0,0,1,1
484,4153961,-0.0041018985,-0.004674658,-0.00025989488,5003,0,-0.084141776,0.20570579,-10.254551,5003,0,0,1,1
485,4161966,-0.003732532,-0.0027783809,0.0010448804,8005,0,-0.066507995,0.23202203,-10.268291,8005,0,0,1,1
486,4169972,-0.0027054325,-0.0016792715,0.0012281484,8006,0,-0.07887215,0.22126782,-10.259556,8006,0,0,1,1
487,4179979,-0.002703853,-0.003516093,0.00068594096,5004,0,-0.08365604,0.19852793,-10.28137,5004,0,0,1,1
488,4187984,-0.0030675193,-0.0030192283,0.0011905244,8005,0,-0.063614905,0.18670206,-10.275566,8005,0,0,1,1
489,4197991,-0.003382653,-0.002704069,0.0005390148,5004,0,-0.085574895,0.20474929,-10.223669,5004,0,0,1,1
490,4205996,-0.003908228,-0.0032020805,0.0019513622,8005,0,-0.09681146,0.20230113,-10.30667,8005,0,0,1,1
491,4215878,-0.0030257737,-0.0016798525,0.0010864341,4878,0,-0.07387537,0.19836731,-10.234791,4878,0,0,1,1
492,4224008,-0.003229946,-0.0020744205,0.00031512696,8130,0,-0.08045624,0.1978585,-10.263489,8130,0,0,1,1
493,4232014,-0.0015874803,-0.0020659417,0.00034356304,8006,0,-0.057346918,0.2001698,-10.260248,8006,0,0,1,1
494,4237017,-0.0008127167,-0.0027239174,0.0019970173,5003,0,-0.07025272,0.20211565,-10.23995,5003,0,0,1,1
495,4242021,-0.0015236363,-0.0030233115,-0.00023318875,5004,0,-0.08045923,0.18346992,-10.245966,5004,0,0,1,1
496,4250026,-0.0026598235,-0.0025991646,0.0026093076,8005,0,-0.06705338,0.2106442,-10.24908,8005,0,0,1,1
497,4255029,-0.0018979311,-0.0041416883,0.00085872115,5003,0,-0.07264908,0.20498484,-10.235643,5003,0,0,1,1
498,4259908,-0.0027587004,-0.0036738815,0.0011183212,4879,0,-0.096923605,0.20227149,-10.2609215,4879,0,0,1,1
499,4268038,-0.0031661724,-0.0026469827,0.0014145698,8130,0,-0.102135986,0.18958798,-10.246767,8130,0,0,1,1
500,4278045,-0.0030029155,-0.0021245927,0.0013437034,5003,0,-0.058041714,0.19996172,-10.238527,5003,0,0,1,1
501,4286050,-0.0031672043,-0.0016209185,0.001540365,8005,0,-0.06286181,0.1864025,-10.217803,8005,0,0,1,1
502,4296057,-0.0030257069,-0.003839776,0.0017350501,5003,0,-0.05160996,0.18622509,-10.2404,5003,0,0,1,1
503,4304063,-0.0024719387,-0.0018623918,0.00072054355,8006,0,-0.0794719,0.20735657,-10.24399,8006,0,0,1,1
504,4312068,-0.0026802942,-0.003685042,0.00026666184,8005,0,-0.08396174,0.20315938,-10.287389,8005,0,0,1,1
505,4317071,-0.0024439916,-0.0033831445,0.00015273876,5003,0,-0.07312691,0.21982956,-10.243305,5003,0,0,1,1
506,4322075,-0.0024010614,-0.003307104,0.001931245,5004,0,-0.0726185,0.18266228,-10.274427,5004,0,0,1,1
507,4330080,-0.0020218042,-0.0023726968,0.00027522165,8005,0,-0.105773345,0.18748492,-10.282435,8005,0,0,1,1
508,4335084,-0.0014587045,-0.002324611,0.0017506732,5004,0,-0.06331393,0.18727076,-10.257666,5004,0,0,1,1
509,4340087,-0.00426865,-0.004168272,0.00011288234,5003,0,-0.09851034,0.20163569,-10.243532,5003,0,0,1,1
510,4348092,-0.0038911812,-0.0024117378,0.0009863448,8005,0,-0.09159596,0.18475784,-10.298461,8005,0,0,1,1
511,4353096,-0.0030965472,-0.0019249767,8.592149e-05,5004,0,-0.0977813,0.19947815,-10.269875,5004,0,0,1,1
512,4358099,-0.002916947,-0.0010661185,0.0008250242,5003,0,-0.07432952,0.17769268,-10.239235,5003,0,0,1,1
513,4366105,-0.0020356476,-0.0029444396,0.001207101,8006,0,-0.095933,0.2095969,-10.279013,8006,0,0,1,1
514,4376111,-0.0023179315,-0.0027039796,0.0011846966,5003,0,-0.057322696,0.19804484,-10.255274,5003,0,0,1,1
515,4384117,-0.0012942329,-0.002124399,0.001140652,8006,0,-0.09293757,0.18879691,-10.267485,8006,0,0,1,1
516,4394124,-0.0038550014,-0.00308986,0.0014375378,5004,0,-0.07264386,0.1968497,-10.27969,5004,0,0,1,1
517,4402129,-0.0020519306,-0.0011634678,0.0010073156,8005,0,-0.08276478,0.1922404,-10.287833,8005,0,0,1,1
518,4410134,-0.0012656114,-0.0019331423,0.001223541,8005,0,-0.09174356,0.1858022,-10.264343,8005,0,0,1,1
519,4415138,-0.0013721101,-0.0015853494,0.0011649933,5004,0,-0.09850593,0.20714325,-10.287117,5004,0,0,1,1
520,4420141,-0.0020241141,-0.0020845383,-2.0165462e-05,5003,0,-0.07432665,0.18344179,-10.276829,5003,0,0,1,1
521,4428147,-0.0027804188,-0.002453357,0.0008450351,8006,0,-0.068104826,0.1932855,-10.238154,8006,0,0,1,1
522,4433150,-0.0033760185,-0.0035628227,0.0020174442,5003,0,-0.09946504,0.20211494,-10.252882,5003,0,0,1,1
523,4438153,-0.0030829834,-0.0018117279,-3.5669655e-07,5003,0,-0.10496793,0.19876844,-10.279697,5003,0,0,1,1
524,4446159,-0.0041865446,-0.0018666089,0.0017190789,8006,0,-0.08291308,0.17831707,-10.271374,8006,0,0,1,1
525,4451162,-0.003575813,-0.002950102,-2.0175707e-05,5003,0,-0.09299979,0.19756515,-10.235159,5003,0,0,1,1
526,4456166,-0.0018318148,-0.004421562,-0.00013364246,5004,0,-0.084139764,0.20163596,-10.303405,5004,0,0,1,1
527,4464171,-0.002266634,-0.0022427288,0.0013417256,8005,0,-0.09018905,0.21356346,-10.25312,8005,0,0,1,1
528,4474178,-0.002177745,-0.0016383977,0.0011114164,5004,0,-0.10065995,0.21839708,-10.247135,5004,0,0,1,1
529,4482183,-0.0012904591,-0.0029027907,-0.000191167,8005,0,-0.09444179,0.18221168,-10.248778,8005,0,0,1,1
530,4490189,-0.0030255504,-0.0028454363,0.0013400344,8006,0,-0.078963816,0.20147863,-10.26786,8006,0,0,1,1
531,4495192,-0.0019646697,-0.0031032264,0.0005986707,5003,0,-0.05876649,0.19636679,-10.2207985,5003,0,0,1,1
532,4500195,-0.00171661,-0.002189517,0.00013556425,5003,0,-0.08419752,0.19480744,-10.272097,5003,0,0,1,1
533,4508201,-0.00089944154,-0.0033521354,0.00019565225,8006,0,-0.04730479,0.2155818,-10.225137,8006,0,0,1,1
534,4513204,-0.0017242134,-0.0018026679,0.00023221271,5003,0,-0.06882161,0.2145626,-10.196974,5003,0,0,1,1
535,4518208,-0.002203934,-0.0014119148,-0.00022655772,5004,0,-0.064750984,0.17985156,-10.21266,5004,0,0,1,1
536,4526088,-0.0023447203,-0.0019571932,0.00087898603,7880,0,-0.06587917,0.21989848,-10.271762,7880,0,0,1,1
537,4531216,-0.0008899458,-0.0023115724,0.0012105734,5128,0,-0.102080524,0.19352767,-10.242289,5128,0,0,1,1
538,4536220,-0.0036689192,-0.0026306212,0.001404851,5004,0,-0.0889375,0.1920532,-10.285206,5004,0,0,1,1
539,4544225,-0.0021816788,-0.0029616354,4.0262934e-05,8005,0,-0.06605861,0.21335484,-10.266097,8005,0,0,1,1
540,4549229,-0.0024752691,-0.0029916763,-0.00048774667,5004,0,-0.08066927,0.20130825,-10.276709,5004,0,0,1,1
541,4554232,-0.003049679,-0.002450943,-0.0005796435,5003,0,-0.049902488,0.18990418,-10.226063,5003,0,0,1,1
542,4562237,-0.0025233775,-0.0022261143,0.0004274328,8005,0,-0.10356517,0.16524588,-10.255835,8005,0,0,1,1
543,4572244,-0.003382962,-0.003176287,0.00010655308,5003,0,-0.07623488,0.18774542,-10.274895,5003,0,0,1,1
544,4580250,-0.0034208111,-0.0029778627,0.001448205,8006,0,-0.08725485,0.21019292,-10.285597,8006,0,0,1,1
545,4588255,-0.0021643636,-0.0030025688,-7.887324e-05,8005,0,-0.06241332,0.1669456,-10.259109,8005,0,0,1,1
546,4593258,-0.0033781305,-0.0022162646,-0.0003122948,5003,0,-0.0977566,0.17727542,-10.291159,5003,0,0,1,1
547,4598262,-0.0023962967,-0.0026158392,-2.8118957e-05,5004,0,-0.06873199,0.15743247,-10.2589035,5004,0,0,1,1
548,4606267,-0.0041137,-0.0033960787,-0.00022030062,8005,0,-0.07573247,0.17938946,-10.268359,8005,0,0,1,1
549,4611271,-0.0026102997,-0.0041151345,0.00093152537,5004,0,-0.059958994,0.22246468,-10.313698,5004,0,0,1,1
550,4616274,-0.0027305111,-0.0012858361,0.00014641974,5003,0,-0.07073343,0.18344131,-10.319677,5003,0,0,1,1
551,4624280,-0.0022974946,-0.0024243146,4.632771e-05,8006,0,-0.050441384,0.17712435,-10.254913,8006,0,0,1,1
552,4629283,-0.0020385273,-0.0016515105,0.0007521559,5003,0,-0.093240745,0.19181791,-10.332848,5003,0,0,1,1
553,4634286,-0.0034096725,-0.001858279,0.0011715645,5003,0,-0.10545031,0.19708532,-10.293106,5003,0,0,1,1
554,4642167,-0.004115365,-0.0027946085,0.0012962198,7881,0,-0.061168365,0.19111262,-10.284208,7881,0,0,1,1
555,4647170,-0.0037557408,-0.00479427,0.000119395096,5003,0,-0.07264979,0.1803293,-10.268202,5003,0,0,1,1
556,4652176,-0.0032825284,-0.0020710528,0.0011920335,5006,0,-0.07815645,0.24066347,-10.296212,5006,0,0,1,1
557,4660304,-0.0021533968,-0.0023609549,0.0008798493,8128,0,-0.083862655,0.23306416,-10.267317,8128,0,0,1,1
558,4668310,-0.0025844797,-0.0020620823,0.0011491799,8006,0,-0.097132504,0.18775034,-10.257162,8006,0,0,1,1
559,4678193,-0.0030201038,-0.0009777546,2.7559696e-05,4880,0,-0.08661061,0.22507332,-10.272623,4880,0,0,1,1
560,4686322,-0.003269851,-0.0022757947,0.0011034092,8129,0,-0.081658535,0.23021983,-10.258172,8129,0,0,1,1
561,4691325,-0.0026902705,-0.004561603,0.00015288917,5003,0,-0.07025081,0.21671724,-10.219839,5003,0,0,1,1
562,4696328,-0.0025919527,-0.0042581856,0.000474961,5003,0,-0.10449513,0.1879,-10.314949,5003,0,0,1,1
563,4704334,-0.003084544,-0.002813965,0.0013365494,8006,0,-0.07700234,0.22334239,-10.296139,8006,0,0,1,1
564,4709337,-0.0019980147,-0.0028102994,0.0015109379,5003,0,-0.091090605,0.22007242,-10.247372,5003,0,0,1,1
565,4714341,-0.002931919,-0.0031826943,0.000627151,5004,0,-0.07638875,0.19933249,-10.257343,5004,0,0,1,1
566,4722346,-0.0026759764,-0.0023450404,0.001378334,8005,0,-0.06989292,0.18670039,-10.251619,8005,0,0,1,1
567,4727349,-0.0021577366,-0.0003068447,0.0026428616,5003,0,-0.079831205,0.190862,-10.267248,5003,0,0,1,1
568,4732353,-0.0016053803,-0.0025773346,5.969359e-05,5004,0,-0.08055205,0.19325626,-10.240194,5004,0,0,1,1
569,4740358,-0.002518609,-0.0034481436,0.0010487246,8005,0,-0.055078626,0.17712839,-10.249078,8005,0,0,1,1
570,4748364,-0.0020769723,-0.0022662133,0.0015113307,8006,0,-0.07677999,0.18101378,-10.273618,8006,0,0,1,1
571,4758370,-0.0030365847,-0.003402859,6.1690807e-06,5003,0,-0.073125474,0.178411,-10.279451,5003,0,0,1,1
572,4766376,-0.0022187047,-0.0020665526,0.00095333456,8006,0,-0.06810049,0.17398292,-10.250431,8006,0,0,1,1
573,4776383,-0.0018245952,-0.0031232685,-0.00027971575,5004,0,-0.07743968,0.20403379,-10.245941,5004,0,0,1,1
574,4784388,-0.0025350116,-0.0030153242,0.0027680902,8005,0,-0.088450745,0.20420693,-10.254168,8005,0,0,1,1
575,4789391,-0.0032965355,-0.0034564736,-0.00017341413,5003,0,-0.10616814,0.20307371,-10.253845,5003,0,0,1,1
576,4794395,-0.0040085874,-0.0016985387,0.0019037477,5004,0,-0.10568877,0.20594236,-10.23851,5004,0,0,1,1
577,4802400,-0.0033296568,-0.0024615526,0.0015566273,8005,0,-0.060321797,0.2097465,-10.278411,8005,0,0,1,1
578,4807404,-0.002700869,-0.0025000572,0.0003967802,5004,0,-0.06034367,0.19816576,-10.257967,5004,0,0,1,1
579,4812407,-0.0032498464,-0.0029503703,0.0017308525,5003,0,-0.042483956,0.19038326,-10.271078,5003,0,0,1,1
580,4820412,-0.0035167632,-0.0024574995,0.0008120238,8005,0,-0.06660369,0.19253604,-10.283793,8005,0,0,1,1
581,4828418,-0.0023518726,-0.0021245629,0.00032090256,8006,0,-0.06944801,0.19732597,-10.259558,8006,0,0,1,1
582,4838425,-0.00268358,-0.0020247698,0.0012178281,5004,0,-0.06091782,0.18918866,-10.263657,5004,0,0,1,1
583,4846430,-0.0032645462,-0.0032927839,0.0009553383,8005,0,-0.08500869,0.19981302,-10.228041,8005,0,0,1,1
584,4856437,-0.0009992309,-0.00224413,0.0012579849,5004,0,-0.05924131,0.21336588,-10.261021,5004,0,0,1,1
585,4864442,-0.0036332158,-0.0033187715,0.0015317985,8005,0,-0.07364363,0.21049567,-10.262849,8005,0,0,1,1
586,4874449,-0.0028769262,-0.0027371198,0.00033907965,5003,0,-0.075043514,0.19852339,-10.266762,5003,0,0,1,1
587,4882454,-0.002160549,-0.0021581945,0.0012196385,8005,0,-0.08082131,0.1935824,-10.299063,8005,0,0,1,1
588,4887458,-0.0033156164,-0.002264306,0.000652361,5004,0,-0.082462765,0.20666097,-10.282572,5004,0,0,1,1
589,4892461,-0.004567925,-0.0032161474,0.0010651301,5003,0,-0.08725141,0.21121126,-10.280174,5003,0,0,1,1
590,4900467,-0.0025308132,-0.0023882538,0.00062101404,8006,0,-0.09123641,0.2075586,-10.289129,8006,0,0,1,1
591,4905470,-0.0027769431,-0.002603963,-0.0003396999,5003,0,-0.06738188,0.20977923,-10.268204,5003,0,0,1,1
592,4910473,-0.0023642033,-0.0011458248,0.0016978029,5003,0,-0.053733777,0.23347744,-10.260784,5003,0,0,1,1
593,4918479,-0.00078276545,-0.0034437028,0.00030406145,8006,0,-0.08351386,0.19478422,-10.225739,8006,0,0,1,1
594,4926484,-0.00234339,-0.003073543,0.00084550556,8005,0,-0.12571026,0.20375861,-10.262696,8005,0,0,1,1
595,4936491,-0.0027141385,-0.003526792,-0.0011619772,5003,0,-0.078011505,0.20932028,-10.26296,5003,0,0,1,1
596,4944496,-0.0033501682,-0.0020869821,0.0010824279,8005,0,-0.08635788,0.21348868,-10.283645,8005,0,0,1,1
597,4954503,-0.002916623,-0.0012522787,0.00045919023,5003,0,-0.075276814,0.1796112,-10.262695,5003,0,0,1,1
598,4962509,-0.0022651774,-0.0026707498,0.00060587213,8006,0,-0.07997789,0.17439416,-10.2559805,8006,0,0,1,1
599,4967512,-0.0034721831,-0.0020988137,0.00029609352,5003,0,-0.053884767,0.18233064,-10.277937,5003,0,0,1,1
600,4972515,-0.0046148486,-0.0023510754,0.0011247653,5003,0,-0.0695392,0.17960978,-10.279936,5003,0,0,1,1
601,4980521,-0.003242109,-0.002732113,0.0014528185,8006,0,-0.07767594,0.19807586,-10.259556,8006,0,0,1,1
602,4988526,-0.0034749953,-0.0025532097,0.00028364314,8005,0,-0.08904833,0.19882229,-10.279307,8005,0,0,1,1
603,4993530,-0.0042084567,-0.0022846758,-0.000752775,5004,0,-0.0767153,0.22030684,-10.220087,5004,0,0,1,1
604,4998533,-0.002163954,-0.0036363748,0.00025897846,5003,0,-0.09444024,0.1712308,-10.234194,5003,0,0,1,1
605,5006538,-0.0030381342,-0.0019747464,0.0018812638,8005,0,-0.04655566,0.18520735,-10.277059,8005,0,0,1,1
606,5016545,-0.0029305145,-0.0035025477,-0.00052656606,5003,0,-0.10329849,0.20833853,-10.22056,5003,0,0,1,1
607,5024551,-0.0010576509,-0.0019248127,0.0005998926,8006,0,-0.08680433,0.19433469,-10.225739,8006,0,0,1,1
608,5034557,-0.0036895273,-0.0018450469,0.0011250207,5003,0,-0.0570894,0.20307013,-10.259829,5003,0,0,1,1
609,5042563,-0.0030839816,-0.00189583,0.0015738015,8006,0,-0.06735106,0.22126631,-10.27347,8006,0,0,1,1
610,5052570,-0.0030370057,-0.0028436186,0.0011317665,5004,0,-0.059482206,0.19373712,-10.278492,5004,0,0,1,1
611,5060575,-0.0022556894,-0.001608625,-0.000295131,8005,0,-0.098627225,0.2057058,-10.254916,8005,0,0,1,1
612,5068580,-0.0032339764,-0.002640605,-0.00036969405,8005,0,-0.07662898,0.18954414,-10.242945,8005,0,0,1,1
613,5073584,-0.0035622865,-0.0017181933,0.00027258275,5004,0,-0.067381546,0.15135607,-10.286156,5004,0,0,1,1
614,5078587,-0.0025505833,-0.002577424,0.00167767,5003,0,-0.071211025,0.19062081,-10.257196,5003,0,0,1,1
615,5086593,-0.0032006428,-0.0024077443,-2.8841197e-05,8006,0,-0.068997644,0.21124348,-10.240699,8006,0,0,1,1
616,5091596,-0.0037833785,-0.001447916,-0.00031507062,5003,0,-0.07723027,0.19432867,-10.256113,5003,0,0,1,1
617,5096599,-0.0020710304,-0.0025773346,-0.00018017972,5003,0,-0.07839411,0.22103101,-10.255514,5003,0,0,1,1
618,5104605,-0.0023683195,-0.003868088,0.0002500787,8006,0,-0.058374006,0.19942051,-10.276318,8006,0,0,1,1
619,5114612,-0.0027436651,-0.0037955495,0.0007784369,5004,0,-0.09300008,0.2011587,-10.241386,5004,0,0,1,1
620,5122617,-0.0031713732,-0.0034018753,0.0008743805,8005,0,-0.08635355,0.20241447,-10.254462,8005,0,0,1,1
621,5132624,-0.0025972873,-0.0023580045,0.0014044726,5003,0,-0.09516022,0.1717079,-10.245939,5003,0,0,1,1
622,5140629,-0.0036967916,-0.0017996727,0.00064996514,8005,0,-0.08420669,0.19517447,-10.244026,8005,0,0,1,1
623,5148635,-0.0035752654,-0.0032898784,0.00058703165,8006,0,-0.09413811,0.1935866,-10.277956,8006,0,0,1,1
624,5153638,-0.0011656582,-0.0020511448,0.0014313015,5003,0,-0.042719405,0.19421428,-10.240913,5003,0,0,1,1
625,5158641,-0.0031428074,-0.004208505,0.00068569253,5003,0,-0.10784427,0.18990517,-10.225821,5003,0,0,1,1
626,5166647,-0.0034421198,-0.0027988404,0.00036245678,8006,0,-0.059575442,0.22320703,-10.232477,8006,0,0,1,1
627,5171650,-0.0026836358,-0.004195228,-0.00041992776,5003,0,-0.057802923,0.20354939,-10.256716,5003,0,0,1,1
628,5176654,-0.0049669594,-0.0037091377,0.00030632783,5004,0,-0.08509955,0.20379001,-10.296694,5004,0,0,1,1
629,5184659,-0.004037067,-0.0042592883,0.00021721654,8005,0,-0.087103054,0.2033131,-10.267781,8005,0,0,1,1
630,5189662,-0.0042351484,-0.002284199,0.0004120404,5003,0,-0.08390274,0.20737833,-10.267965,5003,0,0,1,1
631,5194541,-0.0012545289,-0.004098013,0.0006865179,4879,0,-0.08811723,0.20570703,-10.255674,4879,0,0,1,1
632,5202548,-0.0007856787,-0.0025283548,0.0011416748,8007,0,-0.10072078,0.17781653,-10.277772,8007,0,0,1,1
633,5212678,-0.0041358545,-0.0025973022,0.0017972606,5003,0,-0.087259546,0.22892278,-10.28281,5003,0,0,1,1
634,5220684,-0.0025354885,-0.0019088387,0.0009279242,8006,0,-0.08461677,0.20829684,-10.278576,8006,0,0,1,1
635,5228689,-0.0031297428,-0.0022493897,0.0021144142,8005,0,-0.066454,0.19747671,-10.2707815,8005,0,0,1,1
636,5233692,-0.0025241412,-0.0021311343,-0.00021363329,5003,0,-0.08509529,0.19206223,-10.27371,5003,0,0,1,1
637,5238696,-0.0014386326,-0.0021377057,0.00017939741,5004,0,-0.07169412,0.19947645,-10.270834,5004,0,0,1,1
638,5246701,-0.0029842553,-0.002286598,0.0015194531,8005,0,-0.10535911,0.19822143,-10.282148,8005,0,0,1,1
639,5251705,-0.0035264567,-0.0021824986,0.00060547586,5004,0,-0.09284961,0.19113144,-10.224171,5004,0,0,1,1
640,5256708,-0.0036541186,-0.0022193938,0.0007479291,5003,0,-0.08057846,0.2060927,-10.239771,5003,0,0,1,1
641,5264713,-0.001711972,-0.0029482392,0.00014853105,8005,0,-0.07817916,0.21045476,-10.284868,8005,0,0,1,1
642,5269717,-0.00368128,-0.0031438768,-0.000356894,5004,0,-0.09084774,0.21186805,-10.286541,5004,0,0,1,1
643,5274720,-0.004289858,-0.0033029465,-0.000322063,5003,0,-0.07399764,0.20384613,-10.339727,5003,0,0,1,1
644,5282726,-0.003803905,-0.0016874372,0.00045817858,8006,0,-0.073638014,0.17832395,-10.274969,8006,0,0,1,1
645,5287729,-0.0025037006,-0.0020716488,0.0008518263,5003,0,-0.096834436,0.22270446,-10.245932,5003,0,0,1,1
646,5292732,-0.0013404936,-0.004154563,0.0013480508,5003,0,-0.10458796,0.21639425,-10.292324,5003,0,0,1,1
647,5300614,-0.0015122332,-0.0031867176,0.00063099293,7882,0,-0.06906992,0.1936408,-10.258116,7882,0,0,1,1
648,5310745,-0.0028702058,-0.0039888173,-0.00025997078,5004,0,-0.101621404,0.20834011,-10.254318,5004,0,0,1,1
649,5318625,-0.0016294868,-0.0020626935,3.9238952e-05,7880,0,-0.07885284,0.19439824,-10.271234,7880,0,0,1,1
650,5326755,-0.0015799812,-0.0026067048,0.00047991166,8130,0,-0.08504351,0.19885409,-10.261574,8130,0,0,1,1
651,5331759,-0.0014317073,-0.0032163858,0.0002394938,5004,0,-0.09156447,0.20426965,-10.269157,5004,0,0,1,1
652,5336762,-0.0031599589,-0.0033633858,-1.5642028e-05,5003,0,-0.093002185,0.20031732,-10.261713,5003,0,0,1,1
653,5344768,-0.0017061308,-0.001778543,0.0022533748,8006,0,-0.10408529,0.20089918,-10.240119,8006,0,0,1,1
654,5349771,-0.0026372485,-0.0025841594,0.0009386483,5003,0,-0.10066024,0.21815032,-10.261021,5003,0,0,1,1
655,5354775,-0.0018124135,-0.0032501814,-0.00037618543,5004,0,-0.09530242,0.20788251,-10.239935,5004,0,0,1,1
656,5362780,-0.0016283169,-0.002921477,0.00057471776,8005,0,-0.06388199,0.21762578,-10.26398,8005,0,0,1,1
657,5367783,-0.0032626276,-0.0017718226,-0.00022672256,5003,0,-0.073366426,0.18894562,-10.251444,5003,0,0,1,1
658,5372662,-0.0023422241,-0.0030353072,0.00165228,4879,0,-0.088691115,0.1897396,-10.271967,4879,0,0,1,1
659,5380792,-0.0021357574,-0.003207758,0.0006927687,8130,0,-0.10209844,0.19535567,-10.268606,8130,0,0,1,1
660,5385795,-0.00066311285,-0.0022527277,-9.475043e-05,5003,0,-0.06696339,0.1969995,-10.245157,5003,0,0,1,1
661,5390674,-0.0027601272,-0.0038752707,0.0016405743,4879,0,-0.113712706,0.19422594,-10.267054,4879,0,0,1,1
662,5398804,-0.0011784807,-0.00333409,0.0016573169,8130,0,-0.10950618,0.20491707,-10.2445965,8130,0,0,1,1
663,5406810,-0.00213065,-0.0036755502,-5.361857e-05,8006,0,-0.07122512,0.19914123,-10.267221,8006,0,0,1,1
664,5416816,-0.0033264088,-0.0028779805,0.0012577907,5003,0,-0.07286251,0.21812326,-10.252108,5003,0,0,1,1
665,5424822,-0.0033542626,-0.0030649302,0.00074538426,8006,0,-0.06330985,0.18071863,-10.247432,8006,0,0,1,1
666,5429825,-0.003259655,-0.0032366216,-0.00031697657,5003,0,-0.11038396,0.19475144,-10.248032,5003,0,0,1,1
667,5434829,-0.0017448589,-0.0024243146,0.0019235357,5004,0,-0.074800506,0.20570025,-10.251919,5004,0,0,1,1
668,5442834,-0.0013694874,-0.003289759,0.001320344,8005,0,-0.07962525,0.17961456,-10.279065,8005,0,0,1,1
669,5447838,-0.0024905056,-0.0010459274,0.0008250433,5004,0,-0.11574379,0.1930187,-10.300761,5004,0,0,1,1
670,5452841,-0.004255265,-0.001885131,-0.00081937347,5003,0,-0.08246109,0.20546505,-10.248095,5003,0,0,1,1
671,5460846,-0.0031264832,-0.0026940254,0.0013995952,8005,0,-0.056802873,0.184886,-10.286809,8005,0,0,1,1
672,5465850,-0.00235736,-0.0026239604,0.0010977662,5004,0,-0.064986624,0.2001982,-10.265329,5004,0,0,1,1
673,5470853,-0.0024842024,-0.002497539,0.0009718174,5003,0,-0.058767688,0.20187707,-10.2272625,5003,0,0,1,1
674,5478736,-0.0028906353,-0.003890559,0.0008117864,7883,0,-0.07550071,0.19547784,-10.252207,7883,0,0,1,1
675,5488865,-0.0018847586,-0.0038155317,0.0016304627,5003,0,-0.08941064,0.21121655,-10.265093,5003,0,0,1,1
676,5496871,-0.0037984736,-0.0021205097,0.0023201623,8006,0,-0.05982994,0.19118828,-10.280823,8006,0,0,1,1
677,5504876,-0.002686355,-0.002807766,-7.1584705e-05,8005,0,-0.06307267,0.19566125,-10.273827,8005,0,0,1,1
678,5514883,-0.0037397072,-0.0029043853,0.0004091496,5004,0,-0.1085954,0.22614428,-10.249075,5004,0,0,1,1
679,5522763,-0.0033901187,-0.0030758085,0.00084453874,7880,0,-0.11347579,0.20243464,-10.262164,7880,0,0,1,1
680,5527770,-0.00290975,-0.0024369508,0.0016449249,5007,0,-0.105207935,0.20472245,-10.310079,5007,0,0,1,1
681,5532896,-0.0015450941,-0.0031208994,0.0014125586,5126,0,-0.083459325,0.17522618,-10.290867,5126,0,0,1,1
682,5540777,-0.0007023401,-0.00232923,0.00052498747,7881,0,-0.054877393,0.17299603,-10.27169,7881,0,0,1,1
683,5548906,-0.0026122928,-0.002908185,0.0016722855,8129,0,-0.0841978,0.19818653,-10.248462,8129,0,0,1,1
684,5558913,-0.0038783473,-0.0036323222,0.0007281222,5003,0,-0.07638634,0.20687388,-10.231995,5003,0,0,1,1
685,5566918,-0.0042915717,-0.0027231423,0.0011218674,8005,0,-0.0754126,0.2223906,-10.255029,8005,0,0,1,1
686,5576925,-0.0023776703,-0.003736049,0.00055878307,5003,0,-0.08869185,0.16333085,-10.258625,5003,0,0,1,1
687,5584930,-0.0022599995,-0.0026947854,0.00043730016,8005,0,-0.08620654,0.19852355,-10.24534,8005,0,0,1,1
688,5594937,-0.0027897768,-0.0024040937,-0.0010591666,5003,0,-0.056598876,0.23156726,-10.27372,5003,0,0,1,1
689,5602943,-0.0028680451,-0.0028403848,0.0012991509,8006,0,-0.098624915,0.21558318,-10.302646,8006,0,0,1,1
690,5610948,-0.0018771774,-0.00272806,-0.0008566705,8005,0,-0.105658494,0.22635587,-10.278409,8005,0,0,1,1
691,5615951,-0.0032032467,-0.0020845383,0.0006185917,5003,0,-0.07001583,0.20259616,-10.258383,5003,0,0,1,1
692,5620955,-0.0011859052,-0.00285694,-0.0002465602,5004,0,-0.07073553,0.19349408,-10.256239,5004,0,0,1,1
693,5628960,-0.0035374758,-0.0034271923,0.0007333629,8005,0,-0.06675683,0.21753281,-10.293082,8005,0,0,1,1
694,5633964,-0.0038155504,-0.0024842173,0.00073858444,5004,0,-0.05780498,0.20833942,-10.256235,5004,0,0,1,1
695,5638967,-0.0025440194,-0.0018250048,0.0006324251,5003,0,-0.091327965,0.19660702,-10.231094,5003,0,0,1,1
696,5646972,-0.0024466661,-0.0028992146,0.0006380099,8005,0,-0.098872036,0.20563136,-10.313313,8005,0,0,1,1
697,5656979,-0.0029033124,-0.002983451,0.00040600915,5003,0,-0.07288835,0.18415701,-10.287117,5003,0,0,1,1
698,5664985,-0.0025550015,-0.0021422207,0.00038192372,8006,0,-0.06753917,0.19839269,-10.275459,8006,0,0,1,1
699,5674991,-0.0020047687,-0.0031565577,0.0012315449,5003,0,-0.08366418,0.20115831,-10.2773,5003,0,0,1,1
700,5682997,-0.0033711975,-0.002494797,0.0011535524,8006,0,-0.09443327,0.19627911,-10.268835,8006,0,0,1,1
701,5691002,-0.002509549,-0.0019708127,0.0011158674,8005,0,-0.08037641,0.19328196,-10.285295,8005,0,0,1,1
702,5696006,-0.0033564195,-0.0027503818,0.0005390602,5004,0,-0.059003755,0.18511724,-10.235408,5004,0,0,1,1
703,5701009,-0.0026772656,-0.0011726767,0.00037244987,5003,0,-0.08653525,0.17170721,-10.267719,5003,0,0,1,1
704,5709014,-0.004831563,-0.0023741422,-0.0001122239,8005,0,-0.083662644,0.2016639,-10.2240925,8005,0,0,1,1
705,5714018,-0.0019753426,-0.002353996,0.0010042198,5004,0,-0.09871144,0.20261876,-10.219362,5004,0,0,1,1
706,5719021,-0.0040691756,-0.0019184202,0.0013376097,5003,0,-0.092521474,0.22509459,-10.24115,5003,0,0,1,1
707,5727027,-0.0043118782,-0.0034603477,0.0011115372,8006,0,-0.07214111,0.20151865,-10.264642,8006,0,0,1,1
708,5732030,-0.0019514821,-0.001245752,0.0012445757,5003,0,-0.113108836,0.22342396,-10.2816105,5003,0,0,1,1
709,5737033,-0.0021245256,-0.0026572943,-0.00014716666,5003,0,-0.08462128,0.195893,-10.273712,5003,0,0,1,1
710,5745039,-0.0018786676,-0.0026570258,-0.00023510912,8006,0,-0.08252341,0.21669728,-10.242296,8006,0,0,1,1
711,5755046,-0.0024108216,-0.0026904494,0.000472049,5004,0,-0.07744016,0.1748218,-10.270836,5004,0,0,1,1
712,5763051,-0.003192406,-0.0016835331,0.0015776904,8005,0,-0.08036998,0.23533486,-10.25372,8005,0,0,1,1
713,5771056,-0.0024251563,-0.0029542742,0.00061646313,8005,0,-0.096905224,0.18338679,-10.275249,8005,0,0,1,1
714,5776060,-0.0023308434,-0.002517581,-0.00045979675,5004,0,-0.09275869,0.1939747,-10.272035,5004,0,0,1,1
715,5781063,-0.0027369745,-0.0030369312,0.00050565903,5003,0,-0.06570766,0.1887035,-10.279697,5003,0,0,1,1
716,5789069,-0.003250461,-0.0023870766,0.00012126006,8006,0,-0.07393542,0.223511,-10.257761,8006,0,0,1,1
717,5794072,-0.004701037,-0.0033029614,-0.00041970328,5003,0,-0.107844025,0.24138333,-10.283529,5003,0,0,1,1
718,5799075,-0.002151221,-0.0025041103,0.0015107817,5003,0,-0.060678784,0.22964782,-10.313215,5003,0,0,1,1
719,5807081,-0.0029535703,-0.0039924383,0.00072577246,8006,0,-0.07848204,0.22012322,-10.29352,8006,0,0,1,1
720,5812084,-0.003442563,-0.0018848478,-0.00045987032,5003,0,-0.08030856,0.21360931,-10.275625,5003,0,0,1,1
721,5817088,-0.003362812,-0.0025309026,0.00095165457,5004,0,-0.0862933,0.22007167,-10.322561,5004,0,0,1,1
722,5825093,-0.0025181582,-0.0033063737,0.0012741351,8005,0,-0.08844865,0.1974764,-10.256713,8005,0,0,1,1
723,5830096,-0.002331037,-0.0022644997,0.000931764,5003,0,-0.11071678,0.22629865,-10.232288,5003,0,0,1,1
724,5835100,-0.0038954169,-0.0026839676,-0.0003796341,5004,0,-0.06977742,0.19684422,-10.282572,5004,0,0,1,1
725,5843105,-0.0045571025,-0.0027945188,8.74633e-05,8005,0,-0.0715412,0.17503102,-10.270478,8005,0,0,1,1
726,5851111,-0.0031963661,-0.0021785647,-0.00023252983,8006,0,-0.0899487,0.1813148,-10.28305,8006,0,0,1,1
727,5860993,-0.00506964,-0.0019738227,0.0022655472,4879,0,-0.102627195,0.17952558,-10.274478,4879,0,0,1,1
728,5869123,-0.0027297996,-0.0020923465,0.00054482254,8130,0,-0.06914872,0.21185254,-10.264221,8130,0,0,1,1
729,5874126,-0.0028037094,-0.00080646574,1.3120007e-05,5003,0,-0.08222469,0.19373238,-10.240202,5003,0,0,1,1
730,5879130,-0.0034695084,-0.0029969066,0.0001994716,5004,0,-0.059003755,0.20450506,-10.215542,5004,0,0,1,1
731,5887135,-0.0031877605,-0.0028359739,0.00024979046,8005,0,-0.071242854,0.2194718,-10.2609005,8005,0,0,1,1
732,5892138,-0.0011664368,-0.003573269,0.00011154264,5003,0,-0.10312024,0.19328111,-10.274937,5003,0,0,1,1
733,5897142,-0.0023834854,-0.0023774356,-0.00029333215,5004,0,-0.08581819,0.17865232,-10.249535,5004,0,0,1,1
734,5905147,-0.0015771724,-0.0031450836,0.001870145,8005,0,-0.09469736,0.17694204,-10.278953,8005,0,0,1,1
735,5910151,-0.0040947646,-0.0021713823,0.0001793527,5004,0,-0.101854175,0.17289981,-10.264374,5004,0,0,1,1
736,5915154,-0.001964841,-0.0023974031,0.0007052622,5003,0,-0.094922855,0.17650443,-10.238033,5003,0,0,1,1
737,5923159,-0.0016366988,-0.0024931878,-0.00014512798,8005,0,-0.05631446,0.19661373,-10.258414,8005,0,0,1,1
738,5928163,-0.0027318522,-0.0029804409,0.0014649974,5004,0,-0.07050301,0.19517562,-10.2743435,5004,0,0,1,1
739,5933166,-0.0027435943,-0.001824841,0.00045242603,5003,0,-0.09204867,0.19828242,-10.242819,5003,0,0,1,1
740,5941172,-0.001960408,-0.0031272918,8.819066e-05,8006,0,-0.068401486,0.23772731,-10.2635975,8006,0,0,1,1
741,5949177,-0.0025265662,-0.002024859,0.0007038535,8005,0,-0.08186676,0.21618079,-10.296962,8005,0,0,1,1
742,5959184,-0.0032097287,-0.0020512938,0.00081837876,5004,0,-0.0824642,0.22174439,-10.226547,5004,0,0,1,1
743,5967189,-0.0024346225,-0.0022910533,0.00079931854,8005,0,-0.05702614,0.202863,-10.284696,8005,0,0,1,1
744,5972193,-0.0029102191,-0.0012320727,0.00085868104,5004,0,-0.09635,0.19109961,-10.265089,5004,0,0,1,1
745,5977196,-0.0022973083,-0.002451226,-0.00051953597,5003,0,-0.10018814,0.21312357,-10.227028,5003,0,0,1,1
746,5985202,-0.0027797294,-0.0032352952,0.00079149054,8006,0,-0.071093835,0.20435622,-10.250269,8006,0,0,1,1
747,5990205,-0.0023375824,-0.003043592,0.0011583066,5003,0,-0.074088804,0.1872676,-10.29598,5003,0,0,1,1
748,5995208,-0.0030839927,-0.0023675412,0.0003389935,5003,0,-0.06882017,0.1845712,-10.253029,5003,0,0,1,1
749,6003214,-0.0022182912,-0.00181669,0.0004664911,8006,0,-0.061064865,0.19762589,-10.241148,8006,0,0,1,1
750,6008217,-0.002457466,-0.0029435456,0.00026605185,5003,0,-0.0752816,0.19972098,-10.253359,5003,0,0,1,1
751,6013220,-0.0027039498,-0.0031635314,0.0009716237,5003,0,-0.058287933,0.22054952,-10.274672,5003,0,0,1,1
752,6021226,-0.0023518465,-0.002212092,0.0010615799,8006,0,-0.050744023,0.19612738,-10.255812,8006,0,0,1,1
753,6029231,-0.0037956906,-0.002702966,0.0017027649,8005,0,-0.09309065,0.19657777,-10.254019,8005,0,0,1,1
754,6039238,-0.0018155687,-0.0019389689,0.00047857364,5003,0,-0.06660615,0.19721027,-10.258181,5003,0,0,1,1
755,6047119,-0.0034739263,-0.0022928864,-0.00080822076,7881,0,-0.06107662,0.18715161,-10.235549,7881,0,0,1,1
756,6057250,-0.003369294,-0.0021115541,0.001171411,5003,0,-0.0891716,0.19349715,-10.256475,5003,0,0,1,1
757,6065256,-0.003265839,-0.0013657361,0.001318669,8006,0,-0.06052702,0.21544936,-10.263317,8006,0,0,1,1
758,6070259,-0.0033962727,-0.00262402,0.0011383612,5003,0,-0.075041845,0.21839556,-10.281368,5003,0,0,1,1
759,6075138,-0.0038122723,-0.0027129054,0.0014415752,4879,0,-0.087250866,0.19545768,-10.290719,4879,0,0,1,1
760,6083268,-0.0015710704,-0.0037418753,0.0011919553,8130,0,-0.06837701,0.2097396,-10.284506,8130,0,0,1,1
761,6088271,-0.0016448274,-0.0030101389,0.000818946,5003,0,-0.063308194,0.17530257,-10.275625,5003,0,0,1,1
762,6093150,-0.0023069459,-0.0037539452,7.552747e-05,4879,0,-0.085382715,0.19652766,-10.270032,4879,0,0,1,1
763,6101280,-0.0037794635,-0.002792582,3.5665926e-05,8130,0,-0.07458368,0.17811805,-10.25712,8130,0,0,1,1
764,6106283,-0.0022502989,-0.002903685,0.0013445073,5003,0,-0.08102854,0.18319678,-10.270365,5003,0,0,1,1
765,6111287,-0.0029901043,-0.0011392385,0.0014311401,5004,0,-0.051580004,0.20426442,-10.27347,5004,0,0,1,1
766,6119167,-0.0029129537,-0.0019878598,0.00030172386,7880,0,-0.06268224,0.18991409,-10.255378,7880,0,0,1,1
767,6127176,-0.0045411065,-0.0019117743,0.00042985892,8009,0,-0.09189199,0.19703361,-10.280336,8009,0,0,1,1
768,6137305,-0.0034494253,-0.0024373382,0.0017240605,5004,0,-0.09611651,0.19517225,-10.265097,5004,0,0,1,1
769,6145310,-0.0035708805,-0.0028113276,0.0006162251,8005,0,-0.08021939,0.18385637,-10.302497,8005,0,0,1,1
770,6155317,-0.0028038658,-0.00309667,-0.0002730121,5004,0,-0.07265319,0.19541052,-10.29287,5004,0,0,1,1
771,6163322,-0.001090955,-0.0033559946,0.00026888397,8005,0,-0.07105533,0.18546623,-10.28459,8005,0,0,1,1
772,6168326,-0.0022043586,-0.0018384904,0.0011849741,5004,0,-0.08701745,0.17170677,-10.283279,5004,0,0,1,1
773,6173329,-0.0051670335,-0.0033629686,0.00066495314,5003,0,-0.09826531,0.19038057,-10.19183,5003,0,0,1,1
774,6181335,-0.0010071768,-0.0023654848,0.0018967153,8006,0,-0.08899413,0.19800064,-10.267355,8006,0,0,1,1
775,6186338,-0.001638636,-0.0031765252,0.0015642666,5003,0,-0.0599655,0.20211542,-10.284952,5003,0,0,1,1
776,6191341,-0.0042418614,-0.002590701,0.000106313266,5003,0,-0.08749404,0.16907418,-10.295013,5003,0,0,1,1
777,6199347,-0.003029894,-0.0035142899,-9.522401e-05,8006,0,-0.10266838,0.18969297,-10.301004,8006,0,0,1,1
778,6207352,-0.0027386954,-0.0033606288,5.882978e-05,8005,0,-0.08141605,0.20525597,-10.287986,8005,0,0,1,1
779,6217359,-0.0013848767,-0.0030634105,0.0007520041,5004,0,-0.1006554,0.20786047,-10.262209,5004,0,0,1,1
780,6225239,-0.0043839854,-0.003949106,0.0012101001,7880,0,-0.06844368,0.21777074,-10.268111,7880,0,0,1,1
781,6235371,-0.0015789233,-0.0025975108,0.0005257302,5003,0,-0.06450673,0.15398183,-10.296705,5003,0,0,1,1
782,6243377,-0.0025888905,-0.0035018623,0.0001710304,8006,0,-0.09129113,0.20046645,-10.256117,8006,0,0,1,1
783,6253383,-0.0029767975,-0.0035494864,0.0015908992,5003,0,-0.062350374,0.20474745,-10.227987,5003,0,0,1,1
784,6261389,-0.0020106286,-0.0035516766,-0.0014636512,8006,0,-0.08740602,0.1892459,-10.225285,8006,0,0,1,1
785,6269394,-0.0014943779,-0.0029527545,0.0005327135,8005,0,-0.073936746,0.19941957,-10.247435,8005,0,0,1,1
786,6274398,-0.0031363328,-0.0033696292,0.0012248182,5004,0,-0.08055205,0.19061592,-10.284485,5004,0,0,1,1
787,6279401,-0.0024574772,-0.003323123,0.0015506634,5003,0,-0.074800655,0.21552427,-10.265095,5003,0,0,1,1
788,6287406,-0.0030881686,-0.0024157315,-0.00017407302,8005,0,-0.07169148,0.20450816,-10.2754135,8005,0,0,1,1
789,6297413,-0.003063213,-0.0020575821,8.011283e-05,5003,0,-0.09443354,0.2179201,-10.252167,5003,0,0,1,1
790,6305419,-0.0021897664,-0.0025449842,-0.00012404379,8006,0,-0.09817738,0.20047095,-10.249826,8006,0,0,1,1
791,6315425,-0.0017914213,-0.0039287657,0.0008919456,5003,0,-0.08055454,0.18535697,-10.260065,5003,0,0,1,1
792,6323431,-0.0032335334,-0.0026739985,0.0005039051,8006,0,-0.09398783,0.19538093,-10.243239,8006,0,0,1,1
793,6331436,-0.002407644,-0.0023960024,0.0013226761,8005,0,-0.06616987,0.19642465,-10.25623,8005,0,0,1,1
794,6336315,-0.0033447223,-0.0031094255,0.0011962937,4879,0,-0.06727677,0.20285006,-10.252201,4879,0,0,1,1
795,6341443,-0.0021846704,-0.0030762998,9.03178e-05,5128,0,-0.095280774,0.22459741,-10.260412,5128,0,0,1,1
796,6349448,-0.0022432543,-0.0025989264,0.0010698753,8005,0,-0.061066225,0.21094449,-10.278258,8005,0,0,1,1
797,6354327,-0.0020091645,-0.002411187,-0.00027686454,4879,0,-0.108062856,0.21218225,-10.260362,4879,0,0,1,1
798,6359455,-0.0035200452,-0.002381846,-0.00017269094,5128,0,-0.08707825,0.1976426,-10.316708,5128,0,0,1,1
799,6367461,-0.00202661,-0.0020897686,0.00040126918,8006,0,-0.06360785,0.22934249,-10.257315,8006,0,0,1,1
800,6372464,-0.0016850642,-0.0025973767,-0.00041323248,5003,0,-0.057325084,0.24209785,-10.275145,5003,0,0,1,1
801,6377467,-0.0019116178,-0.0034293535,0.0019836193,5003,0,-0.10497056,0.2159997,-10.314655,5003,0,0,1,1
802,6385473,-0.0024517924,-0.0031486598,0.00045441207,8006,0,-0.0857572,0.20466062,-10.252975,8006,0,0,1,1
803,6395480,-0.0030434094,-0.0032497349,0.0007250747,5004,0,-0.07959896,0.20642273,-10.249292,5004,0,0,1,1
804,6403485,-0.0016610994,-0.003356397,-0.00016974144,8005,0,-0.09712835,0.20166557,-10.250879,8005,0,0,1,1
805,6411490,-0.0030301472,-0.0019749105,0.001768846,8005,0,-0.13588661,0.22800194,-10.252372,8005,0,0,1,1
806,6416494,-0.0012460984,-0.002657041,0.0020370563,5004,0,-0.031235501,0.20354956,-10.226543,5004,0,0,1,1
807,6421497,-0.0025313273,-0.0051936805,-0.0020445795,5003,0,0.047059342,0.27441838,-10.256233,5003,0,0,1,1
808,6429503,0.000532113,-0.0053620487,-0.0015934892,8006,0,-0.12121492,0.20316121,-10.266584,8006,0,0,1,1
809,6434506,-0.0016694963,-0.0023286492,-0.0005728705,5003,0,-0.096797585,0.18975967,-10.220442,5003,0,0,1,1
810,6439509,-0.00071965903,-0.0061124563,-0.0021840031,5003,0,0.026237004,0.22629407,-10.297169,5003,0,0,1,1
811,6447515,0.0028627142,-0.0053958446,-0.003319692,8006,0,-0.12750006,0.22404152,-10.284322,8006,0,0,1,1
812,6452518,0.010651577,-0.005572751,-0.0006129504,5003,0,-0.06427488,0.2727238,-10.329035,5003,0,0,1,1
813,6457522,0.020552475,-0.0060395305,0.00045822025,5004,0,0.0022861883,0.3325958,-10.274195,5004,0,0,1,1
814,6465527,0.02166154,-0.005152955,-0.015049202,8005,0,-0.10156592,0.2803156,-10.299263,8005,0,0,1,1
815,6473532,-0.015920287,-0.0023208556,-0.08641353,8005,0,0.27949688,0.21422441,-10.219438,8005,0,0,1,1
816,6483539,0.0036740194,-0.004811153,-0.11757353,5003,0,0.26327854,0.359151,-10.190573,5003,0,0,1,1
817,6491545,0.016225811,-0.007042229,-0.100921646,8006,0,0.17361848,0.20403233,-10.309107,8006,0,0,1,1
818,6501551,-0.037443005,-0.001991421,-0.059334617,5003,0,0.084420934,-0.16157138,-10.216488,5003,0,0,1,1
819,6509557,-0.009038836,-0.0014502108,-0.04911054,8006,0,-0.15220632,0.1245985,-10.33107,8006,0,0,1,1
820,6514560,0.021979745,-0.0066588223,0.00563711,5003,0,-0.50000954,0.20403537,-10.2614975,5003,0,0,1,1
821,6519564,0.008262377,0.0018767715,0.04152628,5004,0,-0.71884394,-0.0131225595,-10.174362,5004,0,0,1,1
822,6527569,-0.03604168,0.0075973566,0.036950253,8005,0,-0.7458018,-0.10224938,-10.188628,8005,0,0,1,1
823,6532572,-0.05455579,0.0036558658,0.015093461,5003,0,-0.022390462,0.065181494,-10.272524,5003,0,0,1,1
824,6537451,-0.026883893,-0.009423406,0.03982505,4879,0,0.2710165,0.3834339,-10.459968,4879,0,0,1,1
825,6545581,0.019244216,-8.665025e-05,0.11691966,8130,0,-0.07181798,0.17674068,-10.296509,8130,0,0,1,1
826,6553587,0.007654298,-0.00048930943,0.14650834,8006,0,0.055496663,-0.06902688,-10.202404,8006,0,0,1,1
827,6563594,-0.011272535,-0.008563727,0.15566891,5004,0,-0.0072942083,0.21001688,-10.248562,5004,0,0,1,1
828,6571599,-0.0068787257,-0.004174307,0.10833312,8005,0,0.17222577,0.4382486,-10.293228,8005,0,0,1,1
829,6581606,0.0012479462,-0.0023980588,-0.056268908,5004,0,0.3341243,0.22749946,-10.278023,5004,0,0,1,1
830,6589611,-0.012800931,-0.004586667,-0.1328674,8005,0,0.20229836,0.12789592,-10.269433,8005,0,0,1,1
831,6599618,-0.0058072284,-0.0025957227,-0.18478115,5003,0,-0.2548606,0.12262848,-10.26173,5003,0,0,1,1
832,6607623,-0.014596096,-0.0021705476,-0.15870082,8005,0,-0.4848459,0.1633669,-10.264201,8005,0,0,1,1
833,6615629,-0.020234078,-0.0062349886,-0.101821974,8006,0,-0.4604377,0.2552182,-10.249369,8006,0,0,1,1
834,6620632,-0.025552243,-0.009349704,-0.059890997,5003,0,-0.27630168,0.080155194,-10.221823,5003,0,0,1,1
835,6625635,-0.032317817,-0.013423413,-0.057883084,5003,0,-0.27400202,0.09437993,-10.322557,5003,0,0,1,1
836,6633641,-0.041760117,-0.020674817,-0.09480974,8006,0,0.10112092,-0.024282694,-10.285436,8006,0,0,1,1
837,6638644,-0.048265293,-0.027565457,-0.15525374,5003,0,0.12583469,-0.17257547,-10.309858,5003,0,0,1,1
838,6643648,-0.057537984,-0.032610655,-0.17915781,5004,0,-0.07934992,-0.07297784,-10.384077,5004,0,0,1,1
839,6651653,-0.072406866,0.0033903716,-0.17469996,8005,0,-0.31680033,0.21228771,-10.569167,8005,0,0,1,1
840,6661660,-0.073976666,0.05157721,-0.1632404,5003,0,-0.12436202,0.42453164,-10.2969265,5003,0,0,1,1
841,6669540,-0.082138665,0.044442598,-0.1926947,7880,0,-0.20559119,0.48863548,-10.245196,7880,0,0,1,1
842,6679551,-0.12354593,0.053238306,-0.22017029,4882,0,-0.46263862,0.8994321,-10.492136,4882,0,0,1,1
843,6687678,0.009459724,0.22352618,-0.24290496,8127,0,-0.7015347,0.889623,-10.350913,8127,0,0,1,1
844,6697684,0.114711635,0.48437637,-0.34548536,5003,0,-0.23166944,-0.2094875,-10.784082,5003,0,0,1,1
845,6705690,-0.20703262,0.34668428,-0.33118805,8006,0,0.7186729,-0.028062582,-11.330198,8006,0,0,1,1
846,6713695,-0.46975034,0.24899371,-0.27563727,8005,0,1.4450142,1.0086516,-10.635138,8005,0,0,1,1
847,6718699,-0.49766853,0.32850623,-0.35027245,5004,0,1.7778217,1.0063318,-10.865789,5004,0,0,1,1
848,6723702,-0.48805973,0.39205426,-0.37610316,5003,0,1.3411247,0.95125884,-11.210333,5003,0,0,1,1
849,6731707,-0.44924498,0.4370129,-0.37303615,8005,0,0.75645506,0.74400514,-11.298348,8005,0,0,1,1
850,6736711,-0.38109294,0.4417185,-0.3632191,5004,0,0.45075953,0.2945044,-10.960123,5004,0,0,1,1
851,6741592,-0.32097515,0.39484653,-0.34794617,4881,0,0.3483619,0.19675955,-11.042413,4881,0,0,1,1
852,6749720,-0.24596103,0.29652515,-0.30217338,8128,0,0.1747914,0.10642702,-11.357875,8128,0,0,1,1
853,6759727,-0.11579793,0.1538734,-0.19481938,5004,0,0.013059378,-0.14696991,-11.60536,5004,0,0,1,1
854,6767732,-0.040908813,0.12431479,-0.14133139,8005,0,-0.116772614,-0.29320943,-11.63001,8005,0,0,1,1
855,6777739,0.080946125,0.08691402,-0.04811427,5129,0,-0.38479504,-0.3203277,-11.696699,5129,0,0,1,1
856,6785744,0.1670477,0.024680017,-0.007319297,8005,0,-0.43959177,-0.30178532,-11.706974,8005,0,0,1,1
857,6795751,0.35038298,-0.15882868,0.07474831,5128,0,-0.80377024,-0.11490947,-11.722597,5128,0,0,1,1
858,6803756,0.44956732,-0.30282918,0.12848923,8005,0,-0.94497794,-0.078765325,-11.55003,8005,0,0,1,1
859,6811762,0.5646944,-0.4880246,0.15390053,8006,0,-1.1405462,0.03722006,-11.378254,8006,0,0,1,1
860,6816765,0.6302748,-0.6304323,0.12162186,5003,0,-1.2091013,0.03417939,-11.309656,5003,0,0,1,1
861,6821769,0.66879547,-0.7179528,0.072075784,5004,0,-1.1722981,0.2294004,-11.311359,5004,0,0,1,1
862,6829774,0.6792113,-0.79005164,0.026361438,8005,0,-0.94706124,0.31344312,-11.276486,8005,0,0,1,1
863,6834777,0.65442014,-0.796032,-0.023495913,5003,0,-0.67551655,0.2606296,-11.078791,5003,0,0,1,1
864,6839656,0.6263918,-0.75894904,-0.076878324,4879,0,-0.60581344,0.24581297,-11.067281,4879,0,0,1,1
865,6847663,0.5754117,-0.66998,-0.17518179,8007,0,-0.44274765,0.09784851,-10.998927,8007,0,0,1,1
866,6857793,0.5306239,-0.42465612,-0.3726151,5003,0,-0.34703404,0.0136801,-10.781754,5003,0,0,1,1
867,6865799,0.51886785,-0.2760387,-0.46241775,8006,0,-0.26831177,-0.00049728155,-10.789871,8006,0,0,1,1
868,6875680,0.4792087,-0.07568308,-0.53745204,4878,0,-0.08133038,0.25140175,-10.691625,4878,0,0,1,1
869,6883811,0.44556078,-0.020153068,-0.53081036,8131,0,-0.052913014,0.48528564,-10.664276,8131,0,0,1,1
870,6891816,0.3904991,0.006763637,-0.4926751,8005,0,-0.09832381,0.5718714,-10.690812,8005,0,0,1,1
871,6896820,0.33372277,0.0063180476,-0.46513456,5004,0,-0.3232047,0.58544606,-10.651087,5004,0,0,1,1
872,6901698,0.28236347,-0.0007948428,-0.45293844,4878,0,-0.4936381,0.5790474,-10.699975,4878,0,0,1,1
873,6909828,0.20177265,-0.00306046,-0.45263806,8130,0,-0.69884497,0.40860292,-10.647884,8130,0,0,1,1
874,6914832,0.11185697,0.017554551,-0.47032773,5004,0,-0.83262295,0.2514059,-10.743839,5004,0,0,1,1
875,6919835,0.0532997,0.039684266,-0.50275356,5003,0,-0.89679825,0.1718333,-10.806503,5003,0,0,1,1
876,6927840,-0.004765536,0.060624417,-0.54351395,8005,0,-0.80770165,0.20367727,-11.045005,8005,0,0,1,1
877,6937847,-0.06931205,0.05337839,-0.57974815,5003,0,-0.6702343,0.28518772,-11.220615,5003,0,0,1,1
878,6945853,-0.07614453,0.013546526,-0.59690356,8006,0,-0.63023084,0.35186636,-11.396528,8006,0,0,1,1
879,6955860,-0.061016623,-0.038995177,-0.64031136,5129,0,-0.33993495,0.19831568,-11.471712,5129,0,0,1,1
880,6963865,-0.039679002,-0.024719773,-0.68567693,8005,0,-0.49128813,0.112029694,-11.425529,8005,0,0,1,1
881,6971870,-0.036406584,-0.0013591199,-0.7377711,8005,0,-0.73788077,-0.2147734,-11.3837805,8005,0,0,1,1
882,6976874,-0.014384142,0.033520937,-0.7641045,5004,0,-0.7176514,-0.2834378,-11.25366,5004,0,0,1,1
883,6981877,0.019106258,0.077163815,-0.76596147,5003,0,-0.55219555,-0.29539496,-11.263477,5003,0,0,1,1
884,6989882,0.062012106,0.12406696,-0.74380195,8005,0,-0.3080985,-0.29288554,-11.20924,8005,0,0,1,1
885,6994761,0.10493469,0.15982348,-0.690689,4879,0,-0.13664041,-0.27660745,-11.133357,4879,0,0,1,1
886,6999764,0.15000828,0.18384512,-0.64640874,5003,0,-0.10329778,-0.2695409,-11.217024,5003,0,0,1,1
887,7007896,0.21247832,0.19158071,-0.60469234,8132,0,-0.14322178,-0.3712103,-11.135703,8132,0,0,1,1
888,7012898,0.2627844,0.18178554,-0.56725544,5002,0,-0.2615921,-0.31552565,-11.211531,5002,0,0,1,1
889,7017902,0.29438466,0.16737057,-0.5495287,5004,0,-0.4169393,-0.32843828,-11.232813,5004,0,0,1,1
890,7025907,0.32894644,0.1398973,-0.54905856,8005,0,-0.52928543,-0.40620366,-11.075599,8005,0,0,1,1
891,7033913,0.36908534,0.124225296,-0.5530237,8006,0,-0.5328592,-0.40017265,-10.923943,8006,0,0,1,1
892,7043919,0.42306086,0.13431056,-0.5306284,5003,0,-0.25422388,-0.2911138,-10.643526,5003,0,0,1,1
893,7051924,0.44092885,0.13887641,-0.5367257,8005,0,-0.3501594,-0.17003846,-10.584127,8005,0,0,1,1
894,7061931,0.43173465,0.11690639,-0.5431744,5003,0,-0.33746177,-0.07034999,-10.273237,5003,0,0,1,1
895,7069937,0.43400276,0.087187886,-0.55541706,8006,0,-0.2721993,0.0460428,-10.281408,8006,0,0,1,1
896,7074940,0.42160058,0.03220509,-0.5952835,5003,0,-0.27160206,0.16837958,-10.318003,5003,0,0,1,1
897,7079943,0.40269935,-0.020958029,-0.6319625,5003,0,-0.33768666,0.028583407,-10.271982,5003,0,0,1,1
898,7087949,0.37311664,-0.060519002,-0.668604,8006,0,-0.29345155,0.05593759,-10.124729,8006,0,0,1,1
899,7092952,0.35144293,-0.06841988,-0.70224196,5003,0,-0.22228694,-0.03227371,-10.033571,5003,0,0,1,1
900,7097956,0.32217997,-0.06975502,-0.7225958,5004,0,-0.27496397,-0.10626471,-9.956005,5004,0,0,1,1
901,7105961,0.28523862,-0.06957604,-0.75451785,8005,0,-0.4427618,-0.2166767,-9.894231,8005,0,0,1,1
902,7113967,0.23529068,-0.07150135,-0.7857612,8006,0,-0.44848308,-0.29005465,-9.854471,8006,0,0,1,1
903,7123848,0.15729626,-0.086234346,-0.7725338,4878,0,-0.12905467,-0.36019436,-9.891466,4878,0,0,1,1
904,7131979,0.11895793,-0.09059167,-0.7656486,8131,0,-0.07831905,-0.44475353,-10.091877,8131,0,0,1,1
905,7141986,0.120958805,-0.10186242,-0.7467852,5004,0,-0.020230018,-0.4797752,-10.266048,5004,0,0,1,1
906,7149991,0.15342964,-0.1289038,-0.71709085,8005,0,0.17267144,-0.595178,-10.366401,8005,0,0,1,1
907,7154994,0.18724407,-0.16743429,-0.66420877,5003,0,0.18522173,-0.7426369,-10.527241,5003,0,0,1,1
908,7159998,0.22184609,-0.19422507,-0.6046392,5004,0,0.20291331,-0.58151686,-10.442278,5004,0,0,1,1
909,7168003,0.25921005,-0.23556246,-0.52931786,8005,0,0.2919246,-0.51807916,-10.538492,8005,0,0,1,1
910,7175884,0.30107412,-0.29118443,-0.43910503,7881,0,0.52619165,-0.5218817,-10.473105,7881,0,0,1,1
911,7181012,0.3417386,-0.30335173,-0.36834973,5128,0,0.5788251,-0.5878477,-10.48439,5128,0,0,1,1
912,7186015,0.35592526,-0.28636736,-0.32392552,5003,0,0.4823375,-0.5379082,-10.289026,5003,0,0,1,1
913,7194021,0.34243596,-0.24330129,-0.29104173,8006,0,0.43758315,-0.5770016,-10.287053,8006,0,0,1,1
914,7204027,0.2872392,-0.14108354,-0.30126005,5002,0,0.2417089,-0.49244532,-10.092717,5002,0,0,1,1
915,7212033,0.23830083,-0.10865782,-0.36146605,8006,0,0.17759809,-0.40377998,-10.093452,8006,0,0,1,1
916,7222040,0.19968368,-0.000890553,-0.5471915,5003,0,-0.105458215,-0.22859251,-10.182955,5003,0,0,1,1
917,7230045,0.19976087,0.068374,-0.6480426,8005,0,-0.28553152,-0.28705868,-9.962819,8005,0,0,1,1
918,7240052,0.17285627,0.06872845,-0.683774,5004,0,-0.11644379,-0.35153037,-9.84697,5004,0,0,1,1
919,7247932,0.12993343,0.032215163,-0.6370252,7880,0,-0.0011351482,-0.43823567,-9.865885,7880,0,0,1,1
920,7256063,0.10222937,0.015025929,-0.6022515,8131,0,-0.027123012,-0.5861802,-9.994421,8131,0,0,1,1
921,7261066,0.08887036,0.02249737,-0.5954853,5003,0,0.017194025,-0.63600457,-10.218939,5003,0,0,1,1
922,7265945,0.08158913,0.023265794,-0.5988974,4879,0,0.09294828,-0.66564286,-10.295636,4879,0,0,1,1
923,7274075,0.07959337,0.024051605,-0.6014411,8130,0,0.15854809,-0.7432934,-10.504902,8130,0,0,1,1
924,7279078,0.085182734,0.008286327,-0.58744925,5003,0,0.13012828,-0.8249975,-10.566523,5003,0,0,1,1
925,7284082,0.103972636,-0.013492078,-0.5688823,5004,0,0.024588056,-0.8922753,-10.562838,5004,0,0,1,1
926,7292087,0.13525029,-0.05432761,-0.5382312,8005,0,-0.036969583,-0.9237532,-10.506608,8005,0,0,1,1
927,7302094,0.17792892,-0.11705134,-0.5094437,5003,0,-0.16362993,-1.0435863,-10.564852,5003,0,0,1,1
928,7310099,0.20420876,-0.1622971,-0.5012192,8005,0,-0.21803732,-1.0837221,-10.539237,8005,0,0,1,1
929,7320106,0.25929505,-0.22666664,-0.49393752,5128,0,-0.21429752,-1.1042746,-10.5306425,5128,0,0,1,1
930,7328112,0.28615272,-0.24784458,-0.51449883,8006,0,-0.19273773,-1.0970275,-10.589507,8006,0,0,1,1
931,7338118,0.32714477,-0.24604055,-0.54501384,5003,0,0.12845837,-0.9966577,-10.489189,5003,0,0,1,1
932,7346124,0.3499643,-0.20953393,-0.56268436,8006,0,0.35567316,-0.91462487,-10.4466,8006,0,0,1,1
933,7354129,0.36058378,-0.13701527,-0.5965664,8005,0,0.49033022,-0.8501957,-10.361323,8005,0,0,1,1
934,7359133,0.35389784,-0.065722235,-0.62034535,5004,0,0.424854,-0.8302572,-10.162136,5004,0,0,1,1
935,7364136,0.33934316,-0.012949944,-0.62864745,5003,0,0.32358608,-0.7878974,-10.10708,5003,0,0,1,1
936,7372141,0.30857533,0.04281677,-0.6245644,8005,0,0.20932974,-0.825297,-10.100337,8005,0,0,1,1
937,7377145,0.27036965,0.08320828,-0.6164986,5004,0,0.22518621,-0.8001049,-10.067091,5004,0,0,1,1
938,7382148,0.24299955,0.10867477,-0.61081207,5003,0,0.12966217,-0.8556528,-10.053923,5003,0,0,1,1
939,7390154,0.20955718,0.13468824,-0.60869837,8006,0,-0.0069616134,-0.9348215,-9.990465,8006,0,0,1,1
940,7400160,0.15753284,0.14666285,-0.60075516,5003,0,-0.04918441,-1.0464649,-9.851856,5003,0,0,1,1
941,7408166,0.13214079,0.13792384,-0.5738066,8006,0,-0.046405382,-1.0932989,-9.86511,8006,0,0,1,1
942,7418173,0.08845428,0.08837819,-0.48439294,5004,0,-0.13058938,-1.1513294,-9.884655,5004,0,0,1,1
943,7426178,0.06249415,0.05058841,-0.431762,8005,0,-0.09952181,-1.187423,-9.839364,8005,0,0,1,1
944,7434183,0.03324907,0.026707677,-0.38945922,8005,0,-0.051337633,-1.1732063,-9.994243,8005,0,0,1,1
945,7439062,0.008483601,0.024940507,-0.3801568,4879,0,-0.1460045,-1.1722542,-10.066155,4879,0,0,1,1
946,7444190,-0.010598919,0.032310367,-0.39954677,5128,0,-0.18156704,-1.253425,-10.069088,5128,0,0,1,1
947,7452195,-0.03130515,0.05121244,-0.44623896,8005,0,-0.1919996,-1.2915684,-10.160644,8005,0,0,1,1
948,7457199,-0.0380743,0.08489202,-0.48707405,5004,0,-0.20074444,-1.334721,-10.171238,5004,0,0,1,1
949,7462202,-0.024256721,0.11208967,-0.5042675,5003,0,-0.11370272,-1.4008629,-10.069155,5003,0,0,1,1
950,7470208,-0.004748277,0.15251034,-0.49779412,8006,0,0.04279627,-1.4786699,-9.96155,8006,0,0,1,1
951,7475211,0.015358541,0.18713184,-0.46987596,5003,0,0.1054792,-1.4604154,-9.94355,5003,0,0,1,1
952,7480214,0.024896631,0.20179237,-0.45147392,5003,0,-0.036491748,-1.4465349,-10.009626,5003,0,0,1,1
953,7488220,0.024725769,0.20424265,-0.44075546,8006,0,-0.124361694,-1.4391121,-10.083736,8006,0,0,1,1
954,7498227,0.015142814,0.15368448,-0.42721042,5004,0,-0.068099946,-1.3402302,-10.140354,5004,0,0,1,1
955,7506232,0.0058597177,0.12913418,-0.40643546,8005,0,-0.04687135,-1.3662736,-10.081278,8005,0,0,1,1
956,7516239,-0.034898102,0.13744797,-0.3678681,5004,0,0.04945399,-1.6002382,-10.161427,5004,0,0,1,1
957,7524244,-0.057252724,0.13781221,-0.3393623,8005,0,0.10470509,-1.6421957,-10.294115,8005,0,0,1,1
958,7532250,-0.054186188,0.114808306,-0.28790984,8006,0,0.12840797,-1.7014468,-10.472654,8006,0,0,1,1
959,7537128,-0.028296918,0.07689956,-0.23553003,4878,0,0.1207048,-1.7513355,-10.492941,4878,0,0,1,1
960,7542256,0.0044212635,0.04342912,-0.19372304,5128,0,0.09908986,-1.767235,-10.474644,5128,0,0,1,1
961,7550262,0.052688647,-0.0028624532,-0.14591448,8006,0,0.013718038,-1.7323318,-10.499142,8006,0,0,1,1
962,7555265,0.11006845,-0.049031746,-0.11328601,5003,0,-0.050351363,-1.7421316,-10.529507,5003,0,0,1,1
963,7560269,0.15541342,-0.08096273,-0.1202243,5004,0,0.105241165,-1.7662219,-10.361174,5004,0,0,1,1
964,7568274,0.2197952,-0.09891918,-0.15939856,8005,0,0.19735797,-1.6427063,-10.329567,8005,0,0,1,1
965,7573277,0.27516335,-0.08961658,-0.21029405,5003,0,0.33340475,-1.668236,-10.169327,5003,0,0,1,1
966,7578281,0.31383562,-0.057778377,-0.25197285,5004,0,0.46436623,-1.6411834,-10.126942,5004,0,0,1,1
967,7586286,0.3463768,0.0253413,-0.30659106,8005,0,0.47777614,-1.5787221,-10.008458,8005,0,0,1,1
968,7596168,0.33495745,0.20487075,-0.37826762,5003,0,0.29078817,-1.5188384,-9.667257,5003,0,0,1,1
969,7604300,0.29445246,0.27910978,-0.3982544,8132,0,0.23095919,-1.3768903,-9.570321,8132,0,0,1,1
970,7614305,0.2060059,0.30333996,-0.40758452,5003,0,0.13564624,-1.1585073,-9.604769,5003,0,0,1,1
971,7622186,0.15592194,0.27759945,-0.4006056,7881,0,0.11995796,-1.1707517,-9.570313,7881,0,0,1,1
972,7630316,0.11032449,0.24044426,-0.373217,8130,0,0.17017972,-1.2395594,-9.436945,8130,0,0,1,1
973,7635320,0.086187325,0.21468629,-0.34785256,5004,0,0.15318811,-1.3887143,-9.449429,5004,0,0,1,1
974,7640323,0.0745944,0.2017015,-0.3319147,5003,0,0.13779996,-1.4731159,-9.452255,5003,0,0,1,1
975,7648328,0.063162856,0.18084213,-0.31992596,8005,0,0.036351006,-1.5891954,-9.436248,8005,0,0,1,1
976,7653332,0.057868265,0.15510224,-0.3104852,5004,0,-0.01830399,-1.6634469,-9.510685,5004,0,0,1,1
977,7658335,0.059705734,0.14101906,-0.3098995,5003,0,0.013543136,-1.6739807,-9.548262,5003,0,0,1,1
978,7666340,0.06850206,0.12518482,-0.30935296,8005,0,0.047570717,-1.7545472,-9.415301,8005,0,0,1,1
979,7676347,0.0852935,0.117191866,-0.3094134,5003,0,-0.05469567,-1.7644752,-9.319622,5003,0,0,1,1
980,7684353,0.078587376,0.11144246,-0.31783926,8006,0,-0.13786623,-1.7087231,-9.263964,8006,0,0,1,1
981,7694235,0.026993671,0.095552735,-0.34318092,4879,0,-0.20859602,-1.6247872,-9.161214,4879,0,0,1,1
982,7702365,-0.017610354,0.09409279,-0.37499887,8130,0,-0.22419538,-1.6495957,-9.217606,8130,0,0,1,1
983,7710370,-0.07891122,0.09182038,-0.423809,8005,0,-0.077234335,-1.6387306,-9.326713,8005,0,0,1,1
984,7715374,-0.113546655,0.09065667,-0.45233566,5004,0,0.05520432,-1.6577001,-9.350744,5004,0,0,1,1
985,7720377,-0.13569571,0.09273952,-0.4685497,5003,0,0.17347923,-1.7352766,-9.355299,5003,0,0,1,1
986,7728382,-0.14352301,0.111687995,-0.49340758,8005,0,0.36330354,-1.8007826,-9.411706,8005,0,0,1,1
987,7733386,-0.13788798,0.14441311,-0.5069163,5004,0,0.4243858,-1.8528345,-9.437653,5004,0,0,1,1
988,7738389,-0.13168226,0.17050038,-0.50807434,5003,0,0.30873844,-1.8669534,-9.327747,5003,0,0,1,1
989,7746395,-0.12816669,0.18039094,-0.494042,8006,0,0.25062934,-1.7940497,-9.402126,8006,0,0,1,1
990,7751398,-0.12817273,0.15950297,-0.46609297,5003,0,0.22351602,-1.7577782,-9.242056,5003,0,0,1,1
991,7756401,-0.12629566,0.13694765,-0.45135865,5003,0,0.22112352,-1.7448515,-9.301661,5003,0,0,1,1
992,7764407,-0.1396756,0.11349134,-0.44590837,8006,0,0.15618609,-1.740351,-9.339584,8006,0,0,1,1
993,7774414,-0.18159251,0.09157275,-0.49610046,5004,0,-0.20145756,-1.8590508,-9.132395,5004,0,0,1,1
994,7782419,-0.20371231,0.08802406,-0.5452079,8005,0,-0.19933265,-1.8494169,-9.156577,8005,0,0,1,1
995,7790424,-0.21585186,0.056201156,-0.5827296,8005,0,-0.24421665,-1.7971901,-9.203105,8005,0,0,1,1
996,7800431,-0.26202688,-0.04804679,-0.5921874,5003,0,-0.49499357,-1.8183496,-9.213802,5003,0,0,1,1
997,7808437,-0.2926432,-0.13709003,-0.59098136,8006,0,-0.4410934,-1.7859669,-9.29217,8006,0,0,1,1
998,7813440,-0.31544572,-0.22744523,-0.5799228,5003,0,-0.36115086,-1.7719079,-9.478367,5003,0,0,1,1
999,7818443,-0.33159333,-0.28293127,-0.566316,5003,0,-0.22684298,-1.8475541,-9.482666,5003,0,0,1,1
1000,7826449,-0.33795795,-0.3311308,-0.5506909,8006,0,0.019741394,-1.9423435,-9.613861,8006,0,0,1,1
1001,7831452,-0.3107584,-0.3786582,-0.5196954,5003,0,0.26995936,-1.8731803,-9.573643,5003,0,0,1,1
1002,7836456,-0.28893918,-0.4078982,-0.49309248,5004,0,0.4222387,-1.8971179,-9.637585,5004,0,0,1,1
1003,7844461,-0.25411615,-0.43488207,-0.46820468,8005,0,0.55663925,-1.8004853,-9.788202,8005,0,0,1,1
1004,7849464,-0.20576794,-0.45381585,-0.4490765,5003,0,0.5227917,-1.7786021,-9.876034,5003,0,0,1,1
1005,7854468,-0.16764861,-0.46711734,-0.4443976,5004,0,0.57618123,-1.839905,-9.847542,5004,0,0,1,1
1006,7862473,-0.12067544,-0.4709719,-0.4503753,8005,0,0.7102256,-1.795257,-9.890692,8005,0,0,1,1
1007,7870478,-0.06278168,-0.44234058,-0.45995942,8005,0,0.7617864,-1.8733541,-9.914046,8005,0,0,1,1
1008,7880485,0.004433755,-0.32891124,-0.44648498,5128,0,0.839249,-1.9576092,-9.759063,5128,0,0,1,1
1009,7888491,0.035117,-0.27586848,-0.43302765,8006,0,0.7935116,-1.834456,-9.699459,8006,0,0,1,1
1010,7893494,0.05642264,-0.23805465,-0.42374218,5003,0,0.6137601,-1.7489178,-9.691444,5003,0,0,1,1
1011,7898497,0.05961768,-0.21208297,-0.43101838,5003,0,0.5689934,-1.696009,-9.583,5003,0,0,1,1
1012,7906503,0.05265088,-0.17942716,-0.45258722,8006,0,0.562624,-1.5633125,-9.493405,8006,0,0,1,1
1013,7911506,0.04255635,-0.1494793,-0.46760067,5003,0,0.5687938,-1.4132892,-9.304905,5003,0,0,1,1
1014,7916385,0.018184494,-0.13053863,-0.47493014,4879,0,0.45064476,-1.293405,-9.332089,4879,0,0,1,1
1015,7924515,-0.028077736,-0.11617243,-0.47386184,8130,0,0.33357766,-1.241569,-9.279104,8130,0,0,1,1
1016,7929518,-0.08972862,-0.1119913,-0.48021567,5003,0,0.26766115,-1.2693336,-9.340054,5003,0,0,1,1
1017,7934522,-0.13538516,-0.10756624,-0.4925707,5004,0,0.23260564,-1.3124495,-9.461826,5004,0,0,1,1
1018,7942527,-0.17509978,-0.104594216,-0.50791335,8005,0,0.28187707,-1.3484585,-9.465674,8005,0,0,1,1
1019,7950533,-0.20597583,-0.086977266,-0.53027576,8006,0,0.38186213,-1.4712834,-9.543982,8006,0,0,1,1
1020,7960539,-0.2052289,-0.06317677,-0.5384657,5003,0,0.48687464,-1.5420604,-9.530542,5003,0,0,1,1
1021,7968545,-0.20579809,-0.06716733,-0.51613075,8006,0,0.5370521,-1.4857929,-9.613941,8006,0,0,1,1
1022,7978552,-0.17286763,-0.10616645,-0.44715086,5004,0,0.7432948,-1.3553151,-9.661272,5004,0,0,1,1
1023,7986557,-0.17479059,-0.09097444,-0.41210878,8005,0,0.7411374,-1.4557228,-9.64499,8005,0,0,1,1
1024,7991560,-0.18375129,-0.03642021,-0.39748093,5003,0,0.6829615,-1.4635351,-9.552336,5003,0,0,1,1
1025,7996564,-0.19484928,0.02349277,-0.401623,5004,0,0.65135795,-1.4805224,-9.590166,5004,0,0,1,1
1026,8004569,-0.20792326,0.09631889,-0.4261074,8005,0,0.447853,-1.4970198,-9.6707325,8005,0,0,1,1
1027,8012575,-0.22510335,0.15533389,-0.47064596,8006,0,0.111466445,-1.4557171,-9.721012,8006,0,0,1,1
1028,8017578,-0.2345815,0.16939504,-0.5080845,5003,0,-0.101862356,-1.4395884,-9.724001,5003,0,0,1,1
1029,8022581,-0.23654297,0.16041847,-0.53854156,5003,0,-0.13752462,-1.3397586,-9.800852,5003,0,0,1,1
1030,8030587,-0.23510697,0.12580727,-0.59245014,8006,0,-0.25529832,-1.3481289,-9.851639,8006,0,0,1,1
1031,8040594,-0.20172414,0.021691158,-0.658782,5004,0,-0.2040922,-1.1733572,-9.841562,5004,0,0,1,1
1032,8048599,-0.18492104,-0.058580298,-0.6619837,8005,0,-0.10358192,-1.179003,-9.8689785,8005,0,0,1,1
1033,8058606,-0.16242616,-0.1608644,-0.60497785,5004,0,0.17541274,-1.1761119,-9.816986,5004,0,0,1,1
1034,8066611,-0.14871126,-0.18787818,-0.56588054,8005,0,0.37466908,-1.1556985,-9.896536,8005,0,0,1,1
1035,8076618,-0.12911783,-0.17217448,-0.527228,5003,0,0.79669386,-1.1460614,-10.146582,5003,0,0,1,1
1036,8084623,-0.10485136,-0.13593636,-0.51459324,8005,0,0.7704703,-1.1562973,-10.193865,8005,0,0,1,1
1037,8092629,-0.07272957,-0.10478917,-0.49180812,8006,0,0.53912914,-1.1090137,-10.255066,8006,0,0,1,1
1038,8097632,-0.056752775,-0.10036354,-0.48731235,5003,0,0.30396655,-1.1589912,-10.278257,5003,0,0,1,1
1039,8102636,-0.05023402,-0.09686024,-0.49120745,5004,0,0.23380062,-1.1530029,-10.164066,5004,0,0,1,1
1040,8110641,-0.047420677,-0.06742707,-0.5091296,8005,0,0.28654498,-1.1365441,-10.081029,8005,0,0,1,1
1041,8115644,-0.04704901,-0.006581887,-0.53477794,5003,0,0.41911438,-1.0962621,-9.981384,5003,0,0,1,1
1042,8120523,-0.048911754,0.053031743,-0.5522137,4879,0,0.51022726,-1.0502636,-9.889689,4879,0,0,1,1
1043,8128653,-0.052251212,0.114883974,-0.5581803,8130,0,0.5953326,-0.8424674,-9.757922,8130,0,0,1,1
1044,8138660,-0.08844887,0.13911559,-0.52546674,5004,0,0.61018026,-0.63729644,-9.818813,5004,0,0,1,1
1045,8146665,-0.12283532,0.12158085,-0.49077573,8005,0,0.69280446,-0.5613584,-9.758395,8005,0,0,1,1
1046,8156673,-0.16854312,0.11406719,-0.42808336,5004,0,0.878937,-0.5415617,-9.80529,5004,0,0,1,1
1047,8164678,-0.18873043,0.13614313,-0.40170425,8005,0,1.0043634,-0.54503495,-9.80301,8005,0,0,1,1
1048,8172683,-0.2114618,0.18940109,-0.37813982,8005,0,1.0209614,-0.63092095,-9.776074,8005,0,0,1,1
1049,8177686,-0.23145527,0.24190211,-0.3600224,5003,0,0.9176022,-0.6478288,-9.756319,5003,0,0,1,1
1050,8182690,-0.24577944,0.27368826,-0.34835577,5004,0,0.7255716,-0.6461488,-9.786972,5004,0,0,1,1
1051,8190696,-0.25911054,0.28629827,-0.34030727,8006,0,0.40382382,-0.6745753,-9.76306,8006,0,0,1,1
1052,8195699,-0.27227384,0.26484346,-0.3389488,5003,0,0.17442414,-0.6712909,-9.898304,5003,0,0,1,1
1053,8200702,-0.28009164,0.22803572,-0.3440965,5003,0,0.076504484,-0.69882286,-9.873638,5003,0,0,1,1
1054,8208707,-0.2764411,0.1695775,-0.35963923,8005,0,0.0486875,-0.72894794,-9.981451,8005,0,0,1,1
1055,8213586,-0.2561887,0.115492806,-0.37260392,4879,0,0.16447034,-0.70209295,-9.945009,4879,0,0,1,1
1056,8218714,-0.2395971,0.07109963,-0.36030453,5128,0,0.2279096,-0.7671019,-9.968799,5128,0,0,1,1
1057,8226720,-0.2142922,0.01705046,-0.32177225,8006,0,0.2907276,-0.7904278,-9.952206,8006,0,0,1,1
1058,8236727,-0.18811959,-0.042659044,-0.24763696,5004,0,0.441661,-0.7504771,-10.113985,5004,0,0,1,1
1059,8244732,-0.17028825,-0.04419994,-0.22635542,8005,0,0.59554964,-0.73282,-10.135662,8005,0,0,1,1
1060,8254614,-0.13351014,0.028627591,-0.24894777,4879,0,0.7517003,-0.78478515,-10.105292,4879,0,0,1,1
1061,8262745,-0.11207591,0.08052389,-0.2888391,8131,0,0.6603841,-0.7331885,-10.042543,8131,0,0,1,1
1062,8270749,-0.0877784,0.11157955,-0.34556302,8004,0,0.5178755,-0.60038453,-9.854032,8004,0,0,1,1
1063,8275753,-0.06242919,0.104179375,-0.37856907,5004,0,0.41002947,-0.44024473,-9.768772,5004,0,0,1,1
1064,8280756,-0.04989411,0.08007066,-0.37961027,5003,0,0.4699018,-0.28547376,-9.688057,5003,0,0,1,1
1065,8288762,-0.040294237,0.028784871,-0.35099798,8006,0,0.50739104,-0.10449165,-9.6322,8006,0,0,1,1
1066,8293640,-0.03792681,-0.030747471,-0.30808437,4878,0,0.6347113,-0.04602456,-9.6240015,4878,0,0,1,1
1067,8298769,-0.04742632,-0.07213478,-0.27274796,5129,0,0.7381223,0.058746696,-9.618891,5129,0,0,1,1
1068,8306774,-0.055409085,-0.117260635,-0.22335793,8005,0,0.8282304,0.089436136,-9.60339,8005,0,0,1,1
1069,8311652,-0.072457545,-0.14294203,-0.17731318,4878,0,0.7983944,0.09281656,-9.578952,4878,0,0,1,1
1070,8316659,-0.0798211,-0.1445207,-0.1509706,5007,0,0.85212594,0.13363726,-9.464953,5007,0,0,1,1
1071,8324663,-0.094493866,-0.12436074,-0.12771548,8004,0,1.0101157,0.22964709,-9.482245,8004,0,0,1,1
1072,8334793,-0.12371626,-0.030634621,-0.13332045,5004,0,1.2350637,0.34600225,-9.449631,5004,0,0,1,1
1073,8342798,-0.140636,0.028224168,-0.15371706,8005,0,1.1086597,0.4850719,-9.521538,8005,0,0,1,1
1074,8352805,-0.20252126,0.09502992,-0.2156449,5126,0,0.7736134,0.5513447,-9.624426,5126,0,0,1,1
1075,8360686,-0.23865478,0.11078085,-0.25933522,7881,0,0.67200875,0.62906015,-9.717941,7881,0,0,1,1
1076,8368816,-0.25712457,0.085908994,-0.27345878,8130,0,0.7143646,0.63959116,-9.810974,8130,0,0,1,1
1077,8373819,-0.26732615,0.0356642,-0.24045503,5003,0,0.7379384,0.54924595,-9.95598,5003,0,0,1,1
1078,8378823,-0.27343553,-0.013378635,-0.20115645,5004,0,0.77705234,0.47697017,-10.116898,5004,0,0,1,1
1079,8386828,-0.26736078,-0.092467055,-0.1576892,8005,0,0.82538724,0.3716497,-10.190871,8005,0,0,1,1
1080,8391706,-0.25094664,-0.15797809,-0.12666054,4878,0,0.8105125,0.2326263,-10.296825,4878,0,0,1,1
1081,8396835,-0.22377071,-0.18627347,-0.117459506,5129,0,0.8171679,0.1803036,-10.311516,5129,0,0,1,1
1082,8404715,-0.17023413,-0.18870994,-0.12859395,7880,0,0.8492017,0.15177916,-10.303632,7880,0,0,1,1
1083,8414847,-0.08366317,-0.12932645,-0.14300634,5128,0,0.828043,0.43257082,-10.032682,5128,0,0,1,1
1084,8422852,-0.10920594,-0.05957528,-0.22244541,8005,0,0.22092184,0.22101153,-9.853553,8005,0,0,1,1
1085,8432859,-0.12712091,0.019490376,-0.37453943,5003,0,-0.02548527,0.52412504,-9.979694,5003,0,0,1,1
1086,8440865,-0.14898635,0.03475097,-0.42491853,8006,0,0.09560731,0.5892331,-10.077148,8006,0,0,1,1
1087,8448870,-0.17875688,0.017522007,-0.42592865,8005,0,0.34774682,0.64085245,-10.289638,8005,0,0,1,1
1088,8453873,-0.20039353,-0.0210497,-0.39529806,5003,0,0.51942843,0.65964985,-10.523663,5003,0,0,1,1
1089,8458877,-0.19330925,-0.056279466,-0.3622548,5004,0,0.6484841,0.57920337,-10.609377,5004,0,0,1,1
1090,8466882,-0.17406406,-0.10398961,-0.31482878,8005,0,0.8175882,0.45873094,-10.683991,8005,0,0,1,1
1091,8471760,-0.12741144,-0.14966238,-0.25599772,4878,0,0.91839755,0.42579025,-10.73103,4878,0,0,1,1
1092,8476764,-0.09812478,-0.18373561,-0.21411368,5004,0,0.9875031,0.41950524,-10.820309,5004,0,0,1,1
1093,8484896,-0.05388541,-0.24122833,-0.15673575,8132,0,1.154135,0.6722642,-10.731954,8132,0,0,1,1
1094,8489898,-0.068226874,-0.27724206,-0.1748101,5002,0,0.6884682,0.3506026,-10.479599,5002,0,0,1,1
1095,8494901,-0.039262712,-0.30417502,-0.2074781,5003,0,0.6463329,0.37856206,-10.633085,5003,0,0,1,1
1096,8502907,0.0032937825,-0.31881177,-0.24912097,8006,0,0.5605303,0.31014878,-10.558533,8006,0,0,1,1
1097,8510788,0.043149315,-0.31335148,-0.26023242,7881,0,0.64204746,0.25507075,-10.47026,7881,0,0,1,1
1098,8520795,0.09223421,-0.29850966,-0.2227106,4880,0,0.7628305,0.32342494,-10.582434,4880,0,0,1,1
1099,8528924,0.10960496,-0.2895343,-0.21108678,8129,0,0.6374964,0.28777298,-10.423015,8129,0,0,1,1
1100,8538806,0.14712512,-0.3125187,-0.17954004,4878,0,0.79995745,0.63798755,-10.401122,4878,0,0,1,1
1101,8546936,0.14298801,-0.33979583,-0.14221838,8130,0,0.91380036,0.6928165,-10.38158,8130,0,0,1,1
1102,8551940,0.12518546,-0.36023334,-0.097173825,5004,0,0.9561398,0.680712,-10.310827,5004,0,0,1,1
1103,8556943,0.10822857,-0.35450822,-0.06697283,5003,0,0.9386604,0.65055066,-10.338114,5003,0,0,1,1
1104,8564949,0.09664383,-0.31367996,-0.051892105,8006,0,0.9452617,0.55857307,-10.300409,8006,0,0,1,1
1105,8572954,0.08681789,-0.23092805,-0.05470743,8005,0,0.8632448,0.32451233,-10.283049,8005,0,0,1,1
1106,8582961,0.06486101,-0.11462977,-0.12208636,5004,0,0.47107196,0.37928012,-10.284485,5004,0,0,1,1
1107,8590966,0.04992905,-0.09468695,-0.17823759,8005,0,0.17342076,0.36657014,-10.2621,8005,0,0,1,1
1108,8600973,0.00247458,-0.10199945,-0.2218479,5003,0,-0.0065675825,0.29596883,-10.258621,5003,0,0,1,1
1109,8608978,0.0011564865,-0.13890949,-0.21094114,8005,0,0.007166423,0.26346305,-10.192818,8005,0,0,1,1
1110,8618985,0.018968988,-0.26474974,-0.16881081,5003,0,-0.002974838,0.33547384,-10.320631,5003,0,0,1,1
1111,8626866,0.024137095,-0.34878567,-0.142475,7881,0,-0.014057784,0.2549946,-10.41241,7881,0,0,1,1
1112,8631994,0.028538056,-0.41333455,-0.11829647,5128,0,0.052639168,0.18950123,-10.433592,5128,0,0,1,1
1113,8636997,0.028499655,-0.44287002,-0.10148738,5003,0,0.17442721,0.17075148,-10.432926,5003,0,0,1,1
1114,8645003,0.035879083,-0.45632267,-0.0762011,8006,0,0.26933184,0.17637298,-10.41353,8006,0,0,1,1
1115,8653008,0.0402844,-0.44867393,-0.047308493,8005,0,0.30885255,0.16455448,-10.497307,8005,0,0,1,1
1116,8658012,0.03822854,-0.4342625,-0.030461352,5004,0,0.31234014,0.14106467,-10.505716,5004,0,0,1,1
1117,8663015,0.035881057,-0.41277823,-0.029075569,5003,0,0.24978715,0.1288822,-10.391893,5003,0,0,1,1
1118,8671020,0.03700083,-0.38427684,-0.03509273,8005,0,0.12583779,0.03587061,-10.472789,8005,0,0,1,1
1119,8681027,0.04135849,-0.32799482,-0.06134687,5003,0,-0.21558812,0.060863256,-10.221285,5003,0,0,1,1
1120,8689033,0.038583405,-0.32587674,-0.064439856,8006,0,-0.18152422,0.22792338,-10.2298,8006,0,0,1,1
1121,8699039,0.0056311376,-0.38684887,-0.07829161,5003,0,-0.30607778,0.32589155,-10.226788,5003,0,0,1,1
1122,8707045,-0.019462151,-0.4568054,-0.06793463,8006,0,-0.43171456,0.2990782,-10.219006,8006,0,0,1,1
1123,8717051,-0.0457972,-0.5700749,-0.0189686,5003,0,-0.361154,0.1585463,-10.245207,5003,0,0,1,1
1124,8725057,-0.06523078,-0.6033995,0.005815477,8006,0,-0.29525405,0.03152585,-10.261364,8006,0,0,1,1
1125,8733062,-0.07714225,-0.613657,0.031198127,8005,0,-0.24602139,-0.013664066,-10.214659,8005,0,0,1,1
1126,8738066,-0.084646225,-0.6073488,0.026702482,5004,0,-0.22348577,-0.024129272,-10.248581,5004,0,0,1,1
1127,8743069,-0.076743975,-0.5998716,0.010453058,5003,0,-0.31973714,-0.012895405,-10.198526,5003,0,0,1,1
1128,8751075,-0.07057437,-0.60229564,-0.0088425735,8006,0,-0.42858008,-0.011867642,-10.22588,8006,0,0,1,1
1129,8756078,-0.06717691,-0.61579156,-0.02856802,5003,0,-0.52683294,-0.033235908,-10.176266,5003,0,0,1,1
1130,8761081,-0.05398245,-0.659708,-0.027484605,5003,0,-0.6459345,0.024433194,-10.066257,5003,0,0,1,1
1131,8769087,-0.031464428,-0.74891734,0.008835869,8006,0,-0.8343948,0.0708757,-10.062941,8006,0,0,1,1
1132,8779094,-0.028332958,-0.9113232,0.071815565,5004,0,-1.1976883,-0.05334723,-10.137959,5004,0,0,1,1
1133,8786974,-0.030794011,-1.0043175,0.082281925,7880,0,-1.2555503,-0.09731115,-10.176208,7880,0,0,1,1
1134,8797106,-0.028124081,-1.1392522,0.07323758,5004,0,-1.3276861,-0.12613022,-10.220322,5004,0,0,1,1
1135,8805111,-0.016156612,-1.1866364,0.07676663,8005,0,-1.3370259,-0.21163206,-10.1202345,8005,0,0,1,1
1136,8813117,-0.0054854676,-1.2170911,0.08760805,8006,0,-1.2159673,-0.17302166,-10.072958,8006,0,0,1,1
1137,8818120,0.014535256,-1.2363867,0.0964607,5003,0,-1.2103795,-0.13522875,-9.946899,5003,0,0,1,1
1138,8823123,0.026913,-1.254003,0.091952875,5003,0,-1.271664,-0.123019636,-9.935402,5003,0,0,1,1
1139,8831129,0.020944063,-1.2737845,0.087937735,8006,0,-1.3349334,-0.08533716,-9.833536,8006,0,0,1,1
1140,8836132,0.017111633,-1.3073201,0.08672076,5003,0,-1.5141983,-0.042574346,-9.700293,5003,0,0,1,1
1141,8841135,0.0025558397,-1.3317405,0.08134465,5003,0,-1.7184122,0.0017150044,-9.796307,5003,0,0,1,1
1142,8849141,-0.026541114,-1.3583952,0.062730305,8006,0,-1.9155176,0.023750782,-9.7440605,8006,0,0,1,1
1143,8854144,-0.05232931,-1.388207,0.036881182,5003,0,-2.0694058,-0.003547132,-9.64547,5003,0,0,1,1
1144,8859148,-0.073472336,-1.4044569,0.011165885,5004,0,-2.1960988,0.042568445,-9.710596,5004,0,0,1,1
1145,8867153,-0.09075061,-1.4260852,-0.043800842,8005,0,-2.3169277,-0.022954166,-9.75595,8005,0,0,1,1
1146,8877160,-0.11492779,-1.4714327,-0.12963416,5003,0,-2.4450648,-0.09118748,-9.69622,5003,0,0,1,1
1147,8885165,-0.11746327,-1.5208206,-0.14906862,8005,0,-2.5328045,-0.033557054,-9.701038,8005,0,0,1,1
1148,8893171,-0.10054962,-1.620024,-0.13679478,8006,0,-2.7573853,0.005485356,-9.505981,8006,0,0,1,1
1149,8898174,-0.08849384,-1.7274983,-0.1043098,5003,0,-2.8913436,-0.05454534,-9.452501,5003,0,0,1,1
1150,8903178,-0.10510945,-1.8095909,-0.082568735,5004,0,-3.0246992,-0.066753566,-9.450104,5004,0,0,1,1
1151,8911183,-0.13752869,-1.9094553,-0.086909,8005,0,-3.164263,-0.015916286,-9.39585,8005,0,0,1,1
1152,8916186,-0.17471588,-2.0046859,-0.09844668,5003,0,-3.2396965,0.09701124,-9.564058,5003,0,0,1,1
1153,8921190,-0.20579636,-2.0550816,-0.11958839,5004,0,-3.3278108,0.16523924,-9.804455,5004,0,0,1,1
1154,8929195,-0.23548867,-2.0938332,-0.15719403,8005,0,-3.1941714,0.08136027,-10.030158,8005,0,0,1,1
1155,8934199,-0.25500688,-2.0874102,-0.20793569,5004,0,-2.98808,-0.0229429,-10.291195,5004,0,0,1,1
1156,8939202,-0.26162612,-2.0526204,-0.24819769,5003,0,-2.79676,-0.107942104,-10.495892,5003,0,0,1,1
1157,8947207,-0.2630957,-1.9979109,-0.27205256,8005,0,-2.5775292,-0.24589166,-10.562865,8005,0,0,1,1
1158,8952211,-0.24952139,-1.9414197,-0.2711261,5004,0,-2.5269418,-0.3487901,-10.614405,5004,0,0,1,1
1159,8957089,-0.21111877,-1.9012272,-0.259297,4878,0,-2.4914026,-0.3396688,-10.69099,4878,0,0,1,1
1160,8965220,-0.13768025,-1.8604691,-0.2455335,8131,0,-2.5000494,-0.43993843,-10.755745,8131,0,0,1,1
1161,8973225,-0.0142191565,-1.8307644,-0.23363817,8005,0,-2.6324453,-0.43578902,-10.702025,8005,0,0,1,1
1162,8983232,0.14428936,-1.8152874,-0.21817836,5128,0,-3.0602336,-0.50623906,-10.464619,5128,0,0,1,1
1163,8991237,0.22693868,-1.7928852,-0.21330546,8005,0,-3.3432214,-0.50994045,-10.278369,8005,0,0,1,1
1164,8996241,0.29262787,-1.7703638,-0.19815245,5004,0,-3.4213085,-0.30235547,-10.081894,5004,0,0,1,1
1165,9001244,0.32205546,-1.751666,-0.16659857,5003,0,-3.5871038,-0.2865379,-9.780254,5003,0,0,1,1
1166,9009249,0.34391126,-1.7402123,-0.09955073,8005,0,-3.8263302,-0.14491098,-9.49005,8005,0,0,1,1
1167,9014253,0.3376618,-1.7303053,-0.050658602,5004,0,-4.1813383,-0.069860935,-9.228651,5004,0,0,1,1
1168,9019256,0.32272464,-1.7207364,-0.032589827,5003,0,-4.348687,0.0898217,-9.1290455,5003,0,0,1,1
1169,9027262,0.2980027,-1.7284433,-0.030810371,8006,0,-4.5542345,0.13851613,-8.993029,8006,0,0,1,1
1170,9032265,0.26743367,-1.7626214,-0.027417367,5003,0,-4.6929846,0.13459992,-8.99209,5003,0,0,1,1
1171,9037268,0.22815855,-1.7761813,-0.03354154,5003,0,-4.880448,0.06828204,-8.952833,5003,0,0,1,1
1172,9045149,0.17414506,-1.7657168,-0.06343263,7881,0,-4.928738,-0.060441732,-8.909125,7881,0,0,1,1
1173,9050277,0.13426551,-1.7256824,-0.1021155,5128,0,-4.8746867,-0.1809603,-8.725475,5128,0,0,1,1
1174,9055281,0.12155771,-1.6839876,-0.13714306,5004,0,-4.9064593,-0.22267288,-8.669306,5004,0,0,1,1
1175,9063286,0.114875056,-1.6491404,-0.19516109,8005,0,-4.9554696,-0.28175828,-8.950964,8005,0,0,1,1
1176,9071167,0.11132703,-1.6518811,-0.25680947,7881,0,-5.136286,-0.39712623,-9.131349,7881,0,0,1,1
1177,9081300,0.1294733,-1.7075133,-0.25478277,5130,0,-5.079602,-0.45158243,-9.015844,5130,0,0,1,1
1178,9089304,0.15296909,-1.7576917,-0.19707794,8004,0,-4.9667306,-0.46514097,-8.98703,8004,0,0,1,1
1179,9094307,0.1924252,-1.8021115,-0.12443614,5003,0,-4.9898753,-0.41176045,-9.287815,5003,0,0,1,1
1180,9099311,0.17990094,-1.7794785,-0.10734471,5004,0,-5.025768,-0.8170852,-9.246601,5004,0,0,1,1
1181,9107316,0.21658124,-1.722217,-0.12228512,8005,0,-5.155332,-0.760197,-8.900542,8005,0,0,1,1
1182,9112319,0.2742247,-1.6851653,-0.12426503,5003,0,-5.168696,-0.49676314,-8.692863,5003,0,0,1,1
1183,9117323,0.30016422,-1.673722,-0.116377264,5004,0,-5.467005,-0.6482403,-8.510679,5004,0,0,1,1
1184,9125328,0.32308745,-1.681076,-0.11103665,8005,0,-5.9494567,-0.6286622,-8.403007,8005,0,0,1,1
1185,9130332,0.35000116,-1.7469541,-0.09898611,5004,0,-6.3678336,-0.57209194,-8.265093,5004,0,0,1,1
1186,9135335,0.3592837,-1.8322009,-0.07453742,5003,0,-6.5683703,-0.60426366,-8.284597,5003,0,0,1,1
1187,9143340,0.35113335,-1.9539818,-0.05359598,8005,0,-6.915032,-0.6576514,-8.168579,8005,0,0,1,1
1188,9151346,0.34182253,-2.0747151,-0.05820961,8006,0,-7.029465,-0.7688751,-8.148151,8006,0,0,1,1
1189,9161353,0.3090314,-2.1062045,-0.12176273,5004,0,-6.7323613,-0.77400863,-8.0042515,5004,0,0,1,1
1190,9169358,0.288184,-2.0389602,-0.1541516,8005,0,-6.5282474,-0.79596674,-7.8170114,8005,0,0,1,1
1191,9179365,0.28552055,-1.9167364,-0.1094893,5004,0,-6.5353026,-0.9233999,-7.226846,5004,0,0,1,1
1192,9187370,0.2988516,-1.8798411,-0.07314602,8005,0,-6.860142,-0.9745566,-7.2219296,8005,0,0,1,1
1193,9192249,0.29994985,-1.8530388,-0.068883836,4879,0,-6.95873,-0.9960956,-7.247247,4879,0,0,1,1
1194,9197377,0.2972847,-1.8419781,-0.078692354,5128,0,-6.8805637,-0.8716144,-7.2188873,5128,0,0,1,1
1195,9205382,0.26874784,-1.824614,-0.08641144,8005,0,-6.660841,-0.6015912,-7.3857627,8005,0,0,1,1
1196,9213388,0.20892234,-1.7812802,-0.09330394,8006,0,-6.436532,-0.45898688,-7.5270104,8006,0,0,1,1
1197,9223395,0.11192954,-1.6413779,-0.10271339,5004,0,-6.2554364,-0.5276358,-7.6056123,5004,0,0,1,1
1198,9231400,0.060152877,-1.5055207,-0.115462676,8005,0,-6.0895104,-0.61909986,-7.6413407,8005,0,0,1,1
1199,9241407,-0.012601086,-1.2712952,-0.12962952,5003,0,-6.147464,-0.7754458,-7.7641177,5003,0,0,1,1
1200,9249412,-0.027634129,-1.1312613,-0.15990399,8005,0,-6.2105737,-0.79402035,-7.7399564,8005,0,0,1,1
1201,9259419,-0.013713234,-0.91121304,-0.22429574,5003,0,-6.655757,-1.1156583,-7.6264396,5003,0,0,1,1
1202,9267425,0.022044446,-0.80852556,-0.22063273,8006,0,-6.908491,-1.1934037,-7.420323,8006,0,0,1,1
1203,9277431,0.11251391,-0.673792,-0.16777086,5003,0,-7.241845,-1.2114211,-7.0817723,5003,0,0,1,1
1204,9285437,0.18450218,-0.651832,-0.12434052,8006,0,-7.469476,-1.1241262,-6.8693676,8006,0,0,1,1
1205,9293442,0.2610748,-0.6772838,-0.054894328,8005,0,-7.886666,-1.0744436,-6.760278,8005,0,0,1,1
1206,9298446,0.29452026,-0.7259526,-0.0062063304,5004,0,-7.9826713,-0.8469347,-6.76387,5004,0,0,1,1
1207,9303449,0.30324942,-0.7747998,0.016814044,5003,0,-7.9040747,-0.72300303,-6.7951875,5003,0,0,1,1
1208,9311454,0.29487368,-0.83426994,0.03483767,8005,0,-7.8055677,-0.54967505,-6.686211,8005,0,0,1,1
1209,9321461,0.23310547,-0.8641675,0.0936947,5128,0,-7.8356824,-0.9025224,-6.6795077,5128,0,0,1,1
1210,9329466,0.19873331,-0.7873163,0.084852755,8005,0,-7.594486,-0.8290592,-6.4819536,8005,0,0,1,1
1211,9339473,0.12352982,-0.5283383,0.064945765,5003,0,-7.3005047,-0.99594724,-6.2220087,5003,0,0,1,1
1212,9347479,0.07700542,-0.35427904,0.055337913,8006,0,-7.2923093,-0.97852457,-6.1177387,8006,0,0,1,1
1213,9357485,0.03175948,-0.11910104,0.041478958,5003,0,-7.342727,-0.97898185,-6.2632327,5003,0,0,1,1
1214,9365491,0.017710093,-0.042247012,0.034560043,8006,0,-7.479704,-0.9095445,-6.499365,8006,0,0,1,1
1215,9373496,0.0024195574,0.03624721,0.02308115,8005,0,-7.5348654,-0.94665164,-6.575776,8005,0,0,1,1
1216,9378500,-0.0068659037,0.11874963,0.012581812,5004,0,-7.565071,-1.0617845,-6.528937,5004,0,0,1,1
1217,9383503,-0.010315739,0.20145048,-0.008511338,5003,0,-7.6234813,-1.1599482,-6.4171286,5003,0,0,1,1
1218,9391509,-0.004932519,0.30540228,-0.039283406,8006,0,-7.809221,-1.2559774,-6.3122773,8006,0,0,1,1
1219,9396512,0.013006996,0.3805294,-0.07097122,5003,0,-8.084494,-1.2281173,-6.2612696,5003,0,0,1,1
1220,9401515,0.02781749,0.3940327,-0.07756438,5003,0,-8.251747,-1.1495047,-6.2897553,5003,0,0,1,1
1221,9409521,0.056248654,0.3564102,-0.06806541,8006,0,-8.403664,-0.99902785,-6.3567114,8006,0,0,1,1
1222,9419528,0.06568237,0.22867627,-0.0147050945,5004,0,-8.410446,-0.84845674,-6.6419525,5004,0,0,1,1
1223,9427533,0.04891124,0.18270613,0.015697727,8005,0,-8.202245,-0.8303856,-6.8710237,8005,0,0,1,1
1224,9435538,0.024166217,0.19622895,0.025450055,8005,0,-7.895352,-0.97119194,-7.082889,8005,0,0,1,1
1225,9440542,0.005864028,0.26737106,0.014427908,5004,0,-7.6591597,-1.139107,-7.1682034,5004,0,0,1,1
1226,9445545,-0.0015273355,0.35488266,0.002169592,5003,0,-7.489164,-1.2530881,-7.217033,5003,0,0,1,1
1227,9453551,0.0015612841,0.49405876,-0.011792937,8006,0,-7.2866187,-1.3639934,-7.2648582,8006,0,0,1,1
1228,9458554,0.022193357,0.6328633,-0.033330284,5003,0,-7.25502,-1.447012,-7.2302,5003,0,0,1,1
1229,9463557,0.047782324,0.72128654,-0.059171814,5003,0,-7.297154,-1.445576,-7.0930157,5003,0,0,1,1
1230,9471563,0.09944856,0.7769292,-0.08129921,8006,0,-7.40259,-1.3150635,-7.009571,8006,0,0,1,1
1231,9476566,0.15498738,0.7773554,-0.0718529,5003,0,-7.6579585,-1.1848538,-6.7997274,5003,0,0,1,1
1232,9481570,0.19201998,0.7439995,-0.046641517,5004,0,-7.741053,-1.0359412,-6.719039,5004,0,0,1,1
1233,9489575,0.20306112,0.7034959,-0.012108564,8005,0,-7.7781787,-0.8734774,-6.7620797,8005,0,0,1,1
1234,9497580,0.17792644,0.68621624,0.02235494,8005,0,-7.6876473,-0.7247403,-6.7759876,8005,0,0,1,1
1235,9507587,0.082890786,0.7831409,0.05025802,5003,0,-7.2313123,-0.69403315,-7.1600504,5003,0,0,1,1
1236,9515593,0.0011490807,0.9089436,0.04876288,8006,0,-6.8306737,-0.82664776,-7.5147467,8006,0,0,1,1
1237,9525599,-0.07866222,1.2493957,-0.046186205,5003,0,-6.334834,-1.304631,-7.5567193,5003,0,0,1,1
1238,9533605,-0.03689621,1.4424682,-0.08509753,8006,0,-6.54038,-1.6248102,-7.354935,8006,0,0,1,1
1239,9538608,0.042572174,1.5815058,-0.091529444,5003,0,-6.978232,-1.7860261,-7.2333145,5003,0,0,1,1
1240,9543612,0.11882905,1.6409365,-0.08255764,5004,0,-7.3005037,-1.7465223,-7.140904,5004,0,0,1,1
1241,9551617,0.19936916,1.6513095,-0.05387872,8005,0,-7.5981736,-1.502252,-7.1333237,8005,0,0,1,1
1242,9556620,0.24363165,1.6258857,-0.031975295,5003,0,-7.8387156,-1.2456712,-7.170108,5003,0,0,1,1
1243,9561624,0.2493817,1.595218,-0.026895616,5004,0,-7.9641175,-1.0219501,-7.172435,5004,0,0,1,1
1244,9569629,0.22251514,1.5478977,-0.035899743,8005,0,-7.9564037,-0.84251064,-7.1373672,8005,0,0,1,1
1245,9577635,0.15193884,1.5007135,-0.056797598,8006,0,-7.672236,-0.71022546,-7.1858506,8006,0,0,1,1
1246,9587641,0.049008034,1.3688481,-0.051690035,5003,0,-6.950248,-0.31551862,-7.3681064,5003,0,0,1,1
1247,9595647,0.024416473,1.2214365,0.021299368,8006,0,-6.510164,-0.11108171,-7.366163,8006,0,0,1,1
1248,9605654,-0.00010539591,0.920741,0.28275216,5004,0,-5.860152,-0.062206328,-7.7308335,5004,0,0,1,1
1249,9613534,-0.04010101,0.84224665,0.42057496,7880,0,-5.368968,-0.22846223,-7.9249563,7880,0,0,1,1
1250,9623541,-0.11469581,1.0252452,0.48353735,4878,0,-5.0869007,-0.8857873,-7.8075604,4878,0,0,1,1
1251,9631549,-0.1217083,1.2433429,0.41170105,8008,0,-5.3061056,-1.1257437,-7.7928715,8008,0,0,1,1
1252,9636675,-0.120157346,1.4437147,0.33944532,5126,0,-5.857379,-1.3433551,-7.9354835,5126,0,0,1,1
1253,9641678,-0.1167838,1.559236,0.29207224,5003,0,-6.2784333,-1.4836471,-8.069372,5003,0,0,1,1
1254,9649684,-0.10364824,1.6394838,0.2259078,8006,0,-6.6333036,-1.5003116,-8.337608,8006,0,0,1,1
1255,9654687,-0.07854429,1.670054,0.16095129,5003,0,-6.8209443,-1.4429395,-8.5348015,5003,0,0,1,1
1256,9659567,-0.058374472,1.6738248,0.11382551,4880,0,-6.814079,-1.4989418,-8.526842,4880,0,0,1,1
1257,9667696,-0.03937237,1.6838868,0.049057577,8129,0,-6.6722918,-1.4969417,-8.42671,8129,0,0,1,1
1258,9675701,-0.039010778,1.736494,-0.008293414,8005,0,-6.214613,-1.2990507,-8.384299,8005,0,0,1,1
1259,9685583,-0.081285894,1.8882158,-0.029140893,4878,0,-5.4666414,-1.0390991,-8.374668,4878,0,0,1,1
1260,9693591,-0.11156846,1.9845229,-0.035509378,8008,0,-5.1335196,-0.96034193,-8.380283,8008,0,0,1,1
1261,9703720,-0.14423798,2.1375976,-0.02031805,5003,0,-4.961372,-0.9076005,-8.362425,5003,0,0,1,1
1262,9711601,-0.14883839,2.2165165,-0.0022926645,7881,0,-5.076409,-0.9147807,-8.291145,7881,0,0,1,1
1263,9721732,-0.14403845,2.280402,-0.0070718154,5003,0,-5.4813232,-0.8097133,-8.264677,5003,0,0,1,1
1264,9729738,-0.13213496,2.195163,0.010336775,8006,0,-5.7010274,-0.5318693,-8.48465,8006,0,0,1,1
1265,9734742,-0.15356992,2.0437431,0.03965993,5004,0,-5.9986467,-0.41149333,-8.707691,5004,0,0,1,1
1266,9739745,-0.15186761,1.8692364,0.086338386,5003,0,-6.221534,-0.19067693,-8.788813,5003,0,0,1,1
1267,9747750,-0.18910936,1.6202937,0.12540244,8005,0,-6.1277294,-0.2636174,-9.379857,8005,0,0,1,1
1268,9755755,-0.23211138,1.3334501,0.13275914,8005,0,-6.0241756,-0.5381964,-9.513098,8005,0,0,1,1
1269,9760634,-0.25055686,1.1463016,0.1351731,4879,0,-5.6483536,-0.7055896,-9.614208,4879,0,0,1,1
1270,9765638,-0.25154418,1.0523703,0.13854139,5004,0,-5.2450624,-0.920985,-9.690872,5004,0,0,1,1
1271,9773768,-0.23081483,1.0054897,0.15067819,8130,0,-4.7285256,-1.1077354,-9.677181,8130,0,0,1,1
1272,9783775,-0.13315517,1.0392476,0.1859862,5004,0,-3.924212,-1.150848,-9.59663,5004,0,0,1,1
1273,9791780,-0.06862879,1.0881085,0.1992341,8005,0,-3.6939654,-1.0838684,-9.610574,8005,0,0,1,1
1274,9801787,-0.0074937344,1.1937538,0.21923791,5004,0,-3.3975043,-0.7498778,-9.720432,5004,0,0,1,1
1275,9809792,-0.021268835,1.2820102,0.22282968,8005,0,-3.2438564,-0.62029207,-9.783114,8005,0,0,1,1
1276,9819799,-0.09364542,1.5397282,0.19372654,5003,0,-3.0697029,-0.6504655,-9.750822,5003,0,0,1,1
1277,9827804,-0.13857341,1.73158,0.15571468,8005,0,-2.9185503,-0.69511145,-9.816323,8005,0,0,1,1
1278,9832808,-0.17669809,1.9410535,0.10486429,5004,0,-2.8678832,-0.7775917,-9.8813,5004,0,0,1,1
1279,9837811,-0.19651432,2.0998504,0.05723944,5003,0,-2.8944538,-0.8204506,-9.866934,5003,0,0,1,1
1280,9845817,-0.20656617,2.3015249,-0.013722629,8006,0,-3.1330652,-0.89769137,-9.851398,8006,0,0,1,1
1281,9853822,-0.22052865,2.4907591,-0.13337992,8005,0,-3.5614007,-1.1044694,-9.727767,8005,0,0,1,1
1282,9863829,-0.1516228,2.4532654,-0.21848372,5003,0,-4.334581,-0.5913142,-9.280844,5003,0,0,1,1
1283,9871834,-0.12980968,2.2644565,-0.18900225,8005,0,-4.7267585,-0.5174946,-9.423673,8005,0,0,1,1
1284,9881841,-0.118449606,1.7517725,-0.12069951,5003,0,-4.921192,-0.18843275,-9.687149,5003,0,0,1,1
1285,9889846,-0.13489014,1.410004,-0.081152245,8005,0,-4.6410575,-0.13505691,-9.907883,8005,0,0,1,1
1286,9899853,-0.16489924,0.8451422,-0.005049268,5003,0,-4.010149,-0.20514196,-10.324484,5003,0,0,1,1
1287,9907859,-0.1728628,0.62829965,0.043063127,8006,0,-3.5458279,-0.4514073,-10.447706,8006,0,0,1,1
1288,9917865,-0.1546297,0.45143947,0.08985718,5003,0,-2.4778862,-0.86282146,-10.646961,5003,0,0,1,1
1289,9925871,-0.11950959,0.49495003,0.093331404,8006,0,-1.8392117,-0.97358847,-10.714754,8006,0,0,1,1
1290,9930749,-0.080811955,0.6262224,0.09330836,4878,0,-1.2359287,-1.0568105,-10.814527,4878,0,0,1,1
1291,9935878,-0.057956114,0.78671885,0.06831412,5129,0,-0.9942453,-1.0885105,-10.646498,5129,0,0,1,1
1292,9943883,-0.0287967,1.0555236,0.0035358933,8005,0,-0.7885441,-1.1635522,-10.429348,8005,0,0,1,1
1293,9951763,-0.015405328,1.428466,-0.115355246,7880,0,-0.77028364,-1.0813701,-10.202456,7880,0,0,1,1
1294,9961895,-0.030696236,1.9707665,-0.32578394,5125,0,-1.0854864,-0.8391435,-9.752714,5125,0,0,1,1
1295,9969901,-0.04247242,2.188959,-0.40226611,8006,0,-1.3340298,-0.6475221,-9.784012,8006,0,0,1,1
1296,9979908,-0.086136535,2.3032906,-0.434323,5004,0,-1.994242,-0.2908448,-9.62225,5004,0,0,1,1
1297,9987913,-0.13054052,2.2208896,-0.405217,8005,0,-2.0077138,-0.09536164,-9.630491,8005,0,0,1,1
1298,9997920,-0.19482484,1.8879777,-0.27901098,5004,0,-1.7129132,0.5803567,-9.970417,5004,0,0,1,1
1299,10005925,-0.24726273,1.6525851,-0.13333334,8005,0,-1.4471568,0.53386056,-10.052613,8005,0,0,1,1
1300,10013930,-0.30646417,1.3773398,0.037316132,8005,0,-1.2065499,0.341431,-10.247131,8005,0,0,1,1
1301,10018934,-0.32680082,1.1933994,0.1502778,5004,0,-0.8675282,0.1910994,-10.446102,5004,0,0,1,1
1302,10023937,-0.32610264,1.096993,0.22593653,5003,0,-0.5156233,0.03910637,-10.667618,5003,0,0,1,1
1303,10031943,-0.32867533,1.0578896,0.30084053,8006,0,-0.129606,-0.30844632,-10.768917,8006,0,0,1,1
1304,10036946,-0.3185572,1.1052477,0.3318637,5003,0,0.06861338,-0.6090523,-10.721188,5003,0,0,1,1
1305,10041949,-0.2966889,1.2000214,0.31476903,5003,0,0.117931634,-0.76992774,-10.703945,5003,0,0,1,1
1306,10049955,-0.2556912,1.341275,0.26663893,8006,0,0.07539669,-0.912083,-10.618837,8006,0,0,1,1
1307,10059837,-0.17223948,1.5500973,0.13844098,4879,0,-0.70824766,-1.018645,-10.270956,4879,0,0,1,1
1308,10067967,-0.13512309,1.6009772,0.04226518,8130,0,-1.1341767,-0.9247787,-10.170502,8130,0,0,1,1
1309,10077974,-0.12432774,1.5065622,-0.11616736,5004,0,-1.9236165,-0.4699458,-9.752716,5004,0,0,1,1
1310,10085979,-0.124684386,1.3399309,-0.13744724,8005,0,-1.9369308,-0.48158166,-10.104698,8005,0,0,1,1
1311,10093985,-0.11946222,1.1039875,-0.1323639,8006,0,-1.786535,-0.4414773,-10.232764,8006,0,0,1,1
1312,10098988,-0.10213086,0.9144034,-0.10942663,5003,0,-1.4088435,-0.4821508,-10.364214,5003,0,0,1,1
1313,10103991,-0.08151053,0.7855172,-0.087522075,5003,0,-1.0099994,-0.5051286,-10.522469,5003,0,0,1,1
1314,10111997,-0.035133198,0.6446559,-0.045827933,8006,0,-0.44116592,-0.51838917,-10.531598,8006,0,0,1,1
1315,10117000,0.014488179,0.5364699,0.0073007788,5003,0,0.011130996,-0.53553987,-10.498047,5003,0,0,1,1
1316,10122004,0.057676814,0.47491926,0.04990922,5004,0,0.32658017,-0.51497924,-10.441217,5004,0,0,1,1
1317,10130009,0.10872924,0.418956,0.07753127,8005,0,0.53735805,-0.4631357,-10.2796545,8005,0,0,1,1
1318,10135013,0.15478706,0.37484592,0.09758455,5004,0,0.62837356,-0.36506975,-10.177464,5004,0,0,1,1
1319,10140016,0.18101288,0.33811927,0.1156037,5003,0,0.5979681,-0.2920413,-10.119516,5003,0,0,1,1
1320,10148021,0.1955463,0.28557485,0.14569737,8005,0,0.5754734,-0.16772006,-9.91994,8005,0,0,1,1
1321,10156027,0.18960741,0.21734847,0.18492147,8006,0,0.5612733,0.047837853,-9.814234,8006,0,0,1,1
1322,10166033,0.13204029,0.16494031,0.23919041,5003,0,0.9010519,0.21358515,-10.391083,5003,0,0,1,1
1323,10174039,0.04620382,0.20820852,0.23432523,8006,0,1.4248288,-0.043442965,-10.497923,8006,0,0,1,1
1324,10179042,-0.017375551,0.34007704,0.21574397,5003,0,2.1055765,-0.22285014,-10.533966,5003,0,0,1,1
1325,10184046,-0.032791875,0.4925174,0.19697542,5004,0,2.46377,-0.34544134,-10.405146,5004,0,0,1,1
1326,10191926,-0.02568555,0.72158206,0.17233531,7880,0,2.503629,-0.44276348,-10.16871,7880,0,0,1,1
1327,10197054,-0.009407237,0.9552282,0.13979346,5128,0,2.3449066,-0.4593295,-9.849177,5128,0,0,1,1
1328,10202058,-0.0069721867,1.1178017,0.13033544,5004,0,2.2511737,-0.37417275,-9.5856285,5004,0,0,1,1
1329,10210063,-0.036505133,1.2905496,0.14464605,8005,0,1.9265813,-0.15163718,-9.270904,8005,0,0,1,1
1330,10215067,-0.096330866,1.4127578,0.16607846,5004,0,1.4324675,0.11019704,-9.066816,5004,0,0,1,1
1331,10220070,-0.15874343,1.455566,0.16096854,5003,0,0.955877,0.32685798,-8.991619,5003,0,0,1,1
1332,10228076,-0.26008877,1.4256772,0.12570037,8006,0,0.403538,0.50093937,-9.052876,8006,0,0,1,1
1333,10233079,-0.36593413,1.3237315,0.07985909,5003,0,0.0021296516,0.5568473,-9.178587,5003,0,0,1,1
1334,10238082,-0.43891415,1.2057614,0.06577716,5003,0,-0.10209637,0.53897715,-9.333979,5003,0,0,1,1
1335,10246088,-0.5123588,1.0232639,0.06344022,8006,0,-0.13001345,0.3886629,-9.6184845,8006,0,0,1,1
1336,10254093,-0.56450814,0.7799563,0.07860678,8005,0,-0.014827921,0.04798728,-10.008761,8005,0,0,1,1
1337,10264100,-0.53415525,0.46050516,0.11966019,5003,0,0.38369566,-0.49532473,-10.329252,5003,0,0,1,1
1338,10272105,-0.45177275,0.31372932,0.13603602,8005,0,0.6443161,-0.66278785,-10.4593115,8005,0,0,1,1
1339,10277109,-0.34972283,0.1882691,0.14993897,5004,0,0.89700556,-0.7404845,-10.725975,5004,0,0,1,1
1340,10282112,-0.28569874,0.12608285,0.14344941,5003,0,1.2039856,-0.8572327,-10.816385,5003,0,0,1,1
1341,10290118,-0.19796729,0.12093339,0.11133524,8006,0,1.8022109,-0.86416554,-10.852045,8006,0,0,1,1
1342,10295121,-0.0991548,0.1820034,0.081719935,5003,0,2.4889174,-0.7784275,-10.866875,5003,0,0,1,1
1343,10300124,-0.024186514,0.25667334,0.078018285,5003,0,2.6708634,-0.6882919,-10.737469,5003,0,0,1,1
1344,10308130,0.060972076,0.35937113,0.0799385,8006,0,2.6561625,-0.5876678,-10.408321,8006,0,0,1,1
1345,10313133,0.12146239,0.44757998,0.09038787,5003,0,2.5482795,-0.32076955,-10.096052,5003,0,0,1,1
1346,10318137,0.1429871,0.49847594,0.11011508,5004,0,2.4573045,-0.015041889,-9.890886,5004,0,0,1,1
1347,10326142,0.12762678,0.537706,0.14359337,8005,0,2.3231626,0.3236866,-9.706801,8005,0,0,1,1
1348,10331145,0.07361729,0.56310844,0.16948587,5003,0,2.1643498,0.59350187,-9.472977,5003,0,0,1,1
1349,10336024,0.009222634,0.58010715,0.17950499,4879,0,2.0827174,0.7191423,-9.353213,4879,0,0,1,1
1350,10344154,-0.093408994,0.60543203,0.18585743,8130,0,2.0349483,0.8764535,-9.365513,8130,0,0,1,1
1351,10352160,-0.2338906,0.6428279,0.18952706,8006,0,1.9114771,0.8570942,-9.49474,8006,0,0,1,1
1352,10362166,-0.4080344,0.6715774,0.16624977,5128,0,1.7592024,0.56606925,-9.781866,5128,0,0,1,1
1353,10370172,-0.45770767,0.663474,0.14770423,8006,0,1.7120093,0.3401935,-9.993446,8006,0,0,1,1
1354,10375175,-0.4700525,0.6426068,0.14277565,5003,0,1.6593115,0.12477573,-10.255518,5003,0,0,1,1
1355,10380179,-0.4594673,0.6142118,0.1468804,5004,0,1.6076046,-0.013605356,-10.397007,5004,0,0,1,1
1356,10388184,-0.42963183,0.5688804,0.14209987,8005,0,1.6875215,-0.2224866,-10.602786,8005,0,0,1,1
1357,10393187,-0.3762282,0.53669435,0.12725616,5003,0,1.835044,-0.36650455,-10.750149,5003,0,0,1,1
1358,10398191,-0.32352722,0.5353118,0.1200737,5004,0,1.9983664,-0.40577334,-10.905542,5004,0,0,1,1
1359,10406196,-0.24778822,0.55503654,0.12819755,8005,0,2.242759,-0.3784803,-10.997266,8005,0,0,1,1
1360,10411200,-0.17785199,0.59730333,0.14335507,5004,0,2.4331207,-0.42804003,-11.030277,5004,0,0,1,1
1361,10416203,-0.13541773,0.64757067,0.14571941,5003,0,2.5564315,-0.38134915,-11.007771,5003,0,0,1,1
1362,10424208,-0.07932166,0.7239441,0.14821987,8005,0,2.6626327,-0.23991697,-10.801551,8005,0,0,1,1
1363,10432214,-0.025375478,0.83670956,0.15366545,8006,0,2.6556034,-0.09054518,-10.540914,8006,0,0,1,1
1364,10442221,-0.0045852624,1.0090172,0.1422532,5004,0,2.5039923,0.17458183,-10.151844,5004,0,0,1,1
1365,10450226,-0.020643473,1.0849242,0.11609733,8005,0,2.3452127,0.27089423,-10.043906,8005,0,0,1,1
1366,10460233,-0.08873634,1.162094,0.0932105,5004,0,2.0709598,0.4082866,-9.955769,5004,0,0,1,1
1367,10468238,-0.1429161,1.1559299,0.08598246,8005,0,1.9513007,0.3671629,-9.949225,8005,0,0,1,1
1368,10473242,-0.19006892,1.1170795,0.06490913,5004,0,1.8217014,0.3202399,-9.964769,5004,0,0,1,1
1369,10478245,-0.21211804,1.0754145,0.050329097,5003,0,1.8683363,0.3359524,-10.072605,5003,0,0,1,1
1370,10486250,-0.22306332,1.022107,0.042048402,8005,0,2.0849664,0.21835636,-10.268786,8005,0,0,1,1
1371,10491254,-0.21666402,0.97972274,0.043031372,5004,0,2.3950458,-0.0126414895,-10.29598,5004,0,0,1,1
1372,10496132,-0.19355439,0.9507653,0.042228714,4878,0,2.5289228,-0.04776823,-10.342196,4878,0,0,1,1
1373,10504263,-0.14610669,0.9236601,0.054759886,8131,0,2.8528085,-0.120440185,-10.347931,8131,0,0,1,1
1374,10509266,-0.09234245,0.9529935,0.07184423,5003,0,3.1137161,-0.22804028,-10.298811,5003,0,0,1,1
1375,10514269,-0.053868733,1.0087632,0.08054812,5003,0,3.3477018,-0.29396117,-10.119299,5003,0,0,1,1
1376,10522275,-0.00452156,1.1109167,0.095999666,8006,0,3.5280406,-0.1334973,-10.020203,8006,0,0,1,1
1377,10530280,0.0348631,1.2404093,0.10924811,8005,0,3.4917793,-0.037901398,-9.884868,8005,0,0,1,1
1378,10540287,0.047079086,1.4034796,0.119664975,5003,0,3.418107,0.16499788,-9.547771,5003,0,0,1,1
1379,10548168,0.03556099,1.476884,0.11128206,7881,0,3.2459643,0.22544819,-9.406784,7881,0,0,1,1
1380,10558300,-0.02178771,1.5449302,0.0719837,5129,0,3.0474725,0.33186144,-9.290337,5129,0,0,1,1
1381,10566305,-0.06683773,1.5590748,0.04998869,8005,0,3.0396485,0.3386932,-9.3268385,8005,0,0,1,1
1382,10571308,-0.1186771,1.5706637,0.02823444,5003,0,3.0436382,0.25071922,-9.370613,5003,0,0,1,1
1383,10576312,-0.15948117,1.5729475,0.009512626,5004,0,3.1764,0.20037793,-9.446579,5004,0,0,1,1
1384,10584192,-0.20331539,1.5800065,-0.027078537,7880,0,3.2790186,0.17309786,-9.477326,7880,0,0,1,1
1385,10589320,-0.21903631,1.5710394,-0.053474,5128,0,3.5504994,0.18121372,-9.723897,5128,0,0,1,1
1386,10594200,-0.22857928,1.542902,-0.061289582,4880,0,3.6166415,0.0061024423,-9.665238,4880,0,0,1,1
1387,10602329,-0.21474536,1.4987084,-0.03703823,8129,0,3.8350773,-0.0051138992,-9.725383,8129,0,0,1,1
1388,10610335,-0.16372521,1.4428813,-0.011992441,8006,0,3.9779506,0.008631229,-9.628532,8006,0,0,1,1
1389,10620341,-0.07120846,1.407395,-0.072298706,5003,0,4.1820855,-0.26163685,-9.33783,5003,0,0,1,1
1390,10628347,0.00197988,1.4476339,-0.15297987,8006,0,4.3520436,-0.28151548,-9.205352,8006,0,0,1,1
1391,10638354,0.13440096,1.4997023,-0.23695134,5129,0,4.3567085,-0.0021785498,-8.937157,5129,0,0,1,1
1392,10646359,0.1602238,1.533967,-0.25738922,8005,0,4.285005,0.055319425,-8.982551,8005,0,0,1,1
1393,10656366,0.1597115,1.5787597,-0.29431382,5129,0,4.5113697,0.21899061,-8.807873,5129,0,0,1,1
1394,10664371,0.16205825,1.613748,-0.30643135,8005,0,4.658639,0.3314102,-8.948142,8005,0,0,1,1
1395,10669375,0.14515346,1.6470258,-0.32249004,5004,0,4.798607,0.22820905,-8.9183445,5004,0,0,1,1
1396,10674378,0.14013606,1.676733,-0.32566628,5003,0,4.9317217,0.3970093,-8.999279,5003,0,0,1,1
1397,10682383,0.13979943,1.7129864,-0.30281645,8005,0,5.2022796,0.34651402,-8.954267,8005,0,0,1,1
1398,10690389,0.1250454,1.7399119,-0.2529517,8006,0,5.4035473,0.25253257,-8.728015,8006,0,0,1,1
1399,10700396,0.12323176,1.7484251,-0.15465254,5004,0,5.4875817,0.296683,-8.376797,5004,0,0,1,1
1400,10708401,0.13174684,1.7163552,-0.12634319,8005,0,5.389947,0.36856982,-8.150405,8005,0,0,1,1
1401,10718408,0.13795683,1.5926261,-0.11422046,5004,0,5.1524577,0.51144135,-7.8680196,5004,0,0,1,1
1402,10726413,0.12551215,1.5034599,-0.11116811,8005,0,5.1609855,0.61526185,-7.735314,8005,0,0,1,1
1403,10736420,0.041788574,1.3187486,-0.0841193,5003,0,5.2374544,0.74369025,-7.9894137,5003,0,0,1,1
1404,10744301,-0.025794437,1.2377708,-0.075017385,7881,0,5.434241,0.66907,-8.190102,7881,0,0,1,1
1405,10752431,-0.09102711,1.1796634,-0.08854436,8130,0,5.700966,0.44118705,-8.174379,8130,0,0,1,1
1406,10757434,-0.10749583,1.1675798,-0.12099638,5003,0,5.937208,0.27990043,-8.155018,5003,0,0,1,1
1407,10762438,-0.10516742,1.1775007,-0.14725985,5004,0,6.0718236,0.20114818,-8.104565,5004,0,0,1,1
1408,10770443,-0.09436574,1.2143323,-0.18848976,8005,0,6.2130017,0.1348204,-8.151447,8005,0,0,1,1
1409,10775447,-0.052077636,1.2664517,-0.21846667,5004,0,6.4400735,0.11854277,-8.082287,5004,0,0,1,1
1410,10780450,-0.03414745,1.3172141,-0.24196766,5003,0,6.660087,-0.11754978,-8.022896,5003,0,0,1,1
1411,10788455,-0.00084409484,1.3888357,-0.25778803,8005,0,6.660951,0.15003039,-8.154744,8005,0,0,1,1
1412,10798462,0.07898815,1.5114154,-0.27624062,5003,0,6.9342318,0.072589725,-8.091635,5003,0,0,1,1
1413,10806468,0.12104431,1.5999665,-0.2986432,8006,0,7.1818485,0.04934454,-7.8882475,8006,0,0,1,1
1414,10816474,0.18680152,1.7942626,-0.3151846,5003,0,7.4509006,0.10755378,-7.644647,5003,0,0,1,1
1415,10824480,0.18068947,1.8939707,-0.32670522,8006,0,7.400757,0.41294602,-7.2406225,8006,0,0,1,1
1416,10834486,0.16981642,1.928218,-0.27276757,5003,0,7.168141,0.7824751,-7.123901,5003,0,0,1,1
1417,10842492,0.12152175,1.8825861,-0.21542487,8006,0,6.8483086,0.8668567,-6.946752,8006,0,0,1,1
1418,10850497,0.04506297,1.7782798,-0.14469121,8005,0,6.574163,0.8567774,-6.831212,8005,0,0,1,1
1419,10855501,-0.0091409385,1.7138456,-0.12395058,5004,0,6.582994,0.7017921,-6.630221,5004,0,0,1,1
1420,10860379,-0.043516792,1.6825887,-0.12331071,4878,0,6.6761293,0.60464215,-6.5582476,4878,0,0,1,1
1421,10868509,-0.08611709,1.622074,-0.1130523,8130,0,6.765448,0.5564521,-6.5079436,8130,0,0,1,1
1422,10873513,-0.11692091,1.5272489,-0.08856277,5004,0,6.7601266,0.7102912,-6.701889,5004,0,0,1,1
1423,10878516,-0.14279422,1.4492055,-0.05738881,5003,0,6.7426896,0.6558286,-6.835158,5003,0,0,1,1
1424,10886522,-0.17911194,1.3264288,-0.006437796,8006,0,6.832287,0.5760533,-6.7750926,8006,0,0,1,1
1425,10896528,-0.20918281,1.0989251,0.101317115,5003,0,7.0414557,0.42653078,-6.58381,5003,0,0,1,1
1426,10904534,-0.1978789,0.9782571,0.14379619,8006,0,7.274007,0.3655312,-6.5220623,8006,0,0,1,1
1427,10912539,-0.17040494,0.8968884,0.15076184,8005,0,7.7481933,0.134629,-6.3767586,8005,0,0,1,1
1428,10917543,-0.11524302,0.9262081,0.1300252,5004,0,8.297722,0.11472726,-6.371886,5004,0,0,1,1
1429,10922546,-0.0618079,0.99619985,0.12350255,5003,0,8.541212,0.034995854,-6.451846,5003,0,0,1,1
1430,10930552,0.012996196,1.0903543,0.13108099,8006,0,8.694624,0.13548717,-6.343594,8006,0,0,1,1
1431,10935555,0.085955046,1.1561216,0.14091694,5003,0,8.678875,0.19061917,-6.270118,5003,0,0,1,1
1432,10940558,0.12850615,1.2075037,0.13692209,5003,0,8.67049,0.1669114,-6.0766826,5003,0,0,1,1
1433,10948564,0.17384487,1.2641698,0.12122138,8006,0,8.623003,0.180423,-5.7913733,8006,0,0,1,1
1434,10953567,0.18537934,1.2982106,0.101354115,5003,0,8.3307705,0.2983556,-5.539184,5003,0,0,1,1
1435,10958571,0.18317376,1.3027457,0.08014129,5004,0,7.994605,0.45829672,-5.297599,5004,0,0,1,1
1436,10966576,0.17026147,1.2742858,0.039082628,8005,0,7.552788,0.53955096,-5.022535,8005,0,0,1,1
1437,10974582,0.13113281,1.159439,-0.02552773,8006,0,7.0905566,0.6986165,-4.756779,8006,0,0,1,1
1438,10984588,0.03017224,0.84320384,-0.07201357,5003,0,6.663677,0.97089094,-4.8029485,5003,0,0,1,1
1439,10992594,-0.04914158,0.6181359,-0.049768403,8006,0,6.685945,0.9277075,-5.0111656,8006,0,0,1,1
1440,11002600,-0.16703011,0.18972741,0.057279017,5003,0,6.840127,0.74440616,-5.3344674,5003,0,0,1,1
1441,11010606,-0.18798366,-0.05962129,0.13769914,8006,0,6.9663625,0.64129925,-5.4620256,8006,0,0,1,1
1442,11015484,-0.18732929,-0.3349546,0.21868248,4878,0,7.0971575,0.5842043,-5.60493,4878,0,0,1,1
1443,11020613,-0.1830667,-0.57245314,0.27387846,5129,0,7.0776596,0.57269686,-5.7722893,5129,0,0,1,1
1444,11028618,-0.15306242,-0.9096689,0.35299674,8005,0,7.084128,0.56124234,-5.9603143,8005,0,0,1,1
1445,11033621,-0.12246982,-1.2623566,0.42826596,5003,0,7.1118784,0.4362658,-6.0366797,5003,0,0,1,1
1446,11038625,-0.086528584,-1.5333506,0.48217306,5004,0,7.173163,0.44225758,-6.326613,5004,0,0,1,1
1447,11046630,-0.03471269,-1.8322021,0.51904696,8005,0,7.307227,0.043514073,-6.2625856,8005,0,0,1,1
1448,11054636,0.048288293,-2.0398142,0.49252865,8006,0,7.998117,-0.58557737,-6.1277637,8006,0,0,1,1
1449,11064643,0.27430832,-1.9828136,0.39429006,5004,0,9.148069,-1.0026561,-5.976832,5004,0,0,1,1
1450,11072648,0.44920263,-1.9029945,0.3207972,8005,0,9.198206,-0.8118255,-6.0134363,8005,0,0,1,1
1451,11082655,0.7396306,-1.8962893,0.2045867,5004,0,8.882391,-0.2506461,-6.02998,5004,0,0,1,1
1452,11090660,0.82827777,-1.9694765,0.1946113,8005,0,8.693182,0.10261112,-6.0511446,8005,0,0,1,1
1453,11100667,0.86724985,-2.1871486,0.3119444,5003,0,8.409651,0.6580673,-6.2714458,5003,0,0,1,1
1454,11108672,0.8384387,-2.304417,0.41666776,8005,0,8.077711,0.81135505,-6.4139233,8005,0,0,1,1
1455,11113676,0.782639,-2.3834898,0.5072238,5004,0,7.8195424,0.91472334,-6.6090636,5004,0,0,1,1
1456,11118556,0.7321001,-2.4347093,0.55149555,4880,0,7.6500263,0.97377914,-6.726421,4880,0,0,1,1
1457,11126560,0.65595514,-2.51258,0.5839983,8004,0,7.4282174,0.96650225,-6.8709974,8004,0,0,1,1
1458,11131688,0.5686507,-2.597594,0.60860246,5128,0,7.1453543,0.914534,-7.024109,5128,0,0,1,1
1459,11136691,0.5008819,-2.672879,0.62525344,5003,0,6.9229155,0.83115643,-7.118514,5003,0,0,1,1
1460,11144697,0.4217427,-2.7593932,0.6400615,8006,0,6.512368,0.44199553,-7.4399333,8006,0,0,1,1
1461,11152702,0.3236374,-2.8780847,0.6341026,8005,0,5.966937,0.097369164,-7.357489,8005,0,0,1,1
1462,11162709,0.24712534,-3.0951169,0.6116356,5128,0,5.6659555,-0.055841863,-7.4312916,5128,0,0,1,1
1463,11170715,0.24484567,-3.2099097,0.6101623,8006,0,5.714377,-0.2915902,-7.5703907,8006,0,0,1,1
1464,11180721,0.26157498,-3.3642383,0.5969186,5003,0,5.6961226,-0.5056516,-7.6270204,5003,0,0,1,1
1465,11188727,0.25693694,-3.453015,0.59245354,8006,0,5.6815014,-0.31689227,-7.7429543,8006,0,0,1,1
1466,11198608,0.21539176,-3.544543,0.65257037,4878,0,5.815588,-0.24575071,-8.247569,4878,0,0,1,1
1467,11206614,0.16375732,-3.5343716,0.69763607,8006,0,5.7459803,-0.3557303,-8.405281,8006,0,0,1,1
1468,11211742,0.12365005,-3.5028582,0.7326668,5128,0,5.6595006,-0.34140158,-8.661575,5128,0,0,1,1
1469,11216746,0.08707456,-3.4781487,0.7472715,5004,0,5.590352,-0.30042917,-8.915958,5004,0,0,1,1
1470,11224751,0.054722425,-3.4363055,0.74715847,8005,0,5.3532763,-0.38461855,-9.318469,8005,0,0,1,1
1471,11232757,0.027475819,-3.3703775,0.7006542,8006,0,5.06926,-0.5490693,-9.576459,8006,0,0,1,1
1472,11237635,0.032913525,-3.3138678,0.6277426,4878,0,4.851199,-0.68469685,-9.676949,4878,0,0,1,1
1473,11242638,0.056863658,-3.2709289,0.55659914,5003,0,4.590254,-0.7860867,-9.662115,5003,0,0,1,1
1474,11250769,0.09798783,-3.2323303,0.4798391,8131,0,3.9994667,-1.0944461,-9.348991,8131,0,0,1,1
1475,11260651,0.17742723,-3.2349997,0.42175004,4879,0,3.1358957,-1.3105261,-9.542931,4879,0,0,1,1
1476,11268781,0.22408086,-3.2803977,0.40137246,8130,0,2.8567877,-1.1032665,-9.667576,8130,0,0,1,1
1477,11278788,0.25546277,-3.4859452,0.45707977,5003,0,2.186495,-0.8611403,-9.439577,5003,0,0,1,1
1478,11286793,0.23304269,-3.6352754,0.5164033,8005,0,1.7824795,-0.8152707,-9.353654,8005,0,0,1,1
1479,11296675,0.10014249,-3.8702958,0.5475983,4878,0,1.2121861,-0.6994291,-9.241976,4878,0,0,1,1
1480,11304805,0.018217664,-3.9943397,0.51584107,8130,0,0.98883337,-0.42584026,-9.252642,8130,0,0,1,1
1481,11309809,-0.041018784,-4.088034,0.5037115,5004,0,0.7064353,-0.19723071,-9.882952,5004,0,0,1,1
1482,11314687,-0.105802454,-4.093854,0.5048964,4878,0,0.5282933,-0.37775004,-10.37021,4878,0,0,1,1
1483,11322818,-0.19661394,-4.0578213,0.5168421,8131,0,0.61524767,-0.51068103,-10.812668,8131,0,0,1,1
1484,11330823,-0.29998916,-4.0053897,0.52328205,8005,0,0.7433823,-0.7015467,-11.368222,8005,0,0,1,1
1485,11340830,-0.4733956,-3.9908996,0.41708007,5128,0,0.36655378,-1.6367438,-10.923084,5128,0,0,1,1
1486,11348835,-0.495103,-3.9107618,0.33303264,8005,0,0.73419076,-0.67458385,-11.765884,8005,0,0,1,1
1487,11358842,-0.35459247,-3.6253488,0.29024437,5003,0,0.7488021,-1.78055,-10.944794,5003,0,0,1,1
1488,11366848,-0.26261443,-3.4118972,0.24680665,8006,0,0.4374109,-1.8176447,-10.795952,8006,0,0,1,1
1489,11376854,-0.1280403,-2.9958918,0.094615914,5003,0,-0.43632463,-1.8389533,-10.587818,5003,0,0,1,1
1490,11384735,0.0016518905,-2.8192852,-0.004762563,7881,0,-0.71022713,-1.8815025,-10.353067,7881,0,0,1,1
1491,11392865,0.15719056,-2.755725,-0.1342405,8130,0,-1.3516742,-1.4993374,-9.998049,8130,0,0,1,1
1492,11397744,0.23896472,-2.8413422,-0.20957683,4879,0,-1.764214,-1.1362368,-9.422585,4879,0,0,1,1
1493,11402872,0.25447783,-2.9761784,-0.2156046,5128,0,-2.1388063,-0.67633635,-9.165821,5128,0,0,1,1
1494,11410877,0.2065639,-3.1834426,-0.18271512,8005,0,-2.5264847,-0.25219405,-8.746124,8005,0,0,1,1
1495,11415881,0.09198437,-3.3637614,-0.119400516,5004,0,-2.846575,-0.013364673,-8.729694,5004,0,0,1,1
1496,11420759,-0.030375687,-3.4562445,-0.07821869,4878,0,-2.982817,0.09996428,-8.79512,4878,0,0,1,1
1497,11428765,-0.18834057,-3.5228589,-0.06603124,8006,0,-3.0639958,0.08569521,-8.963102,8006,0,0,1,1
1498,11438774,-0.37705502,-3.5323844,-0.092065744,5003,0,-2.9779778,-0.33158666,-9.708956,5003,0,0,1,1
1499,11446902,-0.43283433,-3.499589,-0.11008467,8128,0,-2.784957,-0.62406516,-10.097537,8128,0,0,1,1
1500,11456909,-0.45184693,-3.3658166,-0.12024904,5004,0,-2.6964526,-1.0342513,-10.706099,5004,0,0,1,1
1501,11464914,-0.45582223,-3.1994648,-0.09903549,8005,0,-2.7238429,-1.5152901,-10.576877,8005,0,0,1,1
1502,11472920,-0.39818674,-2.9667084,-0.06182997,8006,0,-2.8165064,-1.6923038,-10.464402,8006,0,0,1,1
1503,11477923,-0.2881602,-2.8026786,-0.031484086,5003,0,-3.0994089,-1.815009,-10.25408,5003,0,0,1,1
1504,11482926,-0.23676616,-2.647858,-0.03793495,5003,0,-3.328035,-1.9541134,-10.412592,5003,0,0,1,1
1505,11490932,-0.1248364,-2.4791021,-0.06468191,8006,0,-3.5343792,-1.7297789,-9.897285,8006,0,0,1,1
1506,11495935,-0.033301756,-2.3768508,-0.088994,5003,0,-3.6235535,-1.4140447,-9.5466385,5003,0,0,1,1
1507,11500938,0.027723085,-2.3430305,-0.0889695,5003,0,-3.8052595,-1.2541533,-9.021843,5003,0,0,1,1
1508,11508944,0.08341815,-2.3712156,-0.05991619,8006,0,-4.213494,-0.9749458,-8.60577,8006,0,0,1,1
1509,11513822,0.10598042,-2.4592688,-0.018357309,4878,0,-4.6388063,-0.58533615,-8.416349,4878,0,0,1,1
1510,11518951,0.081007406,-2.5633113,0.007102972,5129,0,-4.9403577,-0.5076797,-8.139357,5129,0,0,1,1
1511,11526956,0.014980577,-2.7183905,0.029445918,8005,0,-5.314148,-0.39952126,-7.800449,8005,0,0,1,1
1512,11534962,-0.049455535,-2.9163702,0.01663351,8006,0,-5.775878,-0.28465116,-7.516704,8006,0,0,1,1
1513,11544968,-0.14150631,-3.1194332,-0.05503465,5003,0,-6.2584267,-0.05877095,-7.625157,5003,0,0,1,1
1514,11552974,-0.24242876,-3.1291993,-0.08847144,8006,0,-6.24304,0.07207942,-7.824649,8006,0,0,1,1
1515,11557977,-0.37469944,-3.0589976,-0.120245375,5003,0,-5.963348,0.0979655,-8.020514,5003,0,0,1,1
1516,11562981,-0.48291758,-2.9296436,-0.14008681,5004,0,-5.7016554,0.06443134,-8.508259,5004,0,0,1,1
1517,11570986,-0.6099489,-2.6814601,-0.16556278,8005,0,-5.2442055,-0.115120344,-9.013535,8005,0,0,1,1
1518,11575989,-0.637696,-2.4803278,-0.12660882,5003,0,-4.9503675,-0.79215723,-9.0744095,5003,0,0,1,1
1519,11580868,-0.6677458,-2.2914767,-0.121370345,4879,0,-4.911721,-1.4661822,-9.727654,4879,0,0,1,1
1520,11588998,-0.552215,-2.0908244,-0.13580003,8130,0,-4.935074,-1.6984358,-9.519823,8130,0,0,1,1
1521,11594002,-0.3772722,-2.0114443,-0.12502998,5004,0,-4.874769,-1.7595928,-9.542061,5004,0,0,1,1
1522,11599005,-0.23342186,-2.0060005,-0.08907404,5003,0,-4.8320737,-1.6229903,-9.698378,5003,0,0,1,1
1523,11607010,-0.08091337,-2.036205,-0.026262755,8005,0,-4.859045,-1.5436397,-9.460946,8005,0,0,1,1
1524,11615016,0.08078677,-2.056507,0.07714557,8006,0,-4.927731,-1.2797521,-8.879772,8006,0,0,1,1
1525,11625023,0.23252875,-2.033109,0.2649459,5004,0,-5.107881,-0.88868046,-7.884766,5004,0,0,1,1
1526,11633028,0.1956133,-1.8950688,0.32355115,8005,0,-5.117471,-0.77442515,-7.448469,8005,0,0,1,1
1527,11643035,0.10447739,-1.4423563,0.32294902,5004,0,-5.3097205,-0.444821,-6.8646145,5004,0,0,1,1
1528,11651040,0.024995795,-1.0144768,0.25698256,8005,0,-5.499941,-0.5510069,-6.9054246,8005,0,0,1,1
1529,11656044,-0.06804808,-0.49436396,0.1524989,5004,0,-5.4380593,-0.5266777,-7.0484867,5004,0,0,1,1
1530,11660923,-0.13166808,-0.0925628,0.060739715,4879,0,-5.327379,-0.5069819,-7.193945,4879,0,0,1,1
1531,11669052,-0.18652287,0.35137233,-0.060064413,8129,0,-5.2890077,-0.62418526,-7.2438436,8129,0,0,1,1
1532,11674056,-0.19829062,0.67488104,-0.12999316,5004,0,-5.300384,-0.72754705,-7.4789476,5004,0,0,1,1
1533,11679059,-0.1753673,0.82817256,-0.12373485,5003,0,-5.441638,-0.93392897,-7.537608,5003,0,0,1,1
1534,11687065,-0.09750344,0.92699236,-0.05213761,8006,0,-5.605589,-0.9711948,-7.737419,8006,0,0,1,1
1535,11695070,0.023638811,0.9463242,0.09274248,8005,0,-5.668585,-0.8022571,-8.170914,8005,0,0,1,1
1536,11705077,0.15114838,0.9099665,0.3007741,5003,0,-5.54307,-0.49251935,-8.620327,5003,0,0,1,1
1537,11713082,0.18779413,0.922607,0.3582312,8005,0,-5.367227,-0.40795824,-8.828273,8005,0,0,1,1
1538,11723089,0.22050083,1.0507085,0.40429363,5003,0,-4.922823,-0.33203012,-8.873592,5003,0,0,1,1
1539,11731095,0.21451399,1.2103633,0.4269314,8006,0,-4.8458805,-0.45106232,-8.637173,8006,0,0,1,1
1540,11741101,0.22582933,1.6045506,0.45025066,5003,0,-4.932396,-0.6827767,-8.075846,5003,0,0,1,1
1541,11749107,0.26307935,1.8464308,0.44299638,8006,0,-5.164166,-0.8053974,-7.736221,8006,0,0,1,1
1542,11754110,0.31076896,2.0712,0.42820638,5003,0,-5.6712337,-0.9842073,-7.6199856,5003,0,0,1,1
1543,11759114,0.352225,2.2260725,0.40246913,5004,0,-6.1160936,-1.1259502,-7.324776,5004,0,0,1,1
1544,11767119,0.4119005,2.36074,0.36390948,8005,0,-6.712314,-1.0744435,-7.237174,8005,0,0,1,1
1545,11775124,0.46690896,2.3994973,0.32350138,8005,0,-7.451355,-0.8088439,-7.418227,8005,0,0,1,1
1546,11780128,0.47939432,2.3187175,0.28874034,5004,0,-7.959143,-0.49484205,-7.8203645,5004,0,0,1,1
1547,11785131,0.46372548,2.190147,0.2470988,5003,0,-8.219387,-0.27482337,-8.284349,5003,0,0,1,1
1548,11793137,0.38497922,1.9715528,0.15408918,8006,0,-8.241898,-0.098792486,-8.748648,8006,0,0,1,1
1549,11803143,0.22667615,1.4462062,0.026060129,5003,0,-7.521276,0.4396197,-9.326309,5003,0,0,1,1
1550,11811149,0.11087324,1.1381824,0.020200912,8006,0,-6.863606,0.25868434,-9.690924,8006,0,0,1,1
1551,11821156,-0.053852364,0.80567545,0.09453652,5004,0,-4.999717,-0.32676017,-9.756323,5004,0,0,1,1
1552,11829036,-0.072912976,0.81592995,0.19029064,7880,0,-3.8857524,-0.55131555,-9.553334,7880,0,0,1,1
1553,11839168,-0.06798168,1.2199311,0.3988742,5003,0,-2.456487,-1.1502379,-9.141203,5003,0,0,1,1
1554,11847173,0.010253689,1.6517402,0.4170202,8005,0,-2.0726728,-1.0260065,-8.283477,8005,0,0,1,1
1555,11855179,0.06618117,2.2324598,0.43462795,8006,0,-2.7979312,-0.88859576,-8.133055,8006,0,0,1,1
1556,11860182,0.08747056,2.6043327,0.41892365,5003,0,-3.8667068,-0.7122376,-8.155775,5003,0,0,1,1
1557,11865186,0.093737125,2.7878962,0.37741277,5004,0,-4.515559,-0.37511933,-8.427551,5004,0,0,1,1
1558,11873191,0.076379694,2.9118881,0.27987,8005,0,-5.212816,-0.11077761,-8.761696,8005,0,0,1,1
1559,11878194,-0.01926843,2.937715,0.15593511,5003,0,-5.5962906,0.24566478,-9.186026,5003,0,0,1,1
1560,11883198,-0.07752231,2.8692014,0.08582763,5004,0,-5.735658,0.58974355,-9.434515,5004,0,0,1,1
1561,11891203,-0.21048896,2.7167141,0.018111838,8005,0,-5.52943,0.6170583,-10.141629,8005,0,0,1,1
1562,11901210,-0.38181284,2.3681262,-0.013742905,5003,0,-4.8615355,0.22700998,-10.698698,5003,0,0,1,1
1563,11909215,-0.38346076,2.155908,0.06939109,8005,0,-4.3148355,-0.11166596,-10.678685,8005,0,0,1,1
1564,11919222,-0.29358467,1.9238371,0.29241937,5003,0,-3.2983747,-0.8415139,-10.881132,5003,0,0,1,1
1565,11927228,-0.19578193,1.9495661,0.39921406,8006,0,-2.8947585,-1.0621701,-10.744978,8006,0,0,1,1
1566,11937234,0.015860789,2.166296,0.4905791,5003,0,-2.9444206,-1.0256227,-10.870312,5003,0,0,1,1
1567,11945240,0.119860254,2.3002656,0.47842824,8006,0,-3.4578154,-0.9956242,-11.001472,8006,0,0,1,1
1568,11953245,0.20797797,2.4055903,0.40367734,8005,0,-4.176229,-1.0081602,-11.097209,8005,0,0,1,1
1569,11958249,0.22995616,2.4345524,0.29537767,5004,0,-4.624289,-0.44504416,-10.817724,5004,0,0,1,1
1570,11963252,0.27408057,2.3733902,0.24926895,5003,0,-4.833288,-0.28534937,-11.185719,5003,0,0,1,1
1571,11971258,0.26070195,2.267686,0.1559527,8006,0,-4.721668,-0.35835075,-11.151878,8006,0,0,1,1
1572,11976261,0.24676476,2.1621373,0.06605357,5003,0,-4.436075,-0.3277241,-11.2105465,5003,0,0,1,1
1573,11981264,0.22860837,2.0985136,0.009961513,5003,0,-4.052783,-0.24895233,-11.123671,5003,0,0,1,1
1574,11989270,0.16284207,2.0702727,-0.002745557,8006,0,-3.308951,-0.2114772,-10.820991,8006,0,0,1,1
1575,11999277,0.023134287,2.2583754,0.069177486,5129,0,-1.7687149,0.04802966,-10.200743,5129,0,0,1,1
1576,12007282,-0.06600547,2.5564842,0.12057297,8005,0,-0.9998657,0.17098986,-10.0529,8005,0,0,1,1
1577,12017289,-0.28409985,3.246426,0.17934409,5004,0,-0.08918055,0.43673474,-9.995977,5004,0,0,1,1
1578,12025169,-0.44616008,3.6373224,0.1595132,7880,0,-0.19463773,0.789654,-10.112372,7880,0,0,1,1
1579,12035301,-0.7507694,4.1696143,0.008000242,5126,0,-0.71250063,0.9562822,-10.621251,5126,0,0,1,1
1580,12043307,-0.87806743,4.3167243,-0.11322014,8006,0,-0.9918243,0.83417845,-11.152584,8006,0,0,1,1
1581,12051312,-0.9846483,4.367234,-0.22537312,8005,0,-1.266701,0.46142524,-11.756251,8005,0,0,1,1
1582,12056190,-1.0183759,4.3252606,-0.29422998,4878,0,-1.36373,0.08225026,-12.129776,4878,0,0,1,1
1583,12061319,-1.0040224,4.2508626,-0.34945515,5129,0,-1.2322257,-0.2920543,-12.332318,5129,0,0,1,1
1584,12069324,-0.9292765,4.0855627,-0.3995251,8005,0,-0.98806876,-0.60728323,-12.41989,8005,0,0,1,1
1585,12074328,-0.79070544,3.879636,-0.41801134,5004,0,-0.8071842,-0.8877347,-12.563026,5004,0,0,1,1
1586,12079206,-0.6657356,3.689125,-0.41493794,4878,0,-0.39572492,-0.9823349,-12.447139,4878,0,0,1,1
1587,12087336,-0.49257347,3.409197,-0.38025254,8130,0,-0.4959012,-0.77301747,-12.70228,8130,0,0,1,1
1588,12097343,-0.22292775,3.0536218,-0.26808864,5003,0,0.68610424,-0.88460505,-12.304447,5003,0,0,1,1
1589,12105349,-0.05636703,3.0053515,-0.17453897,8006,0,1.5514199,-0.6354101,-11.714045,8006,0,0,1,1
1590,12115355,0.11300887,3.1241684,-0.056449782,5003,0,2.25523,-0.1622873,-11.375065,5003,0,0,1,1
1591,12123361,0.14808151,3.2676864,-0.06188761,8006,0,2.3748806,-0.012610733,-10.872025,8006,0,0,1,1
1592,12131366,0.1531576,3.4838748,-0.1370203,8005,0,2.304114,0.26674983,-10.528305,8005,0,0,1,1
1593,12136370,0.12829366,3.6434822,-0.22580305,5004,0,2.0050237,0.4424906,-10.459267,5004,0,0,1,1
1594,12141373,0.09271254,3.7395267,-0.31988353,5003,0,1.6437432,0.5028285,-10.589264,5003,0,0,1,1
1595,12149378,0.050000597,3.8037002,-0.45053327,8005,0,1.4340929,0.4742264,-10.719936,8005,0,0,1,1
1596,12154382,0.0145666,3.799392,-0.5490614,5004,0,1.5874844,0.41208628,-10.825556,5004,0,0,1,1
1597,12159385,-0.013258368,3.7279108,-0.5847922,5003,0,1.7818967,0.44011167,-10.970188,5003,0,0,1,1
1598,12167391,-0.051687963,3.5446286,-0.58174455,8006,0,1.8964925,0.19073519,-10.717297,8006,0,0,1,1
1599,12177398,-0.013862163,3.0928142,-0.4608628,5004,0,2.3976834,0.08004746,-10.6646805,5004,0,0,1,1
1600,12185403,0.017328242,2.8617568,-0.38623914,8005,0,2.2113357,-0.4380413,-10.198636,8005,0,0,1,1
1601,12193408,0.117382415,2.6567135,-0.31603715,8005,0,2.6660116,-0.35073563,-10.2072,8005,0,0,1,1
1602,12203415,0.2727003,2.517465,-0.21134585,5003,0,3.7702882,-0.034913838,-9.635168,5003,0,0,1,1
1603,12211421,0.30217558,2.4885714,-0.17389052,8006,0,3.972412,0.026738048,-9.483085,8006,0,0,1,1
1604,12216424,0.29662266,2.4870462,-0.16744061,5003,0,4.0207195,0.12331998,-9.4152355,5003,0,0,1,1
1605,12221427,0.27116483,2.5038743,-0.18472987,5003,0,4.015035,0.12706012,-9.432449,5003,0,0,1,1
1606,12229433,0.23821059,2.5163488,-0.2423415,8006,0,3.9833362,0.16035354,-9.303085,8006,0,0,1,1
1607,12234436,0.23243913,2.4890695,-0.34195668,5003,0,3.8251038,0.25888214,-9.110819,5003,0,0,1,1
1608,12239439,0.23339291,2.416578,-0.41799712,5003,0,3.6666162,0.17338592,-9.1879425,5003,0,0,1,1
1609,12247445,0.2401534,2.2849379,-0.5242816,8006,0,3.7048526,0.16335782,-9.119459,8006,0,0,1,1
1610,12255450,0.2451026,2.1122046,-0.6043367,8005,0,4.1900907,0.46677336,-9.179629,8005,0,0,1,1
1611,12265457,0.25103676,1.891211,-0.62262475,5003,0,4.890304,0.07953474,-8.119612,5003,0,0,1,1
1612,12273463,0.2594717,1.772351,-0.59243417,8006,0,5.174157,0.22529757,-8.588244,8006,0,0,1,1
1613,12283469,0.2955026,1.7587208,-0.5463805,5003,0,5.8650784,0.33859235,-8.020075,5003,0,0,1,1
1614,12291475,0.33149192,1.7871615,-0.49245182,8006,0,6.165956,0.47894478,-7.8077507,8006,0,0,1,1
1615,12301482,0.34662035,1.8430121,-0.41277874,5004,0,6.6924047,0.98741245,-7.3405733,5004,0,0,1,1
1616,12309487,0.2863875,1.8794434,-0.37556553,8005,0,6.8278003,1.1776073,-7.3268046,8005,0,0,1,1
1617,12314490,0.18322441,1.923509,-0.3381395,5003,0,6.697921,1.3005748,-7.324301,5003,0,0,1,1
1618,12319494,0.08468254,1.9581532,-0.32383484,5004,0,6.423579,1.2571626,-7.339278,5004,0,0,1,1
1619,12327499,-0.03469406,1.9530209,-0.32318565,8005,0,6.0956254,1.3097376,-7.2494435,8005,0,0,1,1
1620,12332503,-0.15171446,1.874621,-0.32645887,5004,0,5.628189,1.219887,-7.2788095,5004,0,0,1,1
1621,12337506,-0.24152929,1.7718302,-0.3437998,5003,0,5.3605027,1.04774,-7.3594885,5003,0,0,1,1
1622,12345511,-0.3283907,1.6169218,-0.35304192,8005,0,5.258473,0.91858554,-7.372758,8005,0,0,1,1
1623,12353517,-0.39384395,1.4278089,-0.32522473,8006,0,5.4077272,0.6695883,-7.346413,8006,0,0,1,1
1624,12363524,-0.41037217,1.1738667,-0.24047498,5004,0,5.8824496,0.40945476,-7.466508,5004,0,0,1,1
1625,12371529,-0.40166014,1.0634351,-0.19952483,8005,0,6.115227,0.25881943,-7.4146476,8005,0,0,1,1
1626,12381536,-0.33292556,0.9087106,-0.16727997,5004,0,6.2403865,0.23467442,-7.223975,5004,0,0,1,1
1627,12389541,-0.27717376,0.8201755,-0.1659748,8005,0,6.136926,0.28635782,-7.0475883,8005,0,0,1,1
1628,12394545,-0.22703576,0.70150936,-0.16000159,5004,0,6.033522,0.38383693,-7.032673,5004,0,0,1,1
1629,12399548,-0.20704716,0.58732176,-0.13710916,5003,0,5.981569,0.50449836,-6.976649,5003,0,0,1,1
1630,12407554,-0.21719107,0.4125927,-0.0871304,8006,0,5.8701687,0.65730596,-7.085765,8006,0,0,1,1
1631,12415559,-0.25459936,0.16612203,-0.010171063,8005,0,5.613481,0.7271946,-7.2635126,8005,0,0,1,1
1632,12420562,-0.28396934,-0.036017604,0.056125592,5003,0,5.3095236,0.77672094,-7.483737,5003,0,0,1,1
1633,12425566,-0.27531686,-0.12652676,0.07412127,5004,0,5.309278,0.654621,-7.4770403,5004,0,0,1,1
1634,12433571,-0.23872219,-0.17054476,0.041516524,8005,0,5.789904,0.4026294,-7.2992725,8005,0,0,1,1
1635,12443578,-0.18543532,-0.27650717,-0.0053202873,5003,0,6.2391896,0.36587393,-7.532829,5003,0,0,1,1
1636,12451583,-0.14166048,-0.38021487,-0.022969088,8005,0,6.30272,0.22905011,-7.44098,8005,0,0,1,1
1637,12461590,-0.023331806,-0.5498234,-0.061921168,5003,0,6.3735023,0.08575499,-7.1574244,5003,0,0,1,1
1638,12469596,0.070890464,-0.6161421,-0.06873134,8006,0,6.3881054,0.17366266,-7.052929,8006,0,0,1,1
1639,12479602,0.19695069,-0.75894654,-0.022710811,5003,0,6.386905,0.52317226,-6.938591,5003,0,0,1,1
1640,12487608,0.21946065,-0.90669566,0.03413691,8006,0,6.2956543,0.7304282,-6.949949,8006,0,0,1,1
1641,12495613,0.1978784,-1.1535814,0.12933077,8005,0,6.136925,0.95299524,-7.224145,8005,0,0,1,1
1642,12500617,0.14573103,-1.4011157,0.21445209,5004,0,5.9746213,1.0762329,-7.4636407,5004,0,0,1,1
1643,12505620,0.1025429,-1.6143202,0.2864993,5003,0,5.703124,1.1444705,-7.6314664,5003,0,0,1,1
1644,12513626,0.050192814,-1.9150187,0.3789223,8006,0,5.365779,1.1126387,-7.844555,8006,0,0,1,1
1645,12518629,0.0123327635,-2.2073758,0.45355868,5003,0,5.0858974,0.9694522,-8.046858,5003,0,0,1,1
1646,12523632,0.0039481297,-2.3921657,0.48659295,5003,0,4.955654,0.71161044,-8.092588,5003,0,0,1,1
1647,12531638,0.031178258,-2.5731587,0.49917588,8006,0,4.764449,0.36297733,-8.255907,8006,0,0,1,1
1648,12541645,0.16798577,-2.873895,0.43459877,5004,0,4.5294867,-0.33323318,-8.800348,5004,0,0,1,1
1649,12549650,0.29276362,-3.04679,0.3212334,8005,0,4.784507,-0.23856442,-9.338248,8005,0,0,1,1
1650,12557655,0.4615407,-3.2097414,0.19785774,8005,0,5.3396325,-0.19965766,-9.433863,8005,0,0,1,1
1651,12562659,0.6092181,-3.2482188,0.124477066,5004,0,6.0715885,-0.30521923,-9.212601,5004,0,0,1,1
1652,12567662,0.7154114,-3.2002962,0.079652235,5003,0,6.6854744,-0.42109653,-9.092167,5003,0,0,1,1
1653,12575543,0.8310904,-3.0600188,0.0248933,7881,0,7.38615,-0.43668094,-8.908207,7881,0,0,1,1
1654,12580546,0.94377077,-2.8587704,-0.03663508,5003,0,7.8690205,-0.30395693,-8.6149025,5003,0,0,1,1
1655,12585675,1.0431131,-2.6763644,-0.09409891,5129,0,8.087227,-0.16322064,-8.323124,5129,0,0,1,1
1656,12593680,1.1945435,-2.462466,-0.1562775,8005,0,7.9626255,-0.040442046,-7.7650743,8005,0,0,1,1
1657,12598558,1.3040763,-2.2854383,-0.22622845,4878,0,7.1072893,0.06362944,-7.6643953,4878,0,0,1,1
1658,12603687,1.3483527,-2.2092175,-0.2674698,5129,0,6.4525285,0.3440448,-7.852782,5129,0,0,1,1
1659,12611692,1.3224553,-2.1648319,-0.32028434,8005,0,5.731867,0.6604516,-7.927147,8005,0,0,1,1
1660,12616696,1.2507969,-2.1749063,-0.35793796,5004,0,5.1294785,1.0532506,-7.9683337,5004,0,0,1,1
1661,12621699,1.1791503,-2.2325637,-0.35011947,5003,0,4.78134,1.2586813,-8.095478,5003,0,0,1,1
1662,12629582,1.0427096,-2.3577907,-0.28843912,7883,0,4.425643,1.368046,-8.409658,7883,0,0,1,1
1663,12639711,0.70440114,-2.641545,-0.09682147,5003,0,3.730251,1.442733,-9.054424,5003,0,0,1,1
1664,12647717,0.52412665,-2.8403432,-0.005734532,8006,0,3.4394815,1.0176121,-9.218069,8006,0,0,1,1
1665,12655722,0.39286882,-3.077868,0.014611472,8005,0,3.0943441,0.31733766,-9.385374,8005,0,0,1,1
1666,12660726,0.3754046,-3.2305884,-0.008328119,5004,0,3.0366955,-0.024268508,-9.611267,5004,0,0,1,1
1667,12665729,0.3976413,-3.3054378,-0.0165033,5003,0,3.1061335,-0.25421876,-9.63349,5003,0,0,1,1
1668,12673734,0.44168493,-3.3484955,-0.0067009903,8005,0,3.2005496,-0.3500667,-9.780019,8005,0,0,1,1
1669,12678613,0.4995076,-3.3631053,0.010532273,4879,0,3.1369998,-0.4437952,-9.865135,4879,0,0,1,1
1670,12683742,0.53630495,-3.3905663,0.019371228,5129,0,3.0262601,-0.5309845,-9.835531,5129,0,0,1,1
1671,12691747,0.58003587,-3.4708915,0.017040957,8005,0,2.7565925,-0.38384402,-9.89504,8005,0,0,1,1
1672,12696750,0.6275611,-3.5874574,0.018382685,5003,0,2.5887415,-0.35863143,-10.177473,5003,0,0,1,1
1673,12701753,0.632599,-3.6726606,0.005357892,5003,0,2.6098135,-0.50585675,-10.101324,5003,0,0,1,1
1674,12709759,0.63458157,-3.7499046,-0.008707411,8006,0,2.6953492,-0.38247922,-10.187031,8006,0,0,1,1
1675,12714639,0.6738349,-3.827535,0.024940707,4880,0,2.8161683,0.020631313,-9.8379,4880,0,0,1,1
1676,12719766,0.66366535,-3.8473198,0.051824573,5127,0,2.7002213,-0.4158793,-10.099209,5127,0,0,1,1
1677,12727771,0.62578994,-3.7882702,0.052232966,8005,0,2.5051076,-0.5042357,-10.446443,8005,0,0,1,1
1678,12737778,0.577067,-3.630458,-0.07194412,5004,0,2.096739,-0.8247578,-10.737467,5004,0,0,1,1
1679,12745783,0.6194475,-3.610798,-0.1484778,8005,0,1.8602334,-0.7943712,-10.743611,8005,0,0,1,1
1680,12753789,0.6767756,-3.6255767,-0.19604939,8006,0,1.4713614,-0.9454736,-10.686813,8006,0,0,1,1
1681,12758792,0.7286469,-3.6812527,-0.17684929,5003,0,1.1628722,-0.9608086,-10.763895,5003,0,0,1,1
1682,12763795,0.74134815,-3.740915,-0.14900853,5003,0,0.9583046,-0.9293884,-10.763329,5003,0,0,1,1
1683,12771801,0.7376244,-3.8263998,-0.106077775,8006,0,0.63442326,-0.8565026,-10.624788,8006,0,0,1,1
1684,12776804,0.732303,-3.921912,-0.06131862,5003,0,0.31784722,-0.83697027,-10.35607,5003,0,0,1,1
1685,12781683,0.71866435,-4.000017,-0.03356238,4879,0,0.11054608,-0.7750894,-10.177894,4879,0,0,1,1
1686,12789813,0.6763784,-4.081272,-0.0006289701,8130,0,-0.12724477,-0.61271954,-10.145306,8130,0,0,1,1
1687,12794691,0.6059556,-4.1266503,0.01929471,4878,0,-0.2577339,-0.5281151,-10.115144,4878,0,0,1,1
1688,12799820,0.54315084,-4.12039,0.019670121,5129,0,-0.26790053,-0.54771066,-9.982925,5129,0,0,1,1
1689,12807702,0.47635242,-4.0536675,-0.009890831,7882,0,-0.2402523,-0.6551974,-9.806839,7882,0,0,1,1
1690,12812704,0.41468915,-3.9471323,-0.04627225,5002,0,-0.17903233,-0.7342751,-9.515115,5002,0,0,1,1
1691,12817707,0.38608432,-3.8413703,-0.0715342,5003,0,-0.2562922,-0.5997299,-9.4411335,5003,0,0,1,1
1692,12825713,0.32704118,-3.6623158,-0.113841884,8006,0,-0.287575,-0.64784753,-9.56045,8006,0,0,1,1
1693,12833843,0.15917915,-3.4237645,-0.17772645,8130,0,-0.33737084,-0.8844894,-10.033789,8130,0,0,1,1
1694,12843850,0.2014101,-3.1707633,-0.12730339,5004,0,-0.92259854,-1.0258757,-9.970377,5004,0,0,1,1
1695,12851855,0.15486233,-3.1322906,-0.10750906,8005,0,-1.0219238,-0.7919828,-10.336423,8005,0,0,1,1
1696,12856858,0.119963475,-3.1085885,-0.09542733,5003,0,-1.2192277,-0.9607449,-10.460484,5003,0,0,1,1
1697,12861862,0.076517746,-3.0903888,-0.114407696,5004,0,-1.1196709,-1.033046,-10.409145,5004,0,0,1,1
1698,12869742,0.053934768,-3.0693815,-0.11590662,7880,0,-1.1412902,-0.90267295,-10.155768,7880,0,0,1,1
1699,12874871,0.037001662,-3.0547729,-0.098781526,5129,0,-1.3121759,-1.0318315,-9.934921,5129,0,0,1,1
1700,12879749,0.032146584,-3.0332942,-0.074390896,4878,0,-1.4700996,-0.8974952,-9.923612,4878,0,0,1,1
1701,12887879,0.045615062,-3.0214636,0.037375335,8130,0,-1.5902872,-0.3554219,-9.599768,8130,0,0,1,1
1702,12892883,-0.0028438754,-3.0183337,0.114874616,5004,0,-2.0801558,-1.4328274,-9.059864,5004,0,0,1,1
1703,12897761,-0.04114067,-2.980678,0.059072178,4878,0,-2.4450746,-1.5103489,-9.332655,4878,0,0,1,1
1704,12905771,0.031293403,-2.9631648,0.0067331265,8010,0,-2.5631747,-1.0153325,-9.526192,8010,0,0,1,1
1705,12915774,0.07814014,-2.9580812,-0.0074880244,4879,0,-2.4683533,-1.1953014,-9.13158,4879,0,0,1,1
1706,12923904,0.065747954,-2.918605,0.021471467,8130,0,-2.5784442,-1.1446781,-8.76651,8130,0,0,1,1
1707,12931909,0.032682057,-2.8390193,0.072838984,8005,0,-2.7282143,-1.0029405,-8.176489,8005,0,0,1,1
1708,12941916,-0.053058792,-2.6981583,0.24410331,5127,0,-3.2174995,-1.2277154,-8.064119,5127,0,0,1,1
1709,12949922,-0.11804313,-2.4881032,0.26062053,8006,0,-3.492709,-1.069048,-7.5749145,8006,0,0,1,1
1710,12954925,-0.17001401,-2.2500603,0.27920434,5003,0,-3.5813498,-0.6562004,-7.705216,5003,0,0,1,1
1711,12959803,-0.21536268,-2.0422184,0.27741498,4878,0,-3.6823294,-0.56842023,-8.071434,4878,0,0,1,1
1712,12967934,-0.28510457,-1.7385252,0.22190273,8131,0,-3.792335,-0.7566023,-8.585415,8131,0,0,1,1
1713,12972937,-0.3326171,-1.4310559,0.12514836,5003,0,-3.8680317,-1.0100983,-9.013464,5003,0,0,1,1
1714,12977941,-0.31746224,-1.2402291,0.048571624,5004,0,-3.8495002,-1.194662,-9.083553,5004,0,0,1,1
1715,12985946,-0.2757393,-1.0687608,-0.0062766685,8005,0,-3.8827388,-1.5492327,-9.289008,8005,0,0,1,1
1716,12993952,-0.18967216,-0.9675348,0.0017432594,8006,0,-4.161723,-1.7745261,-9.490823,8006,0,0,1,1
1717,13003958,-0.0045940913,-0.9639405,0.10415134,5003,0,-4.591697,-1.8473201,-9.631588,5003,0,0,1,1
1718,13011964,0.10682177,-0.9835929,0.17286265,8006,0,-4.807816,-1.8598142,-9.34581,8006,0,0,1,1
1719,13021971,0.3205358,-1.0882927,0.23248152,5004,0,-5.3492455,-1.6710967,-8.750759,5004,0,0,1,1
1720,13029976,0.38803422,-1.1913825,0.24206121,8005,0,-5.7067537,-1.3550026,-8.503247,8005,0,0,1,1
1721,13034979,0.39680287,-1.2949923,0.23895328,5003,0,-5.9879975,-1.0546079,-8.196512,5003,0,0,1,1
1722,13039983,0.37244317,-1.3627346,0.22113335,5004,0,-6.0694094,-0.9689467,-7.862186,5004,0,0,1,1
1723,13047988,0.32079422,-1.4113898,0.20272444,8005,0,-6.2659473,-0.77231824,-7.5317955,8005,0,0,1,1
1724,13055994,0.2277199,-1.388751,0.198385,8006,0,-6.3753295,-0.6973579,-7.2349315,8006,0,0,1,1
1725,13060997,0.13740584,-1.3236074,0.19729976,5003,0,-6.24753,-0.6018592,-7.3065825,5003,0,0,1,1
1726,13066000,0.06790052,-1.2601428,0.19820468,5003,0,-6.0799446,-0.5525346,-7.366426,5003,0,0,1,1
1727,13074006,-0.018213727,-1.1638949,0.19665918,8006,0,-5.854584,-0.64139575,-7.623992,8006,0,0,1,1
1728,13084013,-0.13848956,-0.95095754,0.1849076,5004,0,-5.2678328,-0.9784658,-8.111027,5004,0,0,1,1
1729,13092018,-0.16722074,-0.8090519,0.19847313,8005,0,-4.9278684,-1.1473231,-8.299306,8005,0,0,1,1
1730,13102025,-0.15660949,-0.51834774,0.29505473,5004,0,-4.4837303,-1.4838948,-8.555872,5004,0,0,1,1
1731,13110030,-0.08116672,-0.33773103,0.3654747,8005,0,-4.5732503,-1.5268155,-8.455672,8005,0,0,1,1
1732,13119912,0.11563842,-0.00971949,0.52412885,4878,0,-5.1432395,-1.6527789,-8.127289,4878,0,0,1,1
1733,13128042,0.20750856,0.10676378,0.63456255,8130,0,-5.7301254,-1.6152854,-8.108858,8130,0,0,1,1
1734,13136048,0.29177976,0.21940719,0.6997769,8006,0,-6.357663,-1.258343,-8.003914,8006,0,0,1,1
1735,13140926,0.31866652,0.2874786,0.70404106,4878,0,-6.640543,-0.97856665,-7.893201,4878,0,0,1,1
1736,13146055,0.2981723,0.32547677,0.68067366,5129,0,-6.8878093,-0.85886633,-7.802657,5129,0,0,1,1
1737,13154060,0.26119626,0.34373176,0.63125527,8005,0,-7.203149,-0.6958783,-7.7781863,8005,0,0,1,1
1738,13158944,0.22364281,0.3314387,0.58100885,4884,0,-7.435371,-0.58129,-7.804609,4884,0,0,1,1
1739,13164067,0.19234738,0.30613387,0.5528165,5123,0,-7.508853,-0.5554371,-7.759047,5123,0,0,1,1
1740,13172072,0.14542231,0.27179503,0.5410787,8005,0,-7.4949155,-0.53649586,-7.792475,8005,0,0,1,1
1741,13182079,0.048597857,0.26602936,0.5671325,5003,0,-7.064905,-0.58558154,-8.104572,5003,0,0,1,1
1742,13190085,0.013217702,0.31833863,0.58248514,8006,0,-6.598117,-0.6723733,-8.315323,8006,0,0,1,1
1743,13200091,-0.029339977,0.542597,0.56944805,5003,0,-5.6133313,-0.9305823,-8.507988,5003,0,0,1,1
1744,13207972,-0.021373844,0.7807831,0.549,7881,0,-5.282788,-1.1477597,-8.570141,7881,0,0,1,1
1745,13218103,0.063709304,1.3549085,0.45162424,5003,0,-5.6899123,-1.7185189,-8.428024,5003,0,0,1,1
1746,13226109,0.13206457,1.6509799,0.36255243,8006,0,-6.1032095,-1.6648486,-8.412744,8006,0,0,1,1
1747,13234114,0.20940323,1.9082003,0.2795722,8005,0,-6.6023517,-1.2983253,-8.344772,8005,0,0,1,1
1748,13239118,0.25578412,1.997789,0.2468534,5004,0,-6.92629,-0.9899342,-8.338295,5004,0,0,1,1
1749,13244121,0.2799201,1.9789757,0.25375023,5003,0,-7.240168,-0.87096405,-8.115576,5003,0,0,1,1
1750,13252126,0.30780187,1.8780615,0.27973583,8005,0,-7.690483,-0.7992632,-8.115244,8005,0,0,1,1
1751,13257130,0.31505665,1.7287723,0.3105167,5004,0,-7.9146156,-0.6648388,-8.155558,5004,0,0,1,1
1752,13262133,0.29560548,1.5906017,0.33826438,5003,0,-7.9103084,-0.5731306,-8.215179,5003,0,0,1,1
1753,13270139,0.27178407,1.4006068,0.3709864,8006,0,-7.8361206,-0.49186778,-8.209909,8006,0,0,1,1
1754,13280145,0.19748019,1.0997031,0.42870316,5003,0,-7.443658,-0.41777843,-8.354578,5003,0,0,1,1
1755,13288151,0.14128184,0.95716214,0.45958427,8006,0,-7.184724,-0.37309274,-8.295259,8006,0,0,1,1
1756,13298158,0.0076542385,0.84889597,0.53151053,5004,0,-6.4404993,-0.34136987,-8.526173,5004,0,0,1,1
1757,13306163,-0.067777336,0.92172015,0.5419544,8005,0,-6.1050777,-0.5879744,-8.626557,8005,0,0,1,1
1758,13314169,-0.117253885,1.1071101,0.4908509,8006,0,-5.801011,-0.95265275,-8.744922,8006,0,0,1,1
1759,13319172,-0.11739126,1.3288335,0.4161004,5003,0,-5.637966,-1.2552489,-8.815159,5003,0,0,1,1
1760,13324175,-0.11214219,1.5431974,0.341423,5003,0,-5.585988,-1.4636793,-9.010328,5003,0,0,1,1
1761,13332181,-0.10615213,1.8825704,0.18958719,8006,0,-5.4371066,-1.4642265,-9.160048,8006,0,0,1,1
1762,13337184,-0.058790322,2.2027524,0.051565353,5003,0,-5.3075666,-1.3342434,-9.232729,5003,0,0,1,1
1763,13342188,-0.046653725,2.43477,-0.05135557,5004,0,-5.203188,-1.2159666,-9.452972,5004,0,0,1,1
1764,13350193,-0.040957566,2.6874099,-0.17355572,8005,0,-5.240236,-1.0190569,-9.420455,8005,0,0,1,1
1765,13355196,-0.054733895,2.8745034,-0.26413465,5003,0,-5.312122,-0.81998575,-9.450352,5003,0,0,1,1
1766,13360200,-0.076585144,2.9770355,-0.30596837,5004,0,-5.2489095,-0.61118865,-9.357685,5004,0,0,1,1
1767,13368205,-0.11537095,3.0510807,-0.29461336,8005,0,-5.0647435,-0.3593435,-9.334453,8005,0,0,1,1
1768,13378087,-0.18962006,3.0697498,-0.17001602,4878,0,-4.7073526,-0.10691666,-9.293801,4878,0,0,1,1
1769,13386217,-0.23504281,3.0316315,-0.055981737,8130,0,-4.5497565,0.013946771,-9.265568,8130,0,0,1,1
1770,13394223,-0.27616763,2.9555972,0.10716157,8006,0,-4.4180646,0.110682994,-9.330457,8006,0,0,1,1
1771,13399102,-0.31055441,2.8781452,0.21971177,4879,0,-4.4805846,-0.025839627,-9.49154,4879,0,0,1,1
1772,13404230,-0.32299265,2.8056538,0.27524936,5128,0,-4.5783796,-0.12184161,-9.618702,5128,0,0,1,1
1773,13412235,-0.33617523,2.702007,0.31733248,8005,0,-4.6379776,-0.100169055,-9.905748,8005,0,0,1,1
1774,13417239,-0.35248396,2.5927644,0.33374432,5004,0,-4.6199255,-0.14460534,-10.114914,5004,0,0,1,1
1775,13422242,-0.37798256,2.5195222,0.32922435,5003,0,-4.5867395,-0.29245687,-10.330908,5003,0,0,1,1
1776,13430247,-0.39004004,2.4628108,0.3125943,8005,0,-4.54855,-0.36785448,-10.454079,8005,0,0,1,1
1777,13435251,-0.39640045,2.4410973,0.29241186,5004,0,-4.4612145,-0.50680923,-10.62781,5004,0,0,1,1
1778,13440254,-0.38962564,2.4589436,0.25639573,5003,0,-4.3908277,-0.6349038,-10.78775,5003,0,0,1,1
1779,13448259,-0.3645756,2.5212283,0.1648562,8005,0,-4.232411,-0.79452854,-10.861224,8005,0,0,1,1
1780,13453138,-0.32392585,2.6105974,0.041398928,4879,0,-3.9550238,-0.85053307,-10.852529,4879,0,0,1,1
1781,13458266,-0.2965791,2.6831896,-0.05659969,5128,0,-3.6579938,-0.82442194,-10.931158,5128,0,0,1,1
1782,13466272,-0.28655708,2.7683213,-0.16593516,8006,0,-3.3932018,-0.74778473,-10.93726,8006,0,0,1,1
1783,13476278,-0.30291945,2.8647006,-0.2607238,5003,0,-3.0965216,-0.40602303,-10.898624,5003,0,0,1,1
1784,13484284,-0.3380295,2.8915284,-0.24834354,8006,0,-2.8809843,-0.30938798,-10.733239,8006,0,0,1,1
1785,13492164,-0.37581533,2.9132562,-0.19020058,7880,0,-2.5071154,-0.06258071,-10.615874,7880,0,0,1,1
1786,13497168,-0.415208,2.952935,-0.12543903,5004,0,-2.23486,-0.0066686277,-10.566305,5004,0,0,1,1
1787,13502175,-0.43495676,3.008347,-0.09634602,5007,0,-1.9797984,0.046900395,-10.523448,5007,0,0,1,1
1788,13510301,-0.45479405,3.087137,-0.06073602,8126,0,-1.5735186,0.11729053,-10.402903,8126,0,0,1,1
1789,13515305,-0.46278116,3.157598,-0.022609763,5004,0,-1.4177209,0.124768436,-10.448267,5004,0,0,1,1
1790,13520308,-0.46952376,3.1985574,0.0019275546,5003,0,-1.4960016,0.16380343,-10.615574,5003,0,0,1,1
1791,13528314,-0.49094525,3.2136807,0.015669903,8006,0,-1.5944659,0.089912236,-10.784925,8006,0,0,1,1
1792,13533318,-0.49934563,3.1748695,0.003909332,5004,0,-1.5824358,0.19709066,-10.986008,5004,0,0,1,1
1793,13538321,-0.5077195,3.1163664,-0.02107326,5003,0,-1.4883373,0.009849548,-11.012814,5003,0,0,1,1
1794,13546326,-0.48822632,3.0288908,-0.059300214,8005,0,-1.2689314,0.007138073,-11.3807955,8005,0,0,1,1
1795,13551329,-0.45365778,2.9473422,-0.09573887,5003,0,-1.0094768,-0.031321168,-11.633877,5003,0,0,1,1
1796,13556333,-0.4262185,2.889063,-0.13174617,5004,0,-0.8771001,-0.32629776,-11.624504,5004,0,0,1,1
1797,13564338,-0.36538815,2.835634,-0.17733017,8005,0,-0.44496727,-0.4393868,-11.676198,8005,0,0,1,1
1798,13574220,-0.24037775,2.7563064,-0.18770483,4878,0,0.06716901,-0.19479488,-11.695447,4878,0,0,1,1
1799,13582350,-0.18194646,2.7083313,-0.14647697,8130,0,0.21246125,-0.22007382,-11.666656,8130,0,0,1,1
1800,13590356,-0.113939375,2.6729875,-0.07587914,8006,0,0.48585457,-0.20040208,-11.313757,8006,0,0,1,1
1801,13595359,-0.05933091,2.6963105,-0.017085508,5003,0,0.8857652,-0.0088198185,-11.028095,5003,0,0,1,1
1802,13600363,-0.033059135,2.7645283,0.015533877,5004,0,1.2295543,-0.012881696,-10.845453,5004,0,0,1,1
1803,13608368,-0.026649302,2.9237044,0.031734474,8005,0,1.5810672,0.06460148,-10.568547,8005,0,0,1,1
1804,13613371,-0.0503075,3.1195526,0.01846086,5003,0,1.7541248,0.29212126,-10.458784,5003,0,0,1,1
1805,13618250,-0.08682521,3.2645588,-0.008029655,4879,0,1.6946838,0.49721494,-10.462143,4879,0,0,1,1
1806,13626380,-0.15818039,3.4414535,-0.08264882,8130,0,1.4303868,0.5577028,-10.68132,8130,0,0,1,1
1807,13631384,-0.19297835,3.6036468,-0.20617987,5004,0,1.3909254,0.55693,-10.626869,5004,0,0,1,1
1808,13636387,-0.20520027,3.7002492,-0.32061112,5003,0,1.2475098,0.28329048,-10.887819,5003,0,0,1,1
1809,13644392,-0.22028,3.7609863,-0.45609573,8005,0,1.2947757,0.17799531,-11.053891,8005,0,0,1,1
1810,13652398,-0.19722617,3.7158647,-0.5527264,8006,0,1.3346353,-0.16307013,-11.128572,8006,0,0,1,1
1811,13662405,-0.12299864,3.4767866,-0.5361818,5004,0,1.4371614,-0.5555799,-11.387476,5004,0,0,1,1
1812,13670410,-0.04402854,3.2996004,-0.6060213,8005,0,1.2180444,-0.93003875,-10.809341,8005,0,0,1,1
1813,13680417,0.15982541,3.085946,-0.6959598,5003,0,2.0950873,-0.47682858,-10.419239,5003,0,0,1,1
1814,13688423,0.23868024,2.9650548,-0.6560161,8006,0,2.6870255,0.2927669,-10.1353245,8006,0,0,1,1
1815,13693426,0.2707698,2.8361576,-0.57239944,5003,0,2.8722174,0.44895318,-9.636356,5003,0,0,1,1
1816,13698429,0.287641,2.756193,-0.52654076,5003,0,2.9222457,0.43674505,-9.305256,5003,0,0,1,1
1817,13706434,0.28653187,2.70051,-0.4939341,8005,0,3.2559354,0.47878897,-9.111247,8005,0,0,1,1
1818,13711438,0.2838641,2.7006168,-0.47377488,5004,0,3.7966206,0.5768102,-8.779495,5004,0,0,1,1
1819,13716441,0.2771502,2.7296996,-0.46099135,5003,0,4.094449,0.6847832,-8.791935,5003,0,0,1,1
1820,13724447,0.25054196,2.7492769,-0.45307362,8006,0,4.149028,0.77812266,-8.825233,8006,0,0,1,1
1821,13732452,0.1881531,2.6997898,-0.44655257,8005,0,4.2125077,0.85578465,-8.791254,8005,0,0,1,1
1822,13742459,0.0895252,2.4903781,-0.38095242,5004,0,4.1658025,0.74272656,-8.590824,5004,0,0,1,1
1823,13750464,0.061120033,2.3417802,-0.32031003,8005,0,4.0565124,0.6748218,-8.487547,8005,0,0,1,1
1824,13760346,0.028206814,2.1105278,-0.20840715,4878,0,4.469722,0.6722074,-8.205174,4878,0,0,1,1
1825,13768476,0.01197369,2.0088181,-0.15015258,8130,0,4.840137,0.7331284,-8.000328,8130,0,0,1,1
1826,13773480,-0.008156531,1.9434494,-0.11109544,5004,0,5.1488624,0.76331484,-7.8452687,5004,0,0,1,1
1827,13778483,-0.025115617,1.9322802,-0.11210554,5003,0,5.2066493,0.8312516,-7.700677,5003,0,0,1,1
1828,13786489,-0.055896245,1.9679204,-0.13910705,8006,0,5.251821,0.813684,-7.5410886,8006,0,0,1,1
1829,13791492,-0.09436257,2.0361347,-0.19404426,5003,0,5.200568,0.7175775,-7.440409,5003,0,0,1,1
1830,13796495,-0.12796429,2.0815454,-0.2470468,5003,0,4.9647527,0.71159565,-7.4332266,5003,0,0,1,1
1831,13804501,-0.13600618,2.0484798,-0.31863904,8006,0,4.6826944,0.7892787,-7.100833,8006,0,0,1,1
1832,13812506,-0.1806535,2.0199964,-0.41578534,8005,0,4.270071,0.4481501,-8.342389,8005,0,0,1,1
1833,13822513,-0.20907709,1.769214,-0.3917178,5003,0,4.788791,1.0140537,-8.052351,5003,0,0,1,1
1834,13830520,-0.24500327,1.6322587,-0.35664386,8007,0,4.801871,-0.06642848,-7.9052987,8007,0,0,1,1
1835,13840402,-0.13311812,1.3364593,-0.2993797,4880,0,5.3130293,0.30266678,-7.9906187,4880,0,0,1,1
1836,13848531,-0.05110237,1.2102025,-0.24117507,8129,0,5.6622763,0.26615047,-7.681881,8129,0,0,1,1
1837,13858537,0.020628188,1.018688,-0.13773113,5003,0,5.8292947,0.53058815,-7.364993,5003,0,0,1,1
1838,13866543,0.020831311,0.9151092,-0.095820606,8006,0,5.84363,0.72419584,-7.263958,8006,0,0,1,1
1839,13874548,0.0021205617,0.8103757,-0.07784569,8005,0,5.940861,0.8778371,-7.028379,8005,0,0,1,1
1840,13879552,-0.029183388,0.7425422,-0.08946047,5004,0,5.8920207,0.9134319,-6.9165654,5004,0,0,1,1
1841,13884555,-0.061824836,0.68363637,-0.11776918,5003,0,5.7785482,0.8011427,-6.872509,5003,0,0,1,1
1842,13892560,-0.10221941,0.5502437,-0.16235963,8005,0,5.434389,0.7892972,-6.775405,8005,0,0,1,1
1843,13897564,-0.12682697,0.353801,-0.19104944,5004,0,5.0600743,0.7592381,-6.6450763,5004,0,0,1,1
1844,13902567,-0.13365802,0.16588323,-0.19830585,5003,0,4.8845434,0.7321935,-6.6443415,5003,0,0,1,1
1845,13910573,-0.14233658,-0.11563976,-0.17832057,8006,0,4.753078,0.7306313,-6.608698,8006,0,0,1,1
1846,13920580,-0.18253273,-0.68666977,-0.08856366,5004,0,4.601549,0.78941095,-6.843302,5004,0,0,1,1
1847,13928585,-0.20385927,-1.0514827,-0.021800773,8005,0,4.4564857,0.76355314,-7.068693,8005,0,0,1,1
1848,13936590,-0.2226166,-1.4791878,0.086845815,8005,0,4.3460464,1.0352964,-7.7291803,8005,0,0,1,1
1849,13941594,-0.2863833,-1.7991254,0.21514316,5004,0,4.710255,0.82555735,-7.303708,5004,0,0,1,1
1850,13946597,-0.2930806,-2.0326643,0.25395724,5003,0,4.7825603,0.5473521,-7.154308,5003,0,0,1,1
1851,13954603,-0.265854,-2.2990108,0.24265863,8006,0,4.8843126,0.62707907,-7.5925727,8006,0,0,1,1
1852,13959606,-0.21036488,-2.5305545,0.20941432,5003,0,5.2748027,0.5064174,-7.643202,5003,0,0,1,1
1853,13964609,-0.15337515,-2.6814103,0.18969226,5003,0,5.6241035,0.4882132,-7.8931384,5003,0,0,1,1
1854,13972615,-0.08866684,-2.8308544,0.16914478,8006,0,5.971275,0.5503206,-8.435621,8006,0,0,1,1
1855,13977618,-0.032525837,-2.9538012,0.14573647,5003,0,6.2159667,0.44464523,-8.877659,5003,0,0,1,1
1856,13982622,0.01695355,-3.0388393,0.13501991,5004,0,6.277256,0.37641415,-9.192251,5004,0,0,1,1
1857,13990627,0.09633689,-3.142539,0.13527508,8005,0,6.2910485,0.3415743,-9.4720125,8005,0,0,1,1
1858,13995630,0.19771028,-3.2183986,0.14475447,5003,0,6.404861,0.2502447,-9.612917,5003,0,0,1,1
1859,14000634,0.29806644,-3.2599862,0.1529567,5004,0,6.2743964,0.025923433,-9.435286,5004,0,0,1,1
1860,14008639,0.4483463,-3.2530086,0.176653,8005,0,6.422217,0.24721663,-10.387912,8005,0,0,1,1
1861,14016645,0.56805944,-3.1732943,0.2033593,8006,0,6.5490203,-0.05180949,-10.002487,8006,0,0,1,1
1862,14026651,0.7397255,-3.1200712,0.2619459,5003,0,5.92316,0.44775704,-9.661039,5003,0,0,1,1
1863,14034657,0.7979111,-3.1518118,0.2859942,8006,0,5.633838,0.603293,-9.615511,8006,0,0,1,1
1864,14039660,0.8307376,-3.2236261,0.33152515,5003,0,5.3626766,0.82748765,-9.570061,5003,0,0,1,1
1865,14044664,0.83638537,-3.307064,0.3836137,5004,0,5.0629086,0.860759,-9.514275,5004,0,0,1,1
1866,14052669,0.8330204,-3.4468238,0.45457345,8005,0,4.5366297,0.9175308,-9.524535,8005,0,0,1,1
1867,14057673,0.8127735,-3.604694,0.5019789,5004,0,4.083971,0.79081565,-9.653986,5004,0,0,1,1
1868,14062676,0.79173875,-3.7318878,0.5070465,5003,0,3.889044,0.77816117,-9.901642,5003,0,0,1,1
1869,14070681,0.75234944,-3.877713,0.4812251,8005,0,3.6351295,0.580544,-10.016545,8005,0,0,1,1
1870,14075685,0.7108443,-3.9951732,0.42324275,5004,0,3.3297536,0.4175948,-10.079786,5004,0,0,1,1
1871,14080688,0.68264365,-4.0491524,0.3562455,5003,0,3.0723698,0.30410898,-10.32518,5003,0,0,1,1
1872,14088693,0.6450985,-4.0529017,0.24216399,8005,0,2.86944,0.17607814,-10.611946,8005,0,0,1,1
1873,14093697,0.6083962,-4.009321,0.1166653,5004,0,2.8480346,0.036918163,-10.83084,5004,0,0,1,1
1874,14098700,0.5916227,-3.9712358,0.026987571,5003,0,2.8312812,-0.054786798,-10.790627,5003,0,0,1,1
1875,14106706,0.5994904,-3.941297,-0.05054508,8006,0,2.6494713,-0.1790244,-10.651303,8006,0,0,1,1
1876,14114711,0.6352012,-3.9419267,-0.12291153,8005,0,2.5357609,-0.24249737,-10.968078,8005,0,0,1,1
1877,14124718,0.70510995,-3.98597,-0.19386072,5003,0,2.8104577,-0.5525365,-11.644407,5003,0,0,1,1
1878,14132723,0.7232246,-3.9900599,-0.1985548,8005,0,3.1486256,-0.47494456,-12.091287,8005,0,0,1,1
1879,14137727,0.84247017,-3.9557588,-0.20918334,5004,0,3.3445218,-0.17459673,-11.851545,5004,0,0,1,1
1880,14142605,0.8079629,-3.910639,-0.1531303,4878,0,3.2586029,-0.2702822,-11.922064,4878,0,0,1,1
1881,14150611,0.7947416,-3.9502256,0.015441074,8006,0,2.96737,-0.0009872317,-11.529377,8006,0,0,1,1
1882,14155614,0.7858301,-3.9360435,0.096112125,5003,0,2.6720827,-0.39600813,-11.505259,5003,0,0,1,1
1883,14160618,0.8357109,-3.8606944,0.060666673,5004,0,2.6021645,-0.4894004,-11.390606,5004,0,0,1,1
1884,14168748,0.9240308,-3.701623,-0.027329918,8130,0,2.5681467,-0.74404025,-10.966543,8130,0,0,1,1
1885,14173752,1.0592244,-3.4992776,-0.09800918,5004,0,2.3057253,-0.7548634,-10.37809,5004,0,0,1,1
1886,14178754,1.1338179,-3.33292,-0.12167587,5002,0,1.9947561,-0.8158717,-9.948767,5002,0,0,1,1
1887,14186760,1.1791022,-3.1705928,-0.12824927,8006,0,1.3934879,-0.8713991,-9.521416,8006,0,0,1,1
1888,14194766,1.1917735,-3.1243503,-0.09631632,8006,0,0.31666663,-0.68580246,-8.826759,8006,0,0,1,1
1889,14204772,1.0686829,-3.3286827,-0.00408113,5003,0,-1.1152647,-0.12125784,-8.287134,5003,0,0,1,1
1890,14212778,0.9029241,-3.5062816,0.011458877,8006,0,-1.8999621,0.08058202,-8.154091,8006,0,0,1,1
1891,14222784,0.6306608,-3.859353,-0.15080419,5003,0,-2.9718275,-0.43901604,-6.900126,5003,0,0,1,1
1892,14230790,0.46320868,-3.9011686,-0.28257018,8006,0,-3.238198,0.08759742,-9.684499,8006,0,0,1,1
1893,14235793,0.1773126,-3.7628026,-0.37733114,5003,0,-2.7124302,0.23675215,-10.189005,5003,0,0,1,1
1894,14240673,-0.05560743,-3.6482215,-0.41357717,4880,0,-2.4273248,0.15672988,-9.698951,4880,0,0,1,1
1895,14248802,-0.2932559,-3.5235882,-0.5165047,8129,0,-2.5036786,-0.18850039,-10.418962,8129,0,0,1,1
1896,14253805,-0.4121817,-3.4433293,-0.6827082,5003,0,-2.5192814,-0.62720585,-11.081722,5003,0,0,1,1
1897,14258684,-0.40929806,-3.4010587,-0.8120626,4879,0,-2.530883,-0.90313524,-11.582988,4879,0,0,1,1
1898,14266689,-0.3519599,-3.3660028,-0.9088529,8005,0,-2.2364597,-1.4868242,-11.885999,8005,0,0,1,1
1899,14271818,-0.24717607,-3.3609345,-0.90287715,5129,0,-1.9048046,-1.733365,-12.115795,5129,0,0,1,1
1900,14276821,-0.1519726,-3.343607,-0.8523132,5003,0,-2.0382066,-2.0762105,-12.361019,5003,0,0,1,1
1901,14284826,0.047454342,-3.3285418,-0.80830604,8005,0,-2.1559753,-2.472066,-12.156461,8005,0,0,1,1
1902,14292832,0.36543202,-3.3945289,-0.7150881,8006,0,-2.2023787,-2.6121979,-11.98131,8006,0,0,1,1
1903,14302839,0.776983,-3.6111755,-0.47990307,5129,0,-2.6618977,-2.364295,-11.238651,5129,0,0,1,1
1904,14310844,0.9512014,-3.8035588,-0.3340093,8005,0,-3.029878,-1.9462255,-10.552392,8005,0,0,1,1
1905,14320728,1.0714039,-4.2118387,-0.12549274,5006,0,-3.4652529,-1.1025603,-9.616943,5006,0,0,1,1
1906,14328856,1.0702417,-4.4962826,0.0026748425,8128,0,-3.617298,-0.45309162,-8.647094,8128,0,0,1,1
1907,14333860,0.96965766,-4.7445307,0.14262131,5004,0,-3.9500532,-0.7883581,-8.66102,5004,0,0,1,1
1908,14338863,0.83842885,-4.8507123,0.18170564,5003,0,-4.338889,-0.7708864,-7.5727787,5003,0,0,1,1
1909,14346868,0.65334636,-4.960583,0.2555468,8005,0,-4.4653544,-0.3006812,-7.043852,8005,0,0,1,1
1910,14351872,0.48764208,-5.0687227,0.2860288,5004,0,-4.3706903,-0.044499576,-6.621559,5004,0,0,1,1
1911,14356875,0.43551987,-5.144135,0.25362486,5003,0,-5.142764,-0.49339306,-5.9529333,5003,0,0,1,1
1912,14364881,0.12796961,-5.034431,0.2028815,8006,0,-4.85063,-0.07317358,-7.6728964,8006,0,0,1,1
1913,14372761,-0.17295201,-4.798492,0.17177427,7880,0,-4.783678,0.09751539,-6.908171,7880,0,0,1,1
1914,14382894,-0.56756866,-4.419938,0.06363971,5129,0,-5.0913496,-0.30902028,-7.777217,5129,0,0,1,1
1915,14390898,-0.70306903,-4.1558566,-0.07164252,8004,0,-5.132145,-0.6712461,-8.168998,8004,0,0,1,1
1916,14400905,-0.827729,-3.7114575,-0.31185755,5003,0,-4.9792194,-1.3214151,-9.159039,5003,0,0,1,1
1917,14408911,-0.828552,-3.464534,-0.42149162,8006,0,-4.8785863,-1.7630181,-9.704264,8006,0,0,1,1
1918,14418917,-0.47420347,-3.1395667,-0.4346797,5003,0,-4.6604276,-2.167384,-9.216892,5003,0,0,1,1
1919,14426923,-0.29850438,-2.952703,-0.4169275,8006,0,-4.7146363,-3.0682023,-9.273729,8006,0,0,1,1
1920,14434928,0.017372398,-2.7682483,-0.3218087,8005,0,-4.6443357,-2.7925482,-8.747711,8005,0,0,1,1
1921,14439932,0.24612112,-2.6651082,-0.19582042,5004,0,-4.712857,-2.4513776,-8.287216,5004,0,0,1,1
1922,14444935,0.36997846,-2.6066334,-0.10498856,5003,0,-4.8146105,-2.293119,-8.169676,5003,0,0,1,1
1923,14452940,0.49571663,-2.5339541,0.006763931,8005,0,-5.0010624,-1.747918,-7.499745,8005,0,0,1,1
1924,14462947,0.5994394,-2.445184,0.21810511,5003,0,-5.28899,-1.056752,-6.1317015,5003,0,0,1,1
1925,14470953,0.57965326,-2.3915324,0.33834848,8006,0,-5.5862994,-0.7413658,-5.509629,8006,0,0,1,1
1926,14480959,0.47754577,-2.264827,0.49007344,5003,0,-6.1891065,-0.40266353,-4.6569214,5003,0,0,1,1
1927,14488965,0.38804138,-2.1591027,0.54979306,8006,0,-6.477827,-0.25637603,-4.5203547,8006,0,0,1,1
1928,14496970,0.22730863,-1.9662904,0.5941907,8005,0,-6.7197866,-0.16868919,-4.528128,8005,0,0,1,1
1929,14501974,0.062455166,-1.7498747,0.61595917,5004,0,-6.7839327,-0.14522022,-4.6346173,5004,0,0,1,1
1930,14506977,-0.047911555,-1.5494626,0.6050639,5003,0,-6.780716,-0.20371187,-4.7893095,5003,0,0,1,1
1931,14514982,-0.17131251,-1.2471406,0.5416063,8005,0,-6.842343,-0.58825344,-5.1269784,8005,0,0,1,1
1932,14519861,-0.24054559,-0.90427977,0.4295009,4879,0,-7.013126,-1.1723647,-5.314936,4879,0,0,1,1
1933,14524989,-0.24040218,-0.6392785,0.34087652,5128,0,-7.0306835,-1.4360361,-5.5507746,5128,0,0,1,1
1934,14532995,-0.15992096,-0.36819628,0.27812752,8006,0,-7.1504517,-1.7475121,-5.718652,8006,0,0,1,1
1935,14537998,-0.03836228,-0.17187074,0.28921622,5003,0,-7.4204555,-1.9529071,-5.9653425,5003,0,0,1,1
1936,14543001,0.06664568,-0.06795007,0.3231171,5003,0,-7.636883,-1.9354317,-6.18225,5003,0,0,1,1
1937,14551007,0.19619668,0.022590695,0.38019994,8006,0,-7.873794,-1.7959993,-6.481356,8006,0,0,1,1
1938,14560889,0.3814625,0.11042,0.473501,4879,0,-8.039074,-1.6524999,-6.6026964,4879,0,0,1,1
1939,14569019,0.45801,0.16902812,0.51990247,8130,0,-8.015778,-1.5450008,-6.4550447,8130,0,0,1,1
1940,14576899,0.53439784,0.28017786,0.5962528,7880,0,-8.124544,-1.3757651,-6.244209,7880,0,0,1,1
1941,14582028,0.5517789,0.40578884,0.5905651,5129,0,-7.7991657,-1.363524,-6.0910954,5129,0,0,1,1
1942,14587031,0.57180727,0.5968773,0.61197287,5003,0,-7.775293,-0.9612272,-5.8403463,5003,0,0,1,1
1943,14595037,0.5809785,0.8289198,0.6850195,8006,0,-7.7794933,-1.2592839,-5.5625434,8006,0,0,1,1
1944,14599916,0.5980215,1.0886749,0.7395278,4879,0,-7.9715204,-1.341144,-5.2791734,4879,0,0,1,1
1945,14605043,0.63335115,1.2751374,0.78432566,5127,0,-8.084186,-1.3608176,-5.170192,5127,0,0,1,1
1946,14613049,0.6575886,1.5297482,0.84153634,8006,0,-8.242718,-1.2441385,-5.134762,8006,0,0,1,1
1947,14618052,0.63661647,1.7742184,0.8613853,5003,0,-8.264172,-1.1546737,-5.2849207,5003,0,0,1,1
1948,14623056,0.61650133,1.9621856,0.84838456,5004,0,-8.368555,-0.99570966,-5.359855,5004,0,0,1,1
1949,14631061,0.5711563,2.1857748,0.82197326,8005,0,-8.524126,-0.8384573,-5.4898562,8005,0,0,1,1
1950,14635939,0.52636933,2.406166,0.7838092,4878,0,-8.642439,-0.58594376,-5.771357,4878,0,0,1,1
1951,14641068,0.49777484,2.5696971,0.7503007,5129,0,-8.525717,-0.5920595,-5.7653685,5129,0,0,1,1
1952,14649073,0.44003505,2.7747316,0.7317617,8005,0,-8.348293,-0.3627683,-6.014035,8005,0,0,1,1
1953,14657079,0.347107,3.0174394,0.7224497,8006,0,-8.200903,-0.46183667,-6.233108,8006,0,0,1,1
1954,14667085,0.24214417,3.3516357,0.6497844,5003,0,-8.110939,-0.51231074,-6.3560615,5003,0,0,1,1
1955,14675091,0.22258307,3.4923778,0.6170905,8006,0,-8.186394,-0.7437488,-6.6324983,8006,0,0,1,1
1956,14680094,0.23215173,3.588991,0.58593106,5003,0,-8.355146,-0.9727143,-7.046556,5003,0,0,1,1
1957,14685098,0.2714184,3.6236045,0.569555,5004,0,-8.634071,-1.0876411,-7.3647575,5004,0,0,1,1
1958,14693103,0.32564926,3.5938473,0.5619418,8005,0,-8.9190235,-1.1648259,-7.6045394,8005,0,0,1,1
1959,14698106,0.38184753,3.504507,0.5672065,5003,0,-9.173237,-0.9643515,-7.899362,5003,0,0,1,1
1960,14703110,0.42492214,3.3998952,0.56740427,5004,0,-9.4296665,-0.96936715,-8.144062,5004,0,0,1,1
1961,14711115,0.4596233,3.211564,0.5716565,8005,0,-9.458601,-0.78413063,-8.076626,8005,0,0,1,1
1962,14716119,0.47687748,2.989322,0.60374075,5004,0,-9.441393,-0.6497507,-8.1778145,5004,0,0,1,1
1963,14721122,0.4640331,2.8177645,0.6291222,5003,0,-9.331284,-0.51996684,-8.17831,5003,0,0,1,1
1964,14729127,0.44550267,2.6065054,0.6654225,8005,0,-9.020857,-0.3409959,-8.071572,8005,0,0,1,1
1965,14734131,0.38610917,2.4461918,0.6745879,5004,0,-8.5090885,-0.21543598,-8.088518,5004,0,0,1,1
1966,14739009,0.32143536,2.374346,0.6810853,4878,0,-8.090431,-0.014372051,-7.9053645,4878,0,0,1,1
1967,14747140,0.1974971,2.3681169,0.70781344,8131,0,-7.3752027,0.09478724,-7.6654086,8131,0,0,1,1
1968,14755145,-0.00024837625,2.5077844,0.72363085,8005,0,-6.653746,0.14717439,-7.505191,8005,0,0,1,1
1969,14765152,-0.19537713,2.9564066,0.46394545,5003,0,-6.8511357,-0.2743637,-7.92453,5003,0,0,1,1
1970,14773157,-0.24085297,3.235113,0.17730208,8005,0,-7.158229,-0.61969256,-8.325477,8005,0,0,1,1
1971,14778161,-0.2512772,3.437524,-0.117798366,5004,0,-7.479594,-1.0371321,-8.819954,5004,0,0,1,1
1972,14783164,-0.26833025,3.5501533,-0.3315779,5003,0,-7.8981013,-1.3902225,-9.555653,5003,0,0,1,1
1973,14791169,-0.23467742,3.60486,-0.5692509,8005,0,-8.225583,-1.3141558,-9.526475,8005,0,0,1,1
1974,14796173,-0.10135672,3.486887,-0.6188586,5004,0,-8.430927,-1.5423956,-9.562372,5004,0,0,1,1
1975,14801176,0.025298638,3.3125384,-0.5539696,5003,0,-8.463686,-1.6083221,-9.79163,5003,0,0,1,1
1976,14809182,0.19241309,2.9822524,-0.39991036,8006,0,-8.403962,-1.7651675,-10.036144,8006,0,0,1,1
1977,14814185,0.37253794,2.5349333,-0.19317238,5003,0,-8.2541065,-1.7242626,-9.922724,5003,0,0,1,1
1978,14819188,0.49329355,2.1492398,-0.019277208,5003,0,-7.9716134,-1.5284309,-9.995022,5003,0,0,1,1
1979,14827194,0.6181406,1.663128,0.19264686,8006,0,-7.468388,-1.2354121,-10.002272,8006,0,0,1,1
1980,14835199,0.67341423,1.1874852,0.44281983,8005,0,-6.6054482,-0.8580577,-9.717711,8005,0,0,1,1
1981,14845206,0.619398,0.908495,0.65315336,5003,0,-5.2041373,-0.35908443,-8.882668,5003,0,0,1,1
1982,14853211,0.5278127,1.0637072,0.64898914,8005,0,-4.3298,-0.2515903,-8.384759,8005,0,0,1,1
1983,14863218,0.37422737,1.854201,0.4863053,5003,0,-3.7925186,-0.39163876,-7.7502203,5003,0,0,1,1
1984,14871224,0.31549287,2.4350083,0.31119645,8006,0,-4.137799,-0.592016,-7.815981,8006,0,0,1,1
1985,14876227,0.25683016,2.9590333,0.123751394,5003,0,-4.7320247,-0.7218113,-8.174967,5003,0,0,1,1
1986,14881105,0.19951792,3.2795055,-0.004017365,4878,0,-5.2010117,-0.7975835,-8.67812,4878,0,0,1,1
1987,14889236,0.11073272,3.5679643,-0.13603666,8131,0,-5.487301,-0.90647423,-9.385626,8131,0,0,1,1
1988,14894239,0.027896047,3.7216032,-0.23142564,5003,0,-5.418663,-0.9664973,-9.926788,5003,0,0,1,1
1989,14899243,-0.02241534,3.7511177,-0.281132,5004,0,-5.159865,-0.9310571,-10.269588,5004,0,0,1,1
1990,14907248,-0.061139066,3.7083266,-0.29413795,8005,0,-4.6112976,-0.7225464,-10.490466,8005,0,0,1,1
1991,14912251,-0.11797375,3.648156,-0.2711527,5003,0,-4.1344814,-0.64124537,-10.721943,5003,0,0,1,1
1992,14917255,-0.17773382,3.622605,-0.23838548,5004,0,-3.7625966,-0.65212595,-10.685984,5004,0,0,1,1
1993,14925260,-0.24928997,3.6394165,-0.20817338,8005,0,-3.19613,-0.5921886,-10.406518,8005,0,0,1,1
1994,14933266,-0.30705634,3.7876196,-0.20154935,8006,0,-2.5185962,-0.466889,-10.083347,8006,0,0,1,1
1995,14943272,-0.4356406,4.2508507,-0.15927958,5003,0,-1.6106803,-0.25304776,-9.568365,5003,0,0,1,1
1996,14951278,-0.52661407,4.5955,-0.11371212,8006,0,-1.4745548,-0.060511347,-9.598005,8006,0,0,1,1
1997,14961284,-0.72533584,5.1595383,-0.13431041,5003,0,-1.4828359,-0.030833006,-10.301704,5003,0,0,1,1
1998,14969165,-0.8270057,5.366136,-0.20334789,7881,0,-1.4193689,-0.0023608208,-10.983725,7881,0,0,1,1
1999,14974168,-0.9078791,5.4737697,-0.278874,5003,0,-1.3961624,-0.124218404,-11.501669,5003,0,0,1,1
2000,14979175,-0.9592887,5.4774194,-0.33739036,5007,0,-1.448901,-0.2267009,-12.013028,5007,0,0,1,1
2001,14987302,-0.9835993,5.401166,-0.4063357,8127,0,-1.4252985,-0.54832166,-12.220587,8127,0,0,1,1
2002,14992306,-0.9644605,5.282105,-0.46535054,5004,0,-1.1481214,-0.74120307,-12.3375,5004,0,0,1,1
2003,14997309,-0.900529,5.197045,-0.50905395,5003,0,-0.99107814,-0.8527856,-12.188572,5003,0,0,1,1
2004,15005314,-0.79852396,5.085559,-0.5320934,8005,0,-0.66950923,-0.9631253,-11.955256,8005,0,0,1,1
2005,15010318,-0.71443665,4.967444,-0.52426225,5004,0,-0.5776702,-0.89984775,-11.683601,5004,0,0,1,1
2006,15015321,-0.66316104,4.8564177,-0.49591535,5003,0,-0.5684304,-0.7875535,-11.533289,5003,0,0,1,1
2007,15023327,-0.5981873,4.7046022,-0.4735231,8006,0,-0.626406,-0.7625935,-11.317648,8006,0,0,1,1
2008,15031332,-0.52038795,4.514008,-0.4760203,8005,0,-0.82451683,-0.6066652,-11.091534,8005,0,0,1,1
2009,15041214,-0.4944505,4.15669,-0.49664804,4879,0,-0.55969703,-0.2636758,-10.9905615,4879,0,0,1,1
2010,15049344,-0.53343976,3.9083426,-0.50775516,8130,0,-0.26421577,-0.15753543,-10.759781,8130,0,0,1,1
2011,15059352,-0.6067835,3.5436468,-0.59876454,5004,0,0.5484761,-0.08899778,-10.164978,5004,0,0,1,1
2012,15067356,-0.64229673,3.4115648,-0.6503213,8004,0,0.9964329,-0.014334024,-9.970357,8004,0,0,1,1
2013,15072360,-0.6719513,3.3301983,-0.6920357,5004,0,1.4438387,0.12548828,-9.877478,5004,0,0,1,1
2014,15077363,-0.69012344,3.3133266,-0.7358617,5003,0,1.864258,0.09916354,-10.0189705,5003,0,0,1,1
2015,15085369,-0.6894461,3.3556306,-0.8039473,8006,0,2.7286263,0.1533308,-10.028669,8006,0,0,1,1
2016,15093374,-0.6925777,3.4481359,-0.8290885,8005,0,3.6440344,0.26904047,-10.027206,8005,0,0,1,1
2017,15103381,-0.6680949,3.6182137,-0.7992145,5004,0,4.174658,0.18439424,-9.587549,5004,0,0,1,1
2018,15111386,-0.6051329,3.7219806,-0.76927656,8005,0,4.153471,0.2763297,-9.3980875,8005,0,0,1,1
2019,15121393,-0.5282669,3.8457024,-0.71877795,5003,0,3.7951128,0.729801,-9.397915,5003,0,0,1,1
2020,15129398,-0.47276872,3.8583617,-0.6914041,8005,0,3.6864629,0.3049098,-9.186041,8005,0,0,1,1
2021,15139405,-0.50027156,3.7645643,-0.6530929,5003,0,3.7781892,0.49657834,-8.486912,5003,0,0,1,1
2022,15147411,-0.5071105,3.6186688,-0.6399366,8006,0,3.8135014,0.64863217,-8.523153,8006,0,0,1,1
2023,15155291,-0.489351,3.411108,-0.64294535,7880,0,3.8945699,0.69393545,-8.211234,7880,0,0,1,1
2024,15160419,-0.46367723,3.2358418,-0.6474341,5128,0,4.0441704,0.71173155,-7.9450808,5128,0,0,1,1
2025,15165423,-0.43250442,3.0965698,-0.656675,5004,0,4.1949615,0.70531523,-7.7492957,5004,0,0,1,1
2026,15173428,-0.3845714,2.9091568,-0.6692775,8005,0,4.431209,0.7194153,-7.4821296,8005,0,0,1,1
2027,15178432,-0.3422026,2.7316108,-0.6814946,5004,0,4.6420083,0.8078454,-7.3997164,5004,0,0,1,1
2028,15183435,-0.32329413,2.6048634,-0.68400586,5003,0,4.8412256,0.7853416,-7.4174237,5003,0,0,1,1
2029,15191315,-0.30929595,2.4633017,-0.67171466,7880,0,5.237971,0.86885816,-7.4272394,7880,0,0,1,1
2030,15201322,-0.25691742,2.2637625,-0.6128858,4878,0,5.9656534,0.9299306,-7.4218564,4878,0,0,1,1
2031,15209452,-0.21899179,2.1632297,-0.5689829,8130,0,6.2021604,0.9282577,-7.273541,8130,0,0,1,1
2032,15219459,-0.12146847,2.0007012,-0.50124085,5003,0,6.447715,1.0070415,-7.045625,5003,0,0,1,1
2033,15227465,-0.05689367,1.9328158,-0.46537477,8006,0,6.619953,1.0715129,-6.874158,8006,0,0,1,1
2034,15235470,0.01789383,1.88111,-0.412987,8005,0,6.805059,1.1358541,-6.724655,8005,0,0,1,1
2035,15240473,0.07288852,1.8388145,-0.36911497,5003,0,6.761124,1.1641059,-6.503324,5003,0,0,1,1
2036,15245477,0.108619444,1.7945399,-0.33605894,5004,0,6.661764,1.2129416,-6.406834,5004,0,0,1,1
2037,15253482,0.1430736,1.7172567,-0.29928955,8005,0,6.493738,1.251631,-6.207261,8005,0,0,1,1
2038,15258486,0.16524252,1.6208503,-0.27218688,5004,0,6.1929493,1.3409424,-6.059914,5004,0,0,1,1
2039,15263489,0.17443052,1.533763,-0.26521274,5003,0,5.9739585,1.3727326,-5.985992,5003,0,0,1,1
2040,15271495,0.1680406,1.3999598,-0.26559135,8006,0,5.854852,1.5097986,-5.9698973,8006,0,0,1,1
2041,15276498,0.15320759,1.2343377,-0.27134338,5003,0,5.7323337,1.5229955,-5.9974165,5003,0,0,1,1
2042,15281501,0.13182065,1.0763121,-0.2759933,5003,0,5.8103867,1.5409515,-5.8370194,5003,0,0,1,1
2043,15289507,0.10121014,0.82379067,-0.26991555,8006,0,5.8328576,1.6344414,-5.7584534,8006,0,0,1,1
2044,15299513,0.031869877,0.3059715,-0.23100556,5003,0,5.7986813,1.7052828,-5.685107,5003,0,0,1,1
2045,15307519,0.0094756335,-0.015179858,-0.1841195,8006,0,5.7908134,1.7155478,-5.7473745,8006,0,0,1,1
2046,15315524,0.011855117,-0.4170634,-0.09886292,8005,0,5.8440804,1.5751939,-5.7838936,8005,0,0,1,1
2047,15320528,0.03174762,-0.7182418,-0.03465276,5004,0,5.9882755,1.4107049,-5.829828,5004,0,0,1,1
2048,15325531,0.06731825,-0.91047156,-0.0063693705,5003,0,6.1805744,1.2100377,-5.8574324,5003,0,0,1,1
2049,15333536,0.12442586,-1.1032466,-0.0029629676,8005,0,6.5178866,1.1419816,-5.7484255,8005,0,0,1,1
2050,15338540,0.19542527,-1.2611941,-0.010708658,5004,0,6.768538,1.2218045,-5.806125,5004,0,0,1,1
2051,15343543,0.27722874,-1.4110564,-0.009807073,5003,0,6.4472575,1.1026224,-5.010882,5003,0,0,1,1
2052,15351549,0.3287079,-1.5562977,-0.0035634413,8006,0,7.007052,1.5772862,-6.6140523,8006,0,0,1,1
2053,15356552,0.32491165,-1.6830158,-0.004409015,5003,0,6.844664,1.3844023,-6.042703,5003,0,0,1,1
2054,15361556,0.33519787,-1.7991668,0.015134115,5004,0,6.6452303,1.7889978,-6.222731,5004,0,0,1,1
2055,15369561,0.3436312,-1.9941912,0.050523978,8005,0,6.5114646,1.9036351,-6.5071106,8005,0,0,1,1
2056,15377566,0.33552554,-2.3195522,0.08781513,8005,0,6.5192456,1.8153553,-6.974697,8005,0,0,1,1
2057,15387573,0.38072705,-2.9751484,0.21508695,5003,0,6.4731255,1.7686952,-8.01494,5003,0,0,1,1
2058,15395578,0.39776728,-3.376243,0.29895726,8005,0,6.490667,1.3835099,-8.420949,8005,0,0,1,1
2059,15405585,0.49472946,-4.037984,0.41610438,5003,0,6.384659,1.3276013,-9.041809,5003,0,0,1,1
2060,15413591,0.5778799,-4.374681,0.48174375,8006,0,6.4432335,1.1910627,-9.171239,8006,0,0,1,1
2061,15418594,0.6807109,-4.657062,0.5552206,5003,0,6.417789,1.0630656,-9.209005,5003,0,0,1,1
2062,15423597,0.7760956,-4.806522,0.61670154,5003,0,6.473328,1.1040157,-9.484095,5003,0,0,1,1
2063,15431603,0.87565744,-4.929888,0.6749272,8006,0,6.5728154,0.9866661,-9.520945,8006,0,0,1,1
2064,15439608,0.9719829,-5.011602,0.7107438,8005,0,6.4771986,0.9793311,-9.415598,8005,0,0,1,1
2065,15444612,1.0317287,-5.051187,0.7120236,5004,0,6.4656763,1.0448678,-9.454414,5004,0,0,1,1
2066,15449615,1.0521178,-5.060293,0.69831115,5003,0,6.4805202,0.98693526,-9.476927,5003,0,0,1,1
2067,15457621,1.0456564,-5.0286937,0.6888749,8006,0,6.486028,0.9853151,-9.761857,8006,0,0,1,1
2068,15467627,1.019979,-4.902328,0.6908059,5003,0,6.288504,0.957724,-10.022079,5003,0,0,1,1
2069,15475633,1.0030984,-4.8230357,0.6546646,8006,0,6.1913924,0.9558406,-10.271528,8006,0,0,1,1
2070,15485639,0.9609715,-4.6989775,0.5606026,5003,0,6.1690307,0.9488817,-10.870819,5003,0,0,1,1
2071,15493645,0.9336001,-4.5861325,0.52940845,8006,0,6.3541937,0.70862466,-10.965992,8006,0,0,1,1
2072,15503652,0.9451974,-4.2553,0.49433163,5004,0,7.0084677,1.0042965,-10.758045,5004,0,0,1,1
2073,15511657,0.971577,-3.9718406,0.45230773,8005,0,7.094862,0.29374972,-10.55385,8005,0,0,1,1
2074,15516660,1.0149157,-3.7003884,0.40234378,5003,0,6.508085,0.43745688,-10.312956,5003,0,0,1,1
2075,15521664,1.0388486,-3.4981475,0.42023513,5004,0,6.5523415,0.72068787,-10.330916,5004,0,0,1,1
2076,15529669,1.0767852,-3.1692896,0.44459963,8005,0,6.348041,0.7222412,-9.849372,8005,0,0,1,1
2077,15537675,1.044731,-2.7405922,0.44795495,8006,0,5.7332673,0.8033987,-9.581114,8006,0,0,1,1
2078,15542678,1.0259813,-2.418557,0.42565134,5003,0,5.1328216,0.92755824,-9.156099,5003,0,0,1,1
2079,15547681,0.9682844,-2.2177303,0.39990312,5003,0,4.6939836,0.9215748,-8.882683,5003,0,0,1,1
2080,15555687,0.8452562,-2.021087,0.35903466,8006,0,3.9762416,0.95103467,-8.84969,8006,0,0,1,1
2081,15565694,0.5606009,-1.7607596,0.37488055,5004,0,2.828431,1.1947265,-8.516418,5004,0,0,1,1
2082,15573699,0.34340262,-1.6931285,0.42580616,8005,0,2.4663029,1.2652736,-8.666841,8005,0,0,1,1
2083,15583706,0.001241818,-1.3841059,0.26870888,5002,0,2.6115754,0.6692738,-10.136506,5002,0,0,1,1
2084,15591712,-0.056946408,-1.0618545,0.14411004,8006,0,3.0584376,0.12914148,-10.758129,8006,0,0,1,1
2085,15601718,-0.0071164593,-0.44126135,-0.01846522,5003,0,3.164531,-0.724645,-11.318747,5003,0,0,1,1
2086,15609600,0.06456916,-0.14933902,-0.052185837,7882,0,3.1428204,-1.0228649,-11.448063,7882,0,0,1,1
2087,15614727,0.15475817,0.0860776,-0.05693211,5127,0,2.9081285,-1.0895677,-11.347595,5127,0,0,1,1
2088,15619605,0.22290911,0.2099414,-0.053668063,4878,0,2.5788546,-0.97046685,-11.214666,4878,0,0,1,1
2089,15627611,0.32139048,0.2994387,-0.031027718,8006,0,2.1917322,-0.72105765,-10.874332,8006,0,0,1,1
2090,15635742,0.3897137,0.30780804,0.029045295,8131,0,1.6419784,-0.328368,-10.224144,8131,0,0,1,1
2091,15640620,0.3952208,0.2385731,0.08243478,4878,0,1.3112103,0.062704705,-9.722417,4878,0,0,1,1
2092,15645748,0.35941288,0.15211488,0.112161726,5128,0,1.0282251,0.4068299,-9.36825,5128,0,0,1,1
2093,15653753,0.261674,0.020746617,0.13854134,8005,0,0.7436893,0.68109643,-8.991089,8005,0,0,1,1
2094,15663760,-0.0014817752,-0.1831939,0.13400285,5003,0,0.636005,0.9775384,-8.447229,5003,0,0,1,1
2095,15671766,-0.17317203,-0.2563517,0.12261652,8006,0,0.6757585,1.0045679,-8.204681,8006,0,0,1,1
2096,15681772,-0.48586485,-0.30292326,0.15454164,5003,0,0.7559859,0.9668181,-8.212776,5003,0,0,1,1
2097,15689778,-0.6569891,-0.31375104,0.19596595,8006,0,0.7026657,1.0308268,-8.345888,8006,0,0,1,1
2098,15699785,-0.9397167,-0.33046907,0.23820423,5004,0,0.53188515,1.0800676,-8.732325,5004,0,0,1,1
2099,15707790,-1.0863813,-0.32600793,0.22170557,8005,0,0.5957115,1.1127727,-8.865083,8005,0,0,1,1
2100,15712793,-1.2132599,-0.308609,0.1939728,5003,0,0.69229126,1.1741568,-9.038776,5003,0,0,1,1
2101,15717797,-1.3017601,-0.29211178,0.17034334,5004,0,0.8110516,1.2323401,-9.184589,5004,0,0,1,1
2102,15725802,-1.409011,-0.2584297,0.13482606,8005,0,0.9874452,1.2825001,-9.453461,8005,0,0,1,1
2103,15733808,-1.5368531,-0.17700022,0.07277542,8006,0,1.2130271,1.3591317,-9.854513,8006,0,0,1,1
2104,15738811,-1.6267081,-0.084396034,-0.013249664,5003,0,1.4627508,1.3711975,-10.119762,5003,0,0,1,1
2105,15743814,-1.6571678,-0.016852096,-0.095359236,5003,0,1.7148533,1.3362526,-10.24234,5003,0,0,1,1
2106,15751820,-1.6875675,0.07355799,-0.20374796,8006,0,1.9677752,1.3191403,-10.509851,8006,0,0,1,1
2107,15761827,-1.6725488,0.20529474,-0.28752363,5004,0,1.9497297,1.4382424,-10.579929,5004,0,0,1,1
2108,15769832,-1.6282943,0.20680773,-0.25188735,8005,0,1.7956333,1.4075907,-10.424152,8005,0,0,1,1
2109,15779839,-1.5446515,0.017704204,-0.1309552,5004,0,1.283698,1.5296934,-10.250822,5004,0,0,1,1
2110,15787844,-1.5175899,-0.15446296,-0.077849515,8005,0,0.9371683,1.7821321,-10.089421,8005,0,0,1,1
2111,15797851,-1.5021492,-0.46592784,0.008403726,5003,0,0.545618,2.310698,-9.684523,5003,0,0,1,1
2112,15805856,-1.5155033,-0.60429275,0.061726887,8005,0,0.33024085,2.6232398,-9.589031,8005,0,0,1,1
2113,15813862,-1.5507066,-0.70791906,0.09360876,8006,0,0.06053315,2.9656186,-9.520685,8006,0,0,1,1
2114,15818865,-1.627909,-0.7222995,0.098745264,5003,0,-0.0034545956,3.1680415,-9.7659,5003,0,0,1,1
2115,15823869,-1.6794807,-0.6984802,0.09875956,5004,0,-0.056368887,3.2470627,-9.989281,5004,0,0,1,1
2116,15831874,-1.7666272,-0.6500084,0.10189469,8005,0,0.054908853,3.3419645,-10.189824,8005,0,0,1,1
2117,15841881,-1.8423198,-0.5889552,0.011832045,5004,0,0.12894158,3.3612716,-10.118795,5004,0,0,1,1
2118,15849761,-1.8620048,-0.57430476,-0.059956633,7880,0,0.10496234,3.3528621,-9.923814,7880,0,0,1,1
2119,15859771,-1.8714674,-0.560816,-0.12928395,5006,0,0.0008385703,3.4752126,-9.62599,5006,0,0,1,1
2120,15867899,-1.8811549,-0.5512269,-0.10737451,8128,0,0.09948908,3.674031,-9.712954,8128,0,0,1,1
2121,15877905,-1.9691305,-0.48877704,0.046786193,5003,0,0.77130485,3.960759,-10.423332,5003,0,0,1,1
2122,15885912,-2.0328305,-0.41881984,0.14953423,8007,0,1.1615125,4.070247,-10.889109,8007,0,0,1,1
2123,15893916,-2.0966358,-0.30986732,0.25821096,8004,0,1.6887774,4.062524,-11.273372,8004,0,0,1,1
2124,15898919,-2.1232836,-0.20070113,0.33087745,5003,0,1.9250629,3.9150481,-11.578304,5003,0,0,1,1
2125,15903923,-2.1145937,-0.09746,0.3714871,5004,0,2.107064,3.658656,-11.587919,5004,0,0,1,1
2126,15911928,-2.0686665,0.049674775,0.42008597,8005,0,2.122441,3.3208532,-11.589233,8005,0,0,1,1
2127,15916932,-1.9824765,0.19394977,0.46893576,5004,0,2.0095844,3.1091528,-11.526356,5004,0,0,1,1
2128,15921935,-1.8889675,0.2783801,0.49300745,5003,0,1.7720748,3.0071573,-11.335772,5003,0,0,1,1
2129,15929940,-1.7498282,0.35203436,0.47033775,8005,0,1.3774083,2.9723496,-11.099772,8005,0,0,1,1
2130,15939947,-1.5358969,0.39438713,0.35276425,5003,0,0.65039486,3.4807389,-10.528217,5003,0,0,1,1
2131,15947953,-1.4302427,0.36553556,0.27085856,8006,0,0.09620167,3.6758053,-9.729542,8006,0,0,1,1
2132,15955958,-1.2979894,0.24874619,0.18986528,8005,0,-0.6027763,3.927797,-8.626684,8005,0,0,1,1
2133,15960961,-1.2208945,0.15699525,0.12216104,5003,0,-1.0683882,4.11158,-8.685141,5003,0,0,1,1
2134,15965965,-1.2133052,0.087697715,0.12950061,5004,0,-1.054515,4.569861,-8.425169,5004,0,0,1,1
2135,15973970,-1.2475085,-0.006596073,0.18433012,8005,0,-1.0242846,4.612228,-7.83436,8005,0,0,1,1
2136,15978974,-1.349991,-0.12781006,0.30164543,5004,0,-0.8402389,4.8023577,-7.5807376,5004,0,0,1,1
2137,15983977,-1.4831923,-0.2138389,0.43332124,5003,0,-0.7336739,4.8459134,-7.9369774,5003,0,0,1,1
2138,15991982,-1.6555681,-0.28390518,0.5840425,8005,0,-0.713798,5.233975,-8.335961,8005,0,0,1,1
2139,15996986,-1.8558898,-0.3090341,0.72077477,5004,0,-0.3216418,5.272071,-8.661211,5004,0,0,1,1
2140,16001989,-2.0208428,-0.28013244,0.8109956,5003,0,0.112919755,5.3937078,-9.314377,5003,0,0,1,1
2141,16009995,-2.2291772,-0.19585699,0.8957378,8006,0,0.60453135,5.151068,-9.7621765,8006,0,0,1,1
2142,16018000,-2.4426124,-0.041648086,0.944932,8005,0,1.0049627,4.7305856,-10.340817,8005,0,0,1,1
2143,16028007,-2.550803,0.23148441,0.8916076,5004,0,1.1408516,3.7383223,-11.115957,5004,0,0,1,1
2144,16036012,-2.4848478,0.36833942,0.8133119,8005,0,0.98698854,3.0942903,-11.462501,8005,0,0,1,1
2145,16046019,-2.1834183,0.5360211,0.5937543,5004,0,0.34729266,2.0540276,-11.84646,5004,0,0,1,1
2146,16054024,-1.9222535,0.5553815,0.47891834,8005,0,-0.0071871127,1.762241,-11.6407175,8005,0,0,1,1
2147,16059028,-1.6327817,0.53008795,0.41484493,5004,0,-0.38987777,1.6922659,-11.277367,5004,0,0,1,1
2148,16063906,-1.4329528,0.48831472,0.3851402,4878,0,-0.7125203,1.829626,-11.065786,4878,0,0,1,1
2149,16072036,-1.19003,0.41582036,0.33921573,8130,0,-1.0346524,1.9958098,-10.606297,8130,0,0,1,1
2150,16077040,-0.97982985,0.31968337,0.2864894,5004,0,-1.3023084,2.2814794,-10.130777,5004,0,0,1,1
2151,16082043,-0.8465574,0.23149118,0.24161483,5003,0,-1.472778,2.4481108,-9.786968,5003,0,0,1,1
2152,16090049,-0.6736168,0.11275764,0.20067945,8006,0,-1.7491419,2.8862863,-9.309629,8006,0,0,1,1
2153,16095052,-0.6197858,-0.017117068,0.15687849,5003,0,-1.5805043,2.6274173,-9.628294,5003,0,0,1,1
2154,16100055,-0.561306,-0.082214,0.15260372,5003,0,-1.6997097,3.536401,-9.068508,5003,0,0,1,1
2155,16108061,-0.5456429,-0.1911487,0.17676376,8006,0,-1.6927292,3.5109074,-9.172302,8006,0,0,1,1
2156,16116066,-0.5710292,-0.3228627,0.17907874,8005,0,-1.4167554,3.6664853,-9.097653,8005,0,0,1,1
2157,16126073,-0.57394254,-0.4913699,0.14245452,5003,0,-0.8854903,3.4386322,-9.116816,5003,0,0,1,1
2158,16134078,-0.58125436,-0.56912327,0.11604616,8005,0,-0.47620752,3.0100174,-9.593248,8005,0,0,1,1
2159,16144085,-0.46834475,-0.6505665,0.07591435,5003,0,-0.06952986,2.6250486,-9.904522,5003,0,0,1,1
2160,16152091,-0.34371778,-0.67142564,0.055644996,8006,0,0.15621252,2.5891252,-9.974949,8006,0,0,1,1
2161,16157094,-0.22218195,-0.67357826,0.007812188,5003,0,0.41218352,2.463685,-10.282576,5003,0,0,1,1
2162,16162097,-0.10521976,-0.65929735,-0.055205666,5003,0,0.56243837,2.5081205,-10.3804035,5003,0,0,1,1
2163,16170103,0.06714732,-0.61573017,-0.16807702,8006,0,0.5837223,2.5149083,-10.355471,8006,0,0,1,1
2164,16175106,0.23899855,-0.5429253,-0.30811557,5003,0,0.5498407,2.543408,-10.334524,5003,0,0,1,1
2165,16180110,0.3846862,-0.47258565,-0.4146835,5004,0,0.54038614,2.588084,-10.226994,5004,0,0,1,1
2166,16188115,0.57438684,-0.38757205,-0.51151913,8005,0,0.4661041,2.649292,-10.036586,8005,0,0,1,1
2167,16196120,0.78752214,-0.26873043,-0.55954695,8005,0,0.4335658,2.728458,-10.012579,8005,0,0,1,1
2168,16206127,1.0325009,-0.10223866,-0.52630347,5003,0,-0.03481179,3.0471437,-9.837732,5003,0,0,1,1
2169,16214133,1.1450211,-0.03616409,-0.51649714,8006,0,-0.24721539,3.182447,-9.767839,8006,0,0,1,1
2170,16224139,1.3025535,-0.0055456758,-0.5319147,5003,0,-0.25724548,3.2767525,-9.703892,5003,0,0,1,1
2171,16232145,1.3673924,-0.04449621,-0.53662455,8006,0,-0.30886072,3.2770126,-9.65531,8006,0,0,1,1
2172,16242152,1.477321,-0.17758076,-0.5508668,5004,0,-0.4117583,3.345644,-9.889114,5004,0,0,1,1
2173,16250157,1.5414087,-0.27776,-0.5448536,8005,0,-0.33761612,3.3701634,-10.068735,8005,0,0,1,1
2174,16255160,1.5960169,-0.392143,-0.52007973,5003,0,-0.21983603,3.4203668,-10.0071125,5003,0,0,1,1
2175,16260164,1.6390733,-0.47824937,-0.4954717,5004,0,-0.09106472,3.4647505,-10.132881,5004,0,0,1,1
2176,16268169,1.6771723,-0.5619604,-0.45818412,8005,0,-0.022992736,3.507911,-10.196372,8005,0,0,1,1
2177,16276175,1.7235675,-0.6039379,-0.40988928,8006,0,-0.029792666,3.4814231,-10.212116,8006,0,0,1,1
2178,16281178,1.7610067,-0.5837037,-0.38296363,5003,0,0.039640814,3.483363,-10.307236,5003,0,0,1,1
2179,16286181,1.794666,-0.5375405,-0.39283684,5003,0,0.12726583,3.4153728,-10.409464,5003,0,0,1,1
2180,16294187,1.8472443,-0.44765392,-0.44864607,8006,0,0.19810581,3.2708912,-10.487293,8006,0,0,1,1
2181,16304194,2.1082413,-0.2448019,-0.6028613,5004,0,0.2648944,3.3453968,-10.156643,5004,0,0,1,1
2182,16312199,2.064533,-0.11875079,-0.66124505,8005,0,0.1431828,3.028636,-10.639438,8005,0,0,1,1
2183,16322206,2.2706108,-0.07815779,-0.6118331,5004,0,0.05568253,2.8843377,-10.427174,5004,0,0,1,1
2184,16330211,2.4367242,-0.07931074,-0.59090227,8005,0,-0.016782023,2.7034502,-10.470241,8005,0,0,1,1
2185,16340218,2.6578732,-0.08183194,-0.54476166,5004,0,0.012834512,2.5371895,-10.636877,5004,0,0,1,1
2186,16348223,2.732043,-0.07685587,-0.54669154,8005,0,-0.16027918,2.469671,-10.86789,8005,0,0,1,1
2187,16353227,2.9720657,-0.07376248,-0.6331735,5004,0,0.03867553,3.2027984,-9.71438,5004,0,0,1,1
2188,16358105,2.979893,-0.001518324,-0.7024693,4878,0,0.14159273,2.4331791,-11.147713,4878,0,0,1,1
2189,16366235,2.9690113,0.013194576,-0.67762554,8130,0,0.01517532,2.805268,-10.681736,8130,0,0,1,1
2190,16374241,2.8487659,-0.032195114,-0.5257046,8006,0,-0.27874658,2.7446399,-10.498174,8006,0,0,1,1
2191,16379120,2.7402654,-0.11467151,-0.40159735,4879,0,-0.5133396,2.8195477,-10.394457,4879,0,0,1,1
2192,16384248,2.6552792,-0.19740514,-0.34215865,5128,0,-0.64795756,2.8006072,-10.467951,5128,0,0,1,1
2193,16392253,2.5706928,-0.2922192,-0.32470614,8005,0,-0.9820975,2.6446803,-10.48672,8005,0,0,1,1
2194,16402260,2.4795296,-0.35924268,-0.46946308,5128,0,-1.2687895,2.4018543,-10.637621,5128,0,0,1,1
2195,16410265,2.4673846,-0.32749698,-0.6034486,8005,0,-1.2299631,2.3451524,-10.879266,8005,0,0,1,1
2196,16420272,2.5653033,-0.20959625,-0.8114989,5003,0,-1.0947328,1.8505083,-10.990309,5003,0,0,1,1
2197,16428278,2.6393728,-0.16259602,-0.86396986,8006,0,-0.7393744,1.5579805,-10.945345,8006,0,0,1,1
2198,16438284,2.6711874,-0.12667762,-0.8293341,5003,0,-0.38940224,1.1327484,-10.94025,5003,0,0,1,1
2199,16446165,2.6285028,-0.119085364,-0.7839255,7881,0,-0.32842335,0.9289625,-11.091653,7881,0,0,1,1
2200,16454170,2.5937462,-0.12515287,-0.7793899,8005,0,-0.34388366,0.6576047,-11.351462,8005,0,0,1,1
2201,16459175,2.6033108,-0.1326674,-0.80264574,5005,0,-0.38608274,0.50814056,-11.623465,5005,0,0,1,1
2202,16464302,2.6123085,-0.13698503,-0.82204676,5127,0,-0.39581937,0.33831498,-11.738357,5127,0,0,1,1
2203,16472307,2.653463,-0.14628203,-0.8311411,8005,0,-0.563172,0.23623241,-11.769323,8005,0,0,1,1
2204,16477311,2.6898499,-0.15937625,-0.82241684,5004,0,-0.64318734,0.17601743,-11.760033,5004,0,0,1,1
2205,16482314,2.7052534,-0.17405498,-0.795505,5003,0,-0.6838905,0.14154133,-11.707357,5003,0,0,1,1
2206,16490320,2.6936042,-0.20081522,-0.73548174,8006,0,-0.5869514,0.049314022,-11.712517,8006,0,0,1,1
2207,16500326,2.619377,-0.24215338,-0.65951884,5003,0,-0.26203722,-0.19029248,-11.963779,5003,0,0,1,1
2208,16508332,2.6146781,-0.2484439,-0.6241458,8006,0,-0.091142364,-0.40630794,-12.092169,8006,0,0,1,1
2209,16518338,2.71336,-0.22116795,-0.51725256,5003,0,0.14809388,-0.9997727,-12.149324,5003,0,0,1,1
2210,16526344,2.8110955,-0.20965244,-0.42463148,8006,0,0.24269539,-1.1489606,-12.1122265,8006,0,0,1,1
2211,16536351,2.9910526,-0.22625077,-0.23636287,5004,0,0.087758094,-1.3227582,-11.936729,5004,0,0,1,1
2212,16544356,3.0646021,-0.22935875,-0.1618229,8005,0,-0.025603933,-1.193245,-12.086181,8005,0,0,1,1
2213,16552362,3.1511018,-0.2057638,-0.12136291,8006,0,-0.3373124,-1.2935259,-12.018981,8006,0,0,1,1
2214,16557365,3.1973794,-0.19018552,-0.11473814,5003,0,-0.81268835,-1.346899,-11.435122,5003,0,0,1,1
2215,16562368,3.2235782,-0.19574615,-0.10902532,5003,0,-0.68775624,-1.3117303,-11.497784,5003,0,0,1,1
2216,16570374,3.2613816,-0.2196795,-0.088674,8006,0,-0.57116216,-1.595235,-11.307783,8006,0,0,1,1
2217,16580381,3.2275867,-0.29707307,0.011026535,5004,0,-0.8199034,-1.8528174,-11.033636,5004,0,0,1,1
2218,16588386,3.1411088,-0.34306687,0.052962277,8005,0,-1.2872248,-1.888327,-10.797639,8005,0,0,1,1
2219,16598393,2.9577494,-0.419342,0.031348955,5004,0,-1.7323043,-2.125059,-10.369959,5004,0,0,1,1
2220,16606398,2.8392925,-0.44145086,-0.020717585,8005,0,-1.6059426,-2.243528,-10.330123,8005,0,0,1,1
2221,16616405,2.64317,-0.4920228,-0.10336546,5004,0,-1.3942415,-2.4698222,-10.017529,5004,0,0,1,1
2222,16624410,2.5154824,-0.5202127,-0.15171982,8005,0,-1.1495386,-2.5498662,-9.999484,8005,0,0,1,1
2223,16632416,2.354263,-0.54699194,-0.22745557,8006,0,-0.7284546,-2.7919874,-10.082388,8006,0,0,1,1
2224,16637419,2.2455106,-0.5502041,-0.30669484,5003,0,-0.48012996,-3.1346939,-10.188719,5003,0,0,1,1
2225,16642422,2.1837914,-0.5441526,-0.3653527,5003,0,-0.3172905,-3.350398,-10.286222,5003,0,0,1,1
2226,16650428,2.1441684,-0.53656036,-0.41184035,8006,0,-0.1584819,-3.55798,-10.368935,8006,0,0,1,1
2227,16655431,2.1210735,-0.51993436,-0.43710467,5003,0,-0.23232958,-3.805057,-10.382174,5003,0,0,1,1
2228,16660310,2.1227765,-0.47927722,-0.4503969,4879,0,-0.520019,-3.886658,-10.366784,4879,0,0,1,1
2229,16668440,2.1561382,-0.39727998,-0.45597014,8130,0,-0.64959806,-3.7516448,-10.311974,8130,0,0,1,1
2230,16678447,2.2604375,-0.2962088,-0.40569466,5004,0,-0.6118261,-3.503635,-9.528885,5004,0,0,1,1
2231,16686452,2.24817,-0.2925362,-0.36335832,8005,0,-0.6386714,-3.2727613,-9.09147,8005,0,0,1,1
2232,16696459,2.0928218,-0.2996636,-0.32536668,5003,0,-1.1000143,-3.0350785,-8.406464,5003,0,0,1,1
2233,16704464,1.9474385,-0.27865955,-0.35575616,8005,0,-1.401234,-3.0427384,-8.163659,8005,0,0,1,1
2234,16712470,1.7391886,-0.23319033,-0.4237507,8006,0,-1.605773,-3.3055592,-7.9656124,8006,0,0,1,1
2235,16717473,1.6039922,-0.18682867,-0.47050387,5003,0,-1.6064204,-2.7876322,-8.093,5003,0,0,1,1
2236,16722476,1.289833,-0.16802028,-0.53424186,5003,0,-1.3112836,-4.290431,-9.275349,5003,0,0,1,1
2237,16730482,1.5742923,-0.13298552,-0.5290685,8006,0,-1.0457518,-2.923163,-7.267917,8006,0,0,1,1
2238,16735360,1.395186,-0.031779014,-0.5726618,4878,0,-0.6400358,-3.4042356,-8.484995,4878,0,0,1,1
2239,16740489,1.2852014,0.03256832,-0.55104095,5129,0,-0.6991913,-3.8827958,-7.917016,5129,0,0,1,1
2240,16748494,1.1335118,0.052404266,-0.48269966,8005,0,-0.5255471,-3.7023818,-7.942138,8005,0,0,1,1
2241,16753498,1.0551335,0.006498188,-0.38400364,5004,0,-0.55103904,-3.3013504,-7.666471,5004,0,0,1,1
2242,16758501,0.9896184,-0.036388636,-0.30606878,5003,0,-0.60781175,-3.593211,-7.7976313,5003,0,0,1,1
2243,16766506,0.96296316,-0.079905644,-0.22433308,8005,0,-0.8944841,-3.445843,-7.6273975,8005,0,0,1,1
2244,16774512,0.88844174,-0.10827109,-0.16499479,8006,0,-0.9602029,-3.6508288,-7.6673236,8006,0,0,1,1
2245,16784519,0.73182285,-0.112093605,-0.1349699,5004,0,-0.7624558,-3.874967,-7.672812,5004,0,0,1,1
2246,16792524,0.6705126,-0.09528131,-0.12030497,8005,0,-0.7371301,-3.9003494,-7.7511783,8005,0,0,1,1
2247,16797528,0.6310822,-0.070744984,-0.11571635,5004,0,-0.8435869,-3.9547033,-7.7875705,5004,0,0,1,1
2248,16802531,0.60247314,-0.04063765,-0.11941032,5003,0,-0.8361549,-3.9728968,-7.726036,5003,0,0,1,1
2249,16810536,0.55800086,-0.0009846984,-0.12563594,8005,0,-0.8644726,-3.9211497,-7.533895,8005,0,0,1,1
2250,16815539,0.4988793,0.04944967,-0.13079923,5003,0,-0.86393195,-3.840742,-7.3185606,5003,0,0,1,1
2251,16820543,0.44408965,0.08747439,-0.136831,5004,0,-0.885959,-3.7739377,-7.087027,5004,0,0,1,1
2252,16828548,0.35598564,0.1223979,-0.15062743,8005,0,-0.9978855,-3.657385,-6.8845377,8005,0,0,1,1
2253,16836554,0.22349511,0.115724154,-0.1542859,8006,0,-1.1471373,-3.3954742,-6.7420235,8006,0,0,1,1
2254,16846560,-0.018505529,0.025199577,-0.124489956,5003,0,-1.4241697,-3.123212,-6.4932733,5003,0,0,1,1
2255,16854441,-0.16500244,-0.021205796,-0.10066485,7881,0,-1.4522731,-2.929061,-6.2948294,7881,0,0,1,1
2256,16864573,-0.35417163,-0.11900538,-0.0125300195,5004,0,-1.0789127,-2.8248944,-5.98716,5004,0,0,1,1
2257,16872578,-0.5690201,-0.17018998,0.02064419,8005,0,-0.9386855,-3.2073677,-6.480299,8005,0,0,1,1
2258,16882585,-0.8802223,-0.28932858,0.0868208,5004,0,-0.89579296,-3.4571805,-6.5792036,5004,0,0,1,1
2259,16890590,-1.0199192,-0.34276175,0.09035649,8005,0,-0.8037063,-3.4993126,-6.898835,8005,0,0,1,1
2260,16898596,-1.1407622,-0.36065018,0.07539727,8006,0,-0.67144233,-3.660479,-7.4510074,8006,0,0,1,1
2261,16903599,-1.223469,-0.34189862,0.058806855,5003,0,-0.56777054,-3.719351,-7.873286,5003,0,0,1,1
2262,16908602,-1.2669572,-0.30581012,0.0398187,5003,0,-0.4794303,-3.9685652,-8.071516,5003,0,0,1,1
2263,16916608,-1.2907469,-0.23694557,0.016299434,8006,0,-0.24541615,-4.114196,-8.46554,8006,0,0,1,1
2264,16921611,-1.2598715,-0.14077131,0.010707103,5003,0,-0.038412414,-4.086627,-8.599678,5003,0,0,1,1
2265,16926615,-1.2187351,-0.07729924,0.008398337,5004,0,0.21390942,-4.291769,-8.884592,5004,0,0,1,1
2266,16934620,-1.1295521,0.012677207,0.024147343,8005,0,0.17387463,-4.373051,-8.94962,8005,0,0,1,1
2267,16944627,-0.9836179,0.16103144,0.07433675,5004,0,0.12966524,-4.385185,-9.041891,5004,0,0,1,1
2268,16952632,-0.91166395,0.24665235,0.1127221,8005,0,-0.0034595875,-4.295236,-8.996311,8005,0,0,1,1
2269,16962639,-0.8419513,0.37669176,0.19250654,5003,0,-0.4737262,-3.94655,-8.837183,5003,0,0,1,1
2270,16970645,-0.85154,0.41777664,0.22814548,8006,0,-0.8689556,-3.7482753,-8.592413,8006,0,0,1,1
2271,16978650,-0.9449448,0.43848398,0.2605205,8005,0,-1.2210498,-3.5076756,-8.404784,8005,0,0,1,1
2272,16983653,-1.0463638,0.43115216,0.24908802,5003,0,-1.4006103,-3.504167,-8.30887,5003,0,0,1,1
2273,16988532,-1.1409497,0.42684397,0.19716363,4879,0,-1.6601022,-3.656374,-8.293838,4879,0,0,1,1
2274,16996662,-1.2156339,0.3975752,0.14095226,8130,0,-1.5489668,-3.7939193,-8.489634,8130,0,0,1,1
2275,17001540,-1.288571,0.34973946,0.12102653,4878,0,-1.4092002,-3.5251637,-8.903032,4878,0,0,1,1
2276,17006544,-1.2915708,0.3201573,0.09367874,5004,0,-1.2652317,-3.6929834,-8.331755,5004,0,0,1,1
2277,17014674,-1.4153043,0.29411405,0.13329254,8130,0,-1.3201389,-3.403066,-8.932802,8130,0,0,1,1
2278,17019678,-1.5038397,0.19967653,0.21715339,5004,0,-1.5110886,-3.4890184,-8.617647,5004,0,0,1,1
2279,17024681,-1.560219,0.11355485,0.2821051,5003,0,-1.5370339,-3.2863064,-8.799011,5003,0,0,1,1
2280,17032686,-1.6194464,0.021851465,0.34182212,8005,0,-1.4757433,-3.232668,-8.930321,8005,0,0,1,1
2281,17042693,-1.6837293,-0.06894158,0.41693828,5003,0,-1.1837995,-3.2019682,-9.093121,5003,0,0,1,1
2282,17050699,-1.7370808,-0.06828555,0.42045924,8006,0,-1.0346131,-3.1291165,-9.188603,8006,0,0,1,1
2283,17058704,-1.8041183,-0.03442478,0.39383286,8005,0,-0.9244966,-3.090099,-9.283075,8005,0,0,1,1
2284,17063707,-1.8575425,0.006302029,0.36127076,5003,0,-0.91316485,-3.0262423,-9.346344,5003,0,0,1,1
2285,17068711,-1.8960785,0.038939863,0.33938313,5004,0,-0.8873794,-3.0052252,-9.384851,5004,0,0,1,1
2286,17076716,-1.9417325,0.08279434,0.3088487,8005,0,-0.9458965,-2.9088373,-9.597178,8005,0,0,1,1
2287,17081720,-1.9879162,0.13137822,0.2732433,5004,0,-1.0229032,-2.8665283,-9.782894,5004,0,0,1,1
2288,17086723,-2.027713,0.1687363,0.24635758,5003,0,-0.9898702,-2.8308623,-9.995035,5003,0,0,1,1
2289,17094728,-2.0796978,0.22159034,0.21772765,8005,0,-0.88916487,-2.8195193,-10.173658,8005,0,0,1,1
2290,17099732,-2.1261177,0.27676576,0.20688438,5004,0,-0.6357698,-2.7743592,-10.365887,5004,0,0,1,1
2291,17104610,-2.1518238,0.31033683,0.21198101,4878,0,-0.46169773,-2.800585,-10.392041,4878,0,0,1,1
2292,17112742,-2.1785684,0.34664622,0.22071713,8132,0,-0.33179134,-2.7263744,-10.528686,8132,0,0,1,1
2293,17117744,-2.1785557,0.38286456,0.21367027,5002,0,-0.2682551,-2.6299791,-10.615608,5002,0,0,1,1
2294,17122747,-2.16883,0.40609476,0.20281588,5003,0,-0.2181295,-2.5493093,-10.543684,5003,0,0,1,1
2295,17130753,-2.1652393,0.431434,0.19496927,8006,0,-0.12571356,-2.4298627,-10.508852,8006,0,0,1,1
2296,17140760,-2.1086378,0.3825669,0.13298512,5004,0,-0.5819055,-2.40972,-10.275877,5004,0,0,1,1
2297,17148765,-2.065565,0.308281,0.05290243,8005,0,-0.9471705,-2.249959,-10.262441,8005,0,0,1,1
2298,17156771,-2.0254788,0.23315187,0.028967496,8006,0,-1.3381281,-2.021513,-9.916521,8006,0,0,1,1
2299,17161774,-2.0238864,0.17536284,0.05384828,5003,0,-1.3952111,-1.9325607,-10.251436,5003,0,0,1,1
2300,17166777,-2.0163107,0.13073163,0.07872371,5003,0,-1.7720518,-2.0180368,-10.052717,5003,0,0,1,1
2301,17174783,-1.9885081,0.049951997,0.097504616,8006,0,-2.0828953,-1.8859092,-10.257889,8006,0,0,1,1
2302,17179661,-1.9571161,-0.048521187,0.092258394,4878,0,-2.370318,-1.6919987,-10.421984,4878,0,0,1,1
2303,17184789,-1.9402179,-0.12590148,0.065772794,5128,0,-2.5043433,-1.6518725,-10.494934,5128,0,0,1,1
2304,17192670,-1.9645805,-0.22109021,0.058286536,7881,0,-2.3215802,-1.5537629,-10.316688,7881,0,0,1,1
2305,17197798,-2.0077686,-0.30014744,0.08644073,5128,0,-2.2314982,-1.1874286,-10.499169,5128,0,0,1,1
2306,17202801,-2.0470974,-0.35125357,0.088513754,5003,0,-2.2756176,-1.2178525,-10.487791,5003,0,0,1,1
2307,17210807,-2.1124704,-0.40643603,0.09724096,8006,0,-2.1324697,-1.1371194,-10.434057,8006,0,0,1,1
2308,17215810,-2.1870148,-0.4451515,0.10466791,5003,0,-1.9631124,-1.068017,-10.623516,5003,0,0,1,1
2309,17220814,-2.2381177,-0.4684534,0.10350051,5004,0,-1.8935905,-1.1722962,-10.528376,5004,0,0,1,1
2310,17228694,-2.2822475,-0.4849948,0.11887167,7880,0,-1.5958368,-1.0591705,-10.665802,7880,0,0,1,1
2311,17238826,-2.3447196,-0.4489932,0.1935021,5003,0,-1.0992819,-1.036165,-10.945044,5003,0,0,1,1
2312,17246831,-2.3346634,-0.40018198,0.24477012,8005,0,-0.8991961,-0.84700257,-10.971668,8005,0,0,1,1
2313,17254837,-2.3058176,-0.33179283,0.34989783,8006,0,-0.6763722,-0.6557557,-10.885342,8006,0,0,1,1
2314,17259840,-2.2874384,-0.29403996,0.45133793,5003,0,-0.49428222,-0.5177103,-10.826246,5003,0,0,1,1
2315,17264843,-2.2869344,-0.27810133,0.52768844,5003,0,-0.5627433,-0.35335398,-10.702993,5003,0,0,1,1
2316,17272849,-2.2811935,-0.27324057,0.5730727,8006,0,-0.6756187,-0.06469911,-10.942644,8006,0,0,1,1
2317,17277852,-2.2625144,-0.2677073,0.557636,5003,0,-0.8811095,0.12681031,-11.007074,5003,0,0,1,1
2318,17282856,-2.243381,-0.25634375,0.5277973,5004,0,-0.9662163,0.27504238,-11.027258,5004,0,0,1,1
2319,17290736,-2.2396116,-0.2222985,0.4969195,7880,0,-1.1050386,0.40256605,-10.969144,7880,0,0,1,1
2320,17295865,-2.2633204,-0.17643727,0.4762662,5129,0,-1.1059548,0.597449,-11.115669,5129,0,0,1,1
2321,17300868,-2.2898877,-0.13139763,0.44942915,5003,0,-1.2376812,0.69149137,-11.294373,5003,0,0,1,1
2322,17308873,-2.310186,-0.08279833,0.3826825,8005,0,-1.3139983,0.89138675,-11.368375,8005,0,0,1,1
2323,17318880,-2.330114,0.0008906275,0.29913655,5003,0,-1.1301599,1.0819821,-11.479919,5003,0,0,1,1
2324,17326760,-2.3566408,0.067237005,0.29404327,7880,0,-0.8956569,1.1957585,-11.58825,7880,0,0,1,1
2325,17334766,-2.3734915,0.14559585,0.33758307,8006,0,-0.6949396,1.3674868,-11.630224,8006,0,0,1,1
2326,17344898,-2.3821118,0.2627161,0.44178337,5127,0,-0.36408347,1.5554332,-11.521933,5127,0,0,1,1
2327,17352903,-2.3739297,0.32109442,0.48785064,8005,0,-0.34038046,1.6857804,-11.6358595,8005,0,0,1,1
2328,17357907,-2.353266,0.36396813,0.5126409,5004,0,-0.4451966,1.7688718,-11.583123,5004,0,0,1,1
2329,17362910,-2.3288732,0.39875996,0.53118557,5003,0,-0.59184796,1.8938023,-11.655603,5003,0,0,1,1
2330,17370915,-2.2954743,0.43252155,0.55459213,8005,0,-0.83453727,1.7558043,-11.7846365,8005,0,0,1,1
2331,17375919,-2.249961,0.44298875,0.5579559,5004,0,-1.0942311,1.910581,-12.025278,5004,0,0,1,1
2332,17380922,-2.2010453,0.4308375,0.5347561,5003,0,-1.3494489,1.8933668,-12.059988,5003,0,0,1,1
2333,17388927,-2.139124,0.38456988,0.4964497,8005,0,-1.4613757,1.8560581,-11.948651,8005,0,0,1,1
2334,17396933,-2.0722094,0.31248617,0.46132404,8006,0,-1.3949299,1.8511244,-12.052514,8006,0,0,1,1
2335,17406940,-1.9367615,0.20147295,0.42616588,5004,0,-1.1840246,1.8438109,-12.184026,5004,0,0,1,1
2336,17414945,-1.8258554,0.13239415,0.38084495,8005,0,-1.2445471,1.8919863,-12.062097,8005,0,0,1,1
2337,17424952,-1.6262625,0.0063321744,0.37619263,5004,0,-1.0389475,2.1186898,-12.018138,5004,0,0,1,1
2338,17432957,-1.5682976,-0.038351603,0.3903203,8005,0,-0.8679123,2.454609,-12.367502,8005,0,0,1,1
2339,17437837,-1.493996,-0.07269232,0.37675452,4880,0,-0.6215042,2.5629263,-12.061705,4880,0,0,1,1
2340,17442964,-1.4446121,-0.1124163,0.37512144,5127,0,-0.25156996,2.7512386,-11.751781,5127,0,0,1,1
2341,17450969,-1.4093834,-0.16328105,0.37385404,8005,0,-0.1421661,2.9340434,-11.522509,8005,0,0,1,1
2342,17455973,-1.3962953,-0.19486071,0.35689357,5004,0,-0.1559658,3.2257469,-11.107368,5004,0,0,1,1
2343,17460976,-1.3904884,-0.19643083,0.3633724,5003,0,0.050993994,3.4555867,-10.707455,5003,0,0,1,1
2344,17468982,-1.4096025,-0.1550607,0.39284918,8006,0,0.12911911,3.4440165,-10.389908,8006,0,0,1,1
2345,17476987,-1.4335701,-0.0406109,0.4197395,8005,0,0.14752753,3.3702414,-10.173055,8005,0,0,1,1
2346,17486994,-1.4736913,0.17533396,0.49739024,5004,0,0.08728348,3.4991596,-10.12024,5004,0,0,1,1
2347,17494999,-1.4858736,0.28333053,0.53751886,8005,0,-0.09414465,3.3177354,-10.112009,8005,0,0,1,1
2348,17505006,-1.3696784,0.4024639,0.53997153,5004,0,-1.1542487,4.293092,-9.905212,5004,0,0,1,1
2349,17513011,-1.6464244,0.39859477,0.4180701,8005,0,-0.8083746,3.5266902,-10.611264,8005,0,0,1,1
2350,17523018,-1.6392008,0.195437,0.49283707,5003,0,-1.613803,4.0565214,-10.000587,5003,0,0,1,1
2351,17531024,-1.6453478,0.085979775,0.5279894,8006,0,-1.7137921,3.7546244,-9.785226,8006,0,0,1,1
2352,17539029,-1.6493491,-0.045840655,0.5663095,8005,0,-1.4665939,3.7519877,-10.058612,8005,0,0,1,1
2353,17544032,-1.643762,-0.1350259,0.5807599,5003,0,-1.0295986,3.259517,-10.34362,5003,0,0,1,1
2354,17549036,-1.590503,-0.15479027,0.56629753,5004,0,-0.7749112,3.6090586,-10.196192,5004,0,0,1,1
2355,17557041,-1.5569799,-0.1372088,0.5211854,8005,0,-0.6756348,3.5234382,-10.273004,8005,0,0,1,1
2356,17562044,-1.5045645,-0.110289544,0.4624131,5003,0,-0.61183715,3.7699275,-10.126274,5003,0,0,1,1
2357,17567048,-1.4663,-0.09030608,0.39647204,5004,0,-0.70932716,3.8353064,-9.699766,5004,0,0,1,1
2358,17575053,-1.4692774,-0.0591893,0.341409,8005,0,-0.65668035,4.1091475,-9.553954,8005,0,0,1,1
2359,17585060,-1.426916,-0.032593586,0.39977896,5003,0,-0.976916,4.4826937,-7.9998817,5003,0,0,1,1
2360,17593065,-1.5283245,-0.07219301,0.49331638,8005,0,-1.1628724,4.446273,-8.353788,8005,0,0,1,1
2361,17603072,-1.6848943,-0.15920188,0.5862181,5003,0,-1.5053269,4.745608,-8.323008,5003,0,0,1,1
2362,17611078,-1.7715151,-0.19493325,0.5267357,8006,0,-1.5206401,4.523907,-8.243523,8006,0,0,1,1
2363,17621084,-1.8525549,-0.1672693,0.3616159,5003,0,-1.0754054,4.3547945,-8.922926,5003,0,0,1,1
2364,17629090,-1.7770371,-0.13917223,0.27466962,8006,0,-0.96123266,4.365195,-8.541272,8006,0,0,1,1
2365,17637095,-1.7611413,-0.10614245,0.19520791,8005,0,-0.7551227,3.9364562,-9.141926,8005,0,0,1,1
2366,17642099,-1.6770462,-0.099907614,0.18311322,5004,0,-0.69105005,3.846607,-8.8696,5004,0,0,1,1
2367,17647102,-1.6270016,-0.1038189,0.20062307,5003,0,-0.7231271,3.844688,-9.158007,5003,0,0,1,1
2368,17655107,-1.5196062,-0.12070104,0.22716758,8005,0,-0.54322135,3.7384787,-9.313688,8005,0,0,1,1
2369,17660111,-1.4144515,-0.12638652,0.24384819,5004,0,-0.5168247,3.6768215,-9.502768,5004,0,0,1,1
2370,17665114,-1.33175,-0.12309387,0.24571587,5003,0,-0.31878862,3.640187,-9.414444,5003,0,0,1,1
2371,17673119,-1.2421755,-0.10816561,0.2724389,8005,0,-0.07217093,3.8207827,-9.514063,8005,0,0,1,1
2372,17683126,-1.0649472,-0.033942945,0.30043542,5003,0,0.18420935,3.8094416,-9.596876,5003,0,0,1,1
2373,17691132,-0.9588371,0.022651508,0.32492703,8006,0,0.4128381,3.672217,-9.538294,8006,0,0,1,1
2374,17701138,-0.7485659,0.11772551,0.38667673,5003,0,0.47196627,3.6841388,-9.455111,5003,0,0,1,1
2375,17709144,-0.60477674,0.1688242,0.40158433,8006,0,0.39501533,3.6238675,-9.3939,8006,0,0,1,1
2376,17719151,-0.3635222,0.25686604,0.3664302,5004,0,0.2460393,3.6806405,-9.417076,5004,0,0,1,1
2377,17727156,-0.22434734,0.29050413,0.313845,8005,0,0.20706818,3.5535457,-9.576173,8005,0,0,1,1
2378,17735161,-0.031483866,0.32833958,0.24115016,8005,0,-9.447336e-06,3.6871705,-9.542348,8005,0,0,1,1
2379,17740165,0.115404904,0.33762556,0.17163019,5004,0,-0.13426465,3.7647746,-9.363495,5004,0,0,1,1
2380,17745168,0.2162964,0.3362444,0.12352602,5003,0,-0.3240314,3.872656,-9.424969,5003,0,0,1,1
2381,17753174,0.35986766,0.3109685,0.07652129,8006,0,-0.5153687,4.065917,-9.09658,8006,0,0,1,1
2382,17758177,0.50998557,0.28188312,0.06029798,5003,0,-0.5517215,4.2867627,-8.995567,5003,0,0,1,1
2383,17763180,0.56610215,0.2444269,0.04326198,5003,0,-0.68906707,4.018359,-8.68836,5003,0,0,1,1
2384,17771186,0.62602913,0.1938437,-0.0129720615,8006,0,-0.96111923,3.987216,-8.569399,8006,0,0,1,1
2385,17781193,0.75430536,0.09181361,-0.03304907,5004,0,-1.0516405,4.169779,-8.575499,5004,0,0,1,1
2386,17789198,0.8001953,0.041886296,-0.018198136,8005,0,-0.9689152,4.258648,-8.666814,8005,0,0,1,1
2387,17799205,0.8942789,-0.043258764,0.032923546,5004,0,-0.74472964,4.1432176,-8.845806,5004,0,0,1,1
2388,17807210,0.95990556,-0.10443189,0.0662339,8005,0,-0.6390703,3.8513453,-8.96877,8005,0,0,1,1
2389,17815216,1.0417293,-0.1697732,0.10764843,8006,0,-0.56219554,3.6342127,-9.136915,8006,0,0,1,1
2390,17820094,1.115793,-0.22370677,0.14805837,4878,0,-0.5327886,3.5956538,-9.262183,4878,0,0,1,1
2391,17825222,1.1909189,-0.26205403,0.16934335,5128,0,-0.4974856,3.5977082,-9.389341,5128,0,0,1,1
2392,17833228,1.3069876,-0.29959354,0.17736767,8006,0,-0.4399464,3.4471595,-9.405722,8006,0,0,1,1
2393,17838231,1.4109873,-0.31918943,0.16066314,5003,0,-0.3355351,3.4572706,-9.305252,5003,0,0,1,1
2394,17843235,1.4900339,-0.31846237,0.138808,5004,0,-0.31605393,3.5748558,-9.40308,5004,0,0,1,1
2395,17851240,1.5784599,-0.28364435,0.08536465,8005,0,-0.36834085,3.707062,-9.407954,8005,0,0,1,1
2396,17856118,1.6684254,-0.2326978,0.00558627,4878,0,-0.30964166,3.8137293,-9.239696,4878,0,0,1,1
2397,17861247,1.7174916,-0.18267764,-0.055017304,5129,0,-0.2978294,3.882638,-9.45804,5129,0,0,1,1
2398,17869252,1.7752541,-0.12892851,-0.14506374,8005,0,-0.31964657,4.0048494,-9.502991,8005,0,0,1,1
2399,17879259,1.8654962,-0.03801012,-0.28497162,5003,0,-0.37746188,3.7390628,-9.649813,5003,0,0,1,1
2400,17887264,1.915533,0.0036430804,-0.32798937,8005,0,-0.5261267,3.6532893,-9.706323,8005,0,0,1,1
2401,17897271,2.0112405,0.05101219,-0.3358667,5003,0,-0.7636108,3.3208191,-9.7603855,5003,0,0,1,1
2402,17905277,2.0217335,0.028705878,-0.29632962,8006,0,-0.87822676,3.2885156,-10.078762,8006,0,0,1,1
2403,17913282,2.236104,-0.022807827,-0.2546582,8005,0,-0.8745684,3.7185218,-9.062642,8005,0,0,1,1
2404,17918285,2.1075037,-0.038240656,-0.24187,5003,0,-0.7188771,4.2367725,-9.541105,5003,0,0,1,1
2405,17923289,2.059391,-0.09014565,-0.18880399,5004,0,-0.68006206,4.2246194,-9.485525,5004,0,0,1,1
2406,17931169,1.9388334,-0.16572663,-0.1313901,7880,0,-0.573842,4.4356103,-9.451521,7880,0,0,1,1
2407,17936176,1.8810729,-0.21467458,-0.13440652,5007,0,-0.4868388,4.337173,-9.822545,5007,0,0,1,1
2408,17941301,1.8541629,-0.22459689,-0.17721136,5125,0,-0.5244833,4.089899,-10.06374,5125,0,0,1,1
2409,17949306,1.8622283,-0.22651322,-0.2564949,8005,0,-0.5740171,3.6759644,-10.654283,8005,0,0,1,1
2410,17954310,1.963033,-0.22146621,-0.35204354,5004,0,-0.70135915,3.5039558,-10.572531,5004,0,0,1,1
2411,17959313,2.018453,-0.20753208,-0.4229339,5003,0,-0.70154816,3.2154639,-11.152912,5003,0,0,1,1
2412,17967319,2.1513777,-0.19528742,-0.47193104,8006,0,-0.64600277,3.1693137,-10.984631,8006,0,0,1,1
2413,17975324,2.253415,-0.17924473,-0.46475953,8005,0,-0.5494686,2.9505136,-11.109477,8005,0,0,1,1
2414,17985331,2.3748922,-0.18604532,-0.36152133,5004,0,-0.51404417,2.8767452,-11.116168,5004,0,0,1,1
2415,17993336,2.6141124,-0.14331126,-0.3218198,8005,0,-0.54332215,2.7564235,-11.114643,8005,0,0,1,1
2416,17998340,2.6773782,-0.1256057,-0.2954143,5004,0,-0.5522208,2.9085217,-10.9890995,5004,0,0,1,1
2417,18003343,2.6992497,-0.14103347,-0.25668553,5003,0,-0.6683335,2.7595918,-10.898359,5003,0,0,1,1
2418,18011348,2.6613996,-0.17460349,-0.23008332,8005,0,-0.85698354,2.9446912,-10.966564,8005,0,0,1,1
2419,18016352,2.5952835,-0.20383823,-0.24990736,5004,0,-1.1428565,2.7469082,-11.124849,5004,0,0,1,1
2420,18021355,2.5475407,-0.21420714,-0.3045406,5003,0,-1.2836335,2.6978374,-11.301296,5003,0,0,1,1
2421,18029361,2.5313234,-0.2124292,-0.38483956,8006,0,-1.560255,2.4113126,-11.315928,8006,0,0,1,1
2422,18037366,2.5610898,-0.18185546,-0.4756575,8005,0,-1.0543624,2.0112083,-12.397597,8005,0,0,1,1
2423,18047373,2.6608546,-0.09554371,-0.50499445,5004,0,-0.86968327,1.6352797,-12.357391,5004,0,0,1,1
2424,18055378,2.7680337,-0.101924874,-0.4290711,8005,0,-0.68280655,1.3959206,-12.387095,8005,0,0,1,1
2425,18065385,3.0080192,-0.19612932,-0.24227466,5128,0,-0.34801146,1.3083843,-12.47558,5128,0,0,1,1
2426,18073391,3.1761734,-0.30489457,-0.18298918,8006,0,-0.47272894,1.3877025,-12.488256,8006,0,0,1,1
2427,18083397,3.418106,-0.45434904,-0.18365552,5003,0,-0.6039135,1.748286,-12.012373,5003,0,0,1,1
2428,18091402,3.479081,-0.47350034,-0.16819362,8005,0,-1.0738418,1.7941303,-11.114184,8005,0,0,1,1
2429,18099408,3.4518926,-0.42393145,-0.15104283,8006,0,-0.6242117,1.7619597,-12.2526,8006,0,0,1,1
2430,18104411,3.3542295,-0.31467232,-0.19194886,5003,0,-1.2288005,1.2864347,-11.15238,5003,0,0,1,1
2431,18109415,3.2650824,-0.23574725,-0.2417498,5004,0,-1.2940222,1.5063202,-11.386177,5004,0,0,1,1
2432,18117295,3.1525228,-0.18203963,-0.34925225,7880,0,-1.5091914,1.1800714,-11.498889,7880,0,0,1,1
2433,18127427,3.0193977,-0.15557982,-0.59141594,5004,0,-1.6094809,0.68549967,-11.790197,5004,0,0,1,1
2434,18135432,2.9948957,-0.16889887,-0.6755222,8005,0,-1.437125,0.3884598,-11.814591,8005,0,0,1,1
2435,18145439,2.9654512,-0.21555018,-0.7179168,5003,0,-0.83005786,-0.27793586,-11.876511,5003,0,0,1,1
2436,18153444,2.9763381,-0.23935913,-0.6900039,8005,0,-0.5444437,-0.47595963,-11.786512,8005,0,0,1,1
2437,18163451,3.0450609,-0.2500658,-0.59643126,5003,0,-0.26083773,-0.72708356,-11.877115,5003,0,0,1,1
2438,18171456,3.0876014,-0.20467712,-0.5629205,8005,0,-0.08067625,-0.96670836,-12.047421,8005,0,0,1,1
2439,18179462,3.1455188,-0.14305446,-0.5680899,8006,0,0.10248444,-1.066505,-12.166987,8006,0,0,1,1
2440,18184465,3.192249,-0.13249911,-0.591121,5003,0,-0.008466475,-1.1192485,-12.20368,5003,0,0,1,1
2441,18189469,3.2240763,-0.14959352,-0.6162217,5004,0,-0.24881051,-1.114847,-12.269581,5004,0,0,1,1
2442,18197474,3.231673,-0.18782443,-0.64633584,8005,0,-0.6087493,-1.2371057,-12.160399,8005,0,0,1,1
2443,18202477,3.218594,-0.22590163,-0.66862607,5003,0,-0.9341908,-1.3986722,-11.982729,5003,0,0,1,1
2444,18207481,3.2040617,-0.23812588,-0.6710722,5004,0,-1.1217862,-1.4367236,-11.914213,5004,0,0,1,1
2445,18215361,3.2075799,-0.23374711,-0.63914347,7880,0,-1.1432382,-1.599084,-11.616729,7880,0,0,1,1
2446,18225493,3.2551224,-0.25005355,-0.53197616,5003,0,-0.7157279,-1.9447856,-11.081753,5003,0,0,1,1
2447,18233498,3.2684627,-0.27460125,-0.44658846,8005,0,-0.47377494,-1.9867841,-10.87262,8005,0,0,1,1
2448,18243380,3.2450225,-0.29146948,-0.28840262,4878,0,0.027054345,-2.3150473,-10.327702,4878,0,0,1,1
2449,18251511,3.208739,-0.2705971,-0.19293666,8131,0,0.25969285,-2.3925617,-10.077465,8131,0,0,1,1
2450,18259516,3.1368535,-0.2544865,-0.07846992,8005,0,0.27352095,-2.4924088,-9.785796,8005,0,0,1,1
2451,18264519,3.0558007,-0.24977729,0.009849571,5003,0,0.09234099,-2.5296705,-9.61795,5003,0,0,1,1
2452,18269523,2.9778514,-0.24894519,0.06639335,5004,0,-0.067618854,-2.602216,-9.545158,5004,0,0,1,1
2453,18277528,2.8474934,-0.22806571,0.093437314,8005,0,-0.30078995,-2.7846577,-9.48129,8005,0,0,1,1
2454,18282532,2.7029808,-0.19022964,0.06634809,5004,0,-0.5250738,-3.0108206,-9.503826,5004,0,0,1,1
2455,18287535,2.606508,-0.15661745,0.02062248,5003,0,-0.7095211,-3.1631944,-9.524815,5003,0,0,1,1
2456,18295540,2.5051005,-0.102285,-0.040391672,8005,0,-0.8475584,-3.4448426,-9.5305195,8005,0,0,1,1
2457,18300544,2.433954,-0.05212373,-0.097160645,5004,0,-1.0043821,-3.7464938,-9.469208,5004,0,0,1,1
2458,18305547,2.403535,-0.041998543,-0.123293586,5003,0,-1.16632,-3.9168768,-9.3184185,5003,0,0,1,1
2459,18313552,2.379149,-0.06039581,-0.13352445,8005,0,-1.3235531,-4.109686,-8.926153,8005,0,0,1,1
2460,18321558,2.3221803,-0.104230195,-0.13711393,8006,0,-1.5632578,-4.275056,-8.42205,8006,0,0,1,1
2461,18331565,2.1645308,-0.10603607,-0.17950957,5004,0,-1.9118766,-4.1196632,-7.890041,5004,0,0,1,1
2462,18339570,2.0710788,-0.104695655,-0.21441153,8005,0,-1.9459022,-4.040144,-7.6275587,8005,0,0,1,1
2463,18344573,1.9591787,-0.12905149,-0.23799144,5003,0,-1.9446698,-4.4788275,-6.8898664,5003,0,0,1,1
2464,18349577,1.8128581,-0.16166215,-0.22442907,5004,0,-1.9122274,-3.7308896,-8.395428,5004,0,0,1,1
2465,18357582,1.9457458,-0.21783848,-0.27452073,8005,0,-1.9395777,-4.2714415,-6.9470124,8005,0,0,1,1
2466,18362586,1.6923763,-0.20651206,-0.3857138,5004,0,-1.7739646,-4.15583,-7.261622,5004,0,0,1,1
2467,18367589,1.4859734,-0.21499307,-0.45430297,5003,0,-1.6521534,-4.5001917,-7.2263837,5003,0,0,1,1
2468,18375594,1.2604725,-0.24925187,-0.4831353,8005,0,-1.1903863,-4.4403987,-7.299282,8005,0,0,1,1
2469,18380598,1.1074122,-0.29291856,-0.4563679,5004,0,-0.9340983,-4.601832,-7.367148,5004,0,0,1,1
2470,18385601,1.0046352,-0.3025265,-0.4343068,5003,0,-0.69300956,-5.1190505,-7.9927535,5003,0,0,1,1
2471,18393607,1.0062008,-0.27249846,-0.4003926,8006,0,-0.5585042,-5.0578227,-7.971787,8006,0,0,1,1
2472,18401612,1.0353073,-0.18612687,-0.36844152,8005,0,-0.24958877,-5.457932,-8.128125,8005,0,0,1,1
2473,18411619,1.1373698,-0.031101331,-0.2795448,5004,0,-0.25126404,-5.539189,-7.7478337,5004,0,0,1,1
2474,18419624,1.2058454,0.050376352,-0.22840895,8005,0,-0.5765725,-5.4678025,-7.5174446,8005,0,0,1,1
2475,18429631,1.2190205,0.17162962,-0.22108233,5003,0,-1.2431836,-5.229606,-7.0784063,5003,0,0,1,1
2476,18437636,1.1569155,0.1776867,-0.2338731,8005,0,-1.4531425,-5.0058775,-6.823583,8005,0,0,1,1
2477,18442640,1.0696818,0.14133321,-0.23711327,5004,0,-1.5587307,-4.8611465,-6.5253477,5004,0,0,1,1
2478,18447643,0.98348385,0.09852143,-0.23655699,5003,0,-1.5630411,-4.7191644,-6.3843217,5003,0,0,1,1
2479,18455648,0.8476164,0.034307897,-0.22831747,8005,0,-1.4649713,-4.6049967,-6.0745,8005,0,0,1,1
2480,18460652,0.71190333,-0.02307558,-0.21584846,5004,0,-1.2917769,-4.509915,-5.8456383,5004,0,0,1,1
2481,18465655,0.61228204,-0.051943727,-0.22021087,5003,0,-1.1696738,-4.4914784,-5.7197027,5003,0,0,1,1
2482,18473661,0.49357665,-0.059624996,-0.24270721,8006,0,-1.0548134,-4.4091187,-5.697399,8006,0,0,1,1
2483,18481541,0.34816334,-0.058849882,-0.2711634,7880,0,-0.8900135,-4.35312,-5.556694,7880,0,0,1,1
2484,18491674,0.10352347,-0.06975852,-0.27957338,5005,0,-0.7949829,-4.2073975,-5.397066,5005,0,0,1,1
2485,18499678,-0.036913436,-0.08302175,-0.276549,8004,0,-0.7499944,-4.1798744,-5.4130955,8004,0,0,1,1
2486,18509685,-0.29193026,-0.12907307,-0.268463,5003,0,-0.6719169,-4.1744876,-5.376608,5003,0,0,1,1
2487,18517691,-0.45458677,-0.16547425,-0.25996992,8006,0,-0.5777625,-4.1438184,-5.5573516,8006,0,0,1,1
2488,18527697,-0.7566943,-0.21705134,-0.2656833,5003,0,-0.39515495,-4.289647,-6.025663,5003,0,0,1,1
2489,18535703,-0.9033815,-0.23684692,-0.26944193,8006,0,-0.26277784,-4.464481,-6.3318634,8006,0,0,1,1
2490,18540706,-1.0152094,-0.24445061,-0.24910486,5003,0,-0.16055188,-4.7541575,-6.7173347,5003,0,0,1,1
2491,18545584,-1.0659789,-0.23502856,-0.22068736,4878,0,-0.071683146,-4.894336,-7.047216,4878,0,0,1,1
2492,18553591,-1.1134012,-0.20340218,-0.20184183,8007,0,-0.03955098,-5.1498,-7.3844395,8007,0,0,1,1
2493,18558718,-1.0278609,-0.15040776,-0.14330621,5127,0,-0.16926585,-5.024598,-7.2689147,5127,0,0,1,1
2494,18563722,-1.0469145,-0.12548202,-0.104462534,5004,0,-0.092992425,-5.2856336,-7.5575066,5004,0,0,1,1
2495,18571727,-1.0381799,-0.07454209,-0.05362959,8005,0,-0.23570043,-5.2017474,-7.5370493,8005,0,0,1,1
2496,18579607,-1.0357839,-0.038443033,-0.0039854557,7880,0,-0.31162426,-5.0726604,-7.388515,7880,0,0,1,1
2497,18589739,-1.0430773,-0.029223872,0.04094306,5128,0,-0.5547592,-4.7963214,-7.230866,5128,0,0,1,1
2498,18597745,-1.0641544,-0.012437195,0.05228958,8006,0,-0.6839205,-4.4279027,-7.173286,8006,0,0,1,1
2499,18607751,-1.1396074,0.019096613,0.050096788,5003,0,-0.9007713,-4.086204,-6.792047,5003,0,0,1,1
2500,18615757,-1.2305634,0.019412607,0.081941694,8006,0,-1.0850251,-3.7857523,-6.8074026,8006,0,0,1,1
2501,18625639,-1.5128866,-0.0553446,0.08807041,4879,0,-0.9636374,-4.0413084,-6.755528,4879,0,0,1,1
2502,18633769,-1.6715071,-0.09705175,0.09169121,8130,0,-0.73578286,-3.5235157,-7.0441914,8130,0,0,1,1
2503,18638648,-1.8090453,-0.10236901,0.13980429,4879,0,-0.92513967,-3.3407521,-7.1549144,4879,0,0,1,1
2504,18643776,-1.909969,-0.1600394,0.15999226,5128,0,-0.7166025,-3.5835967,-7.2341905,5128,0,0,1,1
2505,18651781,-2.0617392,-0.15102887,0.18024077,8005,0,-0.49576086,-3.5552695,-7.846218,8005,0,0,1,1
2506,18659787,-2.204475,-0.11460157,0.18849163,8006,0,-0.13231345,-3.5891075,-8.318063,8006,0,0,1,1
2507,18664790,-2.3096178,-0.072607815,0.1903226,5003,0,0.3827441,-3.5711455,-8.781406,5003,0,0,1,1
2508,18669793,-2.3648617,-0.03198562,0.1939572,5003,0,0.6451403,-3.7148027,-8.965271,5003,0,0,1,1
2509,18677799,-2.3987796,0.049103852,0.21492723,8006,0,0.8345742,-3.8014367,-9.198891,8006,0,0,1,1
2510,18687805,-2.3765464,0.2232614,0.27665567,5128,0,0.7453714,-3.6855676,-9.1472435,5128,0,0,1,1
2511,18695811,-2.3581913,0.30642325,0.30689147,8006,0,0.71603537,-3.8870695,-9.144942,8006,0,0,1,1
2512,18705818,-2.3403735,0.4792608,0.30400538,5004,0,0.3806112,-3.6867418,-9.116594,5004,0,0,1,1
2513,18713823,-2.347931,0.5733291,0.24504015,8005,0,-0.08301751,-3.6168196,-9.2258415,8005,0,0,1,1
2514,18723830,-2.3687022,0.6924287,0.06223097,5004,0,-0.8555634,-3.7611985,-9.506863,5004,0,0,1,1
2515,18731835,-2.3589487,0.71306586,-0.03243172,8005,0,-1.0550644,-3.1338491,-9.919192,8005,0,0,1,1
2516,18736839,-2.3182497,0.70433784,-0.14279445,5004,0,-1.2060585,-3.091881,-9.560867,5004,0,0,1,1
2517,18741842,-2.3687723,0.6640789,-0.16101,5003,0,-1.1504925,-2.6498222,-10.083412,5003,0,0,1,1
2518,18749847,-2.4018955,0.52631176,-0.086103804,8005,0,-1.4325819,-2.8194182,-9.933526,8005,0,0,1,1
2519,18757853,-2.4333,0.29810205,0.041337326,8006,0,-1.6045811,-2.6947188,-9.944113,8006,0,0,1,1
2520,18767860,-2.4043043,-0.04618156,0.20166564,5004,0,-1.5946493,-2.3943954,-10.0055485,5004,0,0,1,1
2521,18775865,-2.3389895,-0.1845014,0.25676826,8005,0,-1.6296126,-2.3165262,-9.796983,8005,0,0,1,1
2522,18785872,-2.2364547,-0.30289075,0.27447188,5004,0,-1.4912184,-2.000078,-9.556643,5004,0,0,1,1
2523,18793752,-2.2190053,-0.31358233,0.26154914,7880,0,-1.4863417,-1.704746,-9.48523,7880,0,0,1,1
2524,18803759,-2.287508,-0.3052348,0.265908,4879,0,-1.350288,-1.2079792,-9.32856,4879,0,0,1,1
2525,18811764,-2.3875618,-0.28117222,0.278722,8005,0,-1.144739,-0.8583558,-9.644546,8005,0,0,1,1
2526,18821896,-2.6222324,-0.17865229,0.2668014,5126,0,-0.6259759,-0.5421133,-10.405027,5126,0,0,1,1
2527,18829901,-2.7571971,-0.12476802,0.25533137,8005,0,-0.25859582,-0.59860164,-10.665805,8005,0,0,1,1
2528,18837907,-2.8640835,-0.080911964,0.2520924,8006,0,0.022575647,-0.5866251,-11.267809,8006,0,0,1,1
2529,18842785,-2.8894875,-0.045715746,0.24884725,4878,0,0.20375605,-0.640619,-11.52007,4878,0,0,1,1
2530,18847913,-2.8852658,-0.041375846,0.257876,5128,0,0.54105836,-0.5603517,-11.867977,5128,0,0,1,1
2531,18855919,-2.8463285,-0.0139503395,0.29953614,8006,0,0.19572166,-0.7350682,-11.436415,8006,0,0,1,1
2532,18865926,-2.6956887,-0.013430089,0.40821615,5004,0,0.04616171,-0.6669562,-11.85224,5004,0,0,1,1
2533,18873931,-2.5995655,-0.0125735095,0.481668,8005,0,-0.36906236,-0.7021504,-11.596616,8005,0,0,1,1
2534,18883938,-2.4810886,-0.03234072,0.67856556,5003,0,-0.9611434,-0.4421619,-10.963947,5003,0,0,1,1
2535,18891943,-2.4730303,-0.05487739,0.75623035,8005,0,-1.3714468,-0.06870407,-10.671121,8005,0,0,1,1
2536,18899949,-2.4982297,-0.10917496,0.76864964,8006,0,-1.9948297,0.39709455,-10.601028,8006,0,0,1,1
2537,18904952,-2.5453157,-0.159063,0.70330316,5003,0,-2.363673,0.6649199,-10.545452,5003,0,0,1,1
2538,18909955,-2.5868022,-0.18980731,0.6271051,5003,0,-2.5180852,0.863387,-10.814558,5003,0,0,1,1
2539,18917961,-2.6524594,-0.19738674,0.53060067,8006,0,-2.4495811,0.86501414,-11.037067,8006,0,0,1,1
2540,18922964,-2.7190332,-0.15875588,0.4465881,5003,0,-2.3064528,0.7755265,-11.473183,5003,0,0,1,1
2541,18927968,-2.760449,-0.10015959,0.38317806,5004,0,-2.0621214,0.80422413,-11.976135,5004,0,0,1,1
2542,18935973,-2.7765481,0.00033050773,0.33054087,8005,0,-1.6485584,0.63680834,-12.510119,8005,0,0,1,1
2543,18940976,-2.7759018,0.111695156,0.30940324,5003,0,-1.0777463,0.39796597,-13.116566,5003,0,0,1,1
2544,18945980,-2.7585757,0.18580313,0.30960137,5004,0,-0.68676454,0.38885838,-13.380666,5004,0,0,1,1
2545,18953985,-2.7077148,0.2544154,0.3284215,8005,0,-0.36033902,0.55990016,-13.58406,8005,0,0,1,1
2546,18963992,-2.581204,0.2978273,0.4282629,5003,0,-0.25246137,0.9045758,-13.2614355,5003,0,0,1,1
2547,18971997,-2.5342839,0.25408342,0.51682824,8005,0,-0.23659006,1.2301152,-12.968002,8005,0,0,1,1
2548,18980003,-2.4889286,0.15120846,0.6467561,8006,0,-0.45938915,2.05812,-12.705246,8006,0,0,1,1
2549,18985006,-2.5466282,0.001781255,0.79762375,5003,0,-0.18520501,2.6739256,-11.666697,5003,0,0,1,1
2550,18990009,-2.6371765,-0.067037195,0.79259413,5003,0,-0.6458161,2.2771401,-11.524166,5003,0,0,1,1
2551,18998015,-2.675482,-0.12434727,0.7179748,8006,0,-0.99570143,2.231358,-11.627859,8006,0,0,1,1
2552,19002893,-2.6680832,-0.14559387,0.6475348,4878,0,-1.1136904,2.191226,-11.565074,4878,0,0,1,1
2553,19008022,-2.6425483,-0.1410231,0.6352843,5129,0,-1.0065027,2.2022238,-11.594458,5129,0,0,1,1
2554,19016027,-2.652299,-0.1277984,0.688032,8005,0,-0.82181334,2.3401453,-11.22829,8005,0,0,1,1
2555,19021031,-2.64399,-0.076406434,0.6383512,5004,0,-1.0063907,1.9527533,-11.27643,5004,0,0,1,1
2556,19025909,-2.577758,-0.03921236,0.61038834,4878,0,-1.068259,2.0686173,-11.464215,4878,0,0,1,1
2557,19034039,-2.4784405,-0.015328928,0.61694854,8130,0,-1.3087555,2.3425128,-11.330297,8130,0,0,1,1
2558,19042045,-2.3971398,-0.017206617,0.6006167,8006,0,-1.6979489,2.9526043,-11.143606,8006,0,0,1,1
2559,19052051,-2.4684289,-0.10339718,0.5971843,5003,0,-1.8328623,3.5846353,-11.098509,5003,0,0,1,1
2560,19059932,-2.551143,-0.15065509,0.56893575,7881,0,-1.7355099,3.729608,-11.23081,7881,0,0,1,1
2561,19070063,-2.6719549,-0.19083999,0.52602494,5003,0,-1.0902123,3.5635793,-11.391563,5003,0,0,1,1
2562,19078069,-2.7140865,-0.17870045,0.57578266,8006,0,-0.70527875,3.6780365,-11.446921,8006,0,0,1,1
2563,19083072,-2.7605717,-0.14862004,0.61802745,5003,0,-0.6788803,3.3224385,-11.301683,5003,0,0,1,1
2564,19088076,-2.7349832,-0.10490622,0.604875,5004,0,-0.7087877,3.4017196,-11.373362,5004,0,0,1,1
2565,19096081,-2.671782,-0.059317123,0.5652493,8005,0,-0.5923695,3.2564554,-11.249969,8005,0,0,1,1
2566,19101084,-2.5955904,-0.034107536,0.5527894,5003,0,-0.38707265,3.5366385,-11.287638,5003,0,0,1,1
2567,19106088,-2.55108,-0.03353797,0.57018995,5004,0,-0.3101519,3.5834398,-11.0156765,5004,0,0,1,1
2568,19114093,-2.4158337,-0.035529297,0.6007294,8005,0,-0.20133282,3.858088,-10.16566,8005,0,0,1,1
2569,19119097,-2.8316767,0.01067327,0.56010854,5004,0,-0.09487754,3.245497,-13.081272,5004,0,0,1,1
2570,19124100,-2.538976,-0.012383163,0.5923359,5003,0,-0.5249513,5.176176,-10.083359,5003,0,0,1,1
2571,19132105,-2.5015078,-0.054410275,0.6434573,8005,0,-0.64751726,4.1584163,-10.57919,8005,0,0,1,1
2572,19140111,-2.3905418,-0.0373234,0.6993757,8006,0,-0.81524265,3.652986,-10.747637,8006,0,0,1,1
2573,19150118,-2.2288616,-0.0033599436,0.70807326,5004,0,-0.6376327,3.91216,-10.427233,5004,0,0,1,1
2574,19158123,-2.1133852,0.0032866148,0.6803745,8005,0,-0.6392835,3.829276,-10.311411,8005,0,0,1,1
2575,19168130,-1.9389607,0.003971517,0.6209615,5004,0,-0.68463176,3.6897748,-10.20402,5004,0,0,1,1
2576,19176135,-1.8514928,0.0117709935,0.5784938,8005,0,-0.72726864,4.0572243,-10.117827,8005,0,0,1,1
2577,19181139,-1.7856596,0.017089352,0.50858176,5004,0,-0.8316362,4.4237514,-10.085787,5004,0,0,1,1
2578,19186142,-1.6990771,0.0045963675,0.46738034,5003,0,-0.8670592,4.520752,-9.708666,5003,0,0,1,1
2579,19194147,-1.6759717,-0.0055561513,0.41286922,8005,0,-0.9823724,4.4884796,-9.48862,8005,0,0,1,1
2580,19199026,-1.6418635,-0.019036354,0.39420375,4879,0,-1.0954161,4.54035,-9.381229,4879,0,0,1,1
2581,19204154,-1.6305691,-0.021242624,0.37821814,5128,0,-1.1455393,4.5550203,-9.33786,5128,0,0,1,1
2582,19212159,-1.6028744,-0.032987155,0.3747396,8005,0,-0.9868709,4.4503756,-9.33313,8005,0,0,1,1
2583,19220165,-1.5466495,-0.037872355,0.3641744,8006,0,-0.8133295,4.2312922,-9.489162,8006,0,0,1,1
2584,19230172,-1.41247,-0.033306763,0.31144226,5004,0,-0.5533746,4.093693,-9.731655,5004,0,0,1,1
2585,19238177,-1.298401,-0.009576588,0.2464077,8005,0,-0.55709535,4.10319,-9.795372,8005,0,0,1,1
2586,19248184,-1.137856,0.05458039,0.14129461,5004,0,-0.69277084,4.290595,-9.230202,5004,0,0,1,1
2587,19256189,-1.0692776,0.067614205,0.10450269,8005,0,-0.9184023,4.2520323,-9.051399,8005,0,0,1,1
2588,19266196,-0.9658178,0.053901806,0.07500454,5003,0,-1.1026151,4.5134068,-8.737814,5003,0,0,1,1
2589,19274201,-0.89275306,0.03232139,0.046673514,8005,0,-0.92866594,4.3382645,-8.664122,8005,0,0,1,1
2590,19279205,-0.841277,0.038024202,-7.960247e-05,5004,0,-0.72620374,4.3120193,-8.749819,5004,0,0,1,1
2591,19284208,-0.78221077,0.045676425,-0.04333308,5003,0,-0.5941022,4.4122934,-8.68804,5003,0,0,1,1
2592,19292213,-0.69783676,0.05111587,-0.06609146,8005,0,-0.44774175,4.495071,-8.826321,8005,0,0,1,1
2593,19297217,-0.6175686,0.044965357,-0.07736521,5004,0,-0.18587755,4.368027,-9.2777,5004,0,0,1,1
2594,19302220,-0.51412714,0.042955324,-0.06163071,5003,0,0.039137617,4.364685,-9.226713,5003,0,0,1,1
2595,19310226,-0.40017587,0.046156317,-0.038605794,8006,0,0.29228923,4.08265,-9.56839,8006,0,0,1,1
2596,19318231,-0.21031366,0.061297312,-0.007282212,8005,0,0.43253276,3.923592,-9.640567,8005,0,0,1,1
2597,19328238,0.093592055,0.09751691,0.051301077,5003,0,0.5123329,3.6913872,-9.596878,5003,0,0,1,1
2598,19336243,0.25987217,0.13694644,0.08357497,8005,0,0.49034116,3.5945337,-9.6380005,8005,0,0,1,1
2599,19346250,0.56874204,0.23305802,0.120279185,5003,0,0.08990994,3.8001382,-9.188166,5003,0,0,1,1
2600,19354255,0.7063103,0.27726266,0.11689252,8005,0,-0.22356656,4.0094867,-8.769474,8005,0,0,1,1
2601,19364137,0.84507793,0.33614674,0.05312647,4878,0,-0.8613125,4.5227904,-8.247667,4878,0,0,1,1
2602,19372268,0.8655107,0.34570378,-0.014546978,8131,0,-1.1214406,4.657447,-7.975922,8131,0,0,1,1
2603,19377271,0.8618425,0.34605926,-0.10521126,5003,0,-1.2379779,4.589151,-7.8148026,5003,0,0,1,1
2604,19382274,0.86959094,0.35082924,-0.18228911,5003,0,-1.4947953,4.7005734,-7.8189464,5003,0,0,1,1
2605,19390280,0.893976,0.32199496,-0.24400634,8006,0,-1.5510123,4.695736,-7.536446,8006,0,0,1,1
2606,19395283,0.9037226,0.27912962,-0.28318122,5003,0,-1.6688678,4.7743244,-7.390845,5003,0,0,1,1
2607,19400286,0.9023238,0.23648116,-0.3106017,5003,0,-1.775853,4.655119,-7.314515,5003,0,0,1,1
2608,19408167,0.90595895,0.18006639,-0.3649476,7881,0,-1.7902912,4.564355,-7.4298744,7881,0,0,1,1
2609,19416175,0.9612186,0.10469345,-0.42094305,8008,0,-1.7797993,4.370214,-7.5694337,8008,0,0,1,1
2610,19426304,1.089474,0.013058395,-0.4434396,5003,0,-1.5675886,3.943536,-8.047571,5003,0,0,1,1
2611,19434310,1.1939024,-0.045469016,-0.43902743,8006,0,-1.4969724,3.876053,-8.268026,8006,0,0,1,1
2612,19444316,1.386981,-0.17811374,-0.4152168,5003,0,-1.1651481,3.9818392,-8.454565,5003,0,0,1,1
2613,19452322,1.4621639,-0.2374695,-0.36844054,8006,0,-0.9411245,3.9319732,-8.846964,8006,0,0,1,1
2614,19462329,1.5656515,-0.28959918,-0.26395702,5004,0,-0.5093658,4.212405,-8.743849,5004,0,0,1,1
2615,19470334,1.607313,-0.2903825,-0.1950934,8005,0,-0.34761477,4.267627,-8.8335085,8005,0,0,1,1
2616,19475337,1.6613091,-0.258024,-0.12909284,5003,0,-0.29891166,4.342395,-8.933168,5003,0,0,1,1
2617,19480341,1.692106,-0.21184304,-0.13351661,5004,0,-0.2931901,3.9033933,-9.202108,5004,0,0,1,1
2618,19488346,1.806769,-0.14369701,-0.11174502,8005,0,-0.23002777,4.48954,-9.466499,8005,0,0,1,1
2619,19493349,1.9265954,-0.09955804,-0.0759459,5003,0,-0.19810082,4.406087,-9.936609,5003,0,0,1,1
2620,19498353,2.0355382,-0.06973801,-0.090314955,5004,0,-0.36163202,4.525076,-9.842306,5004,0,0,1,1
2621,19506358,2.1449242,-0.041770097,-0.14364357,8005,0,-0.6860572,4.445873,-10.193016,8005,0,0,1,1
2622,19514364,2.3431106,-0.05512114,-0.24405119,8006,0,-1.063465,4.397713,-10.352124,8006,0,0,1,1
2623,19524370,2.554499,-0.10525307,-0.39941788,5003,0,-1.2058262,4.3206778,-10.51564,5003,0,0,1,1
2624,19532376,2.6217499,-0.120982386,-0.45104697,8006,0,-1.0850451,4.2082095,-10.696947,8006,0,0,1,1
2625,19542383,2.6757674,-0.08030875,-0.5494654,5004,0,-0.9043931,4.078987,-11.202665,5004,0,0,1,1
2626,19550388,2.6327293,-0.032005154,-0.60277194,8005,0,-0.85092485,4.54934,-11.483518,8005,0,0,1,1
2627,19558393,2.5577142,0.059891164,-0.6895741,8005,0,-0.27108872,3.990803,-11.313924,8005,0,0,1,1
2628,19563397,2.6796608,0.1317072,-0.80947,5004,0,-0.37737277,5.054734,-9.753529,5004,0,0,1,1
2629,19568400,2.503,0.19581617,-0.876247,5003,0,-0.30869904,3.8592718,-10.862095,5003,0,0,1,1
2630,19576405,2.485107,0.22603595,-0.82812816,8005,0,-0.75851125,4.2884574,-10.603137,8005,0,0,1,1
2631,19581409,2.3773055,0.21020365,-0.7161545,5004,0,-1.0478048,3.987568,-10.406609,5004,0,0,1,1
2632,19586412,2.319817,0.17831145,-0.6170476,5003,0,-1.236948,4.0282927,-10.5619755,5003,0,0,1,1
2633,19594418,2.2927032,0.11921004,-0.5060345,8006,0,-1.4488008,4.025351,-10.646368,8006,0,0,1,1
2634,19604424,2.2961168,0.006466642,-0.3822647,5003,0,-1.4402237,3.5350857,-10.9036255,5003,0,0,1,1
2635,19612430,2.3572688,-0.044105865,-0.35422543,8006,0,-1.3763852,3.3388212,-10.938006,8006,0,0,1,1
2636,19622437,2.5098038,-0.09337558,-0.3842505,5004,0,-1.5074931,2.9611871,-11.072422,5004,0,0,1,1
2637,19630442,2.5743892,-0.09650994,-0.41607025,8005,0,-1.429799,2.8774884,-11.140477,8005,0,0,1,1
2638,19640449,2.625658,-0.08075001,-0.46634305,5004,0,-1.242936,2.779716,-11.086546,5004,0,0,1,1
2639,19648454,2.6125731,-0.048927505,-0.5518629,8005,0,-1.1082326,2.7004628,-11.193596,8005,0,0,1,1
2640,19656459,2.5852113,0.013113379,-0.7192287,8005,0,-0.8884222,2.6275916,-11.378543,8005,0,0,1,1
2641,19661463,2.576913,0.08386882,-0.8671165,5004,0,-0.5634758,2.503675,-11.327414,5004,0,0,1,1
2642,19666466,2.5719368,0.16922225,-0.9624612,5003,0,-0.43249238,2.3216958,-11.424847,5003,0,0,1,1
2643,19674472,2.5650892,0.31053692,-1.0379492,8006,0,-0.48633188,2.1497722,-11.732704,8006,0,0,1,1
2644,19679475,2.5504785,0.45330814,-1.0798788,5003,0,-0.5534077,1.8835498,-12.005201,5003,0,0,1,1
2645,19684478,2.5497873,0.5281804,-1.0951349,5003,0,-0.6496431,1.6656975,-12.189541,5003,0,0,1,1
2646,19692484,2.5744646,0.55356616,-1.1008104,8006,0,-0.8423031,1.3710133,-12.51442,8006,0,0,1,1
2647,19702491,2.673071,0.4278725,-1.0597475,5004,0,-0.749559,1.0083859,-12.772947,5004,0,0,1,1
2648,19710496,2.7773411,0.3280723,-0.99721634,8005,0,-0.58060056,0.935636,-12.866693,8005,0,0,1,1
2649,19720503,3.0025446,0.18961366,-0.7976758,5128,0,-0.4188507,0.68682456,-12.658588,5128,0,0,1,1
2650,19728508,3.1072617,0.13238654,-0.6663932,8005,0,-0.41481614,0.6121147,-12.568013,8005,0,0,1,1
2651,19736514,3.1864698,0.06486878,-0.5089083,8006,0,-0.31000787,0.60469794,-12.431572,8006,0,0,1,1
2652,19741517,3.217367,0.031848356,-0.3874077,5003,0,-0.28788483,0.6517353,-12.329126,5003,0,0,1,1
2653,19746395,3.2331917,0.0429558,-0.30051148,4878,0,-0.35579678,0.639909,-12.334111,4878,0,0,1,1
2654,19754526,3.2484183,0.09398875,-0.22654326,8131,0,-0.34041953,0.37037188,-12.244833,8131,0,0,1,1
2655,19759529,3.266224,0.158677,-0.19629677,5003,0,-0.358035,0.110170506,-12.222122,5003,0,0,1,1
2656,19764533,3.2685664,0.20828198,-0.20467599,5004,0,-0.25915956,-0.11129302,-12.3647995,5004,0,0,1,1
2657,19772538,3.311041,0.25149202,-0.22284026,8005,0,-0.2921136,-0.2946929,-12.466414,8005,0,0,1,1
2658,19777541,3.3755145,0.25905806,-0.25393933,5003,0,-0.37600827,-0.54368556,-12.510855,5003,0,0,1,1
2659,19782545,3.4305935,0.24812193,-0.2763979,5004,0,-0.64534134,-0.7771133,-12.609973,5004,0,0,1,1
2660,19790550,3.50734,0.21612874,-0.2938653,8005,0,-0.84337497,-1.0476657,-12.550057,8005,0,0,1,1
2661,19798555,3.6146755,0.13962024,-0.282732,8005,0,-0.8237748,-1.043922,-12.323064,8005,0,0,1,1
2662,19808562,3.7561219,-0.061113685,-0.21889609,5003,0,-1.0487628,-1.0201329,-11.757164,5003,0,0,1,1
2663,19816568,3.8314698,-0.18214482,-0.18897833,8006,0,-0.9968839,-1.0849255,-11.372095,8006,0,0,1,1
2664,19821571,3.8797424,-0.28050172,-0.16841292,5003,0,-0.8747155,-1.026107,-11.09659,5003,0,0,1,1
2665,19826574,3.887587,-0.33659744,-0.16639058,5003,0,-0.8194058,-0.9293913,-10.848568,5003,0,0,1,1
2666,19834580,3.8431249,-0.37750417,-0.1769143,8006,0,-0.7511899,-0.843252,-10.544159,8006,0,0,1,1
2667,19839583,3.7374258,-0.3756476,-0.20791082,5003,0,-0.7102287,-0.81111234,-10.25886,5003,0,0,1,1
2668,19844586,3.6107917,-0.3454327,-0.26155898,5003,0,-0.7202232,-0.95447886,-10.071913,5003,0,0,1,1
2669,19852592,3.4111304,-0.28280646,-0.37507036,8006,0,-0.6678484,-1.2341056,-10.016695,8006,0,0,1,1
2670,19860597,3.1648574,-0.24074124,-0.5466978,8005,0,-0.54050916,-1.5622545,-9.974792,8005,0,0,1,1
2671,19870604,2.913588,-0.27155882,-0.71298456,5003,0,-0.25173086,-2.010147,-10.112341,5003,0,0,1,1
2672,19878609,2.83462,-0.32985178,-0.6969123,8005,0,0.0073077525,-2.4460082,-10.380607,8005,0,0,1,1
2673,19888616,2.7680013,-0.4638051,-0.52782273,5003,0,0.70308965,-3.184493,-10.636677,5003,0,0,1,1
2674,19896621,2.7893825,-0.51802814,-0.3798919,8005,0,1.0441439,-3.4191017,-10.706667,8005,0,0,1,1
2675,19906628,2.884874,-0.50803155,-0.17493246,5003,0,1.1261349,-4.0918746,-11.183502,5003,0,0,1,1
2676,19914634,3.0162065,-0.42493182,-0.11747443,8006,0,0.9977704,-4.3354955,-11.113382,8006,0,0,1,1
2677,19919637,3.1875565,-0.29716912,-0.06244864,5003,0,0.89029473,-4.4462285,-10.577755,5003,0,0,1,1
2678,19924640,3.3166165,-0.16485776,-0.015517457,5003,0,0.75216395,-4.4131746,-9.932816,5003,0,0,1,1
2679,19932646,3.4705396,-0.002231091,0.03551739,8006,0,0.1763878,-3.8272367,-8.656494,8006,0,0,1,1
2680,19937649,3.3794153,0.121286646,0.13389018,5003,0,0.02371867,-3.4770837,-9.773668,5003,0,0,1,1
2681,19942652,3.8176253,0.19547479,0.17917788,5003,0,-0.86835915,-2.682988,-6.5927987,5003,0,0,1,1
2682,19950658,3.6144993,0.29043895,0.14858326,8006,0,-0.91813153,-2.7511892,-7.2705336,8006,0,0,1,1
2683,19958663,3.1982844,0.325568,0.044114348,8005,0,-1.7978194,-2.5628042,-5.981299,8005,0,0,1,1
2684,19968545,2.4949946,-0.021306274,0.0740373,4878,0,-0.6404373,-2.0583315,-5.734029,4878,0,0,1,1
2685,19976676,2.1280315,-0.23894504,0.12770335,8131,0,-0.85132706,-2.4475777,-6.178665,8131,0,0,1,1
2686,19986682,1.6943847,-0.3879348,0.044771656,5003,0,-0.25079602,-3.9283543,-6.757841,5003,0,0,1,1
2687,19994688,1.6094453,-0.37629724,0.026246287,8006,0,0.111303896,-4.0791726,-6.6321893,8006,0,0,1,1
2688,20004694,1.5091829,-0.36616004,0.0925789,5002,0,0.13637121,-4.739283,-6.499013,5002,0,0,1,1
2689,20012700,1.4647851,-0.37986928,0.14088112,8006,0,-0.25543213,-4.8013134,-6.2373133,8006,0,0,1,1
2690,20017703,1.4018106,-0.3991484,0.16815968,5003,0,-0.5526836,-4.6164618,-6.0194526,5003,0,0,1,1
2691,20022708,1.3163491,-0.4154756,0.16044068,5005,0,-0.70376915,-4.5208335,-5.8955398,5005,0,0,1,1
2692,20030712,1.1691425,-0.43770245,0.118608885,8004,0,-0.9369682,-4.4151006,-5.707721,8004,0,0,1,1
2693,20038717,0.934609,-0.48243073,0.037707616,8005,0,-1.0137008,-4.35432,-5.447422,8005,0,0,1,1
2694,20043596,0.7274146,-0.5104236,-0.0498628,4879,0,-0.931487,-4.3321075,-5.2616887,4879,0,0,1,1
2695,20048724,0.5574467,-0.51834023,-0.12467288,5128,0,-0.82019234,-4.393559,-5.12532,5128,0,0,1,1
2696,20056730,0.34695944,-0.4823339,-0.210816,8006,0,-0.56841373,-4.433365,-5.152551,8006,0,0,1,1
2697,20066612,0.068162285,-0.37722057,-0.26613826,4879,0,-0.31263238,-4.3614497,-5.1424785,4879,0,0,1,1
2698,20074742,-0.09548132,-0.3139667,-0.24979435,8130,0,-0.3589811,-4.2352476,-4.9162307,8130,0,0,1,1
2699,20084749,-0.36975756,-0.21386945,-0.20207006,5004,0,-0.2517389,-4.3966637,-5.028731,5004,0,0,1,1
2700,20092754,-0.50227094,-0.16030851,-0.18287936,8005,0,-0.2996302,-4.370267,-4.971305,8005,0,0,1,1
2701,20102761,-0.73378634,-0.10915897,-0.18430445,5004,0,-0.525715,-4.361205,-5.1152673,5004,0,0,1,1
2702,20110766,-0.88368934,-0.11565396,-0.19174187,8005,0,-0.58997774,-4.200244,-5.221878,8005,0,0,1,1
2703,20115646,-1.0416735,-0.14604136,-0.17741339,4880,0,-0.6074689,-4.107061,-5.3425913,4880,0,0,1,1
2704,20120773,-1.164562,-0.18376039,-0.15638489,5127,0,-0.62480843,-4.288461,-5.500861,5127,0,0,1,1
2705,20128778,-1.3253849,-0.24604274,-0.12745841,8005,0,-0.60395086,-4.1928973,-5.6900673,8005,0,0,1,1
2706,20136659,-1.5278966,-0.3175768,-0.093379125,7881,0,-0.47052357,-4.215556,-6.1070447,7881,0,0,1,1
2707,20141787,-1.6953717,-0.35252172,-0.06679296,5128,0,-0.337852,-4.2353086,-6.460074,5128,0,0,1,1
2708,20146790,-1.8390324,-0.36686623,-0.0539459,5003,0,-0.118906505,-4.414375,-6.779806,5003,0,0,1,1
2709,20154671,-1.991921,-0.35562435,-0.043629494,7881,0,0.14659949,-4.5512943,-7.1968236,7881,0,0,1,1
2710,20164802,-2.1575747,-0.26201573,-0.027481366,5125,0,0.4956199,-4.5977764,-8.340279,5125,0,0,1,1
2711,20172808,-2.1522424,-0.16761313,0.012409241,8006,0,0.44420564,-4.8898487,-8.052967,8006,0,0,1,1
2712,20182815,-2.1245055,-0.010779381,0.10734092,5004,0,0.29537877,-5.1237803,-8.5938015,5004,0,0,1,1
2713,20190820,-2.0830972,0.08323155,0.14616281,8005,0,0.08414622,-5.184734,-8.811537,8005,0,0,1,1
2714,20200827,-1.9854476,0.252088,0.20921709,5003,0,-0.21106726,-5.0815573,-9.192711,5003,0,0,1,1
2715,20208832,-1.9363561,0.3541104,0.22882803,8005,0,-0.4128582,-5.1019,-9.139047,8005,0,0,1,1
2716,20213836,-1.8953575,0.44457287,0.23290305,5004,0,-0.62669796,-5.0804324,-9.395283,5004,0,0,1,1
2717,20218839,-1.8676878,0.50001574,0.21561365,5003,0,-0.6115701,-4.937641,-9.57564,5003,0,0,1,1
2718,20226844,-1.8687879,0.5498147,0.17693058,8005,0,-0.51175976,-5.2586493,-9.549524,8005,0,0,1,1
2719,20234850,-1.8553667,0.6232692,0.15644617,8006,0,-0.34847093,-5.0070705,-10.215719,8006,0,0,1,1
2720,20244857,-1.815833,0.6891355,0.17963922,5004,0,-0.27378026,-4.687083,-10.400549,5004,0,0,1,1
2721,20252862,-1.8160732,0.6173415,0.32615042,8005,0,-0.5032564,-4.488136,-9.836206,8005,0,0,1,1
2722,20262869,-1.8422549,0.37672275,0.63159853,5004,0,-0.96455234,-4.227281,-9.810577,5004,0,0,1,1
2723,20270874,-1.8824579,0.21994427,0.7587578,8005,0,-1.2285466,-4.076767,-9.582138,8005,0,0,1,1
2724,20280881,-1.9580624,-0.0421734,0.8451745,5004,0,-1.5180309,-4.0540566,-9.549473,5004,0,0,1,1
2725,20288761,-1.992018,-0.15888873,0.83105564,7880,0,-1.688256,-3.9499068,-9.498983,7880,0,0,1,1
2726,20296770,-2.0226052,-0.27953368,0.77067596,8009,0,-1.9654286,-3.8518562,-9.2524395,8009,0,0,1,1
2727,20301896,-2.0365007,-0.3803719,0.6938199,5126,0,-2.315612,-3.7508278,-8.993248,5126,0,0,1,1
2728,20306898,-2.0427077,-0.46757722,0.6379891,5002,0,-2.6138604,-3.5855107,-8.8108425,5002,0,0,1,1
2729,20314904,-2.0602443,-0.5977967,0.58312035,8006,0,-2.9415827,-3.2892413,-8.538586,8006,0,0,1,1
2730,20319907,-2.107006,-0.73176706,0.55618703,5003,0,-3.1583004,-2.8617513,-8.378693,5003,0,0,1,1
2731,20324910,-2.1532598,-0.83096385,0.5437712,5003,0,-3.2444835,-2.4401417,-8.300175,5003,0,0,1,1
2732,20332916,-2.2398262,-0.9441721,0.5458529,8006,0,-3.2913888,-2.0379875,-8.219527,8006,0,0,1,1
2733,20342923,-2.4775796,-1.1019458,0.5753958,5004,0,-2.794103,-1.5455582,-8.407984,5004,0,0,1,1
2734,20350928,-2.6625502,-1.1442086,0.58858615,8005,0,-2.2430677,-1.5242589,-8.801792,8005,0,0,1,1
2735,20358808,-2.895848,-1.1245891,0.59884423,7880,0,-1.5352297,-1.6590112,-9.596447,7880,0,0,1,1
2736,20368940,-3.1812646,-0.9054444,0.5991604,5128,0,-0.16261864,-1.8479071,-10.684139,5128,0,0,1,1
2737,20376946,-3.2626743,-0.69464386,0.5857646,8006,0,0.40176994,-1.8358053,-11.19225,8006,0,0,1,1
2738,20381949,-3.2669785,-0.4413784,0.5906362,5003,0,0.65088385,-1.8157121,-11.554857,5003,0,0,1,1
2739,20386952,-3.2250388,-0.23874614,0.6105658,5003,0,0.8407351,-2.0635195,-11.671207,5003,0,0,1,1
2740,20394958,-3.12165,0.005272448,0.65081257,8006,0,0.85470706,-2.0716207,-11.783464,8006,0,0,1,1
2741,20399836,-2.9966698,0.22737926,0.7037768,4878,0,0.5657408,-1.9446263,-12.010222,4878,0,0,1,1
2742,20404964,-2.8860269,0.38715595,0.7348145,5128,0,0.30601788,-1.9617752,-12.12156,5128,0,0,1,1
2743,20412970,-2.759834,0.52361906,0.7846235,8006,0,-0.12361885,-1.811706,-11.7927475,8006,0,0,1,1
2744,20417973,-2.6738005,0.5885242,0.83202696,5003,0,-0.6716953,-1.3100445,-11.445896,5003,0,0,1,1
2745,20422977,-2.653072,0.59948266,0.84860176,5004,0,-1.2663943,-0.9047226,-11.153824,5004,0,0,1,1
2746,20430982,-2.688632,0.5570788,0.83294255,8005,0,-1.9187781,-0.26941302,-10.796443,8005,0,0,1,1
2747,20438987,-2.785676,0.44534442,0.7724894,8005,0,-2.4960537,0.28918675,-10.378127,8005,0,0,1,1
2748,20448869,-2.9555745,0.25049824,0.6692776,4878,0,-3.1165733,0.74971664,-10.247441,4878,0,0,1,1
2749,20457000,-3.059845,0.1579112,0.6210503,8131,0,-3.263751,0.9012042,-10.401978,8131,0,0,1,1
2750,20462003,-3.1528282,0.101515055,0.57273793,5003,0,-3.322001,0.9667638,-10.803043,5003,0,0,1,1
2751,20467006,-3.2061949,0.088480785,0.5358076,5003,0,-3.282565,0.9385746,-11.178467,5003,0,0,1,1
2752,20475012,-3.2571504,0.09681296,0.4905602,8006,0,-2.982891,0.8340301,-11.582951,8006,0,0,1,1
2753,20480015,-3.312844,0.12417097,0.47679415,5003,0,-2.5657134,0.70155007,-11.974319,5003,0,0,1,1
2754,20485018,-3.345796,0.15126888,0.50168365,5003,0,-2.2207456,0.7075282,-12.1866665,5003,0,0,1,1
2755,20493024,-3.348765,0.17401306,0.56024754,8006,0,-1.9336362,0.7536758,-12.359566,8006,0,0,1,1
2756,20501029,-3.309345,0.14706337,0.6193674,8005,0,-1.775328,0.70273054,-12.548224,8005,0,0,1,1
2757,20511036,-3.2242126,0.044196904,0.68508756,5003,0,-1.0935273,0.6191937,-12.635584,5003,0,0,1,1
2758,20519041,-3.1098397,-0.018316617,0.6735069,8005,0,-1.0746759,0.8096545,-12.53997,8005,0,0,1,1
2759,20529048,-2.9625168,-0.09551071,0.7215083,5003,0,-0.69010264,2.2573369,-11.650351,5003,0,0,1,1
2760,20537053,-2.975772,-0.09306155,0.6946361,8005,0,-1.4306766,1.1993104,-10.486698,8005,0,0,1,1
2761,20547060,-2.818532,0.029191792,0.5947042,5003,0,-1.9020542,2.0372543,-10.251442,5003,0,0,1,1
2762,20555066,-2.796743,0.07434215,0.66683185,8006,0,-2.08642,2.870469,-9.401962,8006,0,0,1,1
2763,20560069,-2.8651235,0.07905686,0.74398226,5003,0,-2.545382,3.584401,-8.991619,5003,0,0,1,1
2764,20565072,-2.9673693,0.04342623,0.7438517,5003,0,-2.9712355,3.9814317,-8.837259,5003,0,0,1,1
2765,20573078,-3.132457,-0.048802786,0.6963317,8006,0,-3.341116,4.657422,-8.9191,8006,0,0,1,1
2766,20581083,-3.374522,-0.15048495,0.5966329,8005,0,-3.284553,4.9206376,-9.454813,8005,0,0,1,1
2767,20586087,-3.5666473,-0.19698967,0.52292246,5004,0,-2.9523847,4.859074,-9.966324,5004,0,0,1,1
2768,20591090,-3.6972663,-0.20187844,0.5056021,5003,0,-2.7553437,4.633055,-10.288557,5003,0,0,1,1
2769,20599095,-3.8158643,-0.18947263,0.5292489,8005,0,-2.7335885,4.372666,-10.440924,8005,0,0,1,1
2770,20609102,-3.9530025,-0.17096446,0.5941724,5003,0,-2.1910467,3.8101702,-11.109995,5003,0,0,1,1
2771,20617107,-3.913638,-0.15148364,0.5820161,8005,0,-1.8953359,3.456441,-11.669127,8005,0,0,1,1
2772,20627114,-3.6571321,-0.104402915,0.4502717,5003,0,-1.339172,3.058876,-12.020536,5003,0,0,1,1
2773,20635119,-3.4626284,-0.060830925,0.38948295,8005,0,-1.0845916,3.108819,-12.065842,8005,0,0,1,1
2774,20645126,-3.1683989,-0.0047412515,0.4076659,5003,0,-1.0174022,3.487186,-11.515589,5003,0,0,1,1
2775,20653132,-3.037174,-0.0189116,0.46650442,8006,0,-0.90860885,3.7911701,-11.580397,8006,0,0,1,1
2776,20658135,-2.9193912,-0.043135107,0.53242326,5003,0,-0.7291382,3.9193516,-11.5728,5003,0,0,1,1
2777,20663138,-2.8325956,-0.06806037,0.6000077,5003,0,-0.6108638,4.0395355,-11.469381,5003,0,0,1,1
2778,20671144,-2.7200334,-0.086020134,0.67528117,8006,0,-0.54993397,4.1328,-11.266609,8006,0,0,1,1
2779,20679149,-2.4291575,-0.06778649,0.71943057,8005,0,-0.4314386,4.3436947,-10.064327,8005,0,0,1,1
2780,20684153,-2.777194,0.033937693,0.63826984,5004,0,-0.40742326,3.337178,-13.226362,5004,0,0,1,1
2781,20689156,-2.3975446,0.060081992,0.6794133,5003,0,-0.93603426,5.76657,-9.52141,5003,0,0,1,1
2782,20697161,-2.322798,0.058810692,0.71178377,8005,0,-1.1338751,4.7838516,-10.355489,8005,0,0,1,1
2783,20707168,-2.0166156,0.12292654,0.74791324,5128,0,-1.5034684,4.7123775,-10.092379,5128,0,0,1,1
2784,20715174,-1.9760385,0.12455045,0.72384304,8006,0,-2.0746882,4.8710237,-9.636377,8006,0,0,1,1
2785,20725180,-1.8813106,-0.054846764,0.6348712,5003,0,-2.861379,5.7166743,-9.088829,5003,0,0,1,1
2786,20733186,-1.8721995,-0.1849789,0.5403571,8006,0,-2.9769077,5.647123,-8.675958,8006,0,0,1,1
2787,20743192,-1.9026909,-0.3330111,0.44077754,5003,0,-2.5346792,5.7410407,-8.399368,5003,0,0,1,1
2788,20751198,-1.8906515,-0.35555202,0.41383237,8006,0,-2.0995574,5.320313,-8.818218,8006,0,0,1,1
2789,20759203,-1.7988968,-0.3094304,0.37161502,8005,0,-1.4188578,4.7783527,-9.400629,8005,0,0,1,1
2790,20764207,-1.6599982,-0.22167537,0.32421064,5004,0,-0.96523064,4.4206553,-9.84967,5004,0,0,1,1
2791,20769210,-1.5234823,-0.13381463,0.2885978,5003,0,-0.69507116,4.2371187,-10.029495,5003,0,0,1,1
2792,20777215,-1.3392886,-0.02102802,0.23461086,8005,0,-0.6331627,3.9489095,-10.538159,8005,0,0,1,1
2793,20782219,-1.1018928,0.04869187,0.21523307,5004,0,-0.619175,3.8355982,-10.568415,5004,0,0,1,1
2794,20787222,-0.9468022,0.08877261,0.19362602,5003,0,-0.70207435,3.736686,-10.86581,5003,0,0,1,1
2795,20795227,-0.72653794,0.11482159,0.18287063,8005,0,-0.6688921,3.826032,-10.838802,8005,0,0,1,1
2796,20805234,-0.31780258,0.15644379,0.164727,5003,0,-0.5936911,3.5571532,-10.863401,5003,0,0,1,1
2797,20813240,-0.07909736,0.1930765,0.14029399,8006,0,-0.379356,3.4118438,-11.141814,8006,0,0,1,1
2798,20823246,0.37342462,0.29823315,0.05115307,5003,0,-0.26305893,3.3512251,-10.910725,5003,0,0,1,1
2799,20831252,0.678748,0.3292134,-0.019040525,8006,0,-0.6088982,3.2650454,-10.638578,8006,0,0,1,1
2800,20841258,1.1730285,0.33377934,-0.09776136,5003,0,-1.1153172,3.5120902,-9.90239,5003,0,0,1,1
2801,20849264,1.3996974,0.30337024,-0.09474172,8006,0,-1.5997432,3.9136841,-9.2938595,8006,0,0,1,1
2802,20857269,1.5969118,0.23552147,-0.10756859,8005,0,-2.280178,4.3913617,-8.497293,8005,0,0,1,1
2803,20862273,1.6877648,0.15545116,-0.1388884,5004,0,-2.7112935,4.7082467,-7.9348083,5004,0,0,1,1
2804,20867276,1.7129129,0.094475314,-0.1736984,5003,0,-2.8779418,5.059953,-7.540728,5003,0,0,1,1
2805,20875281,1.6917986,0.025069846,-0.22414063,8005,0,-2.9834898,5.3756785,-7.1797204,8005,0,0,1,1
2806,20880160,1.6266598,-0.028554963,-0.27110893,4879,0,-2.921807,5.574269,-7.050226,4879,0,0,1,1
2807,20885288,1.5637385,-0.052658,-0.30408323,5128,0,-2.7135072,5.654505,-7.052396,5128,0,0,1,1
2808,20893169,1.4737297,-0.04296106,-0.3559527,7881,0,-2.4739223,5.390443,-7.29693,7881,0,0,1,1
2809,20903301,1.4240055,0.06508131,-0.43015042,5126,0,-2.0095654,4.6234527,-7.884525,5126,0,0,1,1
2810,20911306,1.4531415,0.15826146,-0.43670616,8005,0,-1.7768023,4.190226,-8.453429,8005,0,0,1,1
2811,20921313,1.6142868,0.29440987,-0.45969933,5004,0,-1.7539,3.5169067,-9.250662,5004,0,0,1,1
2812,20929319,1.7816844,0.32681388,-0.51669246,8006,0,-2.0072334,3.4654253,-9.47505,8006,0,0,1,1
2813,20937323,1.9745808,0.34081882,-0.64913213,8004,0,-2.2783613,3.4118848,-9.624333,8004,0,0,1,1
2814,20942327,2.1085882,0.3332646,-0.7475829,5004,0,-2.395964,3.6215158,-9.702202,5004,0,0,1,1
2815,20947205,2.2312381,0.30639976,-0.7879145,4878,0,-2.438596,3.8404925,-9.724632,4878,0,0,1,1
2816,20955335,2.3580117,0.2458327,-0.81239504,8130,0,-2.3537812,3.7469263,-9.748046,8130,0,0,1,1
2817,20960339,2.4662323,0.1511492,-0.80661786,5004,0,-2.379706,3.8712206,-9.588493,5004,0,0,1,1
2818,20965342,2.5189762,0.057990983,-0.79218227,5003,0,-2.282973,4.013917,-9.741474,5003,0,0,1,1
2819,20973348,2.598212,-0.06731367,-0.76902026,8006,0,-2.0256183,4.1148133,-9.952141,8006,0,0,1,1
2820,20983354,2.720717,-0.23027448,-0.71073,5003,0,-1.2949046,4.0606117,-10.380241,5003,0,0,1,1
2821,20991360,2.7934277,-0.28679487,-0.607742,8006,0,-0.99823785,4.1796293,-10.190876,8006,0,0,1,1
2822,20999365,2.8590648,-0.34153903,-0.4078728,8005,0,-0.83858985,4.078623,-10.187419,8005,0,0,1,1
2823,21009372,2.9133005,-0.36684495,-0.1506178,5004,0,-1.0005097,4.9951463,-9.838224,5004,0,0,1,1
2824,21017377,2.8536375,-0.2914595,-0.10263505,8005,0,-1.1497792,4.146858,-10.436434,8005,0,0,1,1
2825,21022381,2.7361758,-0.26085207,-0.068527095,5004,0,-1.3827778,5.005275,-9.575214,5004,0,0,1,1
2826,21027384,2.5357497,-0.23493429,-0.06814508,5003,0,-1.6377157,4.1921453,-10.219839,5003,0,0,1,1
2827,21035389,2.5864694,-0.18155548,-0.22998153,8005,0,-1.5621041,4.6328864,-9.801323,8005,0,0,1,1
2828,21040268,2.4922554,-0.06097484,-0.4401793,4879,0,-1.7256274,3.8910055,-10.417508,4879,0,0,1,1
2829,21045271,2.4623535,-0.007984802,-0.56254506,5003,0,-1.7639993,3.549179,-10.224899,5003,0,0,1,1
2830,21053402,2.373777,0.025555313,-0.6613105,8131,0,-1.614876,3.215344,-10.222996,8131,0,0,1,1
2831,21058280,2.3277862,0.014258668,-0.6884347,4878,0,-1.581864,3.0748885,-10.234853,4878,0,0,1,1
2832,21063408,2.3450358,-0.015946545,-0.67454416,5128,0,-1.6211834,2.7946334,-10.30135,5128,0,0,1,1
2833,21071414,2.4122968,-0.027412912,-0.69372624,8006,0,-1.5574427,2.54499,-10.491495,8006,0,0,1,1
2834,21079294,2.5760393,-0.016716229,-0.7648425,7880,0,-1.4231981,2.474804,-10.857831,7880,0,0,1,1
2835,21089426,2.841886,0.047535837,-0.97587824,5004,0,-1.2884207,2.5079732,-11.247662,5004,0,0,1,1
2836,21097431,2.931588,0.10309197,-1.0571688,8005,0,-1.2852553,2.6950836,-11.16681,8005,0,0,1,1
2837,21107438,2.9606676,0.21618721,-1.1046644,5003,0,-1.392814,2.624086,-11.075054,5003,0,0,1,1
2838,21115443,2.9331539,0.29494187,-1.1178442,8005,0,-1.4443169,2.5081809,-11.195239,8005,0,0,1,1
2839,21120447,2.892876,0.37310767,-1.1221607,5004,0,-1.4778033,2.4914484,-11.340324,5004,0,0,1,1
2840,21125325,2.858469,0.4199436,-1.1051582,4878,0,-1.513839,2.4043448,-11.4133005,4878,0,0,1,1
2841,21133455,2.8050146,0.44727793,-1.063099,8130,0,-1.5692841,2.167595,-11.495344,8130,0,0,1,1
2842,21138459,2.7365057,0.44919422,-1.0098081,5004,0,-1.5946391,1.8838023,-11.573285,5004,0,0,1,1
2843,21143462,2.6922908,0.44794556,-0.9647138,5003,0,-1.7521926,1.6177964,-11.734898,5003,0,0,1,1
2844,21151467,2.665428,0.45247862,-0.8949643,8005,0,-1.9414095,1.245248,-11.879079,8005,0,0,1,1
2845,21159348,2.6680562,0.4527532,-0.80293167,7881,0,-1.9830066,0.69803643,-12.047404,7881,0,0,1,1
2846,21169480,2.7910826,0.39869663,-0.7075863,5004,0,-1.9621521,-0.14193153,-12.199371,5004,0,0,1,1
2847,21177360,2.930478,0.3503671,-0.6880752,7880,0,-1.9576198,-0.4227991,-12.357436,7880,0,0,1,1
2848,21187492,3.2165966,0.20047422,-0.724296,5004,0,-2.227429,-0.4131985,-12.542946,5004,0,0,1,1
2849,21195497,3.3395488,0.10514218,-0.7515767,8005,0,-2.2079198,-0.34002432,-12.503364,8005,0,0,1,1
2850,21200500,3.428525,0.017272308,-0.7727943,5003,0,-2.146975,-0.31071848,-12.325546,5003,0,0,1,1
2851,21205504,3.4701107,-0.039732665,-0.7782404,5004,0,-2.1991909,-0.21064402,-12.187403,5004,0,0,1,1
2852,21213509,3.485421,-0.080406934,-0.781731,8005,0,-2.3785799,-0.24965625,-12.080209,8005,0,0,1,1
2853,21221515,3.4901009,-0.044717908,-0.8110921,8006,0,-2.5966752,-0.42238688,-12.271715,8006,0,0,1,1
2854,21226518,3.5319471,0.026704565,-0.85479766,5003,0,-2.6715496,-0.6947696,-12.276697,5003,0,0,1,1
2855,21231521,3.5818698,0.08347693,-0.9171003,5003,0,-2.619368,-1.1254511,-12.243179,5003,0,0,1,1
2856,21239527,3.6751494,0.1600379,-1.0009094,8006,0,-2.360704,-1.3120728,-12.373035,8006,0,0,1,1
2857,21249534,3.8449702,0.23773822,-1.032857,5004,0,-1.8869642,-1.7913,-12.344931,5004,0,0,1,1
2858,21257539,3.9330652,0.22260639,-0.97526944,8005,0,-1.6988376,-1.996364,-12.391892,8005,0,0,1,1
2859,21267546,4.073912,0.055838883,-0.7631761,5004,0,-1.4318347,-2.1226597,-12.17997,5004,0,0,1,1
2860,21275551,4.114637,-0.08320924,-0.6083354,8005,0,-1.0977517,-2.145855,-11.930099,8005,0,0,1,1
2861,21283556,4.1196795,-0.24054028,-0.40086144,8005,0,-0.8097135,-2.085406,-11.544495,8005,0,0,1,1
2862,21288560,4.111303,-0.3559996,-0.23186465,5004,0,-0.77844435,-1.9367828,-11.179621,5004,0,0,1,1
2863,21293563,4.1145515,-0.43376726,-0.12965502,5003,0,-0.8964853,-2.0180295,-10.869146,5003,0,0,1,1
2864,21301569,4.1135325,-0.5133988,-0.054460205,8006,0,-1.0929694,-1.9821537,-10.625271,8006,0,0,1,1
2865,21306572,4.0873413,-0.55937004,-0.052419696,5003,0,-1.2910678,-2.0857909,-10.619198,5003,0,0,1,1
2866,21311575,4.019749,-0.56025964,-0.08919198,5003,0,-1.2681932,-2.1267939,-10.68656,5003,0,0,1,1
2867,21319581,3.8714414,-0.527479,-0.14231455,8006,0,-1.142953,-2.2895086,-10.604315,8006,0,0,1,1
2868,21324584,3.6893191,-0.47919732,-0.2094002,5003,0,-1.2608907,-2.7573571,-10.401085,5003,0,0,1,1
2869,21329587,3.5684307,-0.47889563,-0.2672964,5003,0,-1.3655158,-2.9117746,-10.41209,5003,0,0,1,1
2870,21337593,3.450813,-0.5262271,-0.32394204,8006,0,-1.3126339,-3.1324158,-10.6117935,8006,0,0,1,1
2871,21347600,3.3735096,-0.6702419,-0.31431505,5004,0,-0.74230653,-3.366205,-10.435797,5004,0,0,1,1
2872,21355605,3.3797028,-0.77048,-0.22202559,8005,0,-0.37753904,-3.4466474,-10.051543,8005,0,0,1,1
2873,21363610,3.371557,-0.8734625,-0.06673595,8005,0,-0.0047933753,-3.48436,-9.366536,8005,0,0,1,1
2874,21368614,3.337982,-0.88877016,0.040743936,5004,0,-0.22875574,-3.1591072,-8.476156,5004,0,0,1,1
2875,21373617,3.2762363,-0.90164804,0.10520016,5003,0,-0.2161217,-2.8243017,-7.9991956,5003,0,0,1,1
2876,21381622,3.1497993,-0.9167926,0.15751873,8005,0,-0.1840706,-2.5943115,-7.322779,8005,0,0,1,1
2877,21386626,2.9692664,-0.8987579,0.13936074,5004,0,-0.29937726,-2.6718884,-7.0037003,5004,0,0,1,1
2878,21391629,2.8113456,-0.8448121,0.07136105,5003,0,-0.43248567,-2.4508421,-6.8972096,5003,0,0,1,1
2879,21399635,2.482071,-0.7225385,-0.037193015,8006,0,-0.6741057,-3.670382,-7.555216,8006,0,0,1,1
2880,21404638,2.668079,-0.6297879,-0.15131669,5003,0,-0.44960448,-1.9708209,-4.912609,5003,0,0,1,1
2881,21409641,2.471319,-0.428464,-0.29628903,5003,0,-0.24635382,-3.894826,-7.0898123,5003,0,0,1,1
2882,21417647,2.1450284,-0.16328056,-0.44759217,8006,0,-0.42006055,-4.0137467,-7.2084384,8006,0,0,1,1
2883,21422650,1.871026,-0.025853194,-0.49383086,5003,0,-0.50407195,-4.3296447,-6.72937,5003,0,0,1,1
2884,21427653,1.699289,0.004495442,-0.45781502,5003,0,-0.6044033,-4.446711,-6.87587,5003,0,0,1,1
2885,21435659,1.5674143,0.02882123,-0.40426418,8006,0,-1.1230636,-4.789505,-6.9492702,8006,0,0,1,1
2886,21443664,1.5891608,0.08723377,-0.36745656,8005,0,-1.6801019,-5.1746206,-7.209957,8005,0,0,1,1
2887,21453546,1.5453321,0.09342108,-0.33664787,4878,0,-1.8193119,-5.5350556,-7.36718,4878,0,0,1,1
2888,21461676,1.44701,-0.003216982,-0.26752013,8130,0,-1.7802695,-5.673561,-7.165627,8130,0,0,1,1
2889,21466557,1.4433796,-0.12561841,-0.17188685,4881,0,-1.9409518,-5.622258,-6.582178,4881,0,0,1,1
2890,21471683,1.4086272,-0.20662741,-0.10708233,5126,0,-1.9759572,-5.4462686,-6.7673426,5126,0,0,1,1
2891,21479689,1.3818616,-0.2784985,-0.053331535,8006,0,-2.056633,-5.4283056,-6.5536222,8006,0,0,1,1
2892,21484692,1.3334874,-0.31207412,-0.018620983,5003,0,-1.8383665,-5.3826036,-6.386715,5003,0,0,1,1
2893,21489695,1.2805483,-0.31233215,0.00032527372,5003,0,-1.6760569,-5.4225817,-6.1236105,5003,0,0,1,1
2894,21497701,1.1978528,-0.26782075,0.0048324424,8006,0,-1.4351892,-5.4556794,-6.0035625,8006,0,0,1,1
2895,21502704,1.0963118,-0.2051284,-0.016397621,5003,0,-1.3381631,-5.4367137,-5.8570633,5003,0,0,1,1
2896,21507707,0.9991545,-0.1578167,-0.042438526,5003,0,-1.2291702,-5.4194436,-5.8745136,5003,0,0,1,1
2897,21515713,0.85848284,-0.11684066,-0.08060172,8006,0,-1.1750515,-5.4088964,-5.735531,8006,0,0,1,1
2898,21520716,0.71470237,-0.05904851,-0.11831943,5003,0,-1.0370762,-5.374843,-5.704071,5003,0,0,1,1
2899,21525720,0.5596111,0.0010633767,-0.17034686,5004,0,-0.93895316,-5.579856,-5.824257,5004,0,0,1,1
2900,21533725,0.51856756,0.11061602,-0.1980751,8005,0,-0.95945305,-5.304561,-5.227097,8005,0,0,1,1
2901,21541730,0.2899606,0.24599221,-0.24972874,8005,0,-0.9026459,-5.3401637,-5.3297467,8005,0,0,1,1
2902,21551612,0.021243833,0.3965453,-0.3026153,5003,0,-0.8211599,-4.9362535,-4.840821,5003,0,0,1,1
2903,21559743,-0.16321355,0.4588154,-0.31954294,8131,0,-0.83695316,-5.1559596,-5.054294,8131,0,0,1,1
2904,21564746,-0.26489636,0.5057804,-0.29275352,5003,0,-0.99776345,-5.0950665,-5.0215683,5003,0,0,1,1
2905,21569749,-0.38643447,0.5204314,-0.2537396,5003,0,-1.0260265,-4.863544,-4.886042,5003,0,0,1,1
2906,21577755,-0.5177605,0.514114,-0.16917847,8006,0,-1.0447841,-4.7025557,-4.575716,8006,0,0,1,1
2907,21582758,-0.6872039,0.47649556,-0.06863393,5003,0,-0.950837,-4.5927477,-4.6262584,5003,0,0,1,1
2908,21587761,-0.81646204,0.41550905,0.024035454,5003,0,-0.98675865,-4.4725738,-4.3997827,5003,0,0,1,1
2909,21595767,-1.0100389,0.31319785,0.13475153,8006,0,-0.92507464,-4.422939,-4.3858123,8006,0,0,1,1
2910,21600770,-1.2264252,0.2041429,0.2153124,5003,0,-0.70839936,-4.352572,-4.677304,5003,0,0,1,1
2911,21605773,-1.4034736,0.16244514,0.24586347,5003,0,-0.57810676,-4.3889985,-4.759268,5003,0,0,1,1
2912,21613779,-1.5966303,0.19985913,0.26307106,8006,0,-0.16104582,-4.5332,-4.98813,8006,0,0,1,1
2913,21618782,-1.7823678,0.30315322,0.25285172,5003,0,0.24122465,-4.6083064,-5.3634415,5003,0,0,1,1
2914,21623786,-1.8769321,0.42686856,0.24030276,5004,0,0.32736513,-4.5637827,-5.6663427,5004,0,0,1,1
2915,21631791,-2.0051637,0.57157224,0.18992466,8005,0,0.22554676,-4.829642,-6.143573,8005,0,0,1,1
2916,21639796,-2.0872352,0.7116955,0.13542253,8005,0,-0.15529577,-4.956936,-6.716276,8005,0,0,1,1
2917,21649803,-2.0989125,0.7476614,0.23070028,5003,0,-0.7111717,-5.140551,-7.253408,5003,0,0,1,1
2918,21657808,-2.056815,0.6220826,0.40645927,8005,0,-1.1374099,-5.2810526,-7.4857244,8005,0,0,1,1
2919,21662687,-2.0242074,0.4263277,0.604878,4879,0,-1.4774332,-5.239159,-7.731861,4879,0,0,1,1
2920,21667690,-2.0398996,0.253111,0.723305,5003,0,-1.8083583,-5.415811,-8.073072,5003,0,0,1,1
2921,21675821,-2.0320184,0.052669108,0.8279356,8131,0,-2.2935987,-5.30931,-8.085909,8131,0,0,1,1
2922,21680824,-2.037656,-0.12049484,0.8543615,5003,0,-2.795835,-5.2787004,-8.390682,5003,0,0,1,1
2923,21685827,-2.041687,-0.21645266,0.8199725,5003,0,-3.2736783,-5.2825217,-8.514681,5003,0,0,1,1
2924,21693833,-2.0659046,-0.32961452,0.7111925,8006,0,-3.6982148,-5.6089306,-8.683387,8006,0,0,1,1
2925,21698836,-2.1213264,-0.44214934,0.5765414,5003,0,-3.8257651,-5.763699,-8.868111,5003,0,0,1,1
2926,21703714,-2.1303852,-0.5321619,0.5019516,4878,0,-3.8086846,-5.7824154,-8.721672,4878,0,0,1,1
2927,21711845,-2.1511648,-0.64547914,0.44114184,8131,0,-3.6077962,-5.706227,-8.970646,8131,0,0,1,1
2928,21719725,-2.1580575,-0.756878,0.42570323,7880,0,-3.2247977,-5.7532597,-8.867013,7880,0,0,1,1
2929,21729857,-2.1049194,-0.8730259,0.46813986,5003,0,-2.670302,-5.3304157,-9.070778,5003,0,0,1,1
2930,21737863,-2.0480728,-0.88430774,0.5096931,8006,0,-2.3719366,-5.1091914,-8.820644,8006,0,0,1,1
2931,21747869,-1.9815655,-0.9475529,0.72844917,5003,0,-2.1682885,-4.657863,-8.586281,5003,0,0,1,1
2932,21755875,-1.9702156,-0.97543234,0.82112867,8006,0,-2.0334415,-4.123165,-8.523903,8006,0,0,1,1
2933,21760878,-2.000579,-0.9918747,0.8810042,5003,0,-1.9789999,-3.6185684,-8.241018,5003,0,0,1,1
2934,21765881,-2.0609386,-0.9767864,0.91030383,5003,0,-1.8383828,-3.2386045,-8.019573,5003,0,0,1,1
2935,21773762,-2.2101867,-0.87606424,0.902889,7881,0,-1.5533185,-2.8755798,-8.108427,7881,0,0,1,1
2936,21778765,-2.3863006,-0.6768974,0.8643556,5003,0,-1.1663069,-2.6141775,-8.167055,5003,0,0,1,1
2937,21783771,-2.532115,-0.46436876,0.8197786,5006,0,-0.8561655,-2.4882605,-8.141165,5006,0,0,1,1
2938,21791899,-2.7095559,-0.17855842,0.74985695,8128,0,-0.50793064,-2.4513273,-8.312703,8128,0,0,1,1
2939,21799904,-2.9156277,0.14637658,0.6427127,8005,0,-0.1825753,-2.5106566,-9.011115,8005,0,0,1,1
2940,21809787,-3.1097882,0.5064867,0.5388499,4879,0,-0.0007330254,-2.8476717,-10.135282,4879,0,0,1,1
2941,21817916,-3.1326387,0.6444372,0.54996496,8129,0,0.11677111,-3.0162988,-10.5230465,8129,0,0,1,1
2942,21827798,-3.0129318,0.8234391,0.6427246,4878,0,0.042421084,-3.1826088,-11.146269,4878,0,0,1,1
2943,21835928,-2.8482354,0.9013013,0.655163,8130,0,-0.3288723,-3.0902681,-11.369591,8130,0,0,1,1
2944,21845935,-2.563581,0.9213335,0.7213185,5003,0,-1.1007189,-2.6939216,-10.639782,5003,0,0,1,1
2945,21853941,-2.5332637,0.8211859,0.80981356,8006,0,-1.7192063,-2.020005,-10.023579,8006,0,0,1,1
2946,21861947,-2.5973456,0.617645,0.9361858,8006,0,-2.5255096,-1.3002118,-9.552199,8006,0,0,1,1
2947,21866949,-2.6807601,0.41699773,1.024908,5002,0,-3.1144958,-0.9245918,-9.417303,5002,0,0,1,1
2948,21871953,-2.7297127,0.26030743,1.0759584,5004,0,-3.553574,-0.54104555,-9.304775,5004,0,0,1,1
2949,21879958,-2.7794394,0.07685245,1.136045,8005,0,-4.1169014,-0.24157304,-8.944963,8005,0,0,1,1
2950,21889965,-2.913605,-0.18221799,1.2540699,5004,0,-4.5715966,0.19397184,-8.783562,5004,0,0,1,1
2951,21897970,-3.029815,-0.2617573,1.2386563,8005,0,-4.4911823,0.26106766,-9.225648,8005,0,0,1,1
2952,21907977,-3.2174623,-0.29966176,1.0591159,5004,0,-4.009694,0.19331774,-9.840641,5004,0,0,1,1
2953,21915982,-3.2863688,-0.24617857,0.9511897,8005,0,-3.5057423,0.012531756,-10.403488,8005,0,0,1,1
2954,21925989,-3.3620799,-0.053862825,0.7586138,5003,0,-2.600189,-0.44384682,-11.608021,5003,0,0,1,1
2955,21933994,-3.3502886,0.051336642,0.65595216,8005,0,-2.1830857,-0.60711724,-12.010749,8005,0,0,1,1
2956,21942000,-3.3111238,0.19384842,0.57309735,8006,0,-1.8254468,-0.81736785,-12.584177,8006,0,0,1,1
2957,21947003,-3.2279925,0.30618984,0.54601705,5003,0,-1.6671848,-0.8482194,-13.009091,5003,0,0,1,1
2958,21952006,-3.1027393,0.3528409,0.5714763,5003,0,-1.7981416,-0.8958667,-13.053376,5003,0,0,1,1
2959,21960012,-2.906823,0.34506282,0.632587,8006,0,-1.942156,-0.8425077,-13.144564,8006,0,0,1,1
2960,21965015,-2.7059002,0.27547157,0.6935657,5003,0,-1.991836,-0.78071725,-13.180506,5003,0,0,1,1
2961,21970019,-2.5548089,0.17889826,0.7487245,5004,0,-2.1266325,-0.45677018,-13.010522,5004,0,0,1,1
2962,21978024,-2.3731122,0.024423657,0.8306741,8005,0,-2.339758,-0.21970426,-12.556028,8005,0,0,1,1
2963,21988031,-2.1415033,-0.1712546,0.9897672,5004,0,-2.6562254,0.37258768,-11.786854,5004,0,0,1,1
2964,21996036,-2.072337,-0.18216196,1.0962973,8005,0,-2.5948777,0.7590807,-11.458291,8005,0,0,1,1
2965,22006043,-2.0358925,-0.027761275,1.2324274,5004,0,-1.8845766,1.113832,-11.114332,5004,0,0,1,1
2966,22014048,-2.0651963,0.120654985,1.2324111,8005,0,-1.4636191,1.3927238,-11.15949,8005,0,0,1,1
2967,22022054,-2.0902848,0.3411693,1.2082083,8006,0,-0.9365863,1.5017185,-11.256447,8006,0,0,1,1
2968,22027057,-2.0999968,0.5430858,1.218354,5003,0,-0.45306325,1.5411792,-11.380081,5003,0,0,1,1
2969,22032060,-2.1223204,0.6978281,1.2491693,5003,0,-0.20433208,1.4545135,-11.515348,5003,0,0,1,1
2970,22040066,-2.1096864,0.868385,1.3006896,8006,0,-0.10956524,1.5244607,-11.571272,8006,0,0,1,1
2971,22045069,-2.0791893,0.99711996,1.3382927,5003,0,-0.19666111,1.6249903,-11.651581,5003,0,0,1,1
2972,22050072,-2.0504735,1.0725507,1.3631248,5003,0,-0.22659388,1.7219515,-11.705923,5003,0,0,1,1
2973,22058078,-2.0170422,1.1677661,1.4105486,8006,0,-0.22208181,1.8075751,-11.791693,8006,0,0,1,1
2974,22063081,-1.9887692,1.2660908,1.4650382,5003,0,-0.12793991,2.023878,-11.879019,5003,0,0,1,1
2975,22068084,-1.964872,1.3317374,1.5035881,5003,0,-0.093236916,2.02674,-11.795225,5003,0,0,1,1
2976,22076090,-1.9152273,1.4238887,1.5361706,8006,0,-0.2962846,2.153985,-11.739622,8006,0,0,1,1
2977,22086097,-1.8074859,1.5883892,1.5374123,5004,0,-1.0188452,2.5110745,-11.57999,5004,0,0,1,1
2978,22094102,-1.7362715,1.631802,1.4344313,8005,0,-1.83818,2.7446191,-11.40876,8005,0,0,1,1
2979,22102107,-1.6994938,1.6008083,1.2839291,8005,0,-2.6542675,3.0697677,-10.955537,8005,0,0,1,1
2980,22107111,-1.7248646,1.5174401,1.2087008,5004,0,-3.1515927,3.3627179,-10.718086,5004,0,0,1,1
2981,22112114,-1.740125,1.4405437,1.1748439,5003,0,-3.2394283,3.0150778,-10.5576725,5003,0,0,1,1
2982,22120120,-1.8189269,1.2921625,1.135527,8006,0,-3.5633392,2.8568351,-10.123376,8006,0,0,1,1
2983,22125123,-1.890348,1.1377661,1.1132517,5003,0,-3.4798346,2.837653,-10.216017,5003,0,0,1,1
2984,22130126,-1.9343277,1.0376529,1.1073858,5003,0,-3.30363,2.7782826,-10.237312,5003,0,0,1,1
2985,22138132,-1.9576589,0.94437224,1.0848237,8006,0,-2.949979,2.5692332,-10.513933,8006,0,0,1,1
2986,22143135,-1.9164801,0.88077426,1.0527743,5003,0,-2.6456895,2.3643048,-10.722872,5003,0,0,1,1
2987,22148138,-1.8817546,0.8403302,1.006103,5003,0,-2.4308858,2.1806881,-11.070101,5003,0,0,1,1
2988,22156144,-1.8035469,0.80080175,0.93548715,8006,0,-2.1387825,1.9479406,-11.292206,8006,0,0,1,1
2989,22161147,-1.703818,0.7815484,0.8595984,5003,0,-1.7810615,1.8167291,-11.490471,5003,0,0,1,1
2990,22166150,-1.6441098,0.78550065,0.79576194,5003,0,-1.4272996,1.5931504,-11.708313,5003,0,0,1,1
2991,22174156,-1.50983,0.82573014,0.7040479,8006,0,-1.0917649,1.5534978,-11.782411,8006,0,0,1,1
2992,22184163,-1.4883529,0.93721783,0.4679394,5004,0,-0.077265695,0.30708238,-13.427592,5004,0,0,1,1
2993,22192168,-1.210775,0.9990118,0.4450646,8005,0,-0.53782254,2.4058754,-11.451158,8005,0,0,1,1
2994,22200173,-1.0356213,0.98107725,0.4514246,8005,0,-0.7813339,1.5178155,-11.913493,8005,0,0,1,1
2995,22205177,-0.8741962,0.94923216,0.4509361,5004,0,-0.80138004,1.2364484,-12.543835,5004,0,0,1,1
2996,22210180,-0.72439814,0.91870314,0.43151549,5003,0,-1.007643,1.1567168,-12.365553,5003,0,0,1,1
2997,22218185,-0.5123458,0.8312679,0.40417206,8005,0,-1.0287418,1.2515097,-12.0726,8005,0,0,1,1
2998,22223189,-0.2996658,0.7202515,0.35934457,5004,0,-1.1526822,1.0360335,-11.743967,5004,0,0,1,1
2999,22228192,-0.14232638,0.64814764,0.31535777,5003,0,-1.3189152,1.4468491,-11.395111,5003,0,0,1,1
3000,22236198,0.038953226,0.56919414,0.24132846,8006,0,-1.5412711,1.3565962,-11.128054,8006,0,0,1,1
3001,22241201,0.20252877,0.5048684,0.15849182,5003,0,-1.8494076,1.7514086,-10.522203,5003,0,0,1,1
3002,22246204,0.26161972,0.44994926,0.11968194,5003,0,-2.1149256,1.8086157,-10.2234745,5003,0,0,1,1
3003,22254210,0.31215993,0.34883177,0.10148213,8006,0,-2.3655965,2.2183704,-9.700039,8006,0,0,1,1
3004,22259213,0.32813206,0.23519526,0.10166271,5003,0,-2.8803315,2.4165154,-9.401257,5003,0,0,1,1
3005,22264216,0.32570198,0.12692334,0.106192246,5003,0,-3.2090697,2.5096354,-9.2047,5003,0,0,1,1
3006,22272222,0.27527475,-0.030023305,0.10047195,8006,0,-3.401716,2.5732746,-9.193388,8006,0,0,1,1
3007,22280227,0.23502728,-0.264068,0.102992766,8005,0,-3.3553462,2.6284902,-9.298126,8005,0,0,1,1
3008,22290234,0.18914747,-0.5957479,0.073565066,5003,0,-2.802211,2.3039467,-9.595562,5003,0,0,1,1
3009,22298239,0.21311072,-0.7397028,0.054998524,8005,0,-2.3616102,2.2007961,-9.715488,8005,0,0,1,1
3010,22303243,0.25712264,-0.8442177,0.021344667,5004,0,-1.9298428,1.9934626,-9.811863,5004,0,0,1,1
3011,22308246,0.30482078,-0.8797788,-0.031366374,5003,0,-1.5642402,1.927138,-9.831739,5003,0,0,1,1
3012,22316251,0.38490045,-0.85504526,-0.15926991,8005,0,-1.1206603,1.9317771,-9.80869,8005,0,0,1,1
3013,22321255,0.452411,-0.7566592,-0.3305734,5004,0,-0.77654666,2.0006351,-9.694561,5004,0,0,1,1
3014,22326258,0.5040931,-0.6355843,-0.46694294,5003,0,-0.68268985,2.0760593,-9.641886,5003,0,0,1,1
3015,22334263,0.55515456,-0.42914566,-0.65115285,8005,0,-0.8492323,2.0867414,-9.63206,8005,0,0,1,1
3016,22339267,0.60531855,-0.22407591,-0.83071566,5004,0,-1.1827959,2.0935183,-9.59305,5004,0,0,1,1
3017,22344270,0.571517,-0.10951233,-0.94313425,5003,0,-1.4468958,2.3789096,-9.950758,5003,0,0,1,1
3018,22352276,0.6305243,-0.07598111,-1.0455275,8006,0,-1.729753,2.3676167,-9.733467,8006,0,0,1,1
3019,22357279,0.61984193,-0.13555796,-1.1206983,5003,0,-1.9073434,2.4926653,-10.032135,5003,0,0,1,1
3020,22362282,0.7104926,-0.244104,-1.1397301,5003,0,-2.0521808,2.6537669,-9.625635,5003,0,0,1,1
3021,22370288,0.69741243,-0.3991508,-1.1539531,8006,0,-1.7459902,2.458661,-9.938562,8006,0,0,1,1
3022,22378168,0.79262096,-0.58042645,-1.0999936,7880,0,-1.5090687,2.5403473,-9.726702,7880,0,0,1,1
3023,22388300,0.88763255,-0.8006283,-0.9772734,5125,0,-1.2070688,2.8378675,-9.423531,5125,0,0,1,1
3024,22396305,0.88642687,-0.9101562,-0.91267174,8005,0,-0.9140489,2.9471161,-9.689908,8005,0,0,1,1
3025,22401309,0.9394746,-1.0094266,-0.85757,5004,0,-0.6269296,2.7038348,-9.724255,5004,0,0,1,1
3026,22406312,0.94703996,-1.031757,-0.8178585,5003,0,-0.56534696,2.9073439,-9.858543,5003,0,0,1,1
3027,22414318,0.94430506,-1.028069,-0.76453835,8006,0,-0.5834627,2.7719994,-10.046752,8006,0,0,1,1
3028,22419321,0.9354996,-0.9645012,-0.7611241,5003,0,-0.574242,2.5182462,-10.396315,5003,0,0,1,1
3029,22424324,0.93912673,-0.85505974,-0.8166593,5003,0,-0.64941144,2.4158044,-10.591412,5003,0,0,1,1
3030,22432330,0.97586703,-0.68723154,-0.9357849,8006,0,-0.6430082,2.1727011,-10.811264,8006,0,0,1,1
3031,22437333,1.0173537,-0.53691643,-1.0742545,5003,0,-0.6858045,2.0080574,-11.082722,5003,0,0,1,1
3032,22442336,1.0807225,-0.4556444,-1.1752758,5003,0,-0.7008605,2.150033,-11.204117,5003,0,0,1,1
3033,22450342,1.1468226,-0.3889296,-1.3066249,8006,0,-0.6770042,1.8397776,-11.067146,8006,0,0,1,1
3034,22458347,1.1893498,-0.3810647,-1.3342482,8005,0,-0.8122502,2.437706,-10.773539,8005,0,0,1,1
3035,22468354,1.3499708,-0.50173014,-1.1996012,5004,0,-0.91540504,2.5343032,-10.425027,5004,0,0,1,1
3036,22476359,1.4279635,-0.56849587,-1.1119105,8005,0,-0.70540303,2.444868,-10.443017,8005,0,0,1,1
3037,22486366,1.499509,-0.6117262,-0.9961073,5003,0,-0.2952988,2.6844153,-10.340029,5003,0,0,1,1
3038,22494371,1.4457052,-0.5856411,-0.9651396,8005,0,-0.10401261,2.780966,-10.394675,8005,0,0,1,1
3039,22499375,1.4351217,-0.5459825,-0.95271754,5004,0,-0.027879603,2.8170612,-10.322557,5004,0,0,1,1
3040,22504378,1.4304903,-0.4864031,-0.97171074,5003,0,-0.013512343,2.7004616,-10.393431,5003,0,0,1,1
3041,22512383,1.4445479,-0.3593283,-1.0453827,8005,0,-0.07857367,2.560102,-10.354276,8005,0,0,1,1
3042,22517387,1.458201,-0.19800746,-1.1097145,5004,0,-0.14304316,2.4605703,-10.290945,5004,0,0,1,1
3043,22522390,1.4471977,-0.07617263,-1.1349,5003,0,-0.34103394,2.473252,-10.105892,5003,0,0,1,1
3044,22530396,1.4530333,0.03807369,-1.1445276,8006,0,-0.7332445,2.515059,-9.751976,8006,0,0,1,1
3045,22538401,1.4200351,0.125395,-1.1558133,8005,0,-1.0518225,2.5538223,-9.7264,8005,0,0,1,1
3046,22548408,1.3404579,0.16253938,-1.1337895,5004,0,-1.3516303,2.8098829,-9.537489,5004,0,0,1,1
3047,22556413,1.2668455,0.15616852,-1.0969266,8005,0,-1.3934417,2.9518554,-9.412155,8005,0,0,1,1
3048,22566420,1.1109283,0.121215865,-1.0381519,5004,0,-1.4883372,3.1393251,-9.316269,5004,0,0,1,1
3049,22574425,1.0116695,0.11799542,-1.0357715,8005,0,-1.5133003,3.0571883,-9.392407,8005,0,0,1,1
3050,22584432,0.8650739,0.14840175,-1.0804322,5003,0,-1.5501724,2.9037862,-9.523636,5003,0,0,1,1
3051,22592437,0.8049822,0.1602416,-1.0988961,8005,0,-1.5411248,2.7368238,-9.7103815,8005,0,0,1,1
3052,22597441,0.7635838,0.16814102,-1.1012723,5004,0,-1.5728626,2.7074049,-9.8429985,5004,0,0,1,1
3053,22602444,0.7395234,0.13867693,-1.0817986,5003,0,-1.5645659,2.6481118,-9.88373,5003,0,0,1,1
3054,22610449,0.7161109,0.04250632,-1.0267184,8005,0,-1.5409838,2.6290886,-9.928403,8005,0,0,1,1
3055,22618455,0.6868806,-0.13274895,-0.8982228,8006,0,-1.4024221,2.5768666,-9.978235,8006,0,0,1,1
3056,22628461,0.6245526,-0.3766559,-0.6655846,5003,0,-0.889794,2.5640028,-10.056314,5003,0,0,1,1
3057,22636467,0.5847563,-0.43670315,-0.5606726,8006,0,-0.5602644,2.5065312,-10.088514,8006,0,0,1,1
3058,22646474,0.5316075,-0.36857617,-0.46306825,5004,0,-0.16770382,2.3489995,-10.031441,5004,0,0,1,1
3059,22654479,0.5089211,-0.25659946,-0.44090655,8005,0,-0.22671925,2.2502012,-10.281703,8005,0,0,1,1
3060,22664486,0.4762429,-0.055676326,-0.5160301,5128,0,-0.7956135,1.919405,-10.396885,5128,0,0,1,1
3061,22672491,0.45832458,0.023925198,-0.582307,8005,0,-1.2477074,1.7349991,-10.336616,8005,0,0,1,1
3062,22677494,0.45447382,0.059119254,-0.6276929,5003,0,-1.631261,1.6082388,-10.274668,5003,0,0,1,1
3063,22682498,0.45436093,0.044971243,-0.6380521,5004,0,-1.8773963,1.5004895,-10.2631855,5004,0,0,1,1
3064,22690378,0.47385013,-0.026148455,-0.6190905,7880,0,-2.1172276,1.4832596,-10.17763,7880,0,0,1,1
3065,22698509,0.47748804,-0.1553082,-0.5714174,8131,0,-2.3287604,1.510102,-10.073574,8131,0,0,1,1
3066,22703512,0.46842253,-0.27624497,-0.52130836,5003,0,-2.4677215,1.5314972,-9.849182,5003,0,0,1,1
3067,22708515,0.46093327,-0.3729233,-0.48355344,5003,0,-2.493661,1.6601696,-9.720177,5003,0,0,1,1
3068,22716521,0.43297467,-0.4993513,-0.42936143,8006,0,-2.443865,1.8113697,-9.559149,8006,0,0,1,1
3069,22726527,0.35526845,-0.6888455,-0.3447972,5003,0,-2.2092428,1.931929,-9.469723,5003,0,0,1,1
3070,22734533,0.2828428,-0.70227826,-0.34940237,8006,0,-2.1007755,1.6981852,-9.705293,8006,0,0,1,1
3071,22744540,0.15586698,-0.5787561,-0.45539242,5004,0,-1.8958294,1.4710417,-9.893747,5004,0,0,1,1
3072,22752545,0.1102471,-0.48995635,-0.5325788,8005,0,-1.896974,1.219639,-10.032864,8005,0,0,1,1
3073,22760550,0.090826266,-0.40248427,-0.63222486,8005,0,-2.0736868,0.770303,-10.459463,8005,0,0,1,1
3074,22765554,0.103515685,-0.37262207,-0.6984056,5004,0,-2.2475445,0.32637584,-10.764757,5004,0,0,1,1
3075,22770557,0.13274239,-0.37905008,-0.73082393,5003,0,-2.2999773,0.086224675,-10.933077,5003,0,0,1,1
3076,22778562,0.18012413,-0.4276729,-0.73517686,8005,0,-2.2893257,-0.122894876,-11.034671,8005,0,0,1,1
3077,22783566,0.23215495,-0.50516856,-0.7117217,5004,0,-2.3117049,-0.3143171,-11.152859,5004,0,0,1,1
3078,22788569,0.27975166,-0.57391167,-0.6928867,5003,0,-2.3432946,-0.45389175,-11.07169,5003,0,0,1,1
3079,22796574,0.33128864,-0.6688002,-0.67474157,8005,0,-2.328978,-0.53364664,-11.017189,8005,0,0,1,1
3080,22801453,0.36533502,-0.7711471,-0.65824366,4879,0,-2.4752395,-0.32782733,-10.800979,4879,0,0,1,1
3081,22806582,0.4023495,-0.84536034,-0.63777006,5129,0,-2.3888404,-0.22804987,-10.874506,5129,0,0,1,1
3082,22814587,0.45468563,-0.92275697,-0.6032141,8005,0,-2.3782048,-0.46978006,-10.803926,8005,0,0,1,1
3083,22824593,0.5260054,-0.9737519,-0.57534724,5003,0,-2.374435,-0.52812135,-10.539234,5003,0,0,1,1
3084,22832599,0.56892085,-0.96844894,-0.59970576,8006,0,-2.4587066,-0.6228341,-10.393483,8006,0,0,1,1
3085,22840604,0.6198549,-0.94416666,-0.6682079,8005,0,-2.6930401,-0.7944761,-10.344998,8005,0,0,1,1
3086,22845608,0.6638446,-0.92437744,-0.75180936,5004,0,-2.8104155,-1.1010406,-10.419037,5004,0,0,1,1
3087,22850611,0.69717634,-0.8985488,-0.8118349,5003,0,-2.8422642,-0.9703222,-10.381678,5003,0,0,1,1
3088,22858616,0.73686165,-0.8785212,-0.8706559,8005,0,-2.8905625,-0.9509979,-10.317315,8005,0,0,1,1
3089,22863620,0.75519633,-0.8650328,-0.9035228,5004,0,-2.8772275,-0.8094334,-10.307943,5004,0,0,1,1
3090,22868623,0.7579825,-0.8623214,-0.9095264,5003,0,-2.8566236,-0.62819016,-10.16692,5003,0,0,1,1
3091,22876628,0.7258834,-0.8618168,-0.90824056,8005,0,-2.8115592,-0.55759144,-10.108117,8005,0,0,1,1
3092,22881632,0.67936015,-0.8542352,-0.902644,5004,0,-2.67658,-0.4866924,-10.064693,5004,0,0,1,1
3093,22886635,0.6448436,-0.8474622,-0.9017886,5003,0,-2.5343697,-0.50296366,-10.007229,5003,0,0,1,1
3094,22894641,0.5910944,-0.83104515,-0.9070166,8006,0,-2.290224,-0.6023475,-10.042736,8006,0,0,1,1
3095,22899644,0.55537087,-0.80347466,-0.9131782,5003,0,-2.0179324,-0.67847466,-10.103487,5003,0,0,1,1
3096,22904647,0.5299197,-0.76560694,-0.92892706,5003,0,-1.8216103,-0.7794895,-10.154478,5003,0,0,1,1
3097,22912653,0.5136064,-0.6800547,-0.9470035,8006,0,-1.5034329,-1.0234283,-10.190725,8006,0,0,1,1
3098,22920658,0.52110255,-0.500879,-0.97333723,8005,0,-1.1266235,-1.2315676,-10.292621,8005,0,0,1,1
3099,22930665,0.55575204,-0.15361872,-1.0121961,5004,0,-0.6003259,-1.3517272,-10.460711,5004,0,0,1,1
3100,22938545,0.58462846,0.058388043,-1.0616039,7880,0,-0.30381134,-1.5413133,-10.654235,7880,0,0,1,1
3101,22943674,0.64290285,0.29060936,-1.1441985,5129,0,-0.21363018,-1.7354231,-10.891138,5129,0,0,1,1
3102,22948677,0.70372796,0.48316634,-1.2199391,5003,0,-0.23810264,-1.8126143,-11.109301,5003,0,0,1,1
3103,22956682,0.8071568,0.71469015,-1.2913939,8005,0,-0.45116496,-1.7873291,-11.20855,8005,0,0,1,1
3104,22961686,0.91095823,0.8970151,-1.3072511,5004,0,-0.7745452,-1.6269686,-11.304565,5004,0,0,1,1
3105,22966689,0.9598582,0.98811156,-1.282802,5003,0,-0.9717095,-1.5782095,-11.136194,5003,0,0,1,1
3106,22974695,1.0012927,1.0282542,-1.2201011,8006,0,-1.4208689,-1.3231013,-10.829168,8006,0,0,1,1
3107,22979698,1.0148917,1.0093791,-1.134956,5003,0,-1.8072721,-0.9386999,-10.558596,5003,0,0,1,1
3108,22984701,1.003693,0.95496386,-1.0553507,5003,0,-1.9264681,-0.8329015,-10.416632,5003,0,0,1,1
3109,22992707,0.97994083,0.8445999,-0.92861587,8006,0,-2.0145812,-0.59137636,-10.170466,8006,0,0,1,1
3110,23000712,0.9282811,0.69853663,-0.78587526,8005,0,-2.0042934,-0.54641557,-10.052755,8005,0,0,1,1
3111,23010719,0.8364779,0.5468643,-0.6444848,5003,0,-1.5553093,-0.63336277,-10.05055,5003,0,0,1,1
3112,23018724,0.7945215,0.5290438,-0.5943103,8005,0,-1.1177863,-1.0460193,-10.142251,8005,0,0,1,1
3113,23028731,0.76357543,0.6302061,-0.5534993,5004,0,-0.29790097,-1.3661615,-10.110987,5004,0,0,1,1
3114,23036611,0.7848175,0.77633923,-0.5487577,7880,0,0.068342425,-1.3668683,-10.312686,7880,0,0,1,1
3115,23041740,0.8211541,0.9532236,-0.5570387,5129,0,0.3352418,-1.3095498,-10.412502,5129,0,0,1,1
3116,23046743,0.84035397,1.0889014,-0.5612081,5003,0,0.40921044,-1.2942513,-10.614885,5003,0,0,1,1
3117,23054748,0.86286753,1.2515584,-0.5738292,8005,0,0.5280319,-1.2044849,-10.491803,8005,0,0,1,1
3118,23059752,0.8628739,1.4271256,-0.58749527,5004,0,0.84048563,-1.0174879,-10.564838,5004,0,0,1,1
3119,23064755,0.84081066,1.5846622,-0.5911943,5003,0,1.0504754,-0.9980967,-10.531315,5003,0,0,1,1
3120,23072636,0.78731537,1.8159051,-0.61437243,7881,0,1.2838458,-0.79561156,-10.559474,7881,0,0,1,1
3121,23077639,0.75502264,2.0449407,-0.64876133,5003,0,1.2546867,-0.45939496,-10.504267,5003,0,0,1,1
3122,23082767,0.72928596,2.165992,-0.6616444,5128,0,1.0862377,-0.19296938,-10.476829,5128,0,0,1,1
3123,23090773,0.63918245,2.2810297,-0.6694408,8006,0,0.8544151,-0.006792068,-10.3031025,8006,0,0,1,1
3124,23098778,0.49615258,2.389408,-0.6274556,8005,0,0.5377704,0.2244172,-10.0719,8005,0,0,1,1
3125,23108660,0.27998206,2.5109527,-0.50334936,4879,0,-0.10920745,0.4023098,-9.947032,4879,0,0,1,1
3126,23116790,0.17496383,2.5451853,-0.43406978,8130,0,-0.4986391,0.4213935,-10.001642,8130,0,0,1,1
3127,23126677,0.025949517,2.5178728,-0.36461455,4883,0,-1.1198443,0.36786723,-10.184504,4883,0,0,1,1
3128,23134802,-0.050210927,2.41735,-0.34767568,8125,0,-1.285434,0.13028817,-10.3477335,8125,0,0,1,1
3129,23139806,-0.12265909,2.2684915,-0.3471865,5004,0,-1.2916895,-0.032995522,-10.761156,5004,0,0,1,1
3130,23144809,-0.16599266,2.1424477,-0.33975568,5003,0,-1.1371566,-0.18703514,-10.97542,5003,0,0,1,1
3131,23152814,-0.1974292,1.9980253,-0.3187783,8005,0,-0.706007,-0.3175685,-11.296374,8005,0,0,1,1
3132,23157818,-0.19040574,1.8705868,-0.2759471,5004,0,-0.34895435,-0.37179017,-11.475616,5004,0,0,1,1
3133,23162821,-0.18029048,1.7852259,-0.22812665,5003,0,-0.060500525,-0.6770227,-11.592665,5003,0,0,1,1
3134,23170826,-0.1213425,1.7027085,-0.15380226,8005,0,0.2907048,-0.6381096,-11.56095,8005,0,0,1,1
3135,23175830,-0.0555176,1.6515812,-0.056843918,5004,0,0.9044365,-0.55492723,-11.465548,5004,0,0,1,1
3136,23180833,0.0022299327,1.6472491,0.048658583,5003,0,1.3358517,-0.5138056,-11.378723,5003,0,0,1,1
3137,23188713,0.08229823,1.6686096,0.21164115,7880,0,1.9537715,-0.24524905,-11.178107,7880,0,0,1,1
3138,23196844,0.1707384,1.7225661,0.41582093,8131,0,2.562569,0.06461257,-10.889759,8131,0,0,1,1
3139,23206851,0.2319097,1.8629806,0.68764645,5004,0,3.1415694,0.5545375,-10.103958,5004,0,0,1,1
3140,23214856,0.18321718,1.9743071,0.8129942,8005,0,3.0829644,1.0113696,-9.598747,8005,0,0,1,1
3141,23224863,-0.02865195,2.2052822,0.9331873,5128,0,2.1445363,1.6920853,-9.11128,5128,0,0,1,1
3142,23232868,-0.20446117,2.307262,0.9341485,8005,0,1.512662,1.8257861,-9.044402,8005,0,0,1,1
3143,23237872,-0.39335153,2.3616793,0.90097666,5004,0,1.0430509,1.8181716,-9.072516,5004,0,0,1,1
3144,23242875,-0.5338932,2.3692396,0.8625733,5003,0,0.752688,1.6488272,-9.269445,5003,0,0,1,1
3145,23250880,-0.704943,2.353563,0.8072487,8005,0,0.4617656,1.2283325,-9.574205,8005,0,0,1,1
3146,23258762,-0.87669086,2.3123105,0.7367267,7882,0,0.3057639,0.8777944,-9.768572,7882,0,0,1,1
3147,23268771,-0.99279314,2.1750822,0.69304895,5007,0,0.221346,0.28850564,-10.05152,5007,0,0,1,1
3148,23276898,-1.0190663,2.0969064,0.695776,8127,0,0.40870228,0.11531297,-10.132731,8127,0,0,1,1
3149,23286904,-1.0543677,1.9547656,0.7434702,5003,0,0.8691824,0.114655554,-9.932222,5003,0,0,1,1
3150,23294910,-1.0764621,1.8733889,0.7687925,8006,0,1.0836458,0.34949416,-9.785973,8006,0,0,1,1
3151,23304917,-1.1493056,1.7922986,0.8074319,5004,0,1.725397,0.6718466,-9.304562,5004,0,0,1,1
3152,23312922,-1.2145137,1.802421,0.80079347,8005,0,2.249947,0.87055165,-9.060346,8005,0,0,1,1
3153,23320927,-1.2912244,1.8636737,0.7678702,8005,0,2.6470666,1.1804367,-8.871222,8005,0,0,1,1
3154,23325931,-1.3671225,1.930911,0.7476094,5004,0,2.880357,1.3139784,-8.739513,5004,0,0,1,1
3155,23330934,-1.446249,1.9927845,0.72311884,5003,0,2.8963892,1.5409635,-8.786413,5003,0,0,1,1
3156,23338939,-1.5775088,2.0564845,0.6549207,8005,0,2.5559647,1.6284802,-8.815818,8005,0,0,1,1
3157,23343943,-1.7187086,2.101687,0.58064985,5004,0,2.1822011,1.7252887,-9.174784,5004,0,0,1,1
3158,23348946,-1.8065445,2.0723894,0.55990076,5003,0,1.899924,1.7456564,-9.164228,5003,0,0,1,1
3159,23356952,-1.9319723,1.9664658,0.56501704,8006,0,1.5427474,1.5665095,-9.372955,8006,0,0,1,1
3160,23366958,-2.0658436,1.6909165,0.59166336,5003,0,1.3150827,1.2104378,-9.722881,5003,0,0,1,1
3161,23374964,-2.0944088,1.5048691,0.61392516,8006,0,1.3287666,1.052207,-9.800022,8006,0,0,1,1
3162,23382969,-2.107972,1.2792077,0.64273745,8005,0,1.3260748,0.9113913,-9.849847,8005,0,0,1,1
3163,23387972,-2.1062987,1.0941867,0.66136664,5003,0,1.2968394,0.85478026,-9.834621,5003,0,0,1,1
3164,23392976,-2.0850616,0.9438132,0.6668059,5004,0,1.239132,0.86171424,-9.750345,5004,0,0,1,1
3165,23400981,-2.0506601,0.750217,0.6693227,8005,0,1.2367445,0.8852083,-9.780566,8005,0,0,1,1
3166,23405984,-2.0168393,0.57308686,0.67287487,5003,0,1.2162058,0.9002641,-9.665344,5003,0,0,1,1
3167,23410988,-1.9946578,0.459508,0.67051184,5004,0,1.1947571,1.0146419,-9.610813,5004,0,0,1,1
3168,23418993,-1.9828305,0.328558,0.6655553,8005,0,1.1439985,1.2540598,-9.365722,8005,0,0,1,1
3169,23423997,-2.0051136,0.20358914,0.665268,5004,0,1.1974753,1.6170856,-9.101269,5004,0,0,1,1
3170,23429000,-2.0477467,0.1169305,0.66519314,5003,0,1.3246096,1.845491,-9.025375,5003,0,0,1,1
3171,23437005,-2.1298406,0.026493026,0.65569276,8005,0,1.6940207,2.072881,-8.949622,8005,0,0,1,1
3172,23445011,-2.247398,-0.036153883,0.649683,8006,0,2.1643345,2.037418,-8.985395,8006,0,0,1,1
3173,23455018,-2.3804939,-0.03247828,0.63082796,5004,0,2.8123748,1.9608911,-9.0917015,5004,0,0,1,1
3174,23463023,-2.4262273,-0.0093244305,0.60718685,8005,0,3.085273,1.9790769,-9.195052,8005,0,0,1,1
3175,23473030,-2.4726582,0.0027385803,0.5645474,5004,0,3.2756457,2.0983205,-9.44318,5004,0,0,1,1
3176,23480910,-2.4866126,-0.022421049,0.54131025,7880,0,3.2244964,2.1331918,-9.501417,7880,0,0,1,1
3177,23486038,-2.4920318,-0.05127913,0.50371665,5128,0,3.1197,2.2194064,-9.509054,5128,0,0,1,1
3178,23491042,-2.486851,-0.07162046,0.4753723,5004,0,2.989531,2.3451715,-9.538208,5004,0,0,1,1
3179,23499047,-2.4811423,-0.10194201,0.45380053,8005,0,2.574637,2.538858,-9.313987,8005,0,0,1,1
3180,23504050,-2.498239,-0.1602515,0.4606162,5003,0,2.1076171,2.8683164,-9.065716,5003,0,0,1,1
3181,23509054,-2.5455775,-0.22892047,0.46155494,5004,0,1.7546064,3.112497,-8.931761,5004,0,0,1,1
3182,23517059,-2.6329217,-0.34329197,0.4420377,8005,0,1.4300627,3.3500528,-9.068141,8005,0,0,1,1
3183,23525064,-2.7513022,-0.48625717,0.41291964,8005,0,1.3055735,3.337179,-9.266241,8005,0,0,1,1
3184,23535071,-2.8952565,-0.6189844,0.38704824,5128,0,1.6264081,2.9479785,-9.716484,5128,0,0,1,1
3185,23543077,-2.91637,-0.6368533,0.3617098,8006,0,1.7365283,2.748043,-10.028814,8006,0,0,1,1
3186,23553083,-2.8954883,-0.5976796,0.29039457,5003,0,1.7222812,2.5429175,-10.324469,5003,0,0,1,1
3187,23561089,-2.879043,-0.54714745,0.24284013,8006,0,1.5364673,2.6195056,-10.284393,8006,0,0,1,1
3188,23571095,-2.8560038,-0.3663531,0.11154045,5003,0,1.2712232,2.8582358,-10.391043,5003,0,0,1,1
3189,23579101,-2.8805401,-0.23773313,-0.03026111,8006,0,1.1729956,2.950662,-10.603121,8006,0,0,1,1
3190,23584104,-2.9114988,-0.13137567,-0.18724431,5003,0,1.0741688,2.9362862,-10.878006,5003,0,0,1,1
3191,23589108,-2.9322364,-0.07294316,-0.30419412,5004,0,1.1126043,2.8450205,-10.970037,5004,0,0,1,1
3192,23597113,-2.9200702,-0.044331614,-0.44263694,8005,0,1.0939854,2.7552717,-11.225005,8005,0,0,1,1
3193,23602116,-2.8621552,-0.07072303,-0.56454384,5003,0,0.9992431,2.592978,-11.151194,5003,0,0,1,1
3194,23607120,-2.7820108,-0.15943983,-0.6500245,5004,0,0.9391448,2.5343006,-11.155743,5004,0,0,1,1
3195,23615125,-2.6418064,-0.36366343,-0.7284673,8005,0,0.8800941,2.3764684,-11.26201,8005,0,0,1,1
3196,23623130,-2.4185584,-0.70055443,-0.772639,8005,0,0.80085474,2.2952518,-11.477304,8005,0,0,1,1
3197,23633137,-2.0375917,-1.2533344,-0.7803999,5003,0,0.6525534,2.0901809,-11.237619,5003,0,0,1,1
3198,23641143,-1.8062145,-1.5787745,-0.71614695,8006,0,0.44276196,2.123164,-10.971234,8006,0,0,1,1
3199,23651149,-1.3855044,-2.1059928,-0.6748806,5003,0,-0.07049463,2.3722205,-10.507868,5003,0,0,1,1
3200,23659030,-1.1268336,-2.381105,-0.7563701,7881,0,-0.33159432,2.5085914,-10.258524,7881,0,0,1,1
3201,23669161,-0.7433759,-2.784414,-0.8645775,5003,0,0.08631578,2.998774,-10.413038,5003,0,0,1,1
3202,23677167,-0.6270491,-2.9183993,-0.8269542,8006,0,0.5699435,3.2720776,-10.617779,8006,0,0,1,1
3203,23682170,-0.5568311,-3.006882,-0.7697079,5003,0,0.9774552,3.472598,-10.706102,5003,0,0,1,1
3204,23687173,-0.52095723,-3.0351584,-0.7648182,5003,0,1.0902668,3.5547438,-10.741892,5003,0,0,1,1
3205,23695179,-0.48897988,-3.03006,-0.78661454,8006,0,1.1668634,3.561175,-10.787926,8006,0,0,1,1
3206,23700182,-0.44335198,-2.9896283,-0.8274696,5003,0,1.1644336,3.5642834,-10.904343,5003,0,0,1,1
3207,23705185,-0.41906807,-2.932778,-0.87288994,5003,0,1.0473648,3.380933,-11.014711,5003,0,0,1,1
3208,23713191,-0.33665165,-2.8385954,-0.9559698,8006,0,0.742214,3.3969898,-11.202469,8006,0,0,1,1
3209,23721196,-0.25151673,-2.7414095,-1.0902357,8005,0,0.32231438,3.1698868,-11.247764,8005,0,0,1,1
3210,23731203,-0.08380251,-2.7050934,-1.2801446,5003,0,-0.10209756,3.202052,-11.335308,5003,0,0,1,1
3211,23739208,0.02765742,-2.7229097,-1.3491921,8005,0,-0.027855016,3.1817002,-11.314794,8005,0,0,1,1
3212,23749215,0.22467451,-2.7651024,-1.4740956,5003,0,0.15144926,3.399811,-11.038418,5003,0,0,1,1
3213,23757221,0.3224814,-2.7819605,-1.5420895,8006,0,0.17161843,3.415437,-10.598637,8006,0,0,1,1
3214,23767227,0.49971947,-2.7700949,-1.6309983,5003,0,0.40027374,4.239111,-9.711899,5003,0,0,1,1
3215,23775108,0.40022945,-2.7563841,-1.5481658,7881,0,-0.18175127,3.860533,-10.129887,7881,0,0,1,1
3216,23780236,0.42182583,-2.744472,-1.5172731,5128,0,-0.3451508,3.705359,-10.091956,5128,0,0,1,1
3217,23785117,0.4285453,-2.6989908,-1.5509374,4881,0,-0.4941443,3.889102,-10.157337,4881,0,0,1,1
3218,23793245,0.44580194,-2.6198182,-1.6252192,8128,0,-0.43897128,3.8332374,-10.240488,8128,0,0,1,1
3219,23801250,0.43460292,-2.4964285,-1.7107656,8005,0,-0.45809752,3.844888,-10.298143,8005,0,0,1,1
3220,23806254,0.42296946,-2.3732474,-1.7961231,5004,0,-0.64917904,3.7098563,-10.392239,5004,0,0,1,1
3221,23811257,0.41798595,-2.2697194,-1.8637359,5003,0,-0.7421158,3.5924137,-10.447355,5003,0,0,1,1
3222,23819137,0.41527623,-2.1476598,-1.9093364,7880,0,-0.94342476,3.4725604,-10.617646,7880,0,0,1,1
3223,23829269,0.45043138,-1.980089,-1.957438,5003,0,-1.1219074,3.0513923,-11.299604,5003,0,0,1,1
3224,23837274,0.50519663,-1.9018002,-1.9722047,8005,0,-1.1709288,2.8740485,-11.7025,8005,0,0,1,1
3225,23847281,0.6601269,-1.8004434,-1.9354469,5003,0,-1.2151598,2.6319876,-11.966883,5003,0,0,1,1
3226,23855286,0.7688957,-1.7430024,-1.9254323,8005,0,-1.3045743,2.3948698,-12.080825,8005,0,0,1,1
3227,23865168,0.96191823,-1.6113472,-1.9281545,5003,0,-1.2800483,2.4062135,-12.198166,5003,0,0,1,1
3228,23873175,1.0701585,-1.524632,-1.9634546,8007,0,-1.5146563,2.2900786,-12.102882,8007,0,0,1,1
3229,23881304,1.2440901,-1.4540553,-2.032675,8129,0,-1.9495625,2.2269502,-12.028148,8129,0,0,1,1
3230,23886307,1.396636,-1.4308301,-2.0964992,5003,0,-2.3490455,2.1893048,-11.814144,5003,0,0,1,1
3231,23891311,1.5128553,-1.4351583,-2.135119,5004,0,-2.7036319,2.1047845,-11.595079,5004,0,0,1,1
3232,23899316,1.629998,-1.4426166,-2.1571274,8005,0,-3.0859993,2.0809715,-11.453954,8005,0,0,1,1
3233,23904319,1.720361,-1.4423982,-2.125394,5003,0,-3.379026,2.1897748,-11.072199,5003,0,0,1,1
3234,23909323,1.7628314,-1.4291049,-2.0801668,5004,0,-3.4992328,2.2788434,-10.841368,5004,0,0,1,1
3235,23917328,1.7772408,-1.4044013,-2.0409527,8005,0,-3.6194525,2.2537944,-10.49134,8005,0,0,1,1
3236,23927335,1.757242,-1.3677043,-2.0919473,5003,0,-3.866756,2.1550498,-10.384321,5003,0,0,1,1
3237,23935340,1.7573088,-1.3554131,-2.1802738,8005,0,-4.082119,2.0782743,-10.32016,8005,0,0,1,1
3238,23945347,1.734796,-1.3269924,-2.2836807,5003,0,-4.192593,1.9513149,-10.166691,5003,0,0,1,1
3239,23953352,1.7061309,-1.2841227,-2.2626858,8005,0,-4.1976476,2.0022557,-9.933795,8005,0,0,1,1
3240,23961358,1.6580629,-1.2065086,-2.2131648,8006,0,-4.228082,1.936791,-9.670416,8006,0,0,1,1
3241,23966361,1.62238,-1.1303018,-2.1752,5003,0,-4.116219,1.9608918,-9.694319,5003,0,0,1,1
3242,23971239,1.5988041,-1.0689052,-2.1480856,4878,0,-3.9471722,1.9774822,-9.7333,4878,0,0,1,1
3243,23979370,1.5647113,-0.98222184,-2.1484935,8131,0,-3.836167,1.8418646,-9.7882,8131,0,0,1,1
3244,23984373,1.5332491,-0.9038013,-2.1777248,5003,0,-3.7012947,1.6857975,-9.88538,5003,0,0,1,1
3245,23989377,1.5166967,-0.8463694,-2.1923206,5004,0,-3.5892525,1.6470127,-10.065411,5004,0,0,1,1
3246,23997382,1.4952548,-0.7640925,-2.1952212,8005,0,-3.4870193,1.5099437,-10.315227,8005,0,0,1,1
3247,24007389,1.5152895,-0.5965551,-2.206952,5004,0,-3.5021036,1.2754371,-10.644098,5004,0,0,1,1
3248,24015394,1.5436789,-0.5206656,-2.222455,8005,0,-3.4153402,1.0743445,-10.76608,8005,0,0,1,1
3249,24023399,1.566177,-0.445015,-2.223143,8005,0,-3.3620715,0.8496031,-10.897603,8005,0,0,1,1
3250,24033406,1.5743296,-0.29399705,-2.2282298,5003,0,-3.3673184,0.23995775,-11.080074,5003,0,0,1,1
3251,24041412,1.5918665,-0.1633336,-2.2572737,8006,0,-3.3921456,-0.34421104,-11.113989,8006,0,0,1,1
3252,24046415,1.64558,-0.017102502,-2.2953348,5003,0,-3.4319613,-0.78071547,-11.153818,5003,0,0,1,1
3253,24051418,1.7221686,0.10616021,-2.31927,5003,0,-3.5602193,-1.0706954,-11.162916,5003,0,0,1,1
3254,24059299,1.871345,0.2605455,-2.3240378,7881,0,-3.7226074,-1.3748889,-11.119225,7881,0,0,1,1
3255,24064427,2.054396,0.41890556,-2.2930593,5128,0,-3.8528142,-1.5121088,-10.919814,5128,0,0,1,1
3256,24069430,2.222727,0.52689624,-2.235936,5003,0,-3.932327,-1.6193846,-10.626862,5003,0,0,1,1
3257,24077436,2.4226806,0.6329028,-2.124267,8006,0,-4.1508145,-1.4693425,-10.2852955,8006,0,0,1,1
3258,24082439,2.5809848,0.6940384,-1.9913955,5003,0,-4.3372,-1.1671287,-9.950016,5003,0,0,1,1
3259,24087442,2.6564484,0.70094,-1.8848252,5003,0,-4.4540215,-0.97847366,-9.667259,5003,0,0,1,1
3260,24095448,2.6909459,0.665537,-1.7769743,8006,0,-4.7074738,-0.5424707,-9.469315,8006,0,0,1,1
3261,24103453,2.6094022,0.6088023,-1.6619654,8005,0,-5.0916023,-0.49344087,-9.107621,8005,0,0,1,1
3262,24113460,2.3747697,0.4582994,-1.533732,5004,0,-5.1766167,-0.38327393,-9.071392,5004,0,0,1,1
3263,24121465,2.2087703,0.34207436,-1.4860818,8005,0,-4.9441905,-0.44910082,-9.133371,8005,0,0,1,1
3264,24126344,2.0465143,0.2307561,-1.4669261,4879,0,-4.5793667,-0.78528625,-9.265148,4879,0,0,1,1
3265,24131472,1.9409529,0.18665706,-1.4823446,5128,0,-4.201121,-1.090651,-9.322889,5128,0,0,1,1
3266,24139477,1.8445244,0.2322559,-1.5142233,8005,0,-3.4747705,-1.3502256,-9.420835,8005,0,0,1,1
3267,24144481,1.8011634,0.38765848,-1.5207781,5004,0,-2.8192742,-1.543731,-9.36655,5004,0,0,1,1
3268,24149484,1.7858704,0.5643052,-1.5131713,5003,0,-2.345209,-1.7439024,-9.390732,5003,0,0,1,1
3269,24157490,1.7770079,0.8474272,-1.5204678,8006,0,-2.1211057,-2.0202453,-9.473358,8006,0,0,1,1
3270,24162493,1.7769122,1.167902,-1.5650154,5003,0,-1.9857634,-2.1369915,-9.543861,5003,0,0,1,1
3271,24167496,1.7795534,1.40412,-1.604482,5003,0,-1.8550416,-2.0931625,-9.723761,5003,0,0,1,1
3272,24175503,1.7964182,1.6572376,-1.6281396,8007,0,-1.8726356,-1.8586421,-9.406671,8007,0,0,1,1
3273,24183507,1.705392,1.9676574,-1.6333276,8004,0,-1.9409002,-1.8033738,-9.59616,8004,0,0,1,1
3274,24193514,1.7567455,2.3668866,-1.5169996,5004,0,-2.1071274,-2.0575159,-9.566622,5004,0,0,1,1
3275,24201519,1.8287163,2.523498,-1.3982983,8005,0,-2.1072135,-2.3574855,-9.679505,8005,0,0,1,1
3276,24211526,1.8914922,2.6476655,-1.132687,5004,0,-1.8350815,-2.6622581,-9.815212,5004,0,0,1,1
3277,24219531,1.8832031,2.6001964,-0.9474021,8005,0,-1.7127678,-2.881611,-9.774133,8005,0,0,1,1
3278,24224534,1.8706213,2.5028582,-0.69930387,5003,0,-1.4675483,-2.8504238,-9.784771,5003,0,0,1,1
3279,24229538,1.8504207,2.3909194,-0.5191187,5004,0,-1.4408816,-2.8387537,-9.4157505,5004,0,0,1,1
3280,24237543,1.7504277,2.301729,-0.28620613,8005,0,-1.5882919,-2.822802,-9.864496,8005,0,0,1,1
3281,24245548,1.678557,2.1156254,0.017512402,8005,0,-1.5836378,-2.8322198,-9.6117935,8005,0,0,1,1
3282,24250427,1.6349138,1.9518621,0.28111002,4879,0,-1.7954037,-2.419946,-9.489998,4879,0,0,1,1
3283,24255555,1.5020162,1.8211722,0.40552604,5128,0,-1.7079226,-2.8392317,-9.438087,5128,0,0,1,1
3284,24263561,1.3513032,1.7113914,0.48022643,8006,0,-1.6093621,-2.7441201,-9.667143,8006,0,0,1,1
3285,24273567,1.0557532,1.6098944,0.38234904,5003,0,-1.1711224,-2.8902404,-9.871244,5003,0,0,1,1
3286,24281448,0.9664518,1.650881,0.27887374,7881,0,-0.86134857,-2.762371,-9.5816145,7881,0,0,1,1
3287,24291579,0.8167688,1.8452007,0.09159311,5003,0,-0.3274021,-2.7226393,-9.37756,5003,0,0,1,1
3288,24299585,0.7222328,2.0517874,0.0047840173,8006,0,-0.17615163,-2.6686974,-9.250256,8006,0,0,1,1
3289,24307590,0.63941264,2.3258631,-0.04245481,8005,0,0.06627404,-2.3923094,-8.916411,8005,0,0,1,1
3290,24312594,0.5760503,2.5431519,-0.042283837,5004,0,0.18543905,-2.2856984,-8.699514,5004,0,0,1,1
3291,24317597,0.5175674,2.7053106,-0.030966958,5003,0,0.21273492,-2.133545,-8.629248,5003,0,0,1,1
3292,24325602,0.42952535,2.9421027,-0.0048531983,8005,0,0.15216593,-2.0461922,-8.843377,8005,0,0,1,1
3293,24330606,0.35452983,3.2159486,-0.0076587303,5004,0,0.034120366,-2.3991892,-9.033045,5004,0,0,1,1
3294,24335609,0.317054,3.4017618,-0.05961084,5003,0,-0.21989179,-2.806938,-9.366798,5003,0,0,1,1
3295,24343614,0.23215759,3.566469,-0.20578532,8005,0,-1.3347704,-3.2664933,-9.143403,8005,0,0,1,1
3296,24348618,0.13560045,3.5613987,-0.31380618,5004,0,-1.2393407,-2.8421235,-9.624893,5004,0,0,1,1
3297,24353621,0.08969874,3.434946,-0.29708827,5003,0,-0.7219603,-3.0475125,-10.047916,5003,0,0,1,1
3298,24361627,0.061820433,3.222123,-0.21080156,8006,0,-0.59438497,-3.9117303,-10.658783,8006,0,0,1,1
3299,24371633,0.057187613,2.7227447,0.07099866,5003,0,-0.60296214,-4.3806343,-10.886398,5003,0,0,1,1
3300,24379639,0.09349911,2.4125304,0.31673598,8006,0,-0.6422572,-4.236287,-10.554491,8006,0,0,1,1
3301,24387644,0.15818459,2.0820968,0.61168224,8005,0,-0.63851804,-4.127796,-10.34799,8005,0,0,1,1
3302,24392647,0.21755026,1.8914615,0.78755206,5003,0,-0.56346834,-4.0071416,-10.235422,5003,0,0,1,1
3303,24397651,0.25557587,1.8023134,0.8724592,5004,0,-0.37647232,-3.8129587,-10.026622,5004,0,0,1,1
3304,24405656,0.23575409,1.7597857,0.91787404,8005,0,0.10245115,-3.456463,-9.606724,8005,0,0,1,1
3305,24410660,0.16021702,1.8068311,0.9165472,5004,0,0.6374707,-3.002041,-9.165197,5004,0,0,1,1
3306,24415663,0.076550454,1.9036838,0.87211645,5003,0,1.0665513,-2.841632,-8.883148,5003,0,0,1,1
3307,24423543,-0.028001675,2.1002731,0.753728,7880,0,1.6332446,-2.6084757,-8.639613,7880,0,0,1,1
3308,24428550,-0.13845845,2.3320668,0.62035155,5007,0,2.2706451,-2.1808758,-8.552531,5007,0,0,1,1
3309,24433551,-0.25912148,2.526886,0.5298903,5001,0,2.6435406,-2.1045914,-8.467346,5001,0,0,1,1
3310,24441680,-0.43275148,2.7798522,0.40775523,8129,0,2.8008943,-1.9517987,-8.493062,8129,0,0,1,1
3311,24446684,-0.6050736,3.0055122,0.2991361,5004,0,2.6756542,-1.9366293,-8.654991,5004,0,0,1,1
3312,24451687,-0.75312114,3.1197116,0.23074242,5003,0,2.4108143,-1.9963036,-8.981024,5003,0,0,1,1
3313,24459693,-0.94858044,3.1778824,0.16727279,8006,0,1.9294566,-2.0789242,-9.419826,8006,0,0,1,1
3314,24469699,-1.2157252,3.119253,0.08393416,5003,0,1.0803919,-2.3173165,-9.516651,5003,0,0,1,1
3315,24477705,-1.2825367,3.0347679,0.074433826,8006,0,0.61977875,-2.5269237,-9.4302025,8006,0,0,1,1
3316,24485585,-1.3439418,2.8846266,0.084359944,7880,0,0.22863893,-2.6193964,-9.423951,7880,0,0,1,1
3317,24490713,-1.4143409,2.7523556,0.09521676,5128,0,0.18730015,-2.677038,-9.431545,5128,0,0,1,1
3318,24495717,-1.454523,2.6625514,0.11414937,5004,0,0.38652286,-2.5789874,-9.177923,5004,0,0,1,1
3319,24503722,-1.5108439,2.566779,0.13556974,8005,0,0.8536748,-2.4988403,-9.035815,8005,0,0,1,1
3320,24508726,-1.5816097,2.5086277,0.16127867,5004,0,1.5214329,-2.2610264,-8.851543,5004,0,0,1,1
3321,24513729,-1.6217028,2.498201,0.18734169,5003,0,2.126475,-1.9811409,-8.71843,5003,0,0,1,1
3322,24521734,-1.7229474,2.5375144,0.2050075,8005,0,3.012258,-1.8007572,-8.4446,8005,0,0,1,1
3323,24526615,-1.8198059,2.6382432,0.19568707,4881,0,3.8144443,-1.4837351,-8.437912,4881,0,0,1,1
3324,24531741,-1.8880595,2.7562685,0.1719235,5126,0,4.23855,-1.2196227,-8.389929,5126,0,0,1,1
3325,24539746,-1.982048,2.9270844,0.11128835,8005,0,4.4591866,-1.113652,-8.511634,8005,0,0,1,1
3326,24544750,-2.0911858,3.069375,0.015421876,5004,0,4.2881474,-0.9794306,-8.66744,5004,0,0,1,1
3327,24549753,-2.1865265,3.1132379,-0.060321186,5003,0,3.9316366,-1.1029743,-8.98612,5003,0,0,1,1
3328,24557633,-2.3269796,3.0721426,-0.15104444,7880,0,3.4117944,-1.4208602,-9.496367,7880,0,0,1,1
3329,24567765,-2.5062494,2.7740858,-0.23158906,5003,0,2.5268495,-1.9548289,-10.288105,5003,0,0,1,1
3330,24575770,-2.501906,2.5442402,-0.23028114,8005,0,2.376025,-2.3636587,-10.641903,8005,0,0,1,1
3331,24583776,-2.398814,2.2446892,-0.17648041,8006,0,2.408294,-2.7939832,-10.640339,8006,0,0,1,1
3332,24588779,-2.2556746,2.0103688,-0.0793022,5003,0,2.5580897,-2.8433044,-10.810005,5003,0,0,1,1
3333,24593783,-2.1305668,1.8279903,0.026690537,5004,0,2.7181616,-2.916479,-10.632519,5004,0,0,1,1
3334,24601788,-1.9612478,1.6005008,0.17734803,8005,0,2.8803186,-2.6989095,-10.475799,8005,0,0,1,1
3335,24606791,-1.8232373,1.3918324,0.32735062,5003,0,3.0930145,-2.4985225,-10.166353,5003,0,0,1,1
3336,24611670,-1.7325994,1.2455231,0.43805557,4879,0,3.2773736,-2.2626317,-9.61638,4879,0,0,1,1
3337,24619800,-1.6691779,1.0859731,0.5412198,8130,0,3.4796462,-1.7227433,-9.324942,8130,0,0,1,1
3338,24624803,-1.639836,0.9828435,0.58613557,5003,0,3.7606359,-1.1943375,-9.062485,5003,0,0,1,1
3339,24629807,-1.6961095,0.94769466,0.5840195,5004,0,4.065092,-0.9380622,-8.892311,5004,0,0,1,1
3340,24637812,-1.7573478,0.96202433,0.56507915,8005,0,4.5367126,-0.60936534,-8.581664,8005,0,0,1,1
3341,24642815,-1.8418206,1.0204977,0.53840107,5003,0,5.005919,-0.3856721,-8.489552,5003,0,0,1,1
3342,24647819,-1.9187057,1.0910909,0.5110227,5004,0,5.2927856,-0.24529654,-8.368498,5004,0,0,1,1
3343,24655824,-2.0261686,1.2040194,0.4761228,8005,0,5.4629736,0.0109574795,-8.13715,8005,0,0,1,1
3344,24663830,-2.1610467,1.3493731,0.43324715,8006,0,5.604544,0.3745805,-7.9477544,8006,0,0,1,1
3345,24673836,-2.3750262,1.5252037,0.35216656,5003,0,5.613459,1.0055783,-7.78256,5003,0,0,1,1
3346,24681842,-2.5111668,1.6043432,0.2758694,8006,0,5.581916,1.2765485,-7.6740603,8006,0,0,1,1
3347,24686845,-2.6737483,1.6690799,0.21562712,5003,0,5.5316978,1.5086381,-7.574005,5003,0,0,1,1
3348,24691848,-2.812241,1.7067664,0.19358203,5003,0,5.4052963,1.6829196,-7.631459,5003,0,0,1,1
3349,24699854,-3.0103157,1.7314994,0.19072218,8006,0,5.0944,1.7975479,-7.7130203,8006,0,0,1,1
3350,24704857,-3.2079716,1.7136492,0.18930636,5003,0,4.7093053,1.8231055,-7.8169765,5003,0,0,1,1
3351,24709736,-3.3404493,1.6576661,0.1799975,4879,0,4.4488325,1.8156221,-7.9210567,4879,0,0,1,1
3352,24717866,-3.4882534,1.5277241,0.15488033,8130,0,4.194404,1.7266263,-8.158695,8130,0,0,1,1
3353,24722869,-3.607657,1.3635038,0.14062288,5003,0,4.0690794,1.5299429,-8.412693,5003,0,0,1,1
3354,24727873,-3.6717014,1.214767,0.14802171,5004,0,3.9910293,1.378141,-8.556587,5004,0,0,1,1
3355,24735878,-3.7153156,0.9984791,0.17889984,8005,0,3.920789,1.0884111,-8.773206,8005,0,0,1,1
3356,24743883,-3.7151175,0.7072068,0.21447699,8005,0,3.884017,0.79330194,-8.953928,8005,0,0,1,1
3357,24753765,-3.6294594,0.29568094,0.2103278,5003,0,3.642911,0.48222697,-9.098635,5003,0,0,1,1
3358,24761895,-3.5227342,0.096832216,0.16043916,8130,0,3.5469108,0.38839757,-9.042785,8130,0,0,1,1
3359,24771902,-3.275658,-0.21896917,0.04467023,5003,0,3.251381,0.61040723,-9.24432,5003,0,0,1,1
3360,24779908,-3.15719,-0.38009226,-0.009440042,8006,0,3.0588858,0.9696084,-9.4569025,8006,0,0,1,1
3361,24784911,-3.0580323,-0.5201769,-0.06698137,5003,0,2.9933622,1.3929484,-9.676659,5003,0,0,1,1
3362,24789914,-3.0147526,-0.6151131,-0.123610355,5003,0,3.0785952,1.6620852,-9.75823,5003,0,0,1,1
3363,24797920,-3.0055587,-0.7329655,-0.24950932,8006,0,3.1645155,2.1060977,-10.004868,8006,0,0,1,1
3364,24802923,-3.0505404,-0.83400565,-0.4258187,5003,0,3.2167826,2.3767211,-9.990835,5003,0,0,1,1
3365,24807802,-3.0935993,-0.8881355,-0.5471023,4879,0,3.383888,2.5288408,-10.104188,4879,0,0,1,1
3366,24815932,-3.1548417,-0.9264496,-0.6605663,8130,0,3.4786222,2.3979945,-10.062563,8130,0,0,1,1
3367,24823937,-3.2005663,-0.95254594,-0.70400995,8005,0,3.5797648,2.3817332,-10.116952,8005,0,0,1,1
3368,24833944,-3.1854944,-1.0300136,-0.6389149,5004,0,3.4274313,2.3956826,-10.159277,5004,0,0,1,1
3369,24841824,-3.1243093,-1.1303327,-0.6407786,7880,0,2.81801,2.4460704,-10.333194,7880,0,0,1,1
3370,24851956,-3.0772395,-1.3510213,-0.81654054,5004,0,2.1477423,2.4842691,-10.463078,5004,0,0,1,1
3371,24859843,-3.0948822,-1.508193,-0.9180985,7887,0,2.0183144,2.3533883,-10.545081,7887,0,0,1,1
3372,24864965,-3.148351,-1.6814467,-0.9793168,5122,0,2.1257408,2.0053968,-10.458633,5122,0,0,1,1
3373,24869968,-3.147455,-1.8135748,-1.0194951,5003,0,2.092908,2.2039104,-10.916578,5003,0,0,1,1
3374,24877973,-3.0580037,-1.9640601,-1.0924103,8005,0,2.1822934,1.9620044,-11.075685,8005,0,0,1,1
3375,24885979,-2.869347,-2.1671143,-1.1147636,8006,0,2.5176027,1.8486187,-10.832668,8006,0,0,1,1
3376,24890982,-2.6760466,-2.303889,-1.0892614,5003,0,2.6398518,1.833551,-10.840031,5003,0,0,1,1
3377,24895985,-2.4900925,-2.3657346,-1.0859617,5003,0,2.7135525,1.7365911,-10.812704,5003,0,0,1,1
3378,24903991,-2.240528,-2.4132342,-1.0947851,8006,0,2.7729213,1.7245301,-10.639938,8006,0,0,1,1
3379,24913998,-1.8432739,-2.4914882,-1.0180957,5004,0,3.2459586,2.0078216,-10.359659,5004,0,0,1,1
3380,24922003,-1.6415565,-2.5357387,-0.9226653,8005,0,3.3182027,2.3416505,-10.351431,8005,0,0,1,1
3381,24932010,-1.3875608,-2.5825124,-0.8012317,5004,0,3.3757296,2.8982286,-10.771221,5004,0,0,1,1
3382,24940015,-1.2692869,-2.5774708,-0.79892397,8005,0,3.2200248,3.1691418,-10.932034,8005,0,0,1,1
3383,24948020,-1.1332583,-2.5414863,-0.89728856,8005,0,2.8131816,3.47843,-10.965858,8005,0,0,1,1
3384,24953024,-1.04622,-2.5239103,-1.039228,5004,0,2.3929012,3.54993,-10.565084,5004,0,0,1,1
3385,24958027,-0.99145854,-2.5227199,-1.1632613,5003,0,1.9470786,3.7328486,-10.312008,5003,0,0,1,1
3386,24966032,-0.927767,-2.5233142,-1.3103079,8005,0,1.395361,3.6237307,-10.064572,8005,0,0,1,1
3387,24971036,-0.87276614,-2.5258555,-1.4146637,5004,0,0.91735506,3.497493,-9.876032,5004,0,0,1,1
3388,24976039,-0.82862335,-2.5357068,-1.4618928,5003,0,0.5349793,3.3370728,-9.71418,5003,0,0,1,1
3389,24984044,-0.7364826,-2.5638034,-1.4957671,8005,0,0.05341953,3.3489873,-9.767691,8005,0,0,1,1
3390,24989048,-0.6004988,-2.6298225,-1.536301,5004,0,-0.4954564,3.5113826,-9.936604,5004,0,0,1,1
3391,24994051,-0.49095994,-2.7067459,-1.5865142,5003,0,-0.8009729,3.5163999,-9.98354,5003,0,0,1,1
3392,25002056,-0.34242365,-2.831559,-1.626264,8005,0,-0.6928426,3.8222365,-10.306745,8005,0,0,1,1
3393,25012063,-0.14853111,-3.019052,-1.7073785,5003,0,-0.48372844,3.987353,-11.033396,5003,0,0,1,1
3394,25020068,-0.060628746,-3.0985732,-1.7351074,8005,0,-0.16493495,4.127829,-11.122578,8005,0,0,1,1
3395,25030075,0.06209838,-3.183204,-1.6861427,5003,0,-0.13705325,4.0189743,-11.425537,5003,0,0,1,1
3396,25038081,0.17487167,-3.1995056,-1.726401,8006,0,-0.21490803,4.252079,-11.3412895,8006,0,0,1,1
3397,25046086,0.09930269,-3.2400758,-1.7821088,8005,0,-0.24298666,4.2834706,-11.94655,8005,0,0,1,1
3398,25051089,0.19675994,-3.2436712,-1.8739365,5003,0,-0.24802855,3.8995917,-12.044544,5003,0,0,1,1
3399,25056093,0.28466436,-3.233455,-1.9813048,5004,0,-0.17033437,4.253564,-11.79451,5004,0,0,1,1
3400,25064098,0.40488738,-3.1884573,-2.0727823,8005,0,-0.067916244,3.8664875,-11.699281,8005,0,0,1,1
3401,25069101,0.5228296,-3.1011193,-2.1363869,5003,0,-0.0024022534,3.6126316,-11.826162,5003,0,0,1,1
3402,25074105,0.62242186,-2.9841418,-2.1847403,5004,0,-0.091266625,3.4646032,-11.977848,5004,0,0,1,1
3403,25082110,0.7654775,-2.8077464,-2.2587972,8005,0,-0.22597362,3.2096786,-12.091121,8005,0,0,1,1
3404,25087113,0.921698,-2.6310296,-2.3410094,5003,0,-0.5324483,3.0436745,-12.154324,5003,0,0,1,1
3405,25092117,1.0371896,-2.5010939,-2.402551,5004,0,-0.74182045,2.9834576,-12.172794,5004,0,0,1,1
3406,25100122,1.1721749,-2.3488395,-2.4673219,8005,0,-0.9476762,2.986271,-12.223847,8005,0,0,1,1
3407,25110129,1.416587,-2.1563575,-2.5482714,5003,0,-1.5759778,2.9463532,-12.0751,5003,0,0,1,1
3408,25118134,1.5529695,-2.1173656,-2.5600781,8005,0,-1.7235594,3.0718362,-11.918012,8005,0,0,1,1
3409,25128141,1.7267276,-2.134715,-2.5118008,5003,0,-1.6398895,3.333981,-11.543352,5003,0,0,1,1
3410,25136146,1.7938782,-2.137183,-2.4534283,8005,0,-1.471556,3.5906556,-11.396348,8005,0,0,1,1
3411,25144152,1.8325607,-2.0948298,-2.4022195,8006,0,-1.1779634,3.738804,-11.269607,8006,0,0,1,1
3412,25149155,1.8416563,-2.0244079,-2.3809097,5003,0,-0.9556273,3.8298047,-11.030279,5003,0,0,1,1
3413,25154158,1.8337055,-1.9357073,-2.3800833,5003,0,-0.98532206,3.7831268,-11.034113,5003,0,0,1,1
3414,25162164,1.8218352,-1.7610818,-2.4018314,8006,0,-1.2146137,3.5962057,-10.905544,8006,0,0,1,1
3415,25167167,1.8142295,-1.5545567,-2.4389122,5003,0,-1.5729918,3.139455,-10.598595,5003,0,0,1,1
3416,25172171,1.7936844,-1.3711703,-2.488108,5004,0,-1.8460387,2.8429148,-10.661091,5004,0,0,1,1
3417,25180176,1.7984974,-1.1570404,-2.5344422,8005,0,-2.1415815,2.5189424,-10.56365,8005,0,0,1,1
3418,25185179,1.8181553,-0.978557,-2.5654054,5003,0,-2.531958,2.1426296,-10.657259,5003,0,0,1,1
3419,25190183,1.8535662,-0.87224036,-2.588861,5004,0,-2.8530421,1.8588998,-10.7896595,5004,0,0,1,1
3420,25198188,1.9248472,-0.7632729,-2.618295,8005,0,-3.2758927,1.5673997,-10.93592,8005,0,0,1,1
3421,25208195,2.1055653,-0.6433998,-2.5902712,5004,0,-3.4882174,1.3410351,-10.96826,5004,0,0,1,1
3422,25216200,2.202996,-0.6291132,-2.533026,8005,0,-3.4234245,1.3606093,-10.9071865,8005,0,0,1,1
3423,25224205,2.3211355,-0.6437297,-2.4497855,8005,0,-3.4148955,1.3818525,-10.758297,8005,0,0,1,1
3424,25229209,2.399538,-0.6484128,-2.4064586,5004,0,-3.4750426,1.3944318,-10.790623,5004,0,0,1,1
3425,25234212,2.4399936,-0.6355206,-2.4077647,5003,0,-3.3993871,1.3757484,-10.835627,5003,0,0,1,1
3426,25242092,2.4831464,-0.60741687,-2.4425886,7880,0,-3.355034,1.2819953,-10.765388,7880,0,0,1,1
3427,25247221,2.536752,-0.57126254,-2.4783225,5129,0,-3.397565,1.1903937,-10.670126,5129,0,0,1,1
3428,25252224,2.574881,-0.54401284,-2.4715295,5003,0,-3.3977118,1.1461482,-10.537294,5003,0,0,1,1
3429,25260230,2.608423,-0.5157065,-2.400085,8006,0,-3.3465033,1.1901827,-10.276436,8006,0,0,1,1
3430,25265233,2.6305032,-0.48645777,-2.2929556,5003,0,-3.2520595,1.1628127,-10.288151,5003,0,0,1,1
3431,25270236,2.624862,-0.45508566,-2.2038455,5003,0,-3.2528102,1.195322,-10.109381,5003,0,0,1,1
3432,25278242,2.58612,-0.41761887,-2.0890455,8006,0,-3.1407566,1.0584867,-9.984215,8006,0,0,1,1
3433,25283245,2.5494187,-0.39537084,-1.9809134,5003,0,-2.9681807,1.1413617,-9.811386,5003,0,0,1,1
3434,25288248,2.4868689,-0.38419935,-1.916611,5003,0,-2.896805,0.9576789,-9.947311,5003,0,0,1,1
3435,25296254,2.4332075,-0.3390331,-1.8398793,8006,0,-3.0347188,0.53860664,-9.866196,8006,0,0,1,1
3436,25306260,2.3920376,-0.0673579,-1.88379,5003,0,-2.301192,-0.5715554,-9.767628,5003,0,0,1,1
3437,25314266,2.4176764,0.24608378,-1.9290948,8006,0,-2.106913,-0.8906913,-9.841913,8006,0,0,1,1
3438,25322271,2.4743843,0.6722237,-1.9492761,8005,0,-2.1377428,-1.2112199,-9.828448,8005,0,0,1,1
3439,25327275,2.5043736,0.9679911,-1.895779,5004,0,-2.1469882,-1.1870029,-9.882505,5004,0,0,1,1
3440,25332278,2.5035028,1.1365006,-1.8119639,5003,0,-2.1560829,-1.0699146,-9.901171,5003,0,0,1,1
3441,25340158,2.4708576,1.2739187,-1.6519574,7880,0,-2.1855626,-0.93927526,-9.8853445,7880,0,0,1,1
3442,25345287,2.4125288,1.3464255,-1.4787726,5129,0,-2.1223567,-0.8347495,-9.922085,5129,0,0,1,1
3443,25350165,2.351837,1.3740327,-1.3440037,4878,0,-2.068112,-0.8324923,-9.986356,4878,0,0,1,1
3444,25358170,2.2474873,1.4262561,-1.1800034,8005,0,-2.0098,-1.0706812,-10.154202,8005,0,0,1,1
3445,25363300,2.137977,1.4991863,-1.023722,5130,0,-2.0993495,-1.3116385,-10.400778,5130,0,0,1,1
3446,25368302,2.0589254,1.5344582,-0.9416293,5002,0,-2.090221,-1.7310134,-10.584514,5002,0,0,1,1
3447,25376308,2.0598238,1.6174841,-0.83718824,8006,0,-2.2945611,-1.8924106,-10.729157,8006,0,0,1,1
3448,25381186,2.026697,1.6893595,-0.8067621,4878,0,-2.3237772,-2.519739,-10.954053,4878,0,0,1,1
3449,25386314,2.0664775,1.7750381,-0.80371964,5128,0,-2.4169102,-2.5598354,-10.870932,5128,0,0,1,1
3450,25394320,2.1180725,1.9038279,-0.8421878,8006,0,-2.2620697,-2.7485807,-11.165314,8006,0,0,1,1
3451,25402325,2.195376,2.0609267,-0.9032156,8005,0,-2.2309895,-2.8251019,-11.176869,8005,0,0,1,1
3452,25412332,2.3121424,2.2700691,-1.0476419,5004,0,-1.8790759,-2.541169,-10.944815,5004,0,0,1,1
3453,25420337,2.3825464,2.372753,-1.0943625,8005,0,-1.7548125,-2.188346,-10.711308,8005,0,0,1,1
3454,25425340,2.398833,2.46275,-1.0963111,5003,0,-1.6336788,-1.9795027,-10.437477,5003,0,0,1,1
3455,25430344,2.3962605,2.5225937,-1.0484283,5004,0,-1.5369451,-1.688846,-10.046989,5004,0,0,1,1
3456,25438349,2.3458955,2.5469773,-0.9365389,8005,0,-1.235106,-1.6960319,-9.543372,8005,0,0,1,1
3457,25443352,2.2775424,2.5234504,-0.773647,5003,0,-0.7657958,-1.5028131,-9.115656,5003,0,0,1,1
3458,25448356,2.1925466,2.4836442,-0.6239369,5004,0,-0.47559035,-1.4079965,-8.824499,5004,0,0,1,1
3459,25456361,2.0324192,2.425874,-0.4051821,8005,0,-0.1429192,-1.3720769,-8.514179,8005,0,0,1,1
3460,25461240,1.8396975,2.369429,-0.18890989,4879,0,-0.026755186,-1.4250814,-8.323481,4879,0,0,1,1
3461,25466368,1.6923227,2.3253875,-0.035935566,5128,0,0.021592513,-1.4713358,-8.238385,5128,0,0,1,1
3462,25474373,1.4747822,2.2731779,0.1460693,8005,0,-0.04347326,-1.6155374,-8.183016,8005,0,0,1,1
3463,25482379,1.1997523,2.200638,0.3185927,8006,0,-0.13093662,-1.7572368,-8.197399,8006,0,0,1,1
3464,25492385,0.80693525,2.1405694,0.4681542,5003,0,0.24887887,-1.861689,-8.627211,5003,0,0,1,1
3465,25500391,0.6100172,2.1417859,0.5160592,8006,0,0.7477046,-2.1864486,-8.853909,8006,0,0,1,1
3466,25510397,0.4056263,2.272803,0.54273283,5003,0,1.5946616,-2.5698879,-9.234861,5003,0,0,1,1
3467,25518403,0.37913004,2.41334,0.5676562,8006,0,1.8370783,-2.6273916,-9.3989935,8006,0,0,1,1
3468,25523406,0.36949918,2.5726044,0.6096912,5003,0,1.8338456,-2.5430799,-9.627037,5003,0,0,1,1
3469,25528410,0.35953107,2.7281735,0.6303738,5004,0,1.6619539,-2.6343095,-9.771179,5004,0,0,1,1
3470,25536415,0.3629681,2.948341,0.63414097,8005,0,1.2443329,-2.563192,-9.774887,8005,0,0,1,1
3471,25541418,0.3442021,3.1143177,0.59581375,5003,0,0.73205227,-2.5607955,-9.858788,5003,0,0,1,1
3472,25546421,0.3198041,3.169086,0.53206724,5003,0,0.37197882,-2.6050856,-9.966261,5003,0,0,1,1
3473,25554427,0.2789294,3.1666477,0.4410003,8006,0,0.13511494,-2.5643873,-9.876936,8006,0,0,1,1
3474,25562432,0.18899284,3.107102,0.35521,8005,0,-0.12964433,-2.7980764,-9.812427,8005,0,0,1,1
3475,25572439,0.020880714,2.9459698,0.27480534,5003,0,-0.5347339,-3.1816163,-9.91291,5003,0,0,1,1
3476,25580444,-0.06236142,2.8194199,0.24590519,8005,0,-0.68415797,-3.2832422,-10.000686,8005,0,0,1,1
3477,25590451,-0.1689902,2.5944736,0.27491105,5003,0,-0.51675844,-3.3832107,-9.930132,5003,0,0,1,1
3478,25598456,-0.23131372,2.4983377,0.34656346,8005,0,-0.029657325,-3.4596694,-9.728499,8005,0,0,1,1
3479,25603460,-0.288357,2.4393454,0.44153523,5004,0,0.46149278,-3.3235893,-9.488415,5004,0,0,1,1
3480,25608338,-0.3245271,2.4357076,0.5069067,4878,0,0.47414574,-3.2393308,-9.431663,4878,0,0,1,1
3481,25616468,-0.37810522,2.5003777,0.50952035,8130,0,0.108293,-3.0438783,-9.126268,8130,0,0,1,1
3482,25621472,-0.45975456,2.5341659,0.47463417,5004,0,0.24506706,-2.6747625,-8.908295,5004,0,0,1,1
3483,25626475,-0.55375016,2.5326254,0.4432866,5003,0,0.53763855,-2.5021303,-8.720825,5003,0,0,1,1
3484,25634481,-0.7128602,2.4969096,0.39196026,8006,0,0.8222451,-2.3548937,-8.621318,8006,0,0,1,1
3485,25642486,-0.9406008,2.4356112,0.31983227,8005,0,1.061124,-2.3204393,-8.622018,8005,0,0,1,1
3486,25652493,-1.2055238,2.4348068,0.21431512,5004,0,1.994741,-2.313479,-8.687077,5004,0,0,1,1
3487,25660375,-1.2855958,2.4415581,0.19784111,7882,0,2.5474768,-2.2632215,-8.747469,7882,0,0,1,1
3488,25670380,-1.3689895,2.4559083,0.25998095,4879,0,3.2359633,-2.0387683,-8.848128,4879,0,0,1,1
3489,25678385,-1.4286096,2.4789202,0.3337417,8005,0,3.45791,-1.8685702,-8.92299,8005,0,0,1,1
3490,25688517,-1.5718082,2.5186174,0.4570737,5004,0,3.567252,-1.6806871,-9.00717,5004,0,0,1,1
3491,25696522,-1.645985,2.5184555,0.50522083,8005,0,3.2902126,-1.659075,-9.038809,8005,0,0,1,1
3492,25701525,-1.7487477,2.5130155,0.5273648,5003,0,2.8635283,-1.61974,-9.177298,5003,0,0,1,1
3493,25706529,-1.8215342,2.5001256,0.5155024,5004,0,2.5396628,-1.6270547,-9.241573,5004,0,0,1,1
3494,25714534,-1.9181094,2.4621456,0.47199157,8005,0,2.204301,-1.7280554,-9.208345,8005,0,0,1,1
3495,25722540,-2.023796,2.3930943,0.42452,8006,0,2.101797,-1.7753431,-9.448675,8006,0,0,1,1
3496,25727543,-2.093019,2.3436449,0.40047064,5003,0,2.212144,-1.8212305,-9.6902485,5003,0,0,1,1
3497,25732546,-2.1331503,2.3077757,0.38901162,5003,0,2.3512416,-1.9339907,-9.678276,5003,0,0,1,1
3498,25740552,-2.1527386,2.2543294,0.3853503,8006,0,2.431597,-2.0024984,-9.642597,8006,0,0,1,1
3499,25750558,-2.129134,2.1053033,0.40033388,5003,0,2.9356515,-1.9258566,-9.538692,5003,0,0,1,1
3500,25758564,-2.089101,2.0337012,0.41794553,8006,0,3.2842321,-1.7107036,-9.308012,8006,0,0,1,1
3501,25768570,-2.058602,1.9354287,0.52002186,5003,0,3.7732716,-1.0869684,-8.513674,5003,0,0,1,1
3502,25776576,-2.0961926,1.8734518,0.57311994,8006,0,3.84597,-0.742844,-8.369331,8006,0,0,1,1
3503,25784581,-2.1954925,1.8070334,0.58075404,8005,0,3.7295527,-0.41409662,-8.39926,8005,0,0,1,1
3504,25789585,-2.2882648,1.7722098,0.526504,5004,0,3.5586421,-0.33250862,-8.302807,5004,0,0,1,1
3505,25794588,-2.3642747,1.756812,0.45156193,5003,0,3.4872878,-0.32795304,-8.479502,5003,0,0,1,1
3506,25802593,-2.4654067,1.746209,0.3171999,8005,0,3.2710693,-0.5074609,-8.642565,8005,0,0,1,1
3507,25807597,-2.5285232,1.7286865,0.15927725,5004,0,2.9548197,-0.73281837,-8.960487,5004,0,0,1,1
3508,25812600,-2.5415785,1.6976895,0.039327554,5003,0,2.6610405,-0.90975946,-9.322033,5003,0,0,1,1
3509,25820605,-2.5219064,1.6276265,-0.09379064,8005,0,2.4930956,-1.1589857,-9.8116865,8005,0,0,1,1
3510,25825609,-2.480994,1.5197096,-0.1852847,5004,0,2.568636,-1.3502862,-9.978266,5004,0,0,1,1
3511,25830612,-2.4360216,1.410846,-0.20669773,5003,0,2.8169243,-1.392423,-9.951923,5003,0,0,1,1
3512,25838617,-2.3814814,1.2208499,-0.17377895,8005,0,3.128898,-1.4012573,-9.98422,8005,0,0,1,1
3513,25848624,-2.2815387,0.8267785,-0.025839608,5003,0,3.5500274,-0.9004093,-9.998379,5003,0,0,1,1
3514,25856630,-2.215073,0.6294583,0.104195654,8006,0,3.8512213,-0.7280276,-9.801667,8006,0,0,1,1
3515,25864635,-2.1476946,0.42122075,0.27969325,8005,0,4.121159,-0.5496614,-9.476643,8005,0,0,1,1
3516,25869638,-2.1157093,0.26554775,0.39769033,5003,0,4.2523503,-0.27281803,-9.230169,5003,0,0,1,1
3517,25874642,-2.104773,0.16491304,0.4539572,5004,0,4.4073806,-0.07968348,-9.125696,5004,0,0,1,1
3518,25882647,-2.1084397,0.08005912,0.49261668,8005,0,4.641898,0.059661742,-9.011873,8005,0,0,1,1
3519,25887650,-2.11926,0.03567815,0.5116877,5003,0,4.806014,0.17816716,-8.858498,5003,0,0,1,1
3520,25892654,-2.1317189,0.023160383,0.51998425,5004,0,4.7844706,0.25383526,-8.832642,5004,0,0,1,1
3521,25900659,-2.1502175,0.010477974,0.51455843,8005,0,4.6619387,0.41265458,-8.670402,8005,0,0,1,1
3522,25905662,-2.1682098,-0.010680154,0.4930441,5003,0,4.4986086,0.56435317,-8.526182,5003,0,0,1,1
3523,25910541,-2.1870124,-0.03440869,0.45980874,4879,0,4.4387937,0.6402839,-8.484478,4879,0,0,1,1
3524,25918546,-2.214951,-0.06351602,0.40316376,8005,0,4.3743587,0.8500505,-8.36398,8005,0,0,1,1
3525,25923674,-2.2478168,-0.0881563,0.36477718,5128,0,4.2963753,1.0690986,-8.199459,5128,0,0,1,1
3526,25928678,-2.2782388,-0.114095636,0.34494743,5004,0,4.187595,1.2440703,-8.065538,5004,0,0,1,1
3527,25936683,-2.3396266,-0.16188893,0.30813882,8005,0,3.8568947,1.5060503,-7.948695,8005,0,0,1,1
3528,25946690,-2.4938748,-0.28750432,0.22924095,5003,0,3.3448267,1.8040768,-7.9788704,5003,0,0,1,1
3529,25954695,-2.5931706,-0.36464673,0.1906812,8005,0,3.201465,1.8574407,-8.224732,8005,0,0,1,1
3530,25962701,-2.7094448,-0.4395432,0.14181058,8006,0,3.1815786,1.824184,-8.629707,8006,0,0,1,1
3531,25967704,-2.7845662,-0.51086795,0.113195315,5003,0,3.171258,1.6371939,-8.904705,5003,0,0,1,1
3532,25972707,-2.8306406,-0.5895271,0.08698105,5003,0,3.108051,1.3817364,-8.886631,5003,0,0,1,1
3533,25980713,-2.8473706,-0.7333835,0.04192707,8006,0,2.9721022,1.3908665,-8.896631,8006,0,0,1,1
3534,25985718,-2.8301346,-0.9053752,0.0005117743,5005,0,2.8632874,1.4162394,-9.148899,5005,0,0,1,1
3535,25990720,-2.8174503,-1.028649,-0.02435903,5002,0,2.8447025,1.5766518,-9.45667,5002,0,0,1,1
3536,25998725,-2.8127031,-1.1558197,-0.04986534,8005,0,3.0796797,1.7050809,-9.958049,8005,0,0,1,1
3537,26003728,-2.8157551,-1.2495463,-0.07386964,5003,0,3.197589,1.7066275,-10.330442,5003,0,0,1,1
3538,26008732,-2.8085947,-1.3271627,-0.1005122,5004,0,3.1909142,1.7528654,-10.515381,5004,0,0,1,1
3539,26016612,-2.7656713,-1.4146577,-0.16893776,7880,0,3.0989933,1.6521806,-10.748723,7880,0,0,1,1
3540,26021740,-2.6763027,-1.5051897,-0.24883443,5128,0,3.0159826,1.6796013,-10.710923,5128,0,0,1,1
3541,26026744,-2.5844421,-1.5657128,-0.29143807,5004,0,2.9636765,1.5903431,-10.800171,5004,0,0,1,1
3542,26034749,-2.4219747,-1.6406562,-0.32589146,8005,0,2.5939338,1.4904568,-10.61951,8005,0,0,1,1
3543,26044756,-2.0792673,-1.8261757,-0.43381706,5004,0,1.7790442,1.795441,-10.398695,5004,0,0,1,1
3544,26052761,-1.9016852,-1.9587643,-0.5089475,8005,0,1.3794291,1.980597,-10.1167755,8005,0,0,1,1
3545,26060766,-1.7409408,-2.1105168,-0.6101978,8005,0,1.1827228,2.4251986,-10.109913,8005,0,0,1,1
3546,26065770,-1.6902361,-2.2095263,-0.6949026,5004,0,1.298306,2.7828717,-10.19063,5004,0,0,1,1
3547,26070649,-1.7127967,-2.2792351,-0.7568158,4879,0,1.388246,3.0952938,-10.428023,4879,0,0,1,1
3548,26078653,-1.7742463,-2.36514,-0.82834196,8004,0,1.5660493,3.339218,-10.538424,8004,0,0,1,1
3549,26083782,-1.8578329,-2.4367487,-0.867191,5129,0,1.8332952,3.4626997,-10.721943,5129,0,0,1,1
3550,26088785,-1.9253038,-2.4726238,-0.8593905,5003,0,2.096015,3.4019635,-10.732668,5003,0,0,1,1
3551,26096791,-1.9841163,-2.498453,-0.83900416,8006,0,2.1669858,3.3409786,-11.071653,8006,0,0,1,1
3552,26101794,-1.9915857,-2.514438,-0.8404287,5003,0,2.091829,3.071431,-11.258558,5003,0,0,1,1
3553,26106797,-1.968221,-2.5279584,-0.85098875,5003,0,2.0968273,2.8624024,-11.476847,5003,0,0,1,1
3554,26114803,-1.8882998,-2.538717,-0.84473395,8006,0,2.066628,2.6852055,-11.717022,8006,0,0,1,1
3555,26119806,-1.7642561,-2.539989,-0.83771235,5003,0,1.8865339,2.530483,-11.949415,5003,0,0,1,1
3556,26124809,-1.621752,-2.5351686,-0.8285219,5003,0,1.6202961,2.332244,-12.01741,5003,0,0,1,1
3557,26132815,-1.4311492,-2.5316343,-0.82489103,8006,0,1.3349043,2.2329195,-11.957584,8006,0,0,1,1
3558,26140820,-1.1419096,-2.5347002,-0.8627661,8005,0,0.8571589,2.2079484,-11.642936,8005,0,0,1,1
3559,26150827,-0.7613939,-2.5385401,-0.9550884,5004,0,-0.088936776,2.5029473,-10.916801,5004,0,0,1,1
3560,26158832,-0.5976296,-2.51921,-1.0190655,8005,0,-0.4841834,2.6801114,-10.48353,8005,0,0,1,1
3561,26163835,-0.5113939,-2.4994059,-1.0560328,5003,0,-0.5873998,3.0399177,-10.329731,5003,0,0,1,1
3562,26168839,-0.48561612,-2.4856238,-1.0783402,5004,0,-0.5914632,3.3825626,-10.42358,5004,0,0,1,1
3563,26176844,-0.49969137,-2.4662864,-1.1273264,8005,0,-0.641322,3.4987104,-10.363123,8005,0,0,1,1
3564,26181848,-0.5404122,-2.4419405,-1.1832255,5004,0,-0.6654217,3.5075154,-10.374058,5004,0,0,1,1
3565,26186851,-0.56129193,-2.412358,-1.2547684,5003,0,-0.8982773,3.5478926,-10.614063,5003,0,0,1,1
3566,26194731,-0.5412363,-2.3804703,-1.4140046,7880,0,-1.3275034,3.360336,-10.760596,7880,0,0,1,1
3567,26199735,-0.4813596,-2.3638759,-1.6103874,5004,0,-1.605088,3.2282963,-10.868969,5004,0,0,1,1
3568,26204738,-0.4273816,-2.3680482,-1.7367779,5003,0,-1.6995722,3.1192384,-10.924513,5003,0,0,1,1
3569,26212868,-0.3744351,-2.3888497,-1.8164347,8130,0,-1.7666744,3.0832205,-11.03083,8130,0,0,1,1
3570,26222875,-0.24348772,-2.4994678,-1.8158969,5003,0,-2.1472237,3.074615,-10.936113,5003,0,0,1,1
3571,26230880,-0.16110122,-2.59679,-1.7861351,8005,0,-2.208811,3.086826,-10.968685,8005,0,0,1,1
3572,26238761,-0.044543386,-2.7187326,-1.7819843,7881,0,-2.3097594,3.2159731,-11.017137,7881,0,0,1,1
3573,26248771,0.13691129,-2.8294404,-1.9332848,5007,0,-2.6644006,3.2387047,-10.928572,5007,0,0,1,1
3574,26256898,0.21207835,-2.8251493,-2.046041,8127,0,-2.7255402,3.2692854,-10.802486,8127,0,0,1,1
3575,26261901,0.2523604,-2.7859485,-2.145383,5003,0,-2.780247,3.314575,-10.894791,5003,0,0,1,1
3576,26266905,0.2731432,-2.7376652,-2.2155457,5004,0,-3.041219,3.283216,-10.810965,5004,0,0,1,1
3577,26274910,0.2937543,-2.6689093,-2.305371,8005,0,-3.249399,3.172711,-10.922484,8005,0,0,1,1
3578,26279913,0.28421974,-2.6092348,-2.3947403,5003,0,-3.313033,3.1741214,-11.273729,5003,0,0,1,1
3579,26284917,0.31555897,-2.5766025,-2.449275,5004,0,-3.4149647,3.1242356,-11.204435,5004,0,0,1,1
3580,26292797,0.3377991,-2.531643,-2.5103838,7880,0,-3.4481466,2.8433135,-11.691758,7880,0,0,1,1
3581,26300927,0.41011664,-2.4511101,-2.597535,8130,0,-3.4705741,2.486178,-12.043821,8130,0,0,1,1
3582,26310934,0.50118035,-2.334605,-2.6961432,5003,0,-3.1760056,2.2666302,-12.434246,5003,0,0,1,1
3583,26318939,0.6117052,-2.3080885,-2.727908,8005,0,-2.994709,2.098475,-12.491845,8005,0,0,1,1
3584,26328946,0.9193901,-2.234075,-2.8846436,5003,0,-2.8752398,1.7091902,-12.719448,5003,0,0,1,1
3585,26336951,1.1395373,-2.1779363,-2.9735947,8005,0,-2.892972,1.5875301,-12.480266,8005,0,0,1,1
3586,26346958,1.5447664,-2.1342442,-3.0020535,5003,0,-3.161169,1.6743138,-11.678843,5003,0,0,1,1
3587,26354963,1.7496618,-2.1434383,-2.916161,8005,0,-3.3577302,1.8204414,-11.155905,8005,0,0,1,1
3588,26362969,1.9330535,-2.1417184,-2.745138,8006,0,-3.4510539,1.9978428,-10.462164,8006,0,0,1,1
3589,26367972,1.9970375,-2.0962574,-2.6099002,5003,0,-3.6881402,2.1964877,-10.0974865,5003,0,0,1,1
3590,26372976,2.006509,-2.0268347,-2.5334575,5004,0,-3.8937852,2.2936869,-9.826715,5004,0,0,1,1
3591,26380981,1.9780984,-1.9010469,-2.4860868,8005,0,-3.956887,2.2934546,-9.395081,8005,0,0,1,1
3592,26390988,1.8357159,-1.6204479,-2.4713957,5004,0,-3.8717704,2.1296833,-9.046211,5004,0,0,1,1
3593,26398993,1.7164612,-1.4071388,-2.5229127,8005,0,-3.979784,2.1855614,-8.966535,8005,0,0,1,1
3594,26409000,1.5487375,-1.0581417,-2.6643977,5004,0,-4.34079,1.9924997,-8.83671,5004,0,0,1,1
3595,26417005,1.4520708,-0.91568893,-2.6802866,8005,0,-4.357913,1.9207001,-8.886184,8005,0,0,1,1
3596,26427012,1.3181254,-0.74927115,-2.6176126,5004,0,-4.5409474,1.5014486,-9.171421,5004,0,0,1,1
3597,26435017,1.2811633,-0.6812162,-2.5978472,8005,0,-4.6801577,0.99061316,-9.472001,8005,0,0,1,1
3598,26443022,1.3005986,-0.6575622,-2.6018145,8005,0,-4.6836724,0.58713424,-9.915978,8005,0,0,1,1
3599,26448026,1.3673807,-0.7013384,-2.5906615,5004,0,-4.7391224,0.2968139,-10.055155,5004,0,0,1,1
3600,26453029,1.4353483,-0.75086755,-2.5506864,5003,0,-4.674776,0.077614784,-10.033804,5003,0,0,1,1
3601,26460910,1.5132335,-0.8060031,-2.440734,7881,0,-4.551393,-0.12916207,-9.887395,7881,0,0,1,1
3602,26465913,1.5804503,-0.83827406,-2.2837994,5003,0,-4.365401,-0.16486263,-9.744377,5003,0,0,1,1
3603,26471041,1.6165314,-0.8242266,-2.1721027,5128,0,-4.324508,-0.26471308,-9.673515,5128,0,0,1,1
3604,26479047,1.6468621,-0.75694764,-2.0739164,8006,0,-4.21273,-0.43849546,-9.715822,8006,0,0,1,1
3605,26489053,1.6757646,-0.52078664,-2.015195,5003,0,-4.045623,-0.53217626,-9.847063,5003,0,0,1,1
3606,26497058,1.684727,-0.33610788,-2.04087,8005,0,-3.7915294,-0.9559168,-9.913576,8005,0,0,1,1
3607,26507065,1.7301286,0.08457033,-2.12437,5003,0,-3.4898803,-1.3229923,-9.871229,5003,0,0,1,1
3608,26515071,1.7545574,0.3768781,-2.1689022,8006,0,-3.386029,-1.7286682,-9.856434,8006,0,0,1,1
3609,26525077,1.8902625,0.9434461,-2.1421282,5003,0,-2.935166,-2.0759695,-9.556171,5003,0,0,1,1
3610,26533083,2.0187807,1.2430805,-2.0286891,8006,0,-2.9016423,-2.1213107,-9.531562,8006,0,0,1,1
3611,26541088,2.1805515,1.5221795,-1.830102,8005,0,-3.2603261,-2.0117714,-9.435044,8005,0,0,1,1
3612,26546091,2.2732897,1.6517802,-1.6340859,5003,0,-3.495163,-1.7884344,-9.39864,5003,0,0,1,1
3613,26551095,2.3127766,1.7116683,-1.4822649,5004,0,-3.6464713,-1.6335123,-9.457514,5004,0,0,1,1
3614,26559100,2.3161643,1.7522041,-1.3128554,8005,0,-3.7437923,-1.5942818,-9.488173,8005,0,0,1,1
3615,26564103,2.29097,1.7842523,-1.1963229,5003,0,-3.7556522,-1.5891447,-9.586809,5003,0,0,1,1
3616,26569107,2.278364,1.8072468,-1.1657156,5004,0,-3.8581204,-1.5360713,-9.744362,5004,0,0,1,1
3617,26577112,2.2674744,1.8222083,-1.1960185,8005,0,-4.120726,-1.6038476,-9.836364,8005,0,0,1,1
3618,26587119,2.1878674,1.8343352,-1.3298407,5003,0,-4.179907,-1.7589937,-9.938995,5003,0,0,1,1
3619,26595124,2.064548,1.8482215,-1.3892331,8005,0,-3.9633486,-2.0151858,-9.856638,8005,0,0,1,1
3620,26605131,1.792271,1.9906306,-1.4866532,5004,0,-3.2601595,-2.5321074,-9.885496,5004,0,0,1,1
3621,26613136,1.6666111,2.178623,-1.5468022,8005,0,-2.56677,-2.8268416,-9.9717865,8005,0,0,1,1
3622,26621142,1.587083,2.5325952,-1.6130334,8006,0,-1.7582407,-2.9646823,-10.176176,8006,0,0,1,1
3623,26626145,1.6165264,2.857005,-1.6388928,5003,0,-1.3456433,-2.9417136,-10.257662,5003,0,0,1,1
3624,26631148,1.679469,3.0774772,-1.6292074,5003,0,-1.1952999,-2.8603194,-10.151373,5003,0,0,1,1
3625,26639154,1.7765188,3.2965498,-1.5665042,8006,0,-1.216714,-2.7354252,-9.957291,8006,0,0,1,1
3626,26644157,1.8505989,3.4586427,-1.4218591,5003,0,-1.1067142,-2.5342188,-9.694801,5003,0,0,1,1
3627,26649160,1.8742558,3.5543985,-1.2376766,5003,0,-1.1778063,-2.3537025,-9.561913,5003,0,0,1,1
3628,26657166,1.8678789,3.6203828,-0.97145665,8006,0,-1.4422255,-2.3625212,-9.450176,8006,0,0,1,1
3629,26662169,1.8378958,3.630783,-0.7330658,5003,0,-1.7069329,-2.0743017,-9.414194,5003,0,0,1,1
3630,26667173,1.7958665,3.594507,-0.58285457,5004,0,-1.8240007,-1.959848,-9.288248,5004,0,0,1,1
3631,26675178,1.7139878,3.5119715,-0.3953386,8005,0,-1.3216354,-1.3031734,-9.404933,8005,0,0,1,1
3632,26685185,1.3607001,3.279053,-0.117739946,5004,0,-2.0801787,-1.8959033,-8.541786,5004,0,0,1,1
3633,26693190,1.0819261,3.0960665,0.050113644,8005,0,-1.5379838,-1.500686,-8.489455,8005,0,0,1,1
3634,26703197,0.54156184,2.8371265,0.4326688,5004,0,-0.05227496,-1.0773445,-7.5476513,5004,0,0,1,1
3635,26711202,0.17633252,2.768312,0.6746025,8005,0,0.83439374,-1.1565971,-7.068822,8005,0,0,1,1
3636,26719207,-0.28146747,2.8262935,0.9076648,8005,0,2.277287,-0.98810893,-6.9331055,8005,0,0,1,1
3637,26724211,-0.6115453,3.030544,1.0222874,5004,0,3.2821078,-0.71461725,-7.282382,5004,0,0,1,1
3638,26729214,-0.7883543,3.3118994,1.0610169,5003,0,3.833953,-0.55839527,-7.581914,5003,0,0,1,1
3639,26737219,-0.9533461,3.7960024,1.0028522,8005,0,3.8129258,-0.71979755,-8.2059145,8005,0,0,1,1
3640,26742223,-1.0415168,4.3237514,0.7678784,5004,0,2.7474694,-1.1012855,-9.117548,5004,0,0,1,1
3641,26747226,-1.0981953,4.6765065,0.42980048,5003,0,1.392824,-1.4501612,-9.919394,5003,0,0,1,1
3642,26755231,-1.2259513,4.982627,-0.12233711,8005,0,-1.0308323,-1.6480354,-9.696931,8005,0,0,1,1
3643,26760110,-1.4678404,5.0465393,-0.61691207,4879,0,-1.4734125,-0.85432947,-10.556601,4879,0,0,1,1
3644,26765238,-1.6761718,4.913464,-0.8278069,5128,0,-0.70599496,-1.7168777,-11.408829,5128,0,0,1,1
3645,26773243,-1.8459804,4.6164207,-0.9160299,8005,0,-0.56943184,-2.6064205,-11.316506,8005,0,0,1,1
3646,26783250,-2.1477191,3.9473224,-0.72497064,5003,0,-0.38029537,-3.1825774,-12.016199,5003,0,0,1,1
3647,26791256,-2.202424,3.576477,-0.45916924,8006,0,0.04234679,-3.2383485,-11.635925,8006,0,0,1,1
3648,26799261,-2.1221135,3.1965451,-0.05836787,8005,0,0.9107534,-3.156618,-11.863104,8005,0,0,1,1
3649,26804139,-1.986725,3.0039718,0.27010652,4878,0,1.2621734,-3.415379,-11.61548,4878,0,0,1,1
3650,26809143,-1.8490704,2.9228246,0.49677852,5004,0,1.5256604,-3.2995832,-11.538657,5004,0,0,1,1
3651,26817273,-1.6627986,2.8884332,0.741897,8130,0,1.7659954,-3.0229023,-11.241619,8130,0,0,1,1
3652,26822276,-1.5049926,2.9022398,0.9274701,5003,0,2.1647143,-2.5397403,-10.703011,5003,0,0,1,1
3653,26827280,-1.415137,2.9307036,1.0318457,5004,0,2.4142144,-2.0898545,-10.355829,5004,0,0,1,1
3654,26835285,-1.381491,2.9477234,1.1215918,8005,0,2.5675979,-1.4226891,-9.987672,8005,0,0,1,1
3655,26840288,-1.4371818,2.9388099,1.1880932,5003,0,2.589918,-0.66562426,-9.498489,5003,0,0,1,1
3656,26845167,-1.5344609,2.9219282,1.2124112,4879,0,2.6009104,-0.19867493,-9.292223,4879,0,0,1,1
3657,26853175,-1.7039956,2.9129493,1.2014573,8008,0,2.5713634,0.002655208,-9.235257,8008,0,0,1,1
3658,26858301,-1.8818231,2.9101522,1.1569275,5126,0,2.6496444,0.159055,-9.2338085,5126,0,0,1,1
3659,26863304,-1.9991034,2.896207,1.1163174,5003,0,2.7390735,0.23769921,-9.231272,5003,0,0,1,1
3660,26871309,-2.131526,2.8755014,1.0548863,8005,0,2.9315321,0.29414055,-9.318338,8005,0,0,1,1
3661,26879315,-2.2818398,2.8457744,0.9592317,8006,0,3.2679238,0.31030425,-9.406471,8006,0,0,1,1
3662,26889321,-2.4600773,2.8030486,0.8441672,5003,0,3.5741997,0.28807005,-9.598543,5003,0,0,1,1
3663,26897327,-2.533285,2.8049026,0.77094334,8006,0,3.5495381,0.24535865,-9.60848,8006,0,0,1,1
3664,26902330,-2.593011,2.8136642,0.6869035,5003,0,3.3433847,0.25358835,-9.631348,5003,0,0,1,1
3665,26907333,-2.637822,2.809221,0.62037385,5003,0,3.2888181,0.30218306,-9.652664,5003,0,0,1,1
3666,26915339,-2.6808484,2.7890787,0.55678666,8006,0,3.1467159,0.47669742,-9.506428,8006,0,0,1,1
3667,26920343,-2.7245612,2.7497392,0.51335835,5004,0,3.0932083,0.5823215,-9.323191,5004,0,0,1,1
3668,26925345,-2.7730136,2.698439,0.49760014,5002,0,3.1951938,0.7192594,-9.260724,5002,0,0,1,1
3669,26933351,-2.8504474,2.5908246,0.50338894,8006,0,3.3490202,0.923366,-9.228403,8006,0,0,1,1
3670,26941356,-2.9563003,2.4261615,0.5306852,8005,0,3.525448,0.95778424,-9.287962,8005,0,0,1,1
3671,26951363,-3.0733876,2.2002127,0.5494734,5003,0,3.937647,0.98333925,-9.435019,5003,0,0,1,1
3672,26959368,-3.1192768,2.0836375,0.5441299,8005,0,3.9683783,0.9196313,-9.499393,8005,0,0,1,1
3673,26969375,-3.1628253,1.9103566,0.5219393,5003,0,4.1734667,0.7348241,-9.283951,5003,0,0,1,1
3674,26977380,-3.1511638,1.8458272,0.50330067,8005,0,4.3306293,0.7214322,-9.344253,8005,0,0,1,1
3675,26987387,-3.070055,1.6887308,0.44254467,5003,0,3.9050672,0.81886667,-9.218567,5003,0,0,1,1
3676,26995392,-3.0362809,1.5044066,0.3966678,8005,0,3.4278975,1.0831696,-8.967425,8005,0,0,1,1
3677,27003398,-3.0316873,1.2370374,0.34795883,8006,0,2.9412453,1.5124309,-8.894081,8006,0,0,1,1
3678,27008401,-3.045186,0.9883077,0.30206504,5003,0,2.579634,1.699694,-8.818514,5003,0,0,1,1
3679,27013404,-3.0634234,0.7844154,0.23908643,5003,0,2.3507662,1.856518,-8.766075,5003,0,0,1,1
3680,27021410,-3.105875,0.50437826,0.15949185,8006,0,2.3416693,1.9646888,-8.8621025,8006,0,0,1,1
3681,27031416,-3.1779346,0.05322565,0.05260504,5003,0,2.892556,1.8067139,-9.3047695,5003,0,0,1,1
3682,27039422,-3.1907508,-0.16562341,0.06255893,8006,0,3.462445,1.6733525,-9.539953,8006,0,0,1,1
3683,27049428,-3.160442,-0.49961936,0.19159183,5003,0,3.9357162,1.4092793,-10.407778,5003,0,0,1,1
3684,27057434,-3.104152,-0.6752852,0.29299676,8006,0,4.1156693,1.3771769,-10.826359,8006,0,0,1,1
3685,27067441,-2.932313,-0.93917686,0.37907237,5004,0,3.9692438,1.243356,-10.818865,5004,0,0,1,1
3686,27075446,-2.823749,-1.0710081,0.3757147,8005,0,3.8296359,1.4354389,-10.792563,8005,0,0,1,1
3687,27083451,-2.7040994,-1.2087218,0.27850622,8005,0,3.5358667,1.4241693,-10.4208555,8005,0,0,1,1
3688,27088454,-2.6337364,-1.2882051,0.1577431,5003,0,3.4315076,1.6060688,-10.227991,5003,0,0,1,1
3689,27093458,-2.5800612,-1.3220509,0.029789135,5004,0,3.3927152,1.6151751,-9.940929,5004,0,0,1,1
3690,27101338,-2.510983,-1.3289385,-0.1339654,7880,0,3.4109492,1.7483833,-9.764338,7880,0,0,1,1
3691,27106467,-2.462438,-1.3113209,-0.26478913,5129,0,3.5905743,1.9012789,-9.25983,5129,0,0,1,1
3692,27111470,-2.4390314,-1.2953125,-0.3168297,5003,0,3.5593574,2.054988,-9.090008,5003,0,0,1,1
3693,27119475,-2.4291372,-1.3031813,-0.34326008,8005,0,3.4736762,2.056121,-8.753607,8005,0,0,1,1
3694,27129482,-2.3839746,-1.4455858,-0.34566355,5003,0,2.8666918,2.216357,-8.386354,5003,0,0,1,1
3695,27137487,-2.3430347,-1.5808908,-0.3842146,8005,0,2.402447,2.4333878,-8.232696,8005,0,0,1,1
3696,27147494,-2.2683055,-1.7825947,-0.41957748,5003,0,1.8470536,2.7485483,-8.232735,5003,0,0,1,1
3697,27155500,-2.2618108,-1.8450855,-0.37034148,8006,0,1.8357439,2.9331594,-8.295717,8006,0,0,1,1
3698,27163505,-2.2666292,-1.906814,-0.28108686,8005,0,1.7001694,3.313594,-8.616131,8005,0,0,1,1
3699,27168508,-2.2593548,-1.9977252,-0.32185566,5003,0,1.2151742,3.8662195,-9.099123,5003,0,0,1,1
3700,27173511,-2.2621562,-2.092647,-0.43819574,5003,0,0.9587404,4.095681,-9.055456,5003,0,0,1,1
3701,27181517,-2.305254,-2.228981,-0.5661343,8006,0,1.0667422,4.219288,-9.165104,8006,0,0,1,1
3702,27186520,-2.3656194,-2.3494942,-0.6610547,5003,0,1.2537317,4.0761795,-9.497988,5003,0,0,1,1
3703,27191524,-2.4051185,-2.4219604,-0.71603954,5004,0,1.4433583,3.8535028,-9.728076,5004,0,0,1,1
3704,27199529,-2.4199865,-2.4925423,-0.75597215,8005,0,1.7919201,3.395355,-10.165144,8005,0,0,1,1
3705,27204532,-2.3819396,-2.5450163,-0.7766595,5003,0,2.008632,2.9427645,-10.484875,5003,0,0,1,1
3706,27209536,-2.2861326,-2.587099,-0.7811403,5004,0,2.123555,2.7353933,-10.625906,5004,0,0,1,1
3707,27217541,-2.1515832,-2.6569443,-0.8270802,8005,0,1.947802,2.399236,-10.679734,8005,0,0,1,1
3708,27227548,-1.7396554,-2.7603555,-0.88019776,5004,0,1.7443082,2.3906603,-10.805458,5004,0,0,1,1
3709,27235553,-1.4970837,-2.8118448,-0.8767786,8005,0,1.5683233,2.5173128,-10.552836,8005,0,0,1,1
3710,27243558,-1.1884508,-2.877382,-0.84471244,8005,0,1.083073,2.7019496,-10.359817,8005,0,0,1,1
3711,27248562,-0.9474531,-2.9193044,-0.79251397,5004,0,0.7313228,2.9164193,-10.188953,5004,0,0,1,1
3712,27253565,-0.807818,-2.9280386,-0.7587994,5003,0,0.3946828,2.9288754,-10.112581,5003,0,0,1,1
3713,27261570,-0.6627828,-2.9059606,-0.74704707,8005,0,-0.01569858,3.300931,-10.304513,8005,0,0,1,1
3714,27266574,-0.57910323,-2.85184,-0.8220236,5004,0,-0.32595748,3.581291,-10.506189,5004,0,0,1,1
3715,27271577,-0.5445137,-2.8143194,-0.95660347,5003,0,-0.56609917,3.7972536,-10.661816,5003,0,0,1,1
3716,27279582,-0.50007474,-2.7690043,-1.2316571,8005,0,-1.0425285,3.960413,-10.744832,8005,0,0,1,1
3717,27284586,-0.44848105,-2.735363,-1.527914,5004,0,-1.373422,3.9614913,-10.794214,5004,0,0,1,1
3718,27289589,-0.41595107,-2.7012196,-1.7146287,5003,0,-1.4550596,4.0395446,-11.097565,5003,0,0,1,1
3719,27297594,-0.38791767,-2.6539605,-1.851489,8005,0,-1.459732,3.9460511,-11.415347,8005,0,0,1,1
3720,27302598,-0.37921268,-2.6262188,-1.9049549,5004,0,-1.3492402,3.917674,-11.855314,5004,0,0,1,1
3721,27307601,-0.387521,-2.6405103,-1.9475578,5003,0,-1.4300863,3.9085095,-11.992323,5003,0,0,1,1
3722,27315606,-0.3332689,-2.6982048,-2.045373,8005,0,-1.4239722,4.182023,-12.281457,8005,0,0,1,1
3723,27323612,-0.2673734,-2.7631662,-2.2026992,8006,0,-1.3635132,3.9436698,-12.244496,8006,0,0,1,1
3724,27333618,-0.12922181,-2.8128412,-2.3842082,5003,0,-1.38562,3.564051,-12.424204,5003,0,0,1,1
3725,27341624,0.0073909387,-2.815763,-2.4319282,8006,0,-1.5046297,3.3561966,-12.458153,8006,0,0,1,1
3726,27346627,0.177014,-2.8155453,-2.4530442,5003,0,-1.7268131,3.123033,-12.43017,5003,0,0,1,1
3727,27351631,0.32260758,-2.820985,-2.4634886,5004,0,-1.9078088,2.9753218,-12.521866,5004,0,0,1,1
3728,27359636,0.5223867,-2.8249137,-2.4872296,8005,0,-2.1145513,2.8942442,-12.6461315,8005,0,0,1,1
3729,27364639,0.74727964,-2.8279464,-2.5298343,5003,0,-2.4108174,2.9626274,-12.5015335,5003,0,0,1,1
3730,27369643,0.9096726,-2.8353786,-2.5733423,5004,0,-2.64114,2.9456408,-12.535017,5004,0,0,1,1
3731,27377648,1.0937347,-2.8856559,-2.6544895,8005,0,-2.858551,3.0780013,-12.158437,8005,0,0,1,1
3732,27382651,1.2718734,-2.9481783,-2.7236443,5003,0,-2.8949323,3.2630827,-11.989649,5003,0,0,1,1
3733,27387655,1.3951447,-2.9796917,-2.7582798,5004,0,-2.8882322,3.4668589,-11.834237,5004,0,0,1,1
3734,27395660,1.5053612,-2.9982314,-2.7806597,8005,0,-2.7340395,3.5610309,-11.571422,8005,0,0,1,1
3735,27403540,1.5940036,-2.9993029,-2.781983,7880,0,-2.6077445,3.8728752,-11.212005,7880,0,0,1,1
3736,27413549,1.63193,-2.9556131,-2.6965787,4880,0,-2.2887774,4.3422174,-10.76864,4880,0,0,1,1
3737,27421677,1.6000103,-2.8701541,-2.6496632,8128,0,-2.1066954,4.475722,-10.735605,8128,0,0,1,1
3738,27431684,1.4524946,-2.5943296,-2.635483,5003,0,-1.6097263,4.5772796,-10.687933,5003,0,0,1,1
3739,27439690,1.369248,-2.3798962,-2.6565444,8006,0,-1.4935509,4.4977565,-10.526064,8006,0,0,1,1
3740,27444693,1.3067008,-2.146594,-2.6933718,5003,0,-1.5396336,4.215782,-10.448843,5003,0,0,1,1
3741,27449696,1.2889165,-1.9637231,-2.7390409,5003,0,-1.6003889,3.9212775,-10.530844,5003,0,0,1,1
3742,27457578,1.2904996,-1.7463241,-2.7984915,7882,0,-1.7946497,3.5844014,-10.660477,7882,0,0,1,1
3743,27462705,1.3030024,-1.5642512,-2.8335395,5127,0,-2.0598779,3.306642,-10.604933,5127,0,0,1,1
3744,27467708,1.3379521,-1.4414632,-2.8311172,5003,0,-2.3569133,3.233838,-10.66394,5003,0,0,1,1
3745,27475714,1.3878236,-1.3009096,-2.8168795,8006,0,-2.7409062,2.9554455,-10.428228,8006,0,0,1,1
3746,27483594,1.453175,-1.1478186,-2.771559,7880,0,-3.0592687,2.7185202,-10.137797,7880,0,0,1,1
3747,27493726,1.5288354,-0.9634841,-2.6812668,5129,0,-3.2590191,2.5881982,-9.95294,5129,0,0,1,1
3748,27501731,1.5428298,-0.86122274,-2.6034524,8005,0,-3.2803662,2.5847993,-9.85852,8005,0,0,1,1
3749,27511613,1.5392592,-0.60581577,-2.4787672,5004,0,-3.681631,2.198803,-9.732985,5004,0,0,1,1
3750,27519743,1.5251129,-0.4244665,-2.4498606,8130,0,-3.8016334,2.030651,-9.767544,8130,0,0,1,1
3751,27529625,1.5342658,-0.110557884,-2.4125137,4879,0,-3.9279342,1.6080351,-9.841633,4879,0,0,1,1
3752,27537755,1.5597507,0.018235562,-2.3782427,8130,0,-4.0759277,1.3488028,-9.894199,8130,0,0,1,1
3753,27542759,1.6054859,0.11752556,-2.319559,5004,0,-4.152163,1.0442692,-10.031803,5004,0,0,1,1
3754,27547762,1.6587125,0.18328,-2.2528365,5003,0,-4.2516026,0.7712659,-10.057726,5003,0,0,1,1
3755,27555767,1.7441678,0.26074055,-2.1329195,8005,0,-4.196752,0.4340983,-10.268264,8005,0,0,1,1
3756,27560771,1.8646224,0.3168885,-2.0271697,5004,0,-4.177277,0.08742601,-10.672577,5004,0,0,1,1
3757,27565774,2.0040057,0.33889365,-1.9654931,5003,0,-4.0910907,0.024055839,-10.890749,5003,0,0,1,1
3758,27573779,2.204091,0.3649026,-1.8981123,8005,0,-3.8823717,-0.06664008,-10.953133,8005,0,0,1,1
3759,27581785,2.4252703,0.40661085,-1.8060764,8006,0,-3.4221518,0.040770706,-10.801073,8006,0,0,1,1
3760,27591791,2.6112926,0.51925004,-1.6185936,5003,0,-3.4568586,0.08887157,-9.989763,5003,0,0,1,1
3761,27599797,2.630294,0.62701124,-1.5225296,8006,0,-3.5235238,0.23607698,-9.851649,8006,0,0,1,1
3762,27609803,2.5667777,0.90860903,-1.4512708,5128,0,-3.902469,0.372332,-9.546511,5128,0,0,1,1
3763,27617809,2.4643784,1.0765193,-1.4718006,8006,0,-4.011038,0.32633084,-9.50029,8006,0,0,1,1
3764,27627815,2.215792,1.2783464,-1.5231001,5003,0,-3.9065735,0.09655112,-9.603722,5003,0,0,1,1
3765,27635821,2.1078358,1.3277887,-1.5154586,8006,0,-3.8669364,-0.12499011,-9.669988,8006,0,0,1,1
3766,27640824,1.9966291,1.3541151,-1.4832557,5003,0,-3.5794358,-0.50968254,-9.91984,5003,0,0,1,1
3767,27645828,1.9471339,1.3681823,-1.4235032,5004,0,-3.230978,-0.791046,-9.863319,5004,0,0,1,1
3768,27653833,1.9054143,1.4106418,-1.317527,8005,0,-2.6772687,-1.2239094,-10.075619,8005,0,0,1,1
3769,27661838,1.9176646,1.512103,-1.1632817,8005,0,-2.0810142,-1.6812149,-10.186404,8005,0,0,1,1
3770,27671720,2.0726771,1.7310671,-1.0645125,4879,0,-2.1536636,-2.0621521,-10.43831,4879,0,0,1,1
3771,27679850,2.1706495,1.8883069,-1.0818089,8130,0,-2.3788126,-2.0169594,-10.572317,8130,0,0,1,1
3772,27689857,2.2661633,2.164159,-1.1284356,5004,0,-2.7428958,-1.94764,-10.331654,5004,0,0,1,1
3773,27697862,2.2644503,2.3063898,-1.1304857,8005,0,-2.924533,-1.9246866,-10.165882,8005,0,0,1,1
3774,27707744,2.1947565,2.4709926,-1.094308,4879,0,-3.151466,-1.8529702,-9.998904,4879,0,0,1,1
3775,27715874,2.150719,2.48332,-1.0091805,8130,0,-3.2620263,-1.7670624,-9.937181,8130,0,0,1,1
3776,27722879,2.125533,2.4126666,-0.83034325,7005,0,-3.1773086,-1.9220893,-9.812336,7005,0,0,1,1
3777,27727882,2.1122174,2.298063,-0.6498601,5003,0,-2.901896,-2.1688585,-9.599281,5003,0,0,1,1
3778,27732761,2.115856,2.2028477,-0.49468473,4879,0,-2.5050695,-2.3202121,-9.374724,4879,0,0,1,1
3779,27737764,2.1076107,2.1321738,-0.33347547,5003,0,-2.005487,-2.2749307,-9.269346,5003,0,0,1,1
3780,27745771,2.0745382,2.0622735,-0.108420484,8007,0,-1.621992,-2.1173618,-9.084319,8007,0,0,1,1
3781,27755901,1.9100549,1.9514545,0.24512936,5003,0,-1.3066094,-1.9220222,-9.048119,5003,0,0,1,1
3782,27763907,1.7475929,1.9271485,0.37558177,8006,0,-0.962917,-1.9759815,-8.99744,8006,0,0,1,1
3783,27773913,1.4398724,2.083504,0.45182285,5002,0,-1.0305612,-1.9059795,-9.234631,5002,0,0,1,1
3784,27781919,1.3104165,2.2312098,0.39282903,8006,0,-1.5589566,-2.280238,-9.366376,8006,0,0,1,1
3785,27791925,1.1659392,2.433261,0.11298679,5003,0,-2.146923,-2.591794,-9.634422,5003,0,0,1,1
3786,27799931,1.1165092,2.4812677,-0.055478275,8006,0,-2.097046,-2.46398,-9.750799,8006,0,0,1,1
3787,27807936,1.020474,2.4814339,-0.20174815,8005,0,-1.9183124,-2.626294,-9.672471,8005,0,0,1,1
3788,27812939,0.91416717,2.4658592,-0.26482186,5003,0,-1.5704414,-2.7689493,-9.674257,5003,0,0,1,1
3789,27817943,0.823732,2.4642036,-0.28043917,5004,0,-1.014035,-2.8198624,-9.681374,5004,0,0,1,1
3790,27825948,0.70885795,2.5062883,-0.25039446,8005,0,-0.2676172,-2.8941333,-9.748988,8005,0,0,1,1
3791,27830951,0.63508797,2.6006315,-0.17885512,5003,0,0.42929465,-3.0281167,-9.685684,5003,0,0,1,1
3792,27835955,0.61091447,2.708401,-0.09034959,5004,0,0.84409004,-2.992945,-9.550663,5004,0,0,1,1
3793,27843960,0.6339975,2.8564782,0.059041556,8005,0,1.2478383,-2.922301,-9.290201,8005,0,0,1,1
3794,27853967,0.5995337,3.0803027,0.32367113,5004,0,0.60778004,-2.703726,-8.400726,5004,0,0,1,1
3795,27861972,0.48708916,3.1201985,0.3968197,8005,0,0.008649163,-2.2945733,-8.276413,8005,0,0,1,1
3796,27869977,0.32245338,3.0713756,0.44499457,8005,0,-0.31844205,-2.015815,-8.442506,8005,0,0,1,1
3797,27874981,0.1450866,2.9558325,0.48746485,5004,0,-0.33720553,-2.1362958,-8.615486,5004,0,0,1,1
3798,27879984,-0.012135662,2.8736963,0.53185093,5003,0,-0.24168962,-2.1013246,-8.848684,5003,0,0,1,1
3799,27887989,-0.19811948,2.8005872,0.5970811,8005,0,0.2811228,-2.4440618,-9.081294,8005,0,0,1,1
3800,27892993,-0.3095487,2.7573895,0.68175626,5004,0,0.8895586,-2.7348485,-9.386412,5004,0,0,1,1
3801,27897996,-0.37007204,2.717002,0.7613719,5003,0,1.3696151,-2.896216,-9.436457,5003,0,0,1,1
3802,27906002,-0.42022955,2.6224728,0.8994854,8006,0,1.8213705,-2.756673,-9.512554,8006,0,0,1,1
3803,27911005,-0.45967868,2.4963605,1.0830153,5003,0,2.2104797,-2.6975043,-9.448175,5003,0,0,1,1
3804,27916008,-0.5042678,2.406652,1.2519763,5003,0,2.405577,-2.6912818,-9.308855,5003,0,0,1,1
3805,27924014,-0.57714987,2.347365,1.4720567,8006,0,2.5728552,-2.4526095,-9.04973,8006,0,0,1,1
3806,27929017,-0.6628828,2.3401072,1.6629825,5003,0,2.502783,-2.132936,-8.579077,5003,0,0,1,1
3807,27934020,-0.76013625,2.366261,1.7573719,5003,0,2.2856498,-1.8116616,-8.360992,5003,0,0,1,1
3808,27942026,-0.92499816,2.4486516,1.8029245,8006,0,1.9159375,-1.4824986,-7.969347,8006,0,0,1,1
3809,27950031,-1.1483598,2.633389,1.7337593,8005,0,1.4656714,-1.0930092,-7.864722,8005,0,0,1,1
3810,27959913,-1.4874333,2.9190228,1.4060651,4879,0,0.559175,-0.6210322,-8.04879,4879,0,0,1,1
3811,27968043,-1.6686043,2.9791718,1.1587313,8130,0,0.39024204,-0.44033867,-8.053387,8130,0,0,1,1
3812,27973046,-1.8383653,2.9883957,0.95646155,5003,0,0.7059501,-0.4208567,-8.118927,5003,0,0,1,1
3813,27978050,-1.9734477,2.9868965,0.8712303,5004,0,1.2214183,-0.3820718,-8.053806,5004,0,0,1,1
3814,27986055,-2.1487617,2.977786,0.8697076,8005,0,2.1337495,-0.1994549,-8.008105,8005,0,0,1,1
3815,27991058,-2.3340693,2.946634,0.93411696,5003,0,2.8690922,-0.10817539,-8.050682,5003,0,0,1,1
3816,27996062,-2.4830587,2.8900826,1.0110976,5004,0,3.2210467,-0.0066631436,-8.217098,5004,0,0,1,1
3817,28004067,-2.665879,2.81046,1.1201926,8005,0,3.3838952,0.03257638,-8.416322,8005,0,0,1,1
3818,28011947,-2.8771198,2.7422812,1.2324923,7880,0,3.3545477,0.06967232,-8.597903,7880,0,0,1,1
3819,28022079,-3.1659858,2.7272086,1.2643635,5003,0,2.6742196,-0.028444052,-9.14962,5003,0,0,1,1
3820,28030084,-3.3054798,2.7467713,1.2025259,8005,0,2.0055943,-0.052570816,-9.444017,8005,0,0,1,1
3821,28040091,-3.5157487,2.7111986,1.0347843,5003,0,1.1048075,-0.07322276,-10.120247,5003,0,0,1,1
3822,28048097,-3.6411335,2.6296523,0.9333648,8006,0,0.73575866,-0.14654283,-10.452295,8006,0,0,1,1
3823,28058103,-3.8435717,2.4233534,0.74106026,5003,0,0.38844964,-0.8588291,-11.056599,5003,0,0,1,1
3824,28066108,-3.8903039,2.2718318,0.60605454,8005,0,0.37057403,-1.2061464,-11.4690275,8005,0,0,1,1
3825,28071112,-3.8742905,2.114809,0.48101062,5004,0,0.38727662,-1.3792676,-11.788515,5004,0,0,1,1
3826,28076115,-3.823598,1.988261,0.4030963,5003,0,0.44307387,-1.5930681,-11.926178,5003,0,0,1,1
3827,28084121,-3.6895907,1.8211673,0.33513948,8006,0,0.5172836,-1.7246301,-12.0785475,8006,0,0,1,1
3828,28092126,-3.4797857,1.5849837,0.27880368,8005,0,0.71524686,-1.6451472,-12.002676,8005,0,0,1,1
3829,28097129,-3.2684588,1.347649,0.2847641,5003,0,0.57330894,-1.5628853,-11.777748,5003,0,0,1,1
3830,28102133,-3.1094666,1.1424637,0.30540082,5004,0,0.4483329,-1.5980854,-11.729624,5004,0,0,1,1
3831,28110138,-2.9162695,0.85716325,0.35021353,8005,0,0.45713052,-1.4922315,-11.524737,8005,0,0,1,1
3832,28120145,-2.6539338,0.35509086,0.37494984,5004,0,0.5017165,-0.98208797,-10.968864,5004,0,0,1,1
3833,28128150,-2.5597775,0.09686584,0.35555595,8005,0,0.62796205,-0.5101886,-10.405663,8005,0,0,1,1
3834,28138157,-2.4796112,-0.31753492,0.31474155,5004,0,1.1847862,0.37258267,-9.664387,5004,0,0,1,1
3835,28146162,-2.4934332,-0.5353725,0.27182046,8005,0,1.4616495,0.7665496,-9.443879,8005,0,0,1,1
3836,28156169,-2.5812736,-0.8490084,0.21835274,5004,0,1.9403999,1.2191689,-9.395521,5004,0,0,1,1
3837,28164174,-2.6591434,-0.9515746,0.21541592,8005,0,2.4497154,1.2681346,-9.492666,8005,0,0,1,1
3838,28169177,-2.7407365,-1.0157689,0.22246392,5003,0,2.809003,1.3439097,-9.674206,5003,0,0,1,1
3839,28174181,-2.8032005,-1.0593405,0.24508287,5004,0,2.903116,1.4550071,-9.688328,5004,0,0,1,1
3840,28182186,-2.8509936,-1.1232258,0.26950946,8005,0,2.9213974,1.565125,-9.971612,8005,0,0,1,1
3841,28190191,-2.8916163,-1.1894481,0.28952736,8005,0,2.8389115,1.4258548,-10.332123,8005,0,0,1,1
3842,28195195,-2.9182713,-1.2183125,0.2757174,5004,0,2.647407,1.5349593,-10.860533,5004,0,0,1,1
3843,28200198,-2.901034,-1.1997589,0.2156121,5003,0,2.4197059,1.6496489,-11.394926,5003,0,0,1,1
3844,28208204,-2.857483,-1.1423072,0.14938705,8006,0,2.3668096,1.482852,-11.512173,8006,0,0,1,1
3845,28218210,-2.7433934,-1.0533763,0.030628057,5003,0,2.351719,1.185893,-11.437054,5003,0,0,1,1
3846,28226216,-2.6748054,-1.0353935,-0.058687985,8006,0,2.2629607,1.2639325,-11.432697,8006,0,0,1,1
3847,28236222,-2.4896235,-1.0488106,-0.1957601,5003,0,2.116145,1.2606003,-10.8107395,5003,0,0,1,1
3848,28244228,-2.3611555,-1.112765,-0.24392822,8006,0,1.8320018,1.1629417,-10.352331,8006,0,0,1,1
3849,28254109,-2.173194,-1.3148978,-0.27343974,4878,0,1.1384021,1.7427332,-9.610982,4878,0,0,1,1
3850,28262240,-2.1223168,-1.4859968,-0.28721103,8131,0,0.41474915,2.2047741,-8.850927,8131,0,0,1,1
3851,28270245,-2.1313863,-1.743642,-0.27933428,8005,0,-0.15310137,2.818095,-8.189903,8005,0,0,1,1
3852,28275248,-2.1794243,-1.9610261,-0.27269694,5003,0,-0.37933874,3.1560674,-7.828991,5003,0,0,1,1
3853,28280252,-2.240895,-2.1052434,-0.28618997,5004,0,-0.5583819,3.4233246,-8.2124195,5004,0,0,1,1
3854,28288257,-2.2827904,-2.2308156,-0.3977917,8005,0,-0.95422125,3.6646397,-8.925606,8005,0,0,1,1
3855,28293261,-2.3015983,-2.3235166,-0.5788179,5004,0,-1.0834812,3.5575876,-9.34598,5004,0,0,1,1
3856,28298264,-2.3046677,-2.3794959,-0.71143425,5003,0,-1.088021,3.4105623,-9.663214,5003,0,0,1,1
3857,28306269,-2.3147748,-2.423586,-0.8224571,8005,0,-0.85399574,3.1348498,-10.324819,8005,0,0,1,1
3858,28316276,-2.3061724,-2.4057405,-0.9374349,5004,0,-0.27663475,2.384904,-11.998978,5004,0,0,1,1
3859,28324281,-2.22728,-2.3598623,-0.99590117,8005,0,0.22564949,1.958547,-13.010367,8005,0,0,1,1
3860,28334288,-1.9278051,-2.244997,-1.2542928,5004,0,0.44066006,1.48085,-14.456616,5004,0,0,1,1
3861,28342168,-1.640258,-2.081103,-1.6251992,7880,0,0.1472218,0.7302219,-14.763186,7880,0,0,1,1
3862,28352300,-0.9019685,-1.7907817,-2.2333663,5125,0,-0.58806896,-0.39234406,-14.369345,5125,0,0,1,1
3863,28360306,-0.39616555,-1.7228478,-2.3823135,8006,0,-1.0192144,-0.3807131,-14.24903,8006,0,0,1,1
3864,28368311,0.19663374,-1.6846869,-2.4428196,8005,0,-1.6809285,-0.042362034,-14.128421,8005,0,0,1,1
3865,28373314,0.63282037,-1.6983738,-2.4284668,5003,0,-2.0619998,0.47028154,-13.916478,5003,0,0,1,1
3866,28378317,0.9153604,-1.7611065,-2.3912992,5003,0,-2.2200022,1.0381479,-13.60191,5003,0,0,1,1
3867,28386323,1.1877086,-1.8930423,-2.3470018,8006,0,-2.2203074,1.8468926,-13.168034,8006,0,0,1,1
3868,28391201,1.3908881,-2.0548334,-2.3458836,4878,0,-2.259712,2.6993203,-12.906409,4878,0,0,1,1
3869,28396329,1.5046484,-2.1759334,-2.386999,5128,0,-2.2631507,3.1822932,-12.7211685,5128,0,0,1,1
3870,28404335,1.5805258,-2.3232777,-2.4441354,8006,0,-1.8794649,3.6280642,-12.385461,8006,0,0,1,1
3871,28414341,1.5670247,-2.4597504,-2.4326751,5003,0,-1.2204726,3.8685079,-11.862234,5003,0,0,1,1
3872,28422347,1.5114588,-2.4402597,-2.3860486,8006,0,-1.016353,3.7365522,-11.799477,8006,0,0,1,1
3873,28432353,1.4648803,-2.3689845,-2.3110998,5003,0,-0.76362395,3.412986,-11.869198,5003,0,0,1,1
3874,28440359,1.4584624,-2.3196397,-2.2986794,8006,0,-0.41975296,2.9799867,-12.161728,8006,0,0,1,1
3875,28448364,1.4270642,-2.2246318,-2.3091612,8005,0,-0.091930784,2.6341298,-12.561429,8005,0,0,1,1
3876,28453367,1.4505485,-2.0839972,-2.3049858,5003,0,0.099252984,2.2532516,-13.004292,5003,0,0,1,1
3877,28458371,1.5126723,-1.9352183,-2.3084471,5004,0,0.051607996,1.6235542,-13.208534,5004,0,0,1,1
3878,28466376,1.6897215,-1.733636,-2.2963378,8005,0,-0.0098354,0.9965242,-13.632513,8005,0,0,1,1
3879,28471379,1.9426396,-1.5556604,-2.233216,5003,0,0.11313796,0.50020146,-13.846815,5003,0,0,1,1
3880,28476383,2.177655,-1.4484861,-2.1309738,5004,0,0.1971811,0.33524027,-13.846579,5004,0,0,1,1
3881,28484388,2.51375,-1.3369989,-1.9365711,8005,0,0.2645458,0.33274853,-13.622804,8005,0,0,1,1
3882,28494395,3.0729504,-1.145889,-1.5211962,5003,0,0.36573103,0.67473865,-12.587925,5003,0,0,1,1
3883,28502400,3.2664177,-1.0177166,-1.3685926,8005,0,0.25526705,1.2051458,-11.875936,8005,0,0,1,1
3884,28512407,3.3988872,-0.69947046,-1.3986466,5004,0,-0.0987399,2.4612627,-10.967333,5004,0,0,1,1
3885,28520412,3.3199637,-0.46523446,-1.4994899,8005,0,-0.3461265,3.083228,-10.190431,8005,0,0,1,1
3886,28528418,3.0887504,-0.16146079,-1.5915153,8006,0,-0.40957373,3.5939534,-9.671484,8006,0,0,1,1
3887,28533421,2.8347514,0.08119503,-1.6349957,5003,0,-0.3702477,3.8520799,-9.429749,5003,0,0,1,1
3888,28538424,2.622645,0.245838,-1.6428521,5003,0,-0.3021646,3.814756,-9.1160965,5003,0,0,1,1
3889,28546430,2.358042,0.42531937,-1.6221613,8006,0,-0.18032652,3.644377,-8.818842,8006,0,0,1,1
3890,28551433,2.106555,0.58807516,-1.5556903,5003,0,-0.08294299,3.3061829,-8.570469,5003,0,0,1,1
3891,28556436,1.9417907,0.6963331,-1.4579884,5003,0,-0.080552146,3.0322995,-8.413414,5003,0,0,1,1
3892,28564442,1.7581774,0.8024103,-1.2861058,8006,0,-0.36544937,2.6268272,-8.298519,8006,0,0,1,1
3893,28569445,1.6081978,0.86134535,-1.1016546,5003,0,-0.68652666,2.2745223,-8.293709,5003,0,0,1,1
3894,28574448,1.5068877,0.8643102,-0.9585355,5003,0,-0.946046,2.1354346,-8.414846,5003,0,0,1,1
3895,28582454,1.4032786,0.8028673,-0.7719895,8006,0,-1.0322137,1.9748654,-8.604118,8006,0,0,1,1
3896,28592460,1.1970214,0.598059,-0.4454696,5003,0,-0.9082293,1.6302655,-9.124252,5003,0,0,1,1
3897,28600466,1.0658561,0.49220833,-0.26277328,8006,0,-0.78980225,1.3728799,-9.250847,8006,0,0,1,1
3898,28610472,0.8983171,0.44510606,0.011022506,5003,0,-0.56322473,0.7360337,-9.384977,5003,0,0,1,1
3899,28618478,0.8397113,0.5224302,0.119083226,8006,0,-0.49142924,0.45723876,-9.398247,8006,0,0,1,1
3900,28626483,0.7852946,0.67901915,0.19335209,8005,0,-0.5984206,0.12399897,-9.650387,8005,0,0,1,1
3901,28631486,0.76011395,0.8243797,0.19494614,5003,0,-0.8469228,-0.020067215,-9.757757,5003,0,0,1,1
3902,28636490,0.7429081,0.9296766,0.17366926,5004,0,-1.1151265,-0.14119703,-9.851652,5004,0,0,1,1
3903,28644495,0.7173521,1.0461072,0.13968626,8005,0,-1.5293213,-0.20983832,-9.892493,8005,0,0,1,1
3904,28649498,0.6754354,1.132829,0.086982235,5003,0,-1.9824768,-0.21111989,-9.997906,5003,0,0,1,1
3905,28654502,0.6621978,1.1604958,0.036193676,5004,0,-2.4299846,-0.18263984,-9.9368515,5004,0,0,1,1
3906,28662382,0.65046555,1.1391506,-0.041352753,7880,0,-2.9483678,-0.17974444,-10.135335,7880,0,0,1,1
3907,28667510,0.6211988,1.0760304,-0.14507543,5128,0,-3.2692287,-0.110861175,-10.164391,5128,0,0,1,1
3908,28672514,0.6080632,0.9811391,-0.19954194,5004,0,-3.3068697,0.0076400638,-10.147461,5004,0,0,1,1
3909,28680521,0.55634725,0.82794774,-0.21795884,8007,0,-3.2634475,-0.12216252,-9.963836,8007,0,0,1,1
3910,28688524,0.4928695,0.62561136,-0.15425065,8003,0,-3.1623003,-0.29410934,-9.717693,8003,0,0,1,1
3911,28698531,0.44698006,0.34088296,0.00062478567,5003,0,-2.835553,-0.52955544,-9.567896,5003,0,0,1,1
3912,28706536,0.4504931,0.21043421,0.0720144,8005,0,-2.5717008,-0.5556479,-9.562994,8005,0,0,1,1
3913,28711540,0.44939452,0.115839474,0.1389575,5004,0,-2.20373,-0.5590066,-9.573175,5004,0,0,1,1
3914,28716543,0.4311303,0.07512702,0.1829375,5003,0,-1.9875267,-0.55517125,-9.621054,5003,0,0,1,1
3915,28724549,0.39768782,0.053656474,0.22043143,8006,0,-1.8775142,-0.60144246,-9.607731,8006,0,0,1,1
3916,28729552,0.36352462,0.0656044,0.2396495,5003,0,-1.7612771,-0.6911707,-9.616503,5003,0,0,1,1
3917,28734555,0.3335392,0.10820408,0.23508532,5003,0,-1.711722,-0.8849944,-9.7173195,5003,0,0,1,1
3918,28742560,0.31396586,0.19058987,0.21485965,8005,0,-1.6512713,-1.0754813,-9.859715,8005,0,0,1,1
3919,28750566,0.31734553,0.30179417,0.20074755,8006,0,-1.5619347,-1.1916068,-10.014593,8006,0,0,1,1
3920,28760573,0.36347955,0.37043107,0.24142273,5004,0,-1.7677449,-1.2528428,-10.069244,5004,0,0,1,1
3921,28768578,0.40299952,0.34235933,0.2530222,8005,0,-1.9544369,-1.1007744,-10.236068,8005,0,0,1,1
3922,28778585,0.4286491,0.25845397,0.21282955,5004,0,-1.973647,-0.8288353,-10.115446,5004,0,0,1,1
3923,28786590,0.4094218,0.21806332,0.2118342,8005,0,-1.9262048,-0.68800634,-9.822722,8005,0,0,1,1
3924,28796472,0.3376986,0.1502937,0.23776492,4879,0,-1.8452381,-0.58508974,-9.611111,4879,0,0,1,1
3925,28804602,0.2926993,0.12911369,0.24799077,8130,0,-1.6090353,-0.6342014,-9.660925,8130,0,0,1,1
3926,28809605,0.24902932,0.14513175,0.24920976,5003,0,-1.2175685,-0.7833361,-9.691202,5003,0,0,1,1
3927,28814609,0.22647071,0.18721823,0.24636006,5004,0,-0.9556334,-0.8125528,-9.707243,5004,0,0,1,1
3928,28822614,0.20088568,0.2624843,0.2584381,8005,0,-0.74808973,-0.9115804,-9.672471,8005,0,0,1,1
3929,28830619,0.16746743,0.36823192,0.28245112,8005,0,-0.78695494,-0.97194546,-9.640056,8005,0,0,1,1
3930,28835623,0.13532855,0.45289382,0.29532444,5004,0,-0.9269022,-0.9593121,-9.648579,5004,0,0,1,1
3931,28840626,0.103907116,0.5161056,0.29434106,5003,0,-1.084684,-0.97032577,-9.706768,5003,0,0,1,1
3932,28848631,0.048096836,0.59693164,0.27997085,8005,0,-1.2647463,-0.9977562,-9.609412,8005,0,0,1,1
3933,28858638,-0.043241404,0.7170851,0.22354117,5003,0,-1.5192295,-0.9918742,-9.556171,5003,0,0,1,1
3934,28866643,-0.08947201,0.7583483,0.1973655,8005,0,-1.647068,-1.0107007,-9.643636,8005,0,0,1,1
3935,28876650,-0.1427386,0.7863554,0.1653815,5003,0,-1.5764422,-1.0838106,-10.08098,5003,0,0,1,1
3936,28884655,-0.16431054,0.78758615,0.14611234,8005,0,-1.3370372,-1.2124046,-10.225884,8005,0,0,1,1
3937,28894662,-0.15721446,0.77703214,0.1532473,5003,0,-1.0916255,-1.3454975,-10.288084,5003,0,0,1,1
3938,28902542,-0.12828897,0.7557374,0.19135027,7880,0,-1.0129743,-1.3714842,-10.23477,7880,0,0,1,1
3939,28910551,-0.091393545,0.7034239,0.25790334,8009,0,-0.9639068,-1.3376122,-10.148077,8009,0,0,1,1
3940,28915554,-0.07271427,0.6383309,0.32618573,5003,0,-0.932269,-1.2148249,-10.011284,5003,0,0,1,1
3941,28920680,-0.07248135,0.5886052,0.37645975,5126,0,-0.8611928,-1.0944629,-9.977821,5126,0,0,1,1
3942,28928685,-0.08798614,0.53418,0.41909647,8005,0,-0.88317233,-0.8588118,-9.777416,8005,0,0,1,1
3943,28933688,-0.12184326,0.50516975,0.4419256,5003,0,-0.8232312,-0.74838424,-9.610512,5003,0,0,1,1
3944,28938692,-0.16586539,0.5111788,0.44236752,5004,0,-0.7741553,-0.70911765,-9.633259,5004,0,0,1,1
3945,28946697,-0.22168161,0.5573962,0.4114619,8005,0,-0.88422525,-0.83143324,-9.694524,8005,0,0,1,1
3946,28956704,-0.29738674,0.6591745,0.29693094,5004,0,-1.2761364,-1.0606096,-9.870433,5004,0,0,1,1
3947,28964709,-0.31340694,0.6701034,0.22614762,8005,0,-1.5702001,-1.1811165,-9.944307,8005,0,0,1,1
3948,28974716,-0.3168447,0.5955972,0.14704016,5125,0,-1.836651,-1.2466036,-10.0336075,5125,0,0,1,1
3949,28982721,-0.3168846,0.50503796,0.13408186,8005,0,-1.8555214,-1.2573017,-10.085523,8005,0,0,1,1
3950,28992728,-0.29927272,0.34858704,0.11937915,5004,0,-1.6274405,-1.3292198,-10.298376,5004,0,0,1,1
3951,29000609,-0.2782905,0.28256077,0.11832033,7881,0,-1.2668852,-1.3739688,-10.405624,7881,0,0,1,1
3952,29008613,-0.25113618,0.23760365,0.13806002,8004,0,-0.7977573,-1.3611522,-10.513116,8004,0,0,1,1
3953,29013742,-0.2278018,0.22888446,0.15520866,5129,0,-0.44520587,-1.3629059,-10.565857,5129,0,0,1,1
3954,29018745,-0.2143373,0.23700921,0.16885379,5003,0,-0.17727588,-1.3677591,-10.609144,5003,0,0,1,1
3955,29026750,-0.19034082,0.26751238,0.18917525,8005,0,0.17555936,-1.3416823,-10.533509,8005,0,0,1,1
3956,29031754,-0.1640115,0.31041223,0.21493,5004,0,0.42893237,-1.2832509,-10.409704,5004,0,0,1,1
3957,29036757,-0.14453702,0.35013467,0.24076985,5003,0,0.5397849,-1.1946653,-10.385757,5003,0,0,1,1
3958,29044763,-0.12381307,0.41403437,0.26383054,8006,0,0.49228913,-1.1546421,-10.2760105,8006,0,0,1,1
3959,29054644,-0.1115414,0.5215734,0.28428236,5002,0,0.31765133,-0.9983858,-10.07372,5002,0,0,1,1
3960,29062774,-0.12053969,0.580553,0.2836753,8130,0,0.09866156,-0.9290316,-9.981773,8130,0,0,1,1
3961,29072782,-0.14954156,0.64609027,0.2723265,5004,0,-0.3508222,-0.75433135,-9.897993,5004,0,0,1,1
3962,29080787,-0.17119373,0.64250606,0.26585028,8005,0,-0.64108795,-0.759759,-9.753474,8005,0,0,1,1
3963,29088667,-0.20316665,0.609425,0.24687362,7880,0,-0.9354655,-0.7422485,-9.7287,7880,0,0,1,1
3964,29093795,-0.2327591,0.55785155,0.22399595,5128,0,-1.0573319,-0.7767893,-9.826903,5128,0,0,1,1
3965,29098799,-0.25405914,0.50730187,0.20557238,5004,0,-1.0909045,-0.8223636,-9.850418,5004,0,0,1,1
3966,29106804,-0.27175695,0.4363226,0.18641527,8005,0,-1.0329221,-0.88032734,-9.96419,8005,0,0,1,1
3967,29111807,-0.27534893,0.36783898,0.17517541,5003,0,-0.86562735,-0.9798914,-10.061102,5003,0,0,1,1
3968,29116811,-0.27310637,0.3144452,0.16724434,5004,0,-0.72147524,-1.1056013,-10.106598,5004,0,0,1,1
3969,29124816,-0.25437617,0.25541374,0.16630653,8005,0,-0.5331724,-1.1613868,-10.153311,8005,0,0,1,1
3970,29129819,-0.2256108,0.21493791,0.16382976,5003,0,-0.33865023,-1.2092679,-10.178421,5003,0,0,1,1
3971,29134823,-0.19741748,0.19771357,0.15794471,5004,0,-0.24625604,-1.2543072,-10.124678,5004,0,0,1,1
3972,29142828,-0.16130173,0.18064386,0.16186842,8005,0,-0.06615551,-1.1875689,-10.122038,8005,0,0,1,1
3973,29152835,-0.115589276,0.16478948,0.16589993,5004,0,0.10691123,-0.98134553,-10.038122,5004,0,0,1,1
3974,29160840,-0.11263063,0.1777192,0.1692949,8005,0,0.24177666,-0.90391,-9.981455,8005,0,0,1,1
3975,29170847,-0.13612294,0.21653844,0.17837653,5003,0,0.47625387,-0.7018148,-9.8161545,5003,0,0,1,1
3976,29178727,-0.15940836,0.24675503,0.18832967,7880,0,0.4685981,-0.6825811,-9.770446,7880,0,0,1,1
3977,29186733,-0.19154109,0.29339597,0.19151151,8006,0,0.3798036,-0.60677266,-9.67589,8006,0,0,1,1
3978,29191861,-0.21657653,0.32941437,0.18428068,5128,0,0.27835408,-0.55571014,-9.727742,5128,0,0,1,1
3979,29196864,-0.23606484,0.3473246,0.17355476,5003,0,0.17853272,-0.541975,-9.782661,5003,0,0,1,1
3980,29204870,-0.26890293,0.36391973,0.16498886,8006,0,0.104880154,-0.53784645,-9.869154,8006,0,0,1,1
3981,29209873,-0.3007677,0.3786456,0.15475158,5003,0,-0.002981536,-0.5994655,-10.012749,5003,0,0,1,1
3982,29214751,-0.31979194,0.38719347,0.14272392,4878,0,-0.07039991,-0.66409343,-10.173921,4878,0,0,1,1
3983,29222882,-0.32779002,0.38705182,0.12527761,8131,0,-0.20963457,-0.7847568,-10.290649,8131,0,0,1,1
3984,29232763,-0.30067194,0.34568536,0.09656077,5003,0,-0.48133636,-0.9463789,-10.449919,5003,0,0,1,1
3985,29240771,-0.27089286,0.29136854,0.088706814,8008,0,-0.6029095,-1.0138423,-10.541473,8008,0,0,1,1
3986,29250775,-0.20372532,0.15900669,0.0791471,4878,0,-0.62993705,-1.0488572,-10.696202,4878,0,0,1,1
3987,29258781,-0.16523634,0.09185247,0.07265899,8006,0,-0.5957388,-1.0904185,-10.696451,8006,0,0,1,1
3988,29266912,-0.10844876,0.035300016,0.059582703,8131,0,-0.3500303,-1.0465322,-10.64723,8131,0,0,1,1
3989,29271914,-0.06537357,0.0105647445,0.053342078,5002,0,-0.154526,-0.9861237,-10.508823,5002,0,0,1,1
3990,29276918,-0.043090574,0.0028489828,0.048541695,5004,0,0.005878933,-0.9427916,-10.556463,5004,0,0,1,1
3991,29284923,-0.017327294,0.0032855717,0.04482633,8005,0,0.1518707,-0.8945791,-10.513192,8005,0,0,1,1
3992,29289926,-0.00085361674,0.008581221,0.042848997,5003,0,0.20028728,-0.8249983,-10.474108,5003,0,0,1,1
3993,29294930,0.013534726,0.012296498,0.043342263,5004,0,0.19693665,-0.7586845,-10.420715,5004,0,0,1,1
3994,29302935,0.017889963,0.0085876435,0.04252365,8005,0,0.15456459,-0.6871429,-10.397695,8005,0,0,1,1
3995,29307938,0.015639003,-0.0028300881,0.045480322,5003,0,0.17946044,-0.59923065,-10.332371,5003,0,0,1,1
3996,29312942,0.010825142,-0.011838555,0.045273837,5004,0,0.23165181,-0.5218923,-10.278978,5004,0,0,1,1
3997,29320947,0.0033484881,-0.014916523,0.04237221,8005,0,0.29525992,-0.4942256,-10.266604,8005,0,0,1,1
3998,29328952,-0.008860111,-0.0043226625,0.03671953,8005,0,0.44635025,-0.41409364,-10.223039,8005,0,0,1,1
3999,29338959,-0.030880405,0.029281365,0.03605225,5003,0,0.58144945,-0.38398945,-10.189194,5003,0,0,1,1
4000,29346964,-0.047523428,0.055727687,0.03724869,8005,0,0.61112154,-0.3406776,-10.112516,8005,0,0,1,1
4001,29351968,-0.06373766,0.09130583,0.036211815,5004,0,0.60036165,-0.34017372,-10.136528,5004,0,0,1,1
4002,29356971,-0.080355465,0.12070809,0.034301337,5003,0,0.5917428,-0.37393105,-10.069954,5003,0,0,1,1
4003,29364976,-0.09728102,0.15436283,0.037828993,8005,0,0.6135762,-0.39415422,-10.0339775,8005,0,0,1,1
4004,29369980,-0.114349306,0.18500791,0.038975876,5004,0,0.565648,-0.3758515,-10.054163,5004,0,0,1,1
4005,29374983,-0.13233629,0.20299254,0.043753877,5003,0,0.5051948,-0.3926984,-10.1054325,5003,0,0,1,1
4006,29382989,-0.15857041,0.21517627,0.04981249,8006,0,0.4129854,-0.3705498,-10.037493,8006,0,0,1,1
4007,29390994,-0.18671879,0.21422595,0.057507202,8005,0,0.3222469,-0.39146268,-10.0699835,8005,0,0,1,1
4008,29401001,-0.21570885,0.18212692,0.06668116,5004,0,0.1710774,-0.4435971,-10.185125,5004,0,0,1,1
4009,29409006,-0.22400622,0.15604773,0.06907373,8005,0,0.058974784,-0.51335794,-10.2730055,8005,0,0,1,1
4010,29419013,-0.22519144,0.109514154,0.05950266,5004,0,-0.024284951,-0.6020988,-10.330696,5004,0,0,1,1
4011,29427018,-0.2108335,0.08745028,0.045752894,8005,0,-0.020214511,-0.63495976,-10.429393,8005,0,0,1,1
4012,29437025,-0.17111543,0.060080156,0.023082279,5004,0,0.087049976,-0.6952331,-10.437953,5004,0,0,1,1
4013,29445030,-0.15263195,0.04316595,0.01930434,8005,0,0.08976653,-0.6852351,-10.449595,8005,0,0,1,1
4014,29450033,-0.13156125,0.029554203,0.01892119,5003,0,0.14139152,-0.6255597,-10.545446,5003,0,0,1,1
4015,29455037,-0.11905732,0.015911415,0.016475512,5004,0,0.17398405,-0.5976999,-10.567509,5004,0,0,1,1
4016,29463042,-0.10214145,0.00409548,0.013439789,8005,0,0.17670624,-0.5529553,-10.49179,8005,0,0,1,1
4017,29471047,-0.08023294,0.0021943299,0.0055324547,8005,0,0.27262223,-0.5001373,-10.370588,8005,0,0,1,1
4018,29475926,-0.06957147,0.008938491,0.0037588815,4879,0,0.3037357,-0.43940592,-10.326933,4879,0,0,1,1
4019,29481054,-0.06708181,0.0148643395,0.0010456503,5128,0,0.36248332,-0.37900183,-10.273712,5128,0,0,1,1
4020,29489059,-0.07341077,0.014912709,-5.8394387e-05,8005,0,0.37714547,-0.30501,-10.250296,8005,0,0,1,1
4021,29499066,-0.0958744,0.010965124,0.0026503634,5003,0,0.46987355,-0.21926719,-10.187046,5003,0,0,1,1
4022,29507071,-0.10879011,0.0144370785,0.0074042464,8005,0,0.51518637,-0.242159,-10.201047,8005,0,0,1,1
4023,29517078,-0.12624753,0.029567586,0.017350335,5003,0,0.63196385,-0.24440795,-10.195179,5003,0,0,1,1
4024,29525083,-0.13618983,0.040849224,0.02513736,8005,0,0.63890046,-0.2520898,-10.211837,8005,0,0,1,1
4025,29535090,-0.14525665,0.07017304,0.02561767,5003,0,0.5431372,-0.33035946,-10.3500805,5003,0,0,1,1
4026,29543096,-0.13500282,0.084227785,0.019599494,8006,0,0.49961936,-0.38865313,-10.320459,8006,0,0,1,1
4027,29548099,-0.12254533,0.08864945,0.0129816225,5003,0,0.39613086,-0.36387932,-10.318958,5003,0,0,1,1
4028,29553102,-0.11378352,0.08512713,0.01474711,5003,0,0.33555588,-0.4170266,-10.287119,5003,0,0,1,1
4029,29561107,-0.10617714,0.07355577,0.019596668,8005,0,0.22638826,-0.3277537,-10.236362,8005,0,0,1,1
4030,29569113,-0.102462366,0.05457142,0.01699396,8006,0,0.11558272,-0.29008344,-10.263052,8006,0,0,1,1
4031,29574116,-0.1051695,0.041484073,0.002670731,5003,0,0.08728437,-0.28654122,-10.313454,5003,0,0,1,1
4032,29579120,-0.11228673,0.03398721,-0.009300468,5004,0,0.059036285,-0.2515887,-10.299097,5004,0,0,1,1
4033,29587125,-0.118474655,0.019072024,-0.016678918,8005,0,0.1051805,-0.26789796,-10.350984,8005,0,0,1,1
4034,29597007,-0.12932624,-0.008271889,-0.020481758,4879,0,0.23101899,-0.30128208,-10.40104,4879,0,0,1,1
4035,29605137,-0.12326031,-0.026832476,-0.017496675,8130,0,0.32247293,-0.2952177,-10.437052,8130,0,0,1,1
4036,29615144,-0.094835475,-0.06363639,-0.0019445494,5004,0,0.5100958,-0.34759384,-10.450161,5004,0,0,1,1
4037,29623149,-0.0716344,-0.06920579,0.009607481,8005,0,0.596889,-0.38536516,-10.453037,8005,0,0,1,1
4038,29633156,-0.018609874,-0.055526085,0.026682518,5004,0,0.7721185,-0.43558335,-10.433382,5004,0,0,1,1
4039,29641161,0.001877237,-0.043211125,0.03725025,8005,0,0.75550455,-0.36067012,-10.3562155,8005,0,0,1,1
4040,29649166,0.014497387,-0.02649646,0.050320648,8005,0,0.7388975,-0.26400986,-10.266586,8005,0,0,1,1
4041,29654170,0.01813516,-0.012983502,0.05764332,5004,0,0.6894264,-0.2180646,-10.218168,5004,0,0,1,1
4042,29659048,0.01560434,0.001529321,0.055057496,4878,0,0.67868453,-0.19590805,-10.179568,4878,0,0,1,1
4043,29667178,0.009933494,0.024040386,0.05444921,8130,0,0.6587938,-0.15031523,-10.15625,8130,0,0,1,1
4044,29672057,0.0070927665,0.048970744,0.062494054,4879,0,0.6348432,-0.14454998,-10.085469,4879,0,0,1,1
4045,29677185,0.0007069856,0.066201344,0.06934435,5128,0,0.5877059,-0.083785355,-10.103838,5128,0,0,1,1
4046,29685191,-0.015410356,0.081134036,0.072427586,8006,0,0.5117845,-0.09313893,-10.082005,8006,0,0,1,1
4047,29695197,-0.04819063,0.10078567,0.060082037,5003,0,0.35304216,-0.07657504,-10.123838,5003,0,0,1,1
4048,29703203,-0.06741309,0.10506242,0.04984952,8006,0,0.31871247,-0.10583931,-10.1334095,8006,0,0,1,1
4049,29713209,-0.08585042,0.09422195,0.04108338,5003,0,0.21540597,-0.22103089,-10.219629,5003,0,0,1,1
4050,29721215,-0.08697075,0.08181763,0.035101503,8006,0,0.15680614,-0.31952137,-10.246087,8006,0,0,1,1
4051,29731221,-0.06739205,0.047936827,0.026584897,5003,0,0.093986735,-0.32125336,-10.32638,5003,0,0,1,1
4052,29739227,-0.055752814,0.02675356,0.021775667,8006,0,0.102488615,-0.41574094,-10.410986,8006,0,0,1,1
4053,29747107,-0.037440155,0.005933747,0.013437519,7880,0,0.24599694,-0.41832677,-10.473939,7880,0,0,1,1
4054,29752235,-0.019376025,-0.0056116576,0.012690758,5128,0,0.29190874,-0.4551816,-10.5113735,5128,0,0,1,1
4055,29757239,-0.00562492,-0.011989117,0.014795854,5004,0,0.30260733,-0.4351421,-10.468973,5004,0,0,1,1
4056,29765244,0.011665861,-0.025918012,0.019409042,8005,0,0.2848192,-0.4071181,-10.419012,8005,0,0,1,1
4057,29770248,0.025226133,-0.048602417,0.028062189,5004,0,0.27939206,-0.38039356,-10.399857,5004,0,0,1,1
4058,29775251,0.030373337,-0.064323924,0.032310586,5003,0,0.31018847,-0.33945268,-10.418083,5003,0,0,1,1
4059,29783256,0.032111328,-0.077304974,0.029603394,8005,0,0.34878877,-0.29408428,-10.384202,8005,0,0,1,1
4060,29793263,0.036111526,-0.073657334,0.020446073,5004,0,0.43037486,-0.29659438,-10.357753,5004,0,0,1,1
4061,29801268,0.04002518,-0.055674467,0.013922711,8005,0,0.38485,-0.29483026,-10.302949,8005,0,0,1,1
4062,29811275,0.054101545,-0.041459665,-0.0018782527,5003,0,0.2848041,-0.26020557,-10.198769,5003,0,0,1,1
4063,29819280,0.05020829,-0.057851132,-0.005375311,8005,0,0.21576317,-0.22884159,-10.192367,8005,0,0,1,1
4064,29829287,0.030606663,-0.10510788,0.010812188,5004,0,0.17563137,-0.10027153,-10.057745,5004,0,0,1,1
4065,29837167,0.011698321,-0.12987839,0.020722633,7880,0,0.18270098,-0.09146387,-10.027072,7880,0,0,1,1
4066,29845175,-0.010695197,-0.15715936,0.028309941,8008,0,0.23910628,-0.044330537,-10.081038,8008,0,0,1,1
4067,29850301,-0.026945315,-0.16745956,0.028441703,5126,0,0.27634424,-0.069654286,-10.130585,5126,0,0,1,1
4068,29855304,-0.04147224,-0.16983077,0.028455276,5003,0,0.3178415,-0.10553563,-10.195665,5003,0,0,1,1
4069,29863310,-0.05576917,-0.16101508,0.035698004,8006,0,0.38529852,-0.1897853,-10.198646,8006,0,0,1,1
4070,29868313,-0.06774542,-0.1527525,0.049640737,5003,0,0.37649968,-0.2168718,-10.25601,5003,0,0,1,1
4071,29873317,-0.06942907,-0.15032251,0.05363574,5004,0,0.38846824,-0.24225171,-10.288565,5004,0,0,1,1
4072,29881322,-0.06305385,-0.15006122,0.049937412,8005,0,0.2994066,-0.28425023,-10.395206,8005,0,0,1,1
4073,29891204,-0.046118222,-0.17300181,0.044789575,4879,0,0.16103877,-0.31733778,-10.391278,4879,0,0,1,1
4074,29899334,-0.036721855,-0.18884236,0.049237948,8130,0,0.124390244,-0.32401723,-10.446247,8130,0,0,1,1
4075,29909340,-0.01888965,-0.2128728,0.035501663,5003,0,-0.1363268,-0.37632573,-10.557419,5003,0,0,1,1
4076,29917346,-0.0011599435,-0.23683695,0.012720304,8006,0,-0.25319988,-0.37249705,-10.590696,8006,0,0,1,1
4077,29925351,0.026560908,-0.2804879,-0.017164912,8005,0,-0.46867853,-0.4226196,-10.619428,8005,0,0,1,1
4078,29930354,0.051111806,-0.32941508,-0.03682293,5003,0,-0.6173521,-0.45195088,-10.657619,5003,0,0,1,1
4079,29935358,0.06960765,-0.37461933,-0.051456857,5004,0,-0.69202685,-0.4519848,-10.693651,5004,0,0,1,1
4080,29943363,0.09694662,-0.4450738,-0.07607806,8005,0,-0.74476063,-0.4446201,-10.797351,8005,0,0,1,1
4081,29948367,0.12874286,-0.5213884,-0.09709741,5004,0,-0.7181243,-0.48621526,-10.832279,5004,0,0,1,1
4082,29953370,0.1581966,-0.58485186,-0.106112495,5003,0,-0.6530066,-0.47592533,-10.811205,5003,0,0,1,1
4083,29961375,0.1900388,-0.66157496,-0.104971886,8005,0,-0.44848737,-0.3894078,-10.756197,8005,0,0,1,1
4084,29971382,0.22905217,-0.76121515,-0.07129133,5003,0,0.021212913,-0.22261544,-10.789183,5003,0,0,1,1
4085,29979387,0.24667451,-0.7782485,-0.04191858,8005,0,0.33157218,-0.22450314,-10.757844,8005,0,0,1,1
4086,29987393,0.252477,-0.76413035,-0.0046737683,8006,0,0.6609342,-0.17691909,-10.681236,8006,0,0,1,1
4087,29997274,0.25414217,-0.6749027,0.053950183,4878,0,0.91812444,-0.08672762,-10.485733,4878,0,0,1,1
4088,30005405,0.25293422,-0.59637034,0.08184463,8131,0,1.0101359,-0.113307595,-10.306507,8131,0,0,1,1
4089,30010408,0.24314727,-0.5018918,0.1089328,5003,0,1.0763302,-0.04472065,-10.128862,5003,0,0,1,1
4090,30015412,0.22365987,-0.42385486,0.12383928,5004,0,1.0025842,0.04721743,-10.009134,5004,0,0,1,1
4091,30023417,0.18081677,-0.3133803,0.14131567,8005,0,0.8660819,0.11457827,-9.832936,8005,0,0,1,1
4092,30028420,0.12525004,-0.19727035,0.15166777,5003,0,0.7229449,0.22006786,-9.763508,5003,0,0,1,1
4093,30033424,0.07419102,-0.11093742,0.15377161,5004,0,0.5807283,0.25287402,-9.6435585,5004,0,0,1,1
4094,30041429,0.007935877,-0.009450212,0.1467938,8005,0,0.3818548,0.23757698,-9.647389,8005,0,0,1,1
4095,30046432,-0.056482837,0.08942968,0.11454318,5003,0,0.20676163,0.20618886,-9.714184,5003,0,0,1,1
4096,30051435,-0.09318131,0.15570949,0.086701,5003,0,-0.007283255,0.11999739,-9.733097,5003,0,0,1,1
4097,30059441,-0.13431072,0.21354693,0.049838968,8006,0,-0.122414574,0.00010740757,-9.934385,8006,0,0,1,1
4098,30067446,-0.16436535,0.25066352,0.01775479,8005,0,-0.31425136,-0.17990689,-10.056491,8005,0,0,1,1
4099,30077453,-0.17699471,0.25289965,-0.0021778853,5003,0,-0.41980737,-0.42803317,-10.382641,5003,0,0,1,1
4100,30085458,-0.16456732,0.23869261,-0.0023318417,8005,0,-0.43890223,-0.55205476,-10.470544,8005,0,0,1,1
4101,30090462,-0.13821124,0.21421106,0.0021818173,5004,0,-0.46128783,-0.68220514,-10.546354,5004,0,0,1,1
4102,30095465,-0.10888189,0.19060092,0.00812036,5003,0,-0.49977267,-0.7139083,-10.673067,5003,0,0,1,1
4103,30103470,-0.06327703,0.1527125,0.022155583,8005,0,-0.49741223,-0.7465876,-10.660436,8005,0,0,1,1
4104,30108474,-0.017496146,0.10919582,0.041149344,5004,0,-0.49998257,-0.74161685,-10.60527,5004,0,0,1,1
4105,30113477,0.01546919,0.06973481,0.0582597,5003,0,-0.4930638,-0.76170194,-10.519472,5003,0,0,1,1
4106,30121482,0.04975822,0.025508717,0.078896545,8005,0,-0.5173089,-0.7338704,-10.450648,8005,0,0,1,1
4107,30126486,0.07766469,-0.011831343,0.08927466,5004,0,-0.55053663,-0.6657772,-10.325905,5004,0,0,1,1
4108,30131489,0.09510206,-0.032631397,0.09189806,5003,0,-0.5737544,-0.57049215,-10.263414,5003,0,0,1,1
4109,30139494,0.10437503,-0.049411606,0.09071372,8005,0,-0.51027966,-0.51555055,-10.156756,8005,0,0,1,1
4110,30147500,0.10404135,-0.059981674,0.083603114,8006,0,-0.476911,-0.41948092,-10.071909,8006,0,0,1,1
4111,30157507,0.08741666,-0.03551957,0.061032858,5004,0,-0.18134633,-0.38303035,-10.008913,5004,0,0,1,1
4112,30165512,0.07657186,0.0031407622,0.04876522,8005,0,-0.06394376,-0.3623586,-9.992994,8005,0,0,1,1
4113,30175519,0.061610997,0.07291123,0.045905933,5004,0,-0.02141852,-0.38087153,-9.878185,5004,0,0,1,1
4114,30183524,0.051642146,0.10034988,0.049239185,8005,0,-0.11904717,-0.3751506,-9.876273,8005,0,0,1,1
4115,30188527,0.040006354,0.123948716,0.047950763,5003,0,-0.22779052,-0.32484758,-9.871485,5003,0,0,1,1
4116,30193531,0.029273264,0.13604645,0.041919332,5004,0,-0.30775672,-0.31742883,-9.887999,5004,0,0,1,1
4117,30201536,0.010811831,0.14723223,0.0366768,8005,0,-0.38159478,-0.29678044,-9.821415,8005,0,0,1,1
4118,30209541,-0.01925542,0.15521312,0.025754886,8005,0,-0.37425816,-0.32430908,-9.888603,8005,0,0,1,1
4119,30214545,-0.04151219,0.15853052,0.021613058,5004,0,-0.33984405,-0.33610195,-9.880583,5004,0,0,1,1
4120,30219548,-0.053131178,0.15602703,0.022045478,5003,0,-0.3642653,-0.39308727,-9.956728,5003,0,0,1,1
4121,30227553,-0.061654948,0.1432975,0.024977814,8005,0,-0.40478474,-0.4163365,-9.995743,8005,0,0,1,1
4122,30237560,-0.07333632,0.104588516,0.038929276,5003,0,-0.366899,-0.44168794,-10.0567875,5003,0,0,1,1
4123,30245565,-0.077210374,0.08115377,0.045401543,8005,0,-0.37036777,-0.4513528,-10.108119,8005,0,0,1,1
4124,30255572,-0.0800558,0.062436666,0.039627336,5003,0,-0.28836268,-0.41439226,-10.247618,5003,0,0,1,1
4125,30263577,-0.081691176,0.06388257,0.027489396,8005,0,-0.14801224,-0.4477602,-10.304143,8005,0,0,1,1
4126,30271583,-0.07732032,0.0702963,0.0173136,8006,0,-0.020817695,-0.4663192,-10.330182,8006,0,0,1,1
4127,30276586,-0.07320449,0.07703748,0.015412349,5003,0,0.036051422,-0.45749307,-10.346968,5003,0,0,1,1
4128,30281589,-0.06530214,0.0796812,0.016849969,5003,0,0.041790694,-0.44216335,-10.33956,5003,0,0,1,1
4129,30289595,-0.053621184,0.0794144,0.023226656,8006,0,-0.029044129,-0.46347412,-10.306391,8006,0,0,1,1
4130,30294598,-0.047624186,0.076252505,0.029207753,5003,0,-0.08437698,-0.39380413,-10.329256,5003,0,0,1,1
4131,30299602,-0.048137397,0.07121891,0.030113311,5004,0,-0.17392471,-0.35741156,-10.2603035,5004,0,0,1,1
4132,30307607,-0.05266561,0.0628597,0.025048109,8005,0,-0.24572003,-0.2963272,-10.248785,8005,0,0,1,1
4133,30312610,-0.05775195,0.052277073,0.01444851,5003,0,-0.29315755,-0.26164448,-10.197817,5003,0,0,1,1
4134,30317489,-0.06354036,0.04269891,0.0065159258,4879,0,-0.35918123,-0.22890049,-10.272058,4879,0,0,1,1
4135,30325619,-0.071431726,0.026695607,-0.0025409474,8130,0,-0.31563532,-0.22360712,-10.31444,8130,0,0,1,1
4136,30335626,-0.084376454,-0.010448396,-0.010458811,5003,0,-0.1990594,-0.2733727,-10.368284,5003,0,0,1,1
4137,30343631,-0.08436472,-0.032822546,-0.009048076,8005,0,-0.11179085,-0.25383183,-10.425055,8005,0,0,1,1
4138,30351636,-0.08305374,-0.050048266,-0.0055375374,8005,0,-0.007498167,-0.3126419,-10.423406,8005,0,0,1,1
4139,30356640,-0.076765716,-0.05004838,-0.00294979,5004,0,0.062624246,-0.2896567,-10.491583,5004,0,0,1,1
4140,30361518,-0.073192,-0.047580235,-0.0057505732,4878,0,0.12306857,-0.33099785,-10.486339,4878,0,0,1,1
4141,30369648,-0.06588953,-0.034937352,-0.0077466513,8130,0,0.20925939,-0.32437402,-10.507315,8130,0,0,1,1
4142,30374652,-0.057058893,-0.018816113,-0.0083566895,5004,0,0.22686532,-0.2760083,-10.462612,5004,0,0,1,1
4143,30379655,-0.04999429,-0.004267797,-0.0073447125,5003,0,0.28385106,-0.2760073,-10.46932,5003,0,0,1,1
4144,30387660,-0.047483798,0.011262341,-0.0016973097,8005,0,0.25830054,-0.26494142,-10.425561,8005,0,0,1,1
4145,30392664,-0.04179187,0.02283606,0.006797094,5004,0,0.24194944,-0.25278676,-10.372595,5004,0,0,1,1
4146,30397542,-0.04248194,0.024698183,0.01423951,4878,0,0.21957533,-0.23510611,-10.432496,4878,0,0,1,1
4147,30405674,-0.04275958,0.029591559,0.018791389,8132,0,0.11439323,-0.2277141,-10.435507,8132,0,0,1,1
4148,30410676,-0.044680774,0.03637059,0.021074302,5002,0,0.0867439,-0.19729334,-10.44035,5002,0,0,1,1
4149,30415679,-0.045627497,0.040512428,0.020798583,5003,0,0.0523306,-0.25301504,-10.537554,5003,0,0,1,1
4150,30423685,-0.04383892,0.043440044,0.017959572,8006,0,0.014201313,-0.27209163,-10.467848,8006,0,0,1,1
4151,30431690,-0.03835447,0.038670734,0.01771382,8005,0,-0.030075302,-0.2897252,-10.544545,8005,0,0,1,1
4152,30441697,-0.0251339,0.024560405,0.023575382,5004,0,-0.1262768,-0.32317168,-10.55168,5004,0,0,1,1
4153,30449702,-0.015338792,0.0119311055,0.020923128,8005,0,-0.19694008,-0.3102464,-10.590551,8005,0,0,1,1
4154,30454581,-0.008217752,-0.0058240597,0.015690561,4879,0,-0.17780483,-0.32801747,-10.5858555,4879,0,0,1,1
4155,30459709,-0.0009710192,-0.016464777,0.011740403,5128,0,-0.16994293,-0.35932577,-10.525124,5128,0,0,1,1
4156,30467714,0.009595591,-0.024434902,0.009750016,8005,0,-0.14655209,-0.39911726,-10.554917,8005,0,0,1,1
4157,30472718,0.023174979,-0.030194268,0.011277699,5004,0,-0.14256158,-0.39978755,-10.5406685,5004,0,0,1,1
4158,30477721,0.03450115,-0.033250503,0.01368157,5003,0,-0.1382537,-0.3952393,-10.477215,5003,0,0,1,1
4159,30485726,0.045023765,-0.04198001,0.018479422,8005,0,-0.12256879,-0.41948035,-10.412639,8005,0,0,1,1
4160,30490730,0.056171995,-0.04927605,0.021477707,5004,0,-0.13848847,-0.35262346,-10.349607,5004,0,0,1,1
4161,30495608,0.06090261,-0.053009775,0.02281214,4878,0,-0.15186681,-0.3554586,-10.325311,4878,0,0,1,1
4162,30503613,0.06414951,-0.05507805,0.024522202,8005,0,-0.120643266,-0.3416871,-10.28056,8005,0,0,1,1
4163,30508743,0.05800706,-0.0501975,0.024954248,5130,0,-0.086694226,-0.27556354,-10.209381,5130,0,0,1,1
4164,30513745,0.050957926,-0.042310905,0.026811687,5002,0,-0.11000614,-0.25255436,-10.156391,5002,0,0,1,1
4165,30521750,0.040643435,-0.03217202,0.022597259,8005,0,-0.13517447,-0.24517092,-10.095011,8005,0,0,1,1
4166,30529756,0.03165081,-0.023840755,0.011111679,8006,0,-0.14029318,-0.22149019,-10.017357,8006,0,0,1,1
4167,30539763,0.006867435,-0.02293475,0.0015358597,5004,0,-0.20100997,-0.17828017,-9.961216,5004,0,0,1,1
4168,30547768,-0.013149604,-0.023937156,0.0021254197,8005,0,-0.110617675,-0.16707867,-9.976929,8005,0,0,1,1
4169,30552771,-0.03225688,-0.022489637,0.002849808,5003,0,-0.06142533,-0.14749688,-10.057291,5003,0,0,1,1
4170,30557775,-0.04209923,-0.021365643,0.0036750145,5004,0,-0.017342053,-0.16659218,-10.069248,5004,0,0,1,1
4171,30565780,-0.055094827,-0.012414842,0.0030294883,8005,0,0.008814997,-0.24231099,-10.105734,8005,0,0,1,1
4172,30570783,-0.05829348,-0.0035780969,0.0045626066,5003,0,0.014678032,-0.25403422,-10.141424,5003,0,0,1,1
4173,30575787,-0.058989484,0.005784929,0.0072295596,5004,0,0.0099563375,-0.30449992,-10.210268,5004,0,0,1,1
4174,30583792,-0.053236406,0.01812321,0.002596259,8005,0,-0.00947903,-0.3233572,-10.223493,8005,0,0,1,1
4175,30588671,-0.046680283,0.029917391,-0.0016891664,4879,0,-0.027179414,-0.32933256,-10.318508,4879,0,0,1,1
4176,30593799,-0.037185512,0.034758862,-0.002460045,5128,0,-0.059752926,-0.30406892,-10.313095,5128,0,0,1,1
4177,30601804,-0.023902012,0.032100976,-0.0018113836,8005,0,-0.18152702,-0.3196711,-10.253268,8005,0,0,1,1
4178,30609809,-0.012608855,0.012570783,-0.0036774313,8005,0,-0.29257554,-0.25132906,-10.286173,8005,0,0,1,1
4179,30619816,-0.014726273,-0.02683858,-0.0015222076,5003,0,-0.3046763,-0.22084826,-10.274912,5003,0,0,1,1
4180,30627822,-0.012942462,-0.047262058,-0.005636704,8006,0,-0.28881592,-0.21043645,-10.270775,8006,0,0,1,1
4181,30637828,-0.013882346,-0.0708408,-0.0067048026,5003,0,-0.21366699,-0.21399619,-10.299326,5003,0,0,1,1
4182,30645833,-0.010263971,-0.07635314,-0.0032925785,8005,0,-0.110621266,-0.18907726,-10.350697,8005,0,0,1,1
4183,30650837,-0.011338174,-0.075468086,0.005105811,5004,0,-0.050865907,-0.19341469,-10.391499,5004,0,0,1,1
4184,30655840,-0.014148235,-0.07113405,0.012282917,5003,0,0.03556162,-0.2161532,-10.404196,5003,0,0,1,1
4185,30663846,-0.01479388,-0.06118286,0.023202393,8006,0,0.08151783,-0.13539612,-10.395145,8006,0,0,1,1
4186,30668849,-0.01545357,-0.047058083,0.037763484,5003,0,0.086569175,-0.14337033,-10.353676,5003,0,0,1,1
4187,30673852,-0.014102013,-0.035111696,0.047647055,5003,0,0.07226856,-0.14726192,-10.361105,5003,0,0,1,1
4188,30681858,-0.016309895,-0.020394674,0.05728683,8006,0,-0.017988829,-0.12738979,-10.310457,8006,0,0,1,1
4189,30689863,-0.022176072,-0.0039297636,0.06404716,8005,0,-0.12073823,-0.13842319,-10.267894,8005,0,0,1,1
4190,30699745,-0.031610657,0.00820388,0.057847746,4879,0,-0.2714592,-0.14812066,-10.256525,4879,0,0,1,1
4191,30707875,-0.04279518,0.00010333955,0.048483375,8130,0,-0.3584641,-0.16066128,-10.294174,8130,0,0,1,1
4192,30717882,-0.057877954,-0.022758104,0.03125916,5004,0,-0.34295946,-0.19053268,-10.368763,5004,0,0,1,1
4193,30725762,-0.06433948,-0.04457673,0.0075748027,7880,0,-0.34583795,-0.274492,-10.382104,7880,0,0,1,1
4194,30735771,-0.06645508,-0.09788438,-0.030576544,5006,0,-0.19309106,-0.36649907,-10.553576,5006,0,0,1,1
4195,30743899,-0.060895976,-0.14859359,-0.029257111,8128,0,-0.100622065,-0.43084186,-10.49506,8128,0,0,1,1
4196,30748903,-0.07446283,-0.20435226,-0.029053103,5004,0,-0.1001803,-0.422767,-10.547861,5004,0,0,1,1
4197,30753906,-0.07513738,-0.25687784,-0.026613524,5003,0,-0.06806837,-0.39542288,-10.608959,5003,0,0,1,1
4198,30761911,-0.06912524,-0.34716386,-0.011273,8005,0,-0.16079481,-0.44241259,-10.535451,8005,0,0,1,1
4199,30769917,-0.04794667,-0.43050382,0.0135708805,8006,0,-0.31859887,-0.4528484,-10.457224,8006,0,0,1,1
4200,30779923,-0.007597618,-0.44916975,0.04060796,5003,0,-0.54885453,-0.35477954,-10.3754635,5003,0,0,1,1
4201,30787929,0.015252483,-0.41872185,0.031387374,8006,0,-0.6147264,-0.34556168,-10.29637,8006,0,0,1,1
4202,30797935,0.041968483,-0.3434064,-0.020056827,5127,0,-0.5539177,-0.30752906,-10.221312,5127,0,0,1,1
4203,30805941,0.04558644,-0.30217162,-0.056799892,8006,0,-0.5494858,-0.2569723,-10.185928,8006,0,0,1,1
4204,30815947,0.031969696,-0.26480573,-0.0846944,5128,0,-0.61456156,-0.23001325,-10.14801,5128,0,0,1,1
4205,30823953,0.013901677,-0.26863223,-0.09184564,8006,0,-0.7005766,-0.20403618,-10.215801,8006,0,0,1,1
4206,30831958,-0.0039546336,-0.28465235,-0.09894929,8005,0,-0.74670845,-0.20250963,-10.281404,8005,0,0,1,1
4207,30836961,-0.021078937,-0.2980078,-0.10709303,5003,0,-0.7001752,-0.25876558,-10.35631,5003,0,0,1,1
4208,30841965,-0.03680682,-0.30556238,-0.11468317,5004,0,-0.599585,-0.28067636,-10.368465,5004,0,0,1,1
4209,30849970,-0.048417423,-0.31119984,-0.11285184,8005,0,-0.49052083,-0.32715514,-10.38869,8005,0,0,1,1
4210,30854974,-0.052339002,-0.31491312,-0.104055785,5004,0,-0.45978758,-0.35381955,-10.412577,5004,0,0,1,1
4211,30859977,-0.052192427,-0.31607097,-0.090460576,5003,0,-0.32164294,-0.34328282,-10.442266,5003,0,0,1,1
4212,30867982,-0.043003224,-0.3201499,-0.06792041,8005,0,-0.2662224,-0.3265546,-10.400816,8005,0,0,1,1
4213,30877989,-0.058990695,-0.35909545,-0.049035743,5003,0,-0.23425867,-0.3234023,-10.296923,5003,0,0,1,1
4214,30885994,-0.06813668,-0.37320417,-0.032681614,8005,0,-0.3055764,-0.12319867,-10.414127,8005,0,0,1,1
4215,30894000,-0.059249535,-0.3838061,-0.002701025,8006,0,-0.34088442,-0.20079285,-10.3194275,8006,0,0,1,1
4216,30899003,-0.053431198,-0.3810514,0.019475099,5003,0,-0.42053333,-0.1855067,-10.285679,5003,0,0,1,1
4217,30904006,-0.053837553,-0.3598141,0.03494495,5003,0,-0.52515054,-0.23770154,-10.227024,5003,0,0,1,1
4218,30912012,-0.05080206,-0.33949018,0.06696165,8006,0,-0.7297979,-0.16853845,-10.107525,8006,0,0,1,1
4219,30917015,-0.043684535,-0.33127072,0.0908538,5003,0,-0.96089554,-0.16611981,-10.065172,5003,0,0,1,1
4220,30922018,-0.04602637,-0.34109727,0.102651075,5003,0,-1.074379,-0.16850847,-9.937098,5003,0,0,1,1
4221,30930024,-0.049149916,-0.39070034,0.11246949,8006,0,-1.2514343,-0.08174985,-10.043917,8006,0,0,1,1
4222,30935027,-0.061001144,-0.48270795,0.13441257,5003,0,-1.4658424,-0.07058263,-10.032614,5003,0,0,1,1
4223,30940030,-0.07539202,-0.5798574,0.17437248,5003,0,-1.4851886,-0.078639686,-10.114611,5003,0,0,1,1
4224,30948036,-0.09505984,-0.7178275,0.23468018,8006,0,-1.5640833,-0.10005801,-10.133375,8006,0,0,1,1
4225,30953039,-0.115311295,-0.88832486,0.28962767,5003,0,-1.4461982,-0.20442653,-9.989513,5003,0,0,1,1
4226,30958042,-0.16389114,-1.0474384,0.32663226,5003,0,-1.5388535,-0.0729965,-9.918642,5003,0,0,1,1
4227,30966048,-0.23306546,-1.204111,0.3551062,8006,0,-1.6038283,0.20375705,-10.391517,8006,0,0,1,1
4228,30974053,-0.30781174,-1.3200309,0.35006315,8005,0,-1.526318,0.12803873,-10.421905,8005,0,0,1,1
4229,30984060,-0.3513722,-1.3998784,0.34880915,5003,0,-1.441411,-0.120177686,-10.151613,5003,0,0,1,1
4230,30992065,-0.34826586,-1.3696827,0.32855263,8005,0,-1.4405755,-0.014853834,-10.399469,8005,0,0,1,1
4231,30997069,-0.31186625,-1.3407732,0.3315951,5004,0,-1.4660816,-0.20609075,-10.162857,5004,0,0,1,1
4232,31002072,-0.28406915,-1.3255986,0.33488896,5003,0,-1.5510634,-0.23459716,-10.023499,5003,0,0,1,1
4233,31010077,-0.24033658,-1.3409746,0.34518313,8005,0,-1.7322142,-0.19487654,-9.734622,8005,0,0,1,1
4234,31014956,-0.2137068,-1.383387,0.33850327,4879,0,-1.8689358,-0.039420664,-9.877226,4879,0,0,1,1
4235,31020084,-0.21841337,-1.4187322,0.30639043,5128,0,-1.8929774,0.07115844,-10.001067,5128,0,0,1,1
4236,31027964,-0.25546974,-1.4506929,0.24738066,7880,0,-1.957329,0.19223647,-10.038958,7880,0,0,1,1
4237,31033093,-0.30074185,-1.4506307,0.18605246,5129,0,-2.0060844,0.31677195,-10.057117,5129,0,0,1,1
4238,31038096,-0.33297354,-1.4264466,0.14091778,5003,0,-2.0552893,0.29572856,-10.030689,5003,0,0,1,1
4239,31046101,-0.3745557,-1.3674984,0.09297842,8005,0,-1.9810759,0.31523988,-10.039289,8005,0,0,1,1
4240,31051105,-0.398065,-1.3013738,0.04970394,5004,0,-1.8934362,0.1264588,-10.05176,5004,0,0,1,1
4241,31055983,-0.41505095,-1.2583522,0.016360024,4878,0,-1.8455149,0.072065614,-10.142082,4878,0,0,1,1
4242,31064113,-0.41622123,-1.2351015,-0.025845177,8130,0,-1.8459952,-0.0037882922,-10.181717,8130,0,0,1,1
4243,31072119,-0.38260326,-1.2637427,-0.023029175,8006,0,-2.0023127,-0.057210505,-10.140893,8006,0,0,1,1
4244,31082126,-0.27850258,-1.4018753,0.08809977,5004,0,-2.1960378,-0.060435776,-10.075148,5004,0,0,1,1
4245,31090131,-0.23183267,-1.4956,0.17604816,8005,0,-2.384356,0.15034518,-9.926009,8005,0,0,1,1
4246,31095134,-0.2073354,-1.5769223,0.27725527,5003,0,-2.4953518,0.3534227,-9.82625,5003,0,0,1,1
4247,31100137,-0.19727539,-1.6346853,0.3615025,5003,0,-2.5113745,0.4216524,-9.589693,5003,0,0,1,1
4248,31108143,-0.21466368,-1.6790767,0.43471903,8006,0,-2.608143,0.50532943,-9.547667,8006,0,0,1,1
4249,31113146,-0.2543102,-1.7045628,0.4672069,5003,0,-2.7407343,0.59644973,-9.458954,5003,0,0,1,1
4250,31118150,-0.30068588,-1.7015582,0.4506234,5004,0,-2.9677281,0.653422,-9.4486885,5004,0,0,1,1
4251,31126031,-0.37164116,-1.6549778,0.39925522,7881,0,-3.1194677,0.6315309,-9.507288,7881,0,0,1,1
4252,31131158,-0.43596786,-1.5791318,0.33557752,5127,0,-3.2899354,0.71027786,-9.447504,5127,0,0,1,1
4253,31136037,-0.46458885,-1.5075481,0.27967593,4879,0,-3.4680908,0.6542646,-9.406607,4879,0,0,1,1
4254,31144167,-0.4970343,-1.4265804,0.21006984,8130,0,-3.619454,0.5563651,-9.39452,8130,0,0,1,1
4255,31152172,-0.5246065,-1.3489884,0.122022346,8005,0,-3.9298866,0.44873583,-9.455749,8005,0,0,1,1
4256,31162179,-0.5006442,-1.370301,0.051870205,5003,0,-4.3934574,0.32278812,-9.312214,5003,0,0,1,1
4257,31170185,-0.47584015,-1.4494941,0.032391477,8006,0,-4.568912,0.31943983,-9.264609,8006,0,0,1,1
4258,31180191,-0.45494068,-1.6753799,0.05462919,5003,0,-4.767965,0.7353685,-8.862553,5003,0,0,1,1
4259,31188197,-0.47740546,-1.8326968,0.10380303,8006,0,-4.5341926,0.9940426,-9.124599,8006,0,0,1,1
4260,31193200,-0.53048563,-1.9634029,0.1528954,5003,0,-4.505748,0.9766394,-9.101515,5003,0,0,1,1
4261,31198203,-0.57841885,-2.0486634,0.18385212,5003,0,-4.425313,1.0716887,-9.027285,5003,0,0,1,1
4262,31206209,-0.6170459,-2.1360493,0.20797968,8006,0,-4.4646006,1.3195988,-9.268652,8006,0,0,1,1
4263,31211212,-0.62840354,-2.1825979,0.19294241,5003,0,-4.5531244,1.2640631,-9.413166,5003,0,0,1,1
4264,31216215,-0.6343117,-2.1791391,0.17003113,5003,0,-4.3704867,1.1293879,-9.480501,5003,0,0,1,1
4265,31224221,-0.654618,-2.165167,0.16941237,8006,0,-4.1361527,0.90316945,-9.281523,8006,0,0,1,1
4266,31229224,-0.64886796,-2.1500533,0.20826879,5003,0,-4.3259406,0.9028918,-9.245411,5003,0,0,1,1
4267,31234227,-0.60402024,-2.1211448,0.22756407,5003,0,-4.586198,0.97593427,-9.28084,5003,0,0,1,1
4268,31242233,-0.55946314,-2.067973,0.22344007,8006,0,-4.6556253,0.79823333,-9.219492,8006,0,0,1,1
4269,31250238,-0.50948805,-2.0060837,0.21679842,8005,0,-4.8191113,0.76131237,-9.059017,8005,0,0,1,1
4270,31260245,-0.5021461,-1.8889463,0.21229684,5004,0,-4.9601674,0.84902173,-8.80081,5004,0,0,1,1
4271,31268250,-0.46491885,-1.8148469,0.17229886,8005,0,-5.290294,1.0707736,-8.719325,8005,0,0,1,1
4272,31278257,-0.40785342,-1.709198,0.09741361,5003,0,-5.3882594,1.1454409,-8.754362,5003,0,0,1,1
4273,31286262,-0.37602043,-1.6767708,0.0657086,8005,0,-5.497556,1.0450472,-8.663219,8005,0,0,1,1
4274,31291266,-0.33264634,-1.6562595,0.049399108,5004,0,-5.546758,1.0467914,-8.688267,5004,0,0,1,1
4275,31296269,-0.3003401,-1.6594852,0.05565337,5003,0,-5.6116486,1.0434053,-8.525553,5003,0,0,1,1
4276,31304274,-0.25641954,-1.700337,0.07672925,8005,0,-5.8554773,0.97214025,-8.500728,8005,0,0,1,1
4277,31309278,-0.20625019,-1.7849555,0.102803014,5004,0,-6.1411257,1.1138525,-8.3945465,5004,0,0,1,1
4278,31314281,-0.18248238,-1.8906931,0.1351193,5003,0,-6.212109,1.2505419,-8.38109,5003,0,0,1,1
4279,31322286,-0.16161521,-2.0920599,0.18197246,8005,0,-6.3577976,1.5199764,-8.1649275,8005,0,0,1,1
4280,31330167,-0.1811986,-2.3318193,0.24783465,7881,0,-6.6909666,1.7396243,-8.183957,7881,0,0,1,1
4281,31340300,-0.22832227,-2.5764353,0.30998138,5130,0,-6.790675,1.6621616,-8.102217,5130,0,0,1,1
4282,31348304,-0.25345486,-2.6370854,0.29647604,8004,0,-6.854991,1.5673765,-7.9135294,8004,0,0,1,1
4283,31358311,-0.2965304,-2.6248581,0.25454065,5004,0,-7.062049,1.2800019,-7.654218,5004,0,0,1,1
4284,31366316,-0.31117582,-2.5408578,0.20210521,8005,0,-7.0875993,1.2507684,-7.566367,8005,0,0,1,1
4285,31376323,-0.30509254,-2.3436089,0.07054284,5004,0,-7.0893354,1.1317863,-7.240017,5004,0,0,1,1
4286,31384328,-0.26195815,-2.2466593,0.02359114,8005,0,-7.1959352,1.1065279,-7.0632944,8005,0,0,1,1
4287,31389331,-0.22684455,-2.1736996,0.016248876,5003,0,-7.333305,1.1691284,-6.906046,5003,0,0,1,1
4288,31394335,-0.20322865,-2.1431398,0.02226951,5004,0,-7.4125543,1.0987486,-6.7951784,5004,0,0,1,1
4289,31402340,-0.17749867,-2.135802,0.03797652,8005,0,-7.488182,1.3380176,-6.636971,8005,0,0,1,1
4290,31407343,-0.15599407,-2.1482637,0.059340686,5003,0,-7.649608,1.3464792,-6.505574,5003,0,0,1,1
4291,31412347,-0.14595844,-2.150702,0.07409654,5004,0,-7.7041626,1.4229146,-6.442755,5004,0,0,1,1
4292,31420352,-0.17086512,-2.1519625,0.100601554,8005,0,-7.8157325,1.5439041,-6.3630037,8005,0,0,1,1
4293,31428358,-0.19505253,-2.16087,0.12658834,8006,0,-7.86706,1.6475475,-6.183081,8006,0,0,1,1
4294,31438364,-0.2374544,-2.160264,0.1611534,5003,0,-7.689802,1.6561145,-6.1863256,5003,0,0,1,1
4295,31446370,-0.2725544,-2.1184425,0.17048492,8006,0,-7.7533426,1.5425655,-6.1063714,8006,0,0,1,1
4296,31456376,-0.26861408,-2.0128398,0.11008552,5003,0,-8.04063,1.4707735,-5.7220287,5003,0,0,1,1
4297,31464382,-0.24918942,-1.9493668,0.055741895,8006,0,-8.232178,1.5433239,-5.598947,8006,0,0,1,1
4298,31474388,-0.2591784,-1.862229,-0.059520822,5003,0,-8.379089,1.7152456,-5.3409414,5003,0,0,1,1
4299,31482394,-0.27970034,-1.8300804,-0.10768265,8006,0,-8.493142,1.7451824,-5.1654463,8006,0,0,1,1
4300,31487397,-0.30539992,-1.8102499,-0.1294549,5003,0,-8.447327,1.8093485,-4.9889855,5003,0,0,1,1
4301,31492400,-0.32443416,-1.8160964,-0.12884615,5003,0,-8.481781,1.7288951,-4.842231,5003,0,0,1,1
4302,31500406,-0.338734,-1.807791,-0.11752293,8006,0,-8.613016,1.7031348,-4.888466,8006,0,0,1,1
4303,31508411,-0.35399604,-1.7954197,-0.10270253,8005,0,-8.614352,1.635792,-4.9273653,8005,0,0,1,1
4304,31518418,-0.36474165,-1.7711583,-0.107441306,5004,0,-8.621626,1.6113403,-4.78619,5004,0,0,1,1
4305,31526423,-0.35524958,-1.7296559,-0.12929635,8005,0,-8.504974,1.5904536,-4.7771306,8005,0,0,1,1
4306,31536430,-0.36077124,-1.5699743,-0.18032102,5003,0,-8.2555485,1.5304182,-4.7589016,5003,0,0,1,1
4307,31544435,-0.3655079,-1.4136208,-0.22352925,8005,0,-8.260008,1.3995206,-4.745708,8005,0,0,1,1
4308,31554442,-0.356628,-1.0776471,-0.29468748,5003,0,-8.490667,1.0405571,-4.602587,5003,0,0,1,1
4309,31562447,-0.31001484,-0.921889,-0.31087407,8005,0,-8.709518,0.97035074,-4.466033,8005,0,0,1,1
4310,31572454,-0.20675635,-0.8161023,-0.2673584,5003,0,-9.170864,1.1921208,-4.5034437,5003,0,0,1,1
4311,31580459,-0.16655672,-0.83510214,-0.26021448,8005,0,-9.437205,1.3245409,-4.3964596,8005,0,0,1,1
4312,31588465,-0.14767127,-0.88522166,-0.25285086,8006,0,-9.487339,1.4667023,-4.263427,8006,0,0,1,1
4313,31593468,-0.14716831,-0.9331907,-0.25084558,5003,0,-9.484882,1.5608821,-4.2116804,5003,0,0,1,1
4314,31598471,-0.16092476,-0.9543901,-0.2635566,5003,0,-9.5149,1.5593916,-4.186457,5003,0,0,1,1
4315,31606477,-0.17113517,-0.9609355,-0.30511266,8006,0,-9.559837,1.3807192,-4.0700207,8006,0,0,1,1
4316,31616483,-0.11163913,-0.96971834,-0.33171272,5003,0,-9.809736,1.227073,-3.840651,5003,0,0,1,1
4317,31624489,-0.050478738,-1.0203838,-0.2874699,8006,0,-9.86861,1.2365546,-3.7510703,8006,0,0,1,1
4318,31634496,0.047403373,-1.1505361,-0.25233746,5004,0,-10.068676,1.2617866,-3.590775,5004,0,0,1,1
4319,31642501,0.07814197,-1.20367,-0.2874708,8005,0,-10.132276,1.4379718,-3.4528356,8005,0,0,1,1
4320,31652508,0.054768123,-1.2707466,-0.36851296,5004,0,-10.177948,1.7050153,-2.9705603,5004,0,0,1,1
4321,31660390,0.006817639,-1.3061059,-0.3963438,7882,0,-10.063837,1.8024774,-2.901486,7882,0,0,1,1
4322,31668518,-0.059628163,-1.3380437,-0.41970357,8128,0,-9.869022,1.7254643,-2.7948856,8128,0,0,1,1
4323,31673522,-0.12012838,-1.3348265,-0.43780398,5004,0,-9.714724,1.5938647,-2.6983688,5004,0,0,1,1
4324,31678525,-0.15877445,-1.3191592,-0.44522303,5003,0,-9.622889,1.5529184,-2.56079,5003,0,0,1,1
4325,31686530,-0.1884579,-1.2998893,-0.43951738,8005,0,-9.361358,1.5515491,-2.5310698,8005,0,0,1,1
4326,31691534,-0.20658362,-1.2995592,-0.4046293,5004,0,-9.188093,1.4964216,-2.556965,5004,0,0,1,1
4327,31696537,-0.21308634,-1.3111959,-0.35769197,5003,0,-9.140955,1.4728649,-2.6207964,5003,0,0,1,1
4328,31704543,-0.20976208,-1.3429248,-0.29003918,8006,0,-9.061309,1.4367778,-2.6148763,8006,0,0,1,1
4329,31714549,-0.17681642,-1.4068202,-0.1871368,5003,0,-8.793774,1.3525367,-2.8432992,5003,0,0,1,1
4330,31722555,-0.17228994,-1.3774598,-0.16266796,8006,0,-8.830423,1.0486143,-2.9054656,8006,0,0,1,1
4331,31730560,-0.14522317,-1.2829481,-0.159728,8005,0,-8.898668,0.823857,-2.7203548,8005,0,0,1,1
4332,31735563,-0.094536826,-1.1910911,-0.14917102,5003,0,-8.922098,0.8052145,-2.6637404,5003,0,0,1,1
4333,31740567,-0.045934133,-1.1264874,-0.14911543,5004,0,-9.048517,0.7788781,-2.6704435,5004,0,0,1,1
4334,31748572,0.011160675,-1.0434304,-0.17443973,8005,0,-9.382749,0.75981456,-2.5780556,8005,0,0,1,1
4335,31753575,0.049562477,-0.97809035,-0.2267597,5003,0,-9.7432995,0.86650044,-2.4216924,5003,0,0,1,1
4336,31758579,0.065438405,-0.9495918,-0.27210653,5004,0,-9.924553,0.99291945,-2.317539,5004,0,0,1,1
4337,31766584,0.060561966,-0.9433449,-0.31970814,8005,0,-10.102202,1.188676,-2.1892974,8005,0,0,1,1
4338,31771587,0.04684991,-0.960215,-0.35116518,5003,0,-10.249208,1.2936237,-1.9454846,5003,0,0,1,1
4339,31776591,0.04614958,-1.0152311,-0.34222996,5004,0,-10.188147,1.4681679,-1.8252887,5004,0,0,1,1
4340,31784596,0.043967377,-1.1342185,-0.28571182,8005,0,-10.040044,1.5678028,-1.8046368,8005,0,0,1,1
4341,31789600,0.028088585,-1.2655303,-0.2114968,5004,0,-9.798128,1.5517206,-1.7934417,5004,0,0,1,1
4342,31794603,0.013857958,-1.3507378,-0.15485565,5003,0,-9.53117,1.5658506,-1.7719034,5003,0,0,1,1
4343,31802608,-0.007497668,-1.3972214,-0.09128224,8005,0,-9.246431,1.3167704,-1.7589422,8005,0,0,1,1
4344,31810614,-0.018015057,-1.3614463,-0.04428204,8006,0,-9.032593,1.0926088,-1.6860652,8006,0,0,1,1
4345,31820495,0.020735858,-1.1945653,0.0021621934,4878,0,-8.956971,0.79753464,-1.466096,4878,0,0,1,1
4346,31828626,0.060979463,-1.0822501,0.0300795,8131,0,-9.069122,0.63742155,-1.4873965,8131,0,0,1,1
4347,31833629,0.10615978,-0.9706194,0.042639885,5003,0,-9.23814,0.5447215,-1.567921,5003,0,0,1,1
4348,31838632,0.13904954,-0.8991387,0.03812768,5003,0,-9.306368,0.56004524,-1.6138825,5003,0,0,1,1
4349,31846638,0.18777663,-0.84728885,0.02039811,8006,0,-9.442295,0.6887356,-1.5907489,8006,0,0,1,1
4350,31851641,0.22738414,-0.82998055,0.0009238787,5003,0,-9.664307,0.84735596,-1.4469984,5003,0,0,1,1
4351,31856644,0.247332,-0.82875013,-0.0033479522,5003,0,-9.850801,0.9615533,-1.2617074,5003,0,0,1,1
4352,31864650,0.2546078,-0.8347458,0.013474597,8006,0,-9.835718,1.1068621,-0.95663804,8006,0,0,1,1
4353,31869653,0.25040346,-0.8382856,0.04422669,5003,0,-9.847456,1.1851685,-0.7950629,5003,0,0,1,1
4354,31874656,0.23273171,-0.82480955,0.059412953,5003,0,-9.838598,1.2462236,-0.6250883,5003,0,0,1,1
4355,31882662,0.20634903,-0.8025983,0.066454284,8006,0,-9.797842,1.2587068,-0.57724977,8006,0,0,1,1
4356,31890667,0.17964683,-0.75804615,0.07687569,8005,0,-9.750266,1.2327935,-0.43017182,8005,0,0,1,1
4357,31900675,0.16460854,-0.66348296,0.095516756,5004,0,-9.820406,1.0314732,-0.3308153,5004,0,0,1,1
4358,31908679,0.17685352,-0.5864978,0.085866414,8004,0,-9.92758,0.92202294,-0.31045344,8004,0,0,1,1
4359,31918686,0.21188262,-0.4524548,0.058799926,5003,0,-10.182407,0.9747255,-0.25397718,5003,0,0,1,1
4360,31926692,0.22930562,-0.40225714,0.033436973,8006,0,-10.313486,1.0951552,-0.15064257,8006,0,0,1,1
4361,31931695,0.21405007,-0.36894608,0.01742164,5003,0,-10.368677,1.2526944,-0.062678605,5003,0,0,1,1
4362,31936698,0.18243921,-0.34435207,-0.0003954717,5003,0,-10.457268,1.2998581,0.037161708,5003,0,0,1,1
4363,31944578,0.12937766,-0.3147784,-0.024103036,7880,0,-10.472888,1.3757657,0.23677419,7880,0,0,1,1
4364,31949582,0.075042054,-0.29277688,-0.034716975,5004,0,-10.348181,1.5242351,0.2940068,5004,0,0,1,1
4365,31954710,0.030820735,-0.28144962,-0.033181075,5128,0,-10.229067,1.5759774,0.28866905,5128,0,0,1,1
4366,31962716,-0.024670646,-0.26783627,-0.029935952,8006,0,-10.091902,1.5944561,0.19734037,8006,0,0,1,1
4367,31970721,-0.08688633,-0.24359311,-0.026554136,8005,0,-9.887763,1.5282053,0.064541556,8005,0,0,1,1
4368,31980728,-0.11897028,-0.17265303,-0.014163593,5004,0,-9.677946,1.1516535,-0.16779065,5004,0,0,1,1
4369,31988609,-0.09378277,-0.13784394,0.004817958,7881,0,-9.569828,1.0517602,-0.32779914,7881,0,0,1,1
4370,31998615,-0.028488176,-0.10138609,0.050981127,4879,0,-9.776351,0.84051836,-0.5867391,4879,0,0,1,1
4371,32006745,0.013864572,-0.08156273,0.06760078,8130,0,-9.9268875,0.84580755,-0.5538347,8130,0,0,1,1
4372,32016752,0.06749694,-0.060314137,0.073216215,5004,0,-10.170671,0.92516124,-0.51231533,5004,0,0,1,1
4373,32024757,0.07646889,-0.049224887,0.06370373,8005,0,-10.261861,0.9779842,-0.5034836,8005,0,0,1,1
4374,32029760,0.08533472,-0.050147608,0.059052292,5003,0,-10.286074,1.0716627,-0.43171203,5003,0,0,1,1
4375,32034764,0.093776375,-0.059841927,0.063911006,5004,0,-10.244591,1.0791695,-0.46027198,5004,0,0,1,1
4376,32042769,0.1099677,-0.08114844,0.06742646,8005,0,-10.197217,1.0590856,-0.39169973,8005,0,0,1,1
4377,32047773,0.121746145,-0.0988242,0.066990994,5004,0,-10.149839,1.058995,-0.39859354,5004,0,0,1,1
4378,32052776,0.12626433,-0.104846574,0.06330242,5003,0,-10.088053,1.0850009,-0.3699122,5003,0,0,1,1
4379,32060781,0.14196819,-0.09913331,0.04676082,8005,0,-10.012567,1.0629787,-0.2383423,8005,0,0,1,1
4380,32068786,0.14899652,-0.06928429,0.027477736,8005,0,-9.982905,1.0845164,-0.1914735,8005,0,0,1,1
4381,32078669,0.16009362,-0.02322805,0.015419665,4879,0,-10.058712,1.0142006,-0.07979224,4879,0,0,1,1
4382,32086798,0.14657772,0.00398913,0.014738327,8129,0,-10.164651,1.1159399,0.1516789,8129,0,0,1,1
4383,32096806,0.0920166,0.015545532,0.010847271,5004,0,-10.180965,1.4822948,0.3158405,5004,0,0,1,1
4384,32104811,0.037065767,0.015208005,0.006158715,8005,0,-10.159342,1.575117,0.30360895,8005,0,0,1,1
4385,32114817,-0.06103,-0.0076731294,-0.0014344444,5128,0,-10.123576,1.47534,0.32476205,5128,0,0,1,1
4386,32122823,-0.0897198,-0.03178309,0.013063276,8006,0,-10.046365,1.3646705,0.19647147,8006,0,0,1,1
4387,32127701,-0.104164936,-0.056281805,0.029821718,4878,0,-9.962706,1.2324947,0.031183137,4878,0,0,1,1
4388,32132830,-0.10373064,-0.071535,0.033580277,5129,0,-9.923098,1.16309,-0.1383788,5129,0,0,1,1
4389,32140835,-0.09830343,-0.08478339,0.034776617,8005,0,-9.870482,1.0152209,-0.25674763,8005,0,0,1,1
4390,32145838,-0.08290568,-0.08573327,0.036530368,5003,0,-9.840906,0.94871944,-0.32872975,5003,0,0,1,1
4391,32150842,-0.06253761,-0.07717237,0.029033823,5004,0,-9.836205,0.86937475,-0.45341402,5004,0,0,1,1
4392,32158847,-0.026286608,-0.058395524,0.0238649,8005,0,-9.842583,0.8063496,-0.42686763,8005,0,0,1,1
4393,32166852,0.015032529,-0.024734816,0.015910791,8005,0,-9.972875,0.77991563,-0.3530972,8005,0,0,1,1
4394,32176859,0.061811123,-0.0030033588,0.0019834826,5003,0,-10.123032,0.97903556,-0.24176714,5003,0,0,1,1
4395,32184864,0.0545664,-0.005626201,-0.011940469,8005,0,-10.196222,1.1194583,-0.1927488,8005,0,0,1,1
4396,32194871,0.034211315,-0.008829832,-0.083914444,5003,0,-10.250875,1.2270739,-0.13677803,5003,0,0,1,1
4397,32202876,0.0060114563,-0.004508197,-0.11391774,8005,0,-10.166097,1.1859825,-0.055317756,8005,0,0,1,1
4398,32212758,-0.03097868,0.030108659,-0.15345937,5003,0,-10.069483,1.1518347,0.07414644,5003,0,0,1,1
4399,32220763,-0.046314765,0.06331539,-0.17045851,8005,0,-10.02007,1.1494678,0.12662914,8005,0,0,1,1
4400,32228771,-0.060911,0.108072646,-0.18254457,8008,0,-9.898488,1.1211498,0.099575795,8008,0,0,1,1
4401,32233897,-0.06952138,0.13456716,-0.1796064,5126,0,-9.881119,1.1359818,0.051477075,5126,0,0,1,1
4402,32238776,-0.0728422,0.14364512,-0.16559218,4879,0,-9.835987,1.1835808,0.026933776,4879,0,0,1,1
4403,32246906,-0.08035554,0.14540014,-0.14965898,8130,0,-9.873623,1.1196628,-0.09163761,8130,0,0,1,1
4404,32256913,-0.09422964,0.16344364,-0.1453019,5004,0,-9.86484,0.9861082,-0.24465506,5004,0,0,1,1
4405,32264918,-0.090538986,0.18148923,-0.14040165,8005,0,-9.8719635,0.9392668,-0.2782015,8005,0,0,1,1
4406,32274925,-0.067252025,0.19311108,-0.12546991,5004,0,-9.987757,0.8361003,-0.3372957,5004,0,0,1,1
4407,32282930,-0.053660966,0.1877632,-0.13458098,8005,0,-10.086039,0.7502317,-0.41325262,8005,0,0,1,1
4408,32290935,-0.025658151,0.16391084,-0.16744955,8005,0,-10.271585,0.66928476,-0.41848764,8005,0,0,1,1
4409,32295939,0.00094380236,0.13106082,-0.19978486,5004,0,-10.500647,0.680445,-0.41393578,5004,0,0,1,1
4410,32300819,0.015648965,0.09746913,-0.22434156,4880,0,-10.636927,0.7013232,-0.34263435,4880,0,0,1,1
4411,32308947,0.025386646,0.048664346,-0.25753227,8128,0,-10.814718,0.73811334,-0.25398576,8128,0,0,1,1
4412,32313951,0.030327186,0.0053851604,-0.3063901,5004,0,-10.971296,0.7288425,-0.16994038,5004,0,0,1,1
4413,32318954,0.025186546,-0.027511327,-0.3557448,5003,0,-10.96315,0.80617183,-0.11941182,5003,0,0,1,1
4414,32326959,0.007933591,-0.0765719,-0.43126413,8005,0,-10.949746,0.8235619,-0.09377724,8005,0,0,1,1
4415,32331963,-0.023470655,-0.12754981,-0.5017917,5004,0,-10.970337,0.8533354,-0.066026285,5004,0,0,1,1
4416,32336966,-0.040327974,-0.17214617,-0.53946936,5003,0,-10.918861,0.85931927,-0.0346725,5003,0,0,1,1
4417,32344972,-0.050803456,-0.24393521,-0.5653874,8006,0,-10.804298,0.8729387,-0.0957225,8006,0,0,1,1
4418,32352977,-0.058479246,-0.3342575,-0.5823086,8005,0,-10.664983,0.840465,-0.23922552,8005,0,0,1,1
4419,32362984,-0.066780634,-0.42124653,-0.62518364,5004,0,-10.389748,0.6187108,-0.4390443,5004,0,0,1,1
4420,32370864,-0.061592456,-0.425169,-0.6572692,7880,0,-10.191087,0.4560651,-0.43744537,7880,0,0,1,1
4421,32375992,-0.048524417,-0.3885068,-0.6935247,5128,0,-10.088453,0.2806312,-0.35143155,5128,0,0,1,1
4422,32380996,-0.026603103,-0.33628258,-0.7188745,5004,0,-9.931017,0.18487826,-0.29850474,5004,0,0,1,1
4423,32389001,0.0010770746,-0.25402346,-0.73263633,8005,0,-9.730042,0.15288131,-0.16709422,8005,0,0,1,1
4424,32394004,0.031449303,-0.18271317,-0.7292346,5003,0,-9.6149845,0.15230975,-0.100510895,5003,0,0,1,1
4425,32399008,0.05298268,-0.14703245,-0.7040998,5004,0,-9.519447,0.27418286,-0.105766304,5004,0,0,1,1
4426,32407013,0.0694727,-0.119206905,-0.6481747,8005,0,-9.406535,0.37105557,0.019652305,8005,0,0,1,1
4427,32415018,0.061512973,-0.10303819,-0.5763298,8005,0,-9.291259,0.4718712,0.009330451,8005,0,0,1,1
4428,32425025,0.03306827,-0.06565806,-0.5173388,5003,0,-9.270456,0.28734478,-0.049748823,5003,0,0,1,1
4429,32433030,0.030150382,-0.021567218,-0.50730443,8005,0,-9.409896,0.16276105,0.03526871,8005,0,0,1,1
4430,32443037,0.04343201,0.07243696,-0.52893746,5003,0,-9.670162,-0.012042165,-0.09639746,5003,0,0,1,1
4431,32451042,0.051955912,0.11701105,-0.55846,8005,0,-9.864863,-0.10256653,-0.03899084,8005,0,0,1,1
4432,32461049,0.062148597,0.16752253,-0.61240983,5003,0,-10.100046,-0.07199389,0.026805563,5003,0,0,1,1
4433,32468932,0.066749826,0.17261241,-0.6422508,7883,0,-10.193024,-0.03994274,0.11309615,7883,0,0,1,1
4434,32474058,0.07428409,0.1587593,-0.6756867,5126,0,-10.308216,-0.06595254,0.2631853,5126,0,0,1,1
4435,32479061,0.07398421,0.14013116,-0.68596315,5003,0,-10.476168,-0.019347072,0.29908654,5003,0,0,1,1
4436,32487067,0.06139491,0.10843192,-0.6961824,8006,0,-10.674019,-0.02449268,0.37814328,8006,0,0,1,1
4437,32492070,0.038336083,0.05841289,-0.7156775,5003,0,-10.823343,-0.047602057,0.37138638,5003,0,0,1,1
4438,32497074,0.017883882,0.016107246,-0.7414106,5004,0,-10.983511,-0.07944757,0.26029852,5004,0,0,1,1
4439,32505079,-0.0054245475,-0.0385905,-0.7824432,8005,0,-11.060926,-0.24082087,0.19306801,8005,0,0,1,1
4440,32513084,-0.02290233,-0.093817666,-0.85235924,8005,0,-10.99314,-0.4968474,-0.069385394,8005,0,0,1,1
4441,32523091,0.0032537356,-0.11638555,-0.99042344,5004,0,-10.976086,-0.93033826,-0.3832662,5004,0,0,1,1
4442,32531096,0.051639453,-0.11738805,-1.0758306,8005,0,-10.858747,-1.0374641,-0.45476,8005,0,0,1,1
4443,32541103,0.13845217,-0.08481607,-1.2046863,5004,0,-10.800348,-1.0407199,-0.3780011,5004,0,0,1,1
4444,32549108,0.16411981,-0.054916617,-1.2486347,8005,0,-10.652712,-0.8529715,-0.15766715,8005,0,0,1,1
4445,32559115,0.15599945,-0.017537713,-1.2711794,5004,0,-10.461088,-0.6186197,0.19517997,5004,0,0,1,1
4446,32567120,0.12863559,-0.018221704,-1.2690431,8005,0,-10.393394,-0.58168393,0.17527345,8005,0,0,1,1
4447,32572124,0.10316868,-0.03513401,-1.264509,5004,0,-10.428284,-0.5992435,0.0050801486,5004,0,0,1,1
4448,32577127,0.07887248,-0.08192945,-1.265395,5003,0,-10.467556,-0.81302905,-0.21280721,5003,0,0,1,1
4449,32585132,0.069733195,-0.16009371,-1.2932217,8005,0,-10.498887,-1.0307393,-0.607765,8005,0,0,1,1
4450,32593138,0.08561239,-0.26085454,-1.3620642,8006,0,-10.449806,-1.4700894,-1.0056584,8006,0,0,1,1
4451,32598141,0.12495506,-0.32034844,-1.4334464,5003,0,-10.330421,-1.8234454,-1.0115631,5003,0,0,1,1
4452,32603144,0.17820784,-0.33073235,-1.5010711,5003,0,-10.278175,-2.0558507,-0.95572793,5003,0,0,1,1
4453,32611150,0.2577615,-0.3058754,-1.5921174,8006,0,-10.140812,-2.2055538,-0.6972595,8006,0,0,1,1
4454,32621156,0.35103783,-0.20967585,-1.7625922,5003,0,-10.087114,-2.0838704,-0.08902487,5003,0,0,1,1
4455,32629162,0.35487103,-0.14979273,-1.8618885,8006,0,-10.086594,-1.9369099,0.18340908,8006,0,0,1,1
4456,32639168,0.30212784,-0.061911587,-2.0048351,5003,0,-9.986082,-1.9363862,0.8147865,5003,0,0,1,1
4457,32647174,0.26628524,-0.014080659,-2.0682135,8006,0,-9.983978,-1.9380057,0.9480062,8006,0,0,1,1
4458,32657180,0.21307161,0.035473466,-2.151753,5003,0,-9.832369,-1.9938502,0.96060735,5003,0,0,1,1
4459,32665061,0.16256672,0.010245532,-2.1391354,7881,0,-9.786591,-1.9982276,0.9756379,7881,0,0,1,1
4460,32673191,0.08298781,-0.11233055,-2.0771925,8130,0,-9.6560545,-2.0375118,0.81375223,8130,0,0,1,1
4461,32678195,0.016993318,-0.2602164,-2.0424054,5004,0,-9.519691,-2.1750789,0.43866873,5004,0,0,1,1
4462,32683198,-0.017207243,-0.36325246,-2.0297682,5003,0,-9.576916,-2.2277744,0.15925834,5003,0,0,1,1
4463,32691203,-0.031223334,-0.46964243,-2.0282795,8005,0,-9.611101,-2.611666,0.2806189,8005,0,0,1,1
4464,32696207,-0.0364964,-0.53448415,-2.035155,5004,0,-9.1382885,-2.801173,0.17769809,5004,0,0,1,1
4465,32701210,-0.04769156,-0.5373601,-2.0329678,5003,0,-8.919006,-3.0762517,0.2868643,5003,0,0,1,1
4466,32709215,-0.06965968,-0.48111454,-2.016424,8005,0,-8.592807,-3.3900845,0.4356425,8005,0,0,1,1
4467,32719097,-0.075152576,-0.28909984,-1.960185,4878,0,-8.217338,-3.6069024,0.78316444,4878,0,0,1,1
4468,32727227,-0.08068064,-0.16299413,-1.9521811,8130,0,-8.089816,-3.5057611,0.6815679,8130,0,0,1,1
4469,32737234,-0.12349524,0.02789642,-1.9988654,5003,0,-8.2347355,-3.7337189,0.42575267,5003,0,0,1,1
4470,32745117,-0.14464872,0.10441747,-2.0495138,7883,0,-8.167204,-3.863762,0.09786154,7883,0,0,1,1
4471,32755246,-0.15119417,0.18588184,-2.1798155,5003,0,-8.235687,-4.038262,-0.19531491,5003,0,0,1,1
4472,32763252,-0.14565384,0.20411688,-2.2366626,8006,0,-8.347849,-4.0296392,-0.14629814,8006,0,0,1,1
4473,32771257,-0.1465558,0.20831572,-2.3028011,8005,0,-8.488359,-4.141273,0.072482646,8005,0,0,1,1
4474,32776260,-0.17589357,0.25374115,-2.3607242,5003,0,-8.517931,-4.448628,0.23085517,5003,0,0,1,1
4475,32781264,-0.16733101,0.32566464,-2.3943336,5004,0,-8.416665,-4.254833,0.791393,5004,0,0,1,1
4476,32789269,-0.17676045,0.4151018,-2.412441,8005,0,-8.22499,-4.6012597,0.9272098,8005,0,0,1,1
4477,32794272,-0.1856021,0.5376711,-2.413557,5003,0,-8.1427765,-4.777831,1.4442445,5003,0,0,1,1
4478,32799276,-0.23312004,0.6595414,-2.395514,5004,0,-8.17321,-4.6710405,1.5976925,5004,0,0,1,1
4479,32807281,-0.31375083,0.7612634,-2.3447897,8005,0,-8.238129,-4.527759,1.6593355,8005,0,0,1,1
4480,32817288,-0.49648288,0.8549413,-2.294663,5004,0,-8.839973,-4.452455,1.1698468,5004,0,0,1,1
4481,32825168,-0.5951904,0.8250909,-2.3305883,7880,0,-9.06068,-4.627189,0.47667095,7880,0,0,1,1
4482,32835300,-0.723124,0.65371054,-2.4443002,5125,0,-9.161478,-5.234153,-0.07263297,5125,0,0,1,1
4483,32843305,-0.78093594,0.53401077,-2.4689047,8005,0,-9.014787,-5.7146955,-0.1844502,8005,0,0,1,1
4484,32853312,-0.78267825,0.3453362,-2.420991,5003,0,-8.657541,-6.2703776,-0.4795217,5003,0,0,1,1
4485,32861317,-0.7276016,0.26639217,-2.388422,8005,0,-8.602188,-6.5388074,-0.770285,8005,0,0,1,1
4486,32869323,-0.6360969,0.19950809,-2.3971515,8006,0,-8.374031,-6.820225,-1.1256775,8006,0,0,1,1
4487,32874326,-0.5353422,0.12264468,-2.4095201,5003,0,-7.970156,-6.7226315,-1.5674565,5003,0,0,1,1
4488,32879329,-0.46213502,0.04672125,-2.4269025,5003,0,-8.046774,-6.831564,-1.7374263,5003,0,0,1,1
4489,32887335,-0.3709982,-0.05198548,-2.4675474,8006,0,-8.219753,-7.051864,-1.5971788,8006,0,0,1,1
4490,32897341,-0.2924123,-0.1786598,-2.4159315,5003,0,-7.635212,-7.3618913,-0.93201923,5003,0,0,1,1
4491,32905347,-0.27464893,-0.19398805,-2.3345578,8006,0,-7.3632393,-7.3521934,-0.70938736,8006,0,0,1,1
4492,32915354,-0.23366441,-0.21183376,-2.197624,5004,0,-7.0385766,-7.314959,-1.0067252,5004,0,0,1,1
4493,32923359,-0.18880469,-0.2518526,-2.18943,8005,0,-6.854309,-7.341266,-1.4219815,8005,0,0,1,1
4494,32931364,-0.11664369,-0.31503114,-2.2748957,8005,0,-6.6868744,-7.2902403,-1.8379518,8005,0,0,1,1
4495,32936368,-0.090642884,-0.33040372,-2.341479,5004,0,-6.5446486,-7.508885,-1.5276985,5004,0,0,1,1
4496,32941371,-0.089332566,-0.31024116,-2.3648095,5003,0,-6.2089753,-7.7243786,-0.9547322,5003,0,0,1,1
4497,32949376,-0.08777676,-0.21020414,-2.366715,8005,0,-5.6757774,-7.7463365,-0.5696261,8005,0,0,1,1
4498,32954380,-0.088542536,-0.06967935,-2.342548,5004,0,-5.332722,-7.6415296,-0.253735,5004,0,0,1,1
4499,32959258,-0.09193076,0.010907679,-2.297088,4878,0,-5.242624,-7.3951135,-0.033313543,4878,0,0,1,1
4500,32967388,-0.10271235,0.026952118,-2.3161004,8130,0,-5.514614,-7.7312894,-0.12105432,8130,0,0,1,1
4501,32972392,-0.03820853,-0.0072794855,-2.3417165,5004,0,-6.3466835,-7.2340636,-1.0304128,5004,0,0,1,1
4502,32977395,-0.03685379,-0.109051354,-2.29287,5003,0,-5.984639,-7.455512,-1.0464498,5003,0,0,1,1
4503,32985400,-0.070730455,-0.2560776,-2.2559755,8005,0,-6.0771856,-7.49863,-1.1756079,8005,0,0,1,1
4504,32993406,-0.11249578,-0.42811766,-2.2681901,8006,0,-6.107477,-7.897165,-0.95269567,8006,0,0,1,1
4505,33003413,-0.06806272,-0.4855387,-2.372933,5004,0,-5.543174,-8.294903,-0.8561213,5004,0,0,1,1
4506,33011418,-0.022072835,-0.47237176,-2.401966,8005,0,-5.3515015,-8.380205,-0.8985281,8005,0,0,1,1
4507,33021425,0.000637494,-0.35176486,-2.4799025,5004,0,-4.8869042,-8.589163,-0.6087874,5004,0,0,1,1
4508,33029305,0.036594674,-0.26310682,-2.5082703,7880,0,-4.4659204,-8.531079,-0.50256276,7880,0,0,1,1
4509,33034433,0.06748655,-0.19109316,-2.5355082,5128,0,-4.4309216,-8.349194,-0.84474945,5128,0,0,1,1
4510,33039437,0.07657041,-0.16592601,-2.5141578,5004,0,-4.2814116,-8.308556,-0.86521304,5004,0,0,1,1
4511,33047442,0.07919513,-0.17688683,-2.4617507,8005,0,-3.9903991,-8.317352,-0.80066323,8005,0,0,1,1
4512,33055447,0.07049651,-0.21636768,-2.3309467,8005,0,-3.766104,-8.037975,-1.1084621,8005,0,0,1,1
4513,33065454,0.047900237,-0.2646786,-2.1874888,5003,0,-3.7132668,-8.395474,-0.9894682,5003,0,0,1,1
4514,33073459,0.0047701667,-0.2667037,-2.1616993,8005,0,-3.486573,-8.397556,-0.90870434,8005,0,0,1,1
4515,33083466,-0.012676172,-0.2489357,-2.1297023,5003,0,-3.433382,-8.746218,-0.6978704,5003,0,0,1,1
4516,33091471,0.007546905,-0.24058054,-2.1476278,8005,0,-3.541185,-8.957047,-0.82445496,8005,0,0,1,1
4517,33101478,0.06635852,-0.1548214,-2.2593803,5003,0,-3.5186083,-9.184123,-0.47924912,5003,0,0,1,1
4518,33109483,0.10394452,-0.06927562,-2.2594182,8005,0,-3.344512,-9.208638,0.15500546,8005,0,0,1,1
4519,33114487,0.1395119,-0.003507614,-2.1968231,5004,0,-3.216964,-8.9671955,0.44105315,5004,0,0,1,1
4520,33119365,0.15396391,0.00026966629,-2.135227,4878,0,-3.2176259,-8.764117,0.3681098,4878,0,0,1,1
4521,33127496,0.12843278,-0.053136587,-2.0587726,8131,0,-3.3351495,-8.523399,0.0624646,8131,0,0,1,1
4522,33135501,0.06926855,-0.19164935,-2.0065176,8005,0,-3.2959304,-8.376601,0.03565502,8005,0,0,1,1
4523,33140379,0.031435594,-0.302109,-1.9707595,4878,0,-3.1750093,-8.392945,-0.054307472,4878,0,0,1,1
4524,33145508,0.0046444684,-0.35661227,-1.9532021,5129,0,-2.8407912,-8.510968,-0.00062580407,5129,0,0,1,1
4525,33153513,-0.031243593,-0.369937,-1.9226452,8005,0,-2.3136368,-8.684547,0.17286533,8005,0,0,1,1
4526,33163520,-0.07529938,-0.3463639,-1.8071964,5004,0,-1.5826762,-8.606634,-0.028679581,5004,0,0,1,1
4527,33171525,-0.08795379,-0.31595802,-1.7489941,8005,0,-1.5391893,-8.6154175,-0.19209845,8005,0,0,1,1
4528,33181532,-0.100322664,-0.21826866,-1.7224888,5004,0,-1.0208235,-9.1603985,0.25450438,5004,0,0,1,1
4529,33189537,-0.06970382,-0.13871598,-1.6967218,8005,0,-1.0163941,-8.737174,-0.2960733,8005,0,0,1,1
4530,33197543,-0.02298218,-0.07814049,-1.6045163,8006,0,-0.6205564,-8.830461,-0.1832571,8006,0,0,1,1
4531,33202546,-0.015830182,-0.034715034,-1.5021007,5003,0,-0.35970825,-8.801509,-0.22045283,5003,0,0,1,1
4532,33207549,-0.0052556843,-0.015792996,-1.4157869,5003,0,-0.17537051,-8.517099,-0.42970833,5003,0,0,1,1
4533,33215555,0.029346673,-0.003697872,-1.3868257,8006,0,-0.07060818,-8.3915615,-0.76779085,8006,0,0,1,1
4534,33220558,0.026350217,0.06172448,-1.4548142,5003,0,-0.27377447,-8.671285,-0.86377645,5003,0,0,1,1
4535,33225561,0.012563872,0.13959794,-1.5239999,5003,0,-0.23832586,-8.845094,-0.43905687,5003,0,0,1,1
4536,33233567,-0.0038067398,0.2398818,-1.565313,8006,0,-0.27474755,-8.81849,-0.18460453,8006,0,0,1,1
4537,33238570,-0.051600445,0.30209464,-1.528518,5003,0,-0.25220895,-8.784045,-0.075369865,5003,0,0,1,1
4538,33243573,-0.12554164,0.30686736,-1.4591013,5003,0,-0.3834201,-8.846052,-0.25468808,5003,0,0,1,1
4539,33251579,-0.23550987,0.2557516,-1.3499502,8006,0,-0.5201506,-8.951819,-0.3918553,8006,0,0,1,1
4540,33259584,-0.31533682,0.16471818,-1.2506772,8005,0,-0.686259,-9.127646,-0.6873902,8005,0,0,1,1
4541,33269591,-0.34077647,0.060611278,-1.2543199,5004,0,-0.4616938,-9.5413,-1.3985376,5004,0,0,1,1
4542,33277596,-0.2505641,0.034726128,-1.2353216,8005,0,-0.23090336,-9.7061615,-0.86934,8005,0,0,1,1
4543,33282600,-0.18213147,0.042691782,-1.1561869,5004,0,0.042055324,-9.891389,-0.79794705,5004,0,0,1,1
4544,33287603,-0.1132179,0.059296966,-1.0860524,5003,0,0.3458653,-10.041476,-0.8319568,5003,0,0,1,1
4545,33295608,-0.020013487,0.08919447,-1.0082318,8005,0,0.3912861,-10.118839,-0.98038006,8005,0,0,1,1
4546,33300612,0.08029306,0.11381565,-0.9490223,5004,0,0.457906,-10.032384,-0.91970265,5004,0,0,1,1
4547,33305615,0.15504216,0.13602741,-0.90932673,5003,0,0.46077812,-9.978273,-0.8549192,5003,0,0,1,1
4548,33313620,0.2141867,0.15635002,-0.8327477,8005,0,0.6079575,-9.75837,-0.7077403,8005,0,0,1,1
4549,33318624,0.24458325,0.14898513,-0.7307252,5004,0,0.7854301,-9.548273,-0.73472583,5004,0,0,1,1
4550,33323627,0.23479292,0.13364838,-0.62634426,5003,0,0.9451304,-9.441725,-0.8520558,5003,0,0,1,1
4551,33331632,0.22183155,0.10837532,-0.47523606,8005,0,0.940471,-9.410894,-0.77028537,8005,0,0,1,1
4552,33339638,0.22967575,0.0938517,-0.35053125,8006,0,0.80473274,-9.590019,-0.647733,8006,0,0,1,1
4553,33349644,0.26544887,0.07630959,-0.27646053,5003,0,0.8598848,-9.45131,-0.85851806,5003,0,0,1,1
4554,33357650,0.30361968,0.059970558,-0.25454557,8006,0,0.824198,-9.501428,-0.83881617,8006,0,0,1,1
4555,33367656,0.36078936,0.1256917,-0.24169736,5003,0,0.91448826,-9.554253,-0.4867107,5003,0,0,1,1
4556,33375662,0.33808586,0.1861886,-0.22635981,8006,0,0.64178187,-9.569065,-0.06789628,8006,0,0,1,1
4557,33380665,0.30167276,0.21657519,-0.200153,5003,0,0.43134236,-9.406542,-0.0013884008,5003,0,0,1,1
4558,33385669,0.2638593,0.2126537,-0.17877461,5004,0,0.0925556,-9.329682,-0.06626649,5004,0,0,1,1
4559,33393674,0.19963036,0.16396664,-0.17332985,8005,0,-0.23457076,-9.452369,0.05157578,8005,0,0,1,1
4560,33398677,0.13966778,0.114039436,-0.18342973,5003,0,-0.38605046,-9.636852,0.0644531,5003,0,0,1,1
4561,33403681,0.11033859,0.08807866,-0.1925255,5004,0,-0.30440417,-9.778116,0.03859085,5004,0,0,1,1
4562,33411686,0.092515536,0.07116585,-0.22295499,8005,0,-0.1824228,-9.988812,-0.07282146,8005,0,0,1,1
4563,33419691,0.107592754,0.091856524,-0.288527,8005,0,0.03291672,-10.141833,-0.09684407,8005,0,0,1,1
4564,33429698,0.16680594,0.10644304,-0.22697271,5003,0,0.29843184,-10.058973,-0.06865288,5003,0,0,1,1
4565,33437703,0.16100453,0.102367155,-0.13987145,8005,0,0.16204195,-10.048517,0.16404045,8005,0,0,1,1
4566,33447710,0.1413513,0.06678629,-0.08008009,5003,0,0.09461485,-9.711583,0.18520166,5003,0,0,1,1
4567,33455716,0.09725476,0.04796493,-0.039702855,8006,0,0.2556495,-9.584362,0.043435317,8006,0,0,1,1
4568,33465722,0.015488877,0.014472737,0.10149909,5003,0,0.53644365,-9.790079,-0.10385096,5003,0,0,1,1
4569,33473728,-0.005859203,0.04391341,0.14642678,8006,0,0.32387808,-9.993167,-0.28908867,8006,0,0,1,1
4570,33478731,9.88692e-05,0.06527373,0.15344377,5003,0,0.18065128,-10.1772375,-0.46659312,5003,0,0,1,1
4571,33483609,0.008987442,0.06433581,0.14390993,4878,0,-0.0003508627,-10.350173,-0.6988645,4878,0,0,1,1
4572,33491615,0.04307492,0.042193934,0.10800742,8006,0,-0.20041946,-10.49462,-0.91506934,8006,0,0,1,1
4573,33499745,0.11210942,-0.00070901215,0.05983512,8130,0,-0.26401037,-10.581993,-0.9511359,8130,0,0,1,1
4574,33504748,0.18307915,-0.039711587,0.02274334,5003,0,-0.19495937,-10.452406,-0.95050764,5003,0,0,1,1
4575,33509752,0.21959671,-0.057524204,0.00263471,5004,0,-0.19594838,-10.529415,-0.7950599,5004,0,0,1,1
4576,33517757,0.26231706,-0.06011558,-0.0032721518,8005,0,0.049068984,-10.397912,-0.40950844,8005,0,0,1,1
4577,33527764,0.3339923,-0.0479293,-0.049136512,5003,0,0.17755935,-10.084522,0.027321205,5003,0,0,1,1
4578,33535769,0.31173104,0.024820937,-0.09468994,8005,0,0.28967026,-9.786164,0.06351061,8005,0,0,1,1
4579,33545776,0.19607362,0.062124167,-0.046056416,5127,0,0.44538817,-9.319553,0.55611575,5127,0,0,1,1
4580,33553781,0.11568099,0.06517368,-0.023837654,8005,0,0.28217763,-9.231223,0.3990746,8005,0,0,1,1
4581,33563788,0.017023213,0.06349616,-0.0022749081,5003,0,0.53644025,-9.387384,0.19517566,5003,0,0,1,1
4582,33571668,-0.0012646244,0.08632921,0.015548563,7880,0,0.6552444,-9.5565405,0.11716785,7880,0,0,1,1
4583,33576797,0.0014480837,0.13215406,0.028982222,5129,0,0.7629268,-9.589447,0.03707224,5129,0,0,1,1
4584,33581800,-0.0018023998,0.16131683,0.03751609,5003,0,0.74881953,-9.684999,0.004101813,5003,0,0,1,1
4585,33589806,0.0028085893,0.16794217,0.025362847,8006,0,0.619933,-9.628039,-0.12685296,8006,0,0,1,1
4586,33597686,0.0308982,0.14205971,-0.016250791,7880,0,0.36022237,-9.655172,-0.4208217,7880,0,0,1,1
4587,33602814,0.044719882,0.09255271,-0.023399565,5128,0,0.14481032,-9.858877,-0.10874787,5128,0,0,1,1
4588,33607818,0.06008062,0.059940398,-0.018922519,5004,0,0.15480246,-9.846348,0.028065028,5004,0,0,1,1
4589,33615823,0.07787618,0.053783234,-0.020465488,8005,0,0.21434052,-9.8242235,0.21886137,8005,0,0,1,1
4590,33625830,0.07227213,0.08299671,-0.028008593,5004,0,0.46221095,-9.584666,0.39629507,5004,0,0,1,1
4591,33633835,0.04534914,0.10011219,-0.013278589,8005,0,0.58683103,-9.402015,0.58453804,8005,0,0,1,1
4592,33643842,-0.014419691,0.1070719,0.03807904,5004,0,0.7377892,-9.099837,0.53802764,5004,0,0,1,1
4593,33651847,-0.070406996,0.09995389,0.09570628,8005,0,0.84902954,-8.970514,0.49100617,8005,0,0,1,1
4594,33661854,-0.15651616,0.095021084,0.13364866,5003,0,0.77448076,-9.03672,0.27399555,5003,0,0,1,1
4595,33669859,-0.18076982,0.10642352,0.12519579,8005,0,0.76956826,-9.225531,0.18352142,8005,0,0,1,1
4596,33677864,-0.21048091,0.14125359,0.11412772,8005,0,0.7631397,-9.345511,0.100607105,8005,0,0,1,1
4597,33682868,-0.22891107,0.15575601,0.1161677,5004,0,0.63409543,-9.478772,0.0866012,5004,0,0,1,1
4598,33687871,-0.2432074,0.15491505,0.11921769,5003,0,0.44808477,-9.635664,0.052960902,5003,0,0,1,1
4599,33695876,-0.24552844,0.14619696,0.1069836,8005,0,0.39674935,-9.619272,-0.07317393,8005,0,0,1,1
4600,33705758,-0.23269244,0.16847056,0.064471714,4878,0,0.34640446,-9.761506,0.20541653,4878,0,0,1,1
4601,33713764,-0.2328398,0.18331428,0.073304884,8006,0,0.26484382,-9.737567,0.41274717,8006,0,0,1,1
4602,33723895,-0.27576867,0.2043153,0.089471765,5124,0,0.104808465,-9.546249,0.27458382,5124,0,0,1,1
4603,33731901,-0.31452164,0.19644843,0.078932226,8006,0,0.045480113,-9.447116,0.56576514,8006,0,0,1,1
4604,33741907,-0.43513682,0.16766651,0.123976484,5003,0,-0.025488852,-9.351478,0.9838316,5003,0,0,1,1
4605,33749913,-0.50347066,0.14766382,0.14217018,8006,0,0.09581965,-9.177268,0.564587,8006,0,0,1,1
4606,33757918,-0.59496635,0.11886556,0.119839884,8005,0,0.21045326,-9.237889,0.19197977,8005,0,0,1,1
4607,33762921,-0.6374891,0.080652624,0.0788684,5003,0,0.31853732,-9.126878,-0.32148546,5003,0,0,1,1
4608,33767925,-0.6924064,0.08132698,0.020437468,5004,0,0.45696443,-9.178864,-0.49624148,5004,0,0,1,1
4609,33775930,-0.75607055,0.1468921,-0.0316058,8005,0,0.42629904,-9.537665,0.29395285,8005,0,0,1,1
4610,33780934,-0.8420827,0.23615125,-0.067462094,5004,0,0.3559061,-9.551146,0.43100527,5004,0,0,1,1
4611,33785937,-0.91261625,0.3169117,-0.10667533,5003,0,0.35328025,-9.558806,0.2887948,5003,0,0,1,1
4612,33793942,-0.9863265,0.38842514,-0.14644822,8005,0,0.4378263,-9.617698,-0.20793523,8005,0,0,1,1
4613,33803949,-1.0349057,0.35548294,-0.158777,5003,0,0.22111322,-9.910515,-0.816617,5003,0,0,1,1
4614,33811954,-1.0157195,0.26664495,-0.13876952,8005,0,0.067923084,-10.034432,-1.0719494,8005,0,0,1,1
4615,33819960,-0.9467428,0.17812847,-0.12482771,8006,0,0.046824634,-10.421552,-1.190915,8006,0,0,1,1
4616,33824963,-0.8638001,0.12636511,-0.0832165,5003,0,0.24074897,-10.592863,-1.0634624,5003,0,0,1,1
4617,33829967,-0.7895682,0.11237557,-0.036541678,5004,0,0.40380013,-10.670683,-0.86808014,5004,0,0,1,1
4618,33837972,-0.6941809,0.13760975,-0.0074065425,8005,0,0.571838,-10.541558,-0.6902243,8005,0,0,1,1
4619,33842975,-0.6414286,0.21571241,-0.0048258062,5003,0,0.78041106,-10.340503,-0.39810082,5003,0,0,1,1
4620,33847978,-0.65943575,0.28606462,0.008311827,5003,0,0.841941,-9.992176,-0.093809694,5003,0,0,1,1
4621,33855984,-0.733629,0.33373845,0.0054151495,8006,0,0.5964417,-9.5669775,-0.14210439,8006,0,0,1,1
4622,33860862,-0.8465256,0.32431617,-0.023128444,4878,0,0.30678228,-9.305659,-0.3655893,4878,0,0,1,1
4623,33865991,-0.9399642,0.29016453,-0.05782959,5129,0,0.13050441,-9.38018,-0.4065601,5129,0,0,1,1
4624,33873871,-1.054051,0.22769126,-0.07988726,7880,0,0.15315889,-9.445502,-0.5639469,7880,0,0,1,1
4625,33882001,-1.1627687,0.15691918,-0.059911158,8130,0,0.37064463,-9.785275,-0.69602686,8130,0,0,1,1
4626,33892008,-1.2622746,0.0761188,-0.044491995,5003,0,0.3985323,-10.090081,-1.1898738,5003,0,0,1,1
4627,33900013,-1.3064078,0.06559384,-0.05646613,8005,0,0.3215535,-10.155651,-1.4361712,8005,0,0,1,1
4628,33910020,-1.3704898,0.06613606,-0.070798784,5003,0,0.46496665,-10.282759,-1.4830714,5003,0,0,1,1
4629,33918025,-1.397609,0.05928142,-0.087629944,8005,0,0.34894553,-10.306485,-1.6215657,8005,0,0,1,1
4630,33923029,-1.4296724,0.0367198,-0.09543843,5004,0,0.14928819,-10.329015,-1.7867475,5004,0,0,1,1
4631,33928032,-1.4450063,0.029246211,-0.09860525,5003,0,0.043475688,-10.329507,-1.9658382,5003,0,0,1,1
4632,33936037,-1.4391419,-0.0014023631,-0.07657555,8005,0,0.22099705,-10.477819,-1.9618435,8005,0,0,1,1
4633,33941041,-1.4050778,-0.023387834,-0.0512678,5004,0,0.20460008,-10.524871,-2.207158,5004,0,0,1,1
4634,33946044,-1.3689859,-0.050754543,-0.04622584,5003,0,0.07914083,-10.548581,-2.2835433,5003,0,0,1,1
4635,33954049,-1.3347346,-0.09440872,-0.052386932,8005,0,-0.18392241,-10.460315,-2.282826,8005,0,0,1,1
4636,33962055,-1.3358297,-0.20270267,-0.04380198,8006,0,-0.37993872,-10.351383,-2.3868127,8006,0,0,1,1
4637,33972062,-1.3717272,-0.39313465,-0.046587475,5004,0,-0.58524853,-10.398944,-2.6807365,5004,0,0,1,1
4638,33980067,-1.3767754,-0.4215497,-0.09010201,8005,0,-0.3808315,-10.565659,-2.8367865,8005,0,0,1,1
4639,33990074,-1.3284779,-0.3419541,-0.094431296,5004,0,0.74974936,-10.663008,-3.0156927,5004,0,0,1,1
4640,33998079,-1.3172361,-0.2329511,-0.07194596,8005,0,1.1821325,-10.492473,-3.2539773,8005,0,0,1,1
4641,34008086,-1.3322308,0.057608783,-0.04964427,5004,0,1.6662575,-9.893521,-3.162691,5004,0,0,1,1
4642,34016091,-1.3870173,0.24818473,-0.03979934,8005,0,1.8049898,-9.569435,-3.1703432,8005,0,0,1,1
4643,34021095,-1.4691973,0.38970304,-0.042224675,5004,0,1.5788609,-9.187209,-3.4636562,5004,0,0,1,1
4644,34026098,-1.5379428,0.43318993,-0.063798666,5003,0,1.2951332,-8.899191,-3.7696464,5003,0,0,1,1
4645,34034103,-1.6272101,0.41728732,-0.11065124,8005,0,0.96619445,-8.702674,-4.0231023,8005,0,0,1,1
4646,34042109,-1.7226636,0.3691262,-0.11568674,8006,0,0.95407754,-8.924582,-4.0681486,8006,0,0,1,1
4647,34047112,-1.7575672,0.34054488,-0.07431632,5003,0,1.0955424,-9.068768,-4.147496,5003,0,0,1,1
4648,34052115,-1.7637933,0.33129436,-0.030927228,5003,0,1.1917193,-9.299034,-4.3521304,5003,0,0,1,1
4649,34059996,-1.7346004,0.35199565,0.021350753,7881,0,1.2333536,-9.454694,-4.328871,7881,0,0,1,1
4650,34070127,-1.6910223,0.43842906,0.12891781,5003,0,1.0037899,-9.447473,-3.998989,5003,0,0,1,1
4651,34078133,-1.6874812,0.49303323,0.15628484,8006,0,0.8006974,-9.397438,-3.7756088,8006,0,0,1,1
4652,34088139,-1.7690157,0.600165,0.19416834,5003,0,0.37149042,-9.040236,-3.0903876,5003,0,0,1,1
4653,34096145,-1.8362343,0.6062118,0.17508598,8006,0,-0.066323094,-8.586896,-3.4681377,8006,0,0,1,1
4654,34106151,-1.9353851,0.47308975,0.028892672,5003,0,-0.68889666,-8.471118,-3.8194153,5003,0,0,1,1
4655,34114157,-1.9625074,0.3581733,-0.036971174,8006,0,-0.6991312,-8.579219,-3.972385,8006,0,0,1,1
4656,34119160,-1.9858658,0.23219304,-0.0507164,5003,0,-0.4612326,-8.660983,-4.182381,5003,0,0,1,1
4657,34124164,-1.9850265,0.12455146,-0.0336954,5004,0,-0.17129105,-8.70526,-4.503233,5004,0,0,1,1
4658,34132169,-1.9439043,-0.02359052,-0.004208117,8005,0,0.10742725,-8.729162,-4.738371,8005,0,0,1,1
4659,34140174,-1.8833431,-0.15045936,0.023248456,8005,0,0.3017974,-8.475524,-4.9650736,8005,0,0,1,1
4660,34145178,-1.8296995,-0.16263989,0.036239184,5004,0,0.6822389,-8.518773,-4.98924,5004,0,0,1,1
4661,34150181,-1.7842377,-0.12385781,0.027854813,5003,0,0.93340683,-8.5146885,-5.279649,5003,0,0,1,1
4662,34158186,-1.7521297,-0.044429548,-0.005635481,8005,0,1.0950339,-8.424198,-5.389602,8005,0,0,1,1
4663,34168193,-1.7632998,0.10683964,-0.065130934,5003,0,0.84839195,-8.034157,-5.2753134,5003,0,0,1,1
4664,34176198,-1.7869309,0.13221854,-0.06848131,8005,0,0.63638955,-7.9462595,-5.3931866,8005,0,0,1,1
4665,34186205,-1.7746117,0.07747586,-0.053883202,5003,0,0.46173793,-7.959475,-5.8046994,5003,0,0,1,1
4666,34194210,-1.7282231,0.06685368,-0.07717885,8005,0,0.5656127,-7.941015,-5.717909,8005,0,0,1,1
4667,34204217,-1.682934,0.11350223,-0.1319835,5003,0,0.79526395,-7.6820054,-5.6296563,5003,0,0,1,1
4668,34212223,-1.7026967,0.13029876,-0.16411935,8006,0,0.7573237,-7.396531,-5.812458,8006,0,0,1,1
4669,34220228,-1.7444265,0.13975538,-0.2189307,8005,0,0.75580037,-7.199416,-5.8491335,8005,0,0,1,1
4670,34225231,-1.7774866,0.14233772,-0.24866803,5003,0,0.8510386,-7.068599,-5.858797,5003,0,0,1,1
4671,34230235,-1.8044178,0.13208653,-0.23475823,5004,0,0.85675055,-7.042474,-5.94835,5004,0,0,1,1
4672,34238240,-1.8212237,0.114790775,-0.22928135,8005,0,0.8626559,-7.04111,-6.081211,8005,0,0,1,1
4673,34243243,-1.8192557,0.107288964,-0.23430584,5003,0,0.9455117,-7.057441,-6.2745676,5003,0,0,1,1
4674,34248247,-1.8141668,0.113567725,-0.23415793,5004,0,0.9166337,-7.0798564,-6.3417144,5004,0,0,1,1
4675,34256252,-1.7974163,0.099891804,-0.2211157,8005,0,0.96918744,-7.081043,-6.4698343,8005,0,0,1,1
4676,34266259,-1.7387714,0.08352443,-0.2083929,5004,0,0.87583447,-7.201776,-6.5547156,5004,0,0,1,1
4677,34274264,-1.7030632,0.091855384,-0.21360491,8005,0,0.9034997,-7.1012444,-6.6018157,8005,0,0,1,1
4678,34284271,-1.6465075,0.09617091,-0.18627004,5004,0,0.97936594,-6.8478565,-6.6223054,5004,0,0,1,1
4679,34292276,-1.6277773,0.07198634,-0.14491172,8005,0,0.8975142,-6.78537,-6.5611153,8005,0,0,1,1
4680,34300282,-1.582942,0.062143788,-0.13246715,8006,0,0.97052705,-6.539061,-6.475374,8006,0,0,1,1
4681,34305285,-1.5516974,0.06545073,-0.115079105,5003,0,1.1613454,-6.2583756,-6.5291185,5003,0,0,1,1
4682,34310288,-1.5503379,0.047144994,-0.08262083,5003,0,1.1924553,-6.114029,-6.6467314,5003,0,0,1,1
4683,34318169,-1.559803,-0.0032496005,-0.063661166,7881,0,1.1327064,-5.9510694,-6.7415605,7881,0,0,1,1
4684,34323175,-1.5654546,-0.038431242,-0.077357024,5006,0,1.0961572,-5.8630958,-6.728399,5006,0,0,1,1
4685,34328300,-1.5675782,-0.03148976,-0.10623645,5125,0,1.1904906,-5.8534937,-6.5581083,5125,0,0,1,1
4686,34336306,-1.5896733,0.01125665,-0.12825228,8006,0,1.3416275,-5.823646,-6.4984117,8006,0,0,1,1
4687,34341309,-1.6404784,0.06116289,-0.1281696,5003,0,1.260145,-5.7258415,-6.4578023,5003,0,0,1,1
4688,34346313,-1.6522294,0.14126013,-0.17719476,5004,0,1.2396162,-5.7383766,-6.1784134,5004,0,0,1,1
4689,34354318,-1.7188555,0.2661234,-0.25760886,8005,0,1.3872066,-5.4935765,-6.1522093,8005,0,0,1,1
4690,34364325,-1.8892673,0.34613836,-0.26393655,5004,0,1.1280584,-4.7174926,-6.4415436,5004,0,0,1,1
4691,34372330,-2.0078752,0.29357144,-0.26163396,8005,0,0.72407055,-4.641648,-6.671554,8005,0,0,1,1
4692,34382337,-2.118922,0.14674746,-0.270961,5004,0,0.5577511,-4.8589773,-6.610592,5004,0,0,1,1
4693,34390342,-2.13331,0.07134738,-0.23273516,8005,0,0.7200424,-4.8876667,-6.7843795,8005,0,0,1,1
4694,34398347,-2.1319957,-0.034075834,-0.12416739,8005,0,0.9355158,-4.902321,-6.9214315,8005,0,0,1,1
4695,34403351,-2.0916402,-0.10607649,-0.029334318,5004,0,1.0533352,-4.898974,-7.016635,5004,0,0,1,1
4696,34408229,-2.0562303,-0.14646888,0.04281592,4878,0,1.0402391,-4.9122925,-6.997247,4878,0,0,1,1
4697,34416235,-1.9973072,-0.17603114,0.10715437,8006,0,1.0714692,-4.7974257,-6.877047,8006,0,0,1,1
4698,34421363,-1.938616,-0.20636536,0.14997552,5128,0,1.3241632,-4.5720096,-6.792145,5128,0,0,1,1
4699,34426366,-1.9100327,-0.23492302,0.18590663,5003,0,1.3502299,-4.180971,-6.756868,5003,0,0,1,1
4700,34434372,-1.9188719,-0.25999087,0.23467179,8006,0,1.2000891,-3.9105222,-6.539713,8006,0,0,1,1
4701,34444378,-2.0798154,-0.17819202,0.19697009,5003,0,1.0437742,-3.3824947,-6.2677298,5003,0,0,1,1
4702,34452384,-2.2458243,-0.10441657,0.12724507,8006,0,0.7303622,-3.2346132,-6.381704,8006,0,0,1,1
4703,34460264,-2.5100577,-0.040111043,-0.011602405,7880,0,0.19048257,-3.3346233,-6.7499743,7880,0,0,1,1
4704,34470396,-2.8352675,0.013717085,-0.26627007,5004,0,0.19308025,-3.2915337,-7.662579,5004,0,0,1,1
4705,34478401,-2.962545,0.0399864,-0.3463752,8005,0,0.29537627,-3.821359,-8.135,8005,0,0,1,1
4706,34483404,-3.03331,0.082219794,-0.39074087,5003,0,0.46915665,-4.222597,-8.567596,5003,0,0,1,1
4707,34488408,-3.0343142,0.087285385,-0.3923383,5004,0,0.5845512,-4.4380965,-8.696648,5004,0,0,1,1
4708,34496413,-2.956915,0.04412995,-0.36365736,8005,0,0.6992485,-4.4590907,-9.178883,8005,0,0,1,1
4709,34501292,-2.7916062,-0.048928645,-0.31391194,4879,0,0.7119452,-4.476039,-8.957917,4879,0,0,1,1
4710,34506420,-2.6198962,-0.13055003,-0.2559329,5128,0,0.7624625,-4.3525705,-8.797992,5128,0,0,1,1
4711,34514425,-2.3493533,-0.25338495,-0.12619203,8005,0,1.108853,-3.7810047,-8.412904,8005,0,0,1,1
4712,34519429,-2.1079435,-0.37547237,0.067845605,5004,0,1.1675426,-2.9000573,-8.293465,5004,0,0,1,1
4713,34524432,-2.0054972,-0.43191054,0.18516323,5003,0,0.8503028,-2.499968,-8.361952,5003,0,0,1,1
4714,34532437,-2.0257096,-0.44066092,0.20832193,8005,0,0.523721,-2.113692,-8.687605,8005,0,0,1,1
4715,34542444,-2.1737885,-0.45196736,0.1132071,5003,0,0.1071424,-1.6237053,-9.16353,5003,0,0,1,1
4716,34550449,-2.2556984,-0.42530414,0.009496297,8005,0,0.057146177,-1.7742966,-9.380872,8005,0,0,1,1
4717,34558455,-2.2746859,-0.37428653,-0.10613328,8006,0,0.4005633,-1.785821,-9.670435,8006,0,0,1,1
4718,34568461,-2.1943483,-0.34501773,-0.12300994,5003,0,0.7905182,-1.7035357,-10.118853,5003,0,0,1,1
4719,34576342,-2.1166153,-0.3505301,-0.115439236,7881,0,0.82730365,-1.458508,-10.328534,7881,0,0,1,1
4720,34581470,-2.072947,-0.4022037,-0.16003111,5128,0,1.4151222,-1.6076832,-10.335193,5128,0,0,1,1
4721,34586473,-1.9063601,-0.4036482,-0.086376004,5003,0,1.5917926,-0.18765086,-10.022604,5003,0,0,1,1
4722,34594479,-1.7526863,-0.50282,0.1598212,8006,0,1.5325943,-0.10613757,-9.052128,8006,0,0,1,1
4723,34599482,-1.6907116,-0.5597634,0.36440253,5003,0,0.6674328,0.10276705,-9.64521,5003,0,0,1,1
4724,34604486,-1.7778083,-0.55074316,0.32301491,5004,0,0.17707178,0.025665522,-10.324469,5004,0,0,1,1
4725,34612491,-1.8713542,-0.52396154,0.17684631,8005,0,0.29971647,0.27454096,-10.782991,8005,0,0,1,1
4726,34617494,-1.9288906,-0.49588597,0.0833317,5003,0,0.5074603,-0.1323399,-10.8710575,5003,0,0,1,1
4727,34622498,-1.9499718,-0.46069676,0.05893944,5004,0,0.46843642,-0.5862951,-11.2524605,5004,0,0,1,1
4728,34630503,-1.973522,-0.38237628,-0.013306746,8005,0,0.17011406,-1.0891151,-11.830013,8005,0,0,1,1
4729,34638508,-1.9017665,-0.34352162,-0.11589241,8005,0,0.24418637,-1.1331002,-12.236846,8005,0,0,1,1
4730,34648515,-1.6385808,-0.37056446,-0.15491858,5003,0,0.5481641,-1.3215761,-12.607809,5003,0,0,1,1
4731,34656520,-1.4281433,-0.36514515,-0.11827514,8005,0,0.6601796,-1.4455374,-12.554101,8005,0,0,1,1
4732,34661524,-1.2110931,-0.35451686,-0.093987726,5004,0,0.75622106,-1.4424577,-12.558499,5004,0,0,1,1
4733,34666527,-1.041312,-0.35870117,-0.07238787,5003,0,0.7145653,-1.113724,-12.516117,5003,0,0,1,1
4734,34674532,-0.8433408,-0.3855194,-0.020148776,8005,0,0.83181536,-0.6352854,-12.15953,8005,0,0,1,1
4735,34679536,-0.6861155,-0.40062004,0.05196065,5004,0,0.8785687,-0.10697847,-11.780378,5004,0,0,1,1
4736,34684539,-0.6160625,-0.4222412,0.11003843,5003,0,0.9371625,0.35831016,-11.427671,5003,0,0,1,1
4737,34692544,-0.55711925,-0.45024577,0.16074564,8005,0,0.72216004,0.8576227,-11.114886,8005,0,0,1,1
4738,34700425,-0.5750107,-0.46377823,0.19177103,7881,0,0.27540955,1.2150446,-10.578929,7881,0,0,1,1
4739,34710557,-0.77620983,-0.4710796,0.21708342,5004,0,-0.17392258,1.5057572,-10.319677,5004,0,0,1,1
4740,34718562,-0.9068317,-0.4589779,0.16616036,8005,0,-0.5107356,1.33277,-10.658504,8005,0,0,1,1
4741,34728569,-1.1059874,-0.39412218,0.015859317,5004,0,-0.54047537,0.7044201,-11.166274,5004,0,0,1,1
4742,34736574,-1.1591746,-0.36233705,-0.026041793,8005,0,-0.42812288,0.42536882,-11.364481,8005,0,0,1,1
4743,34746581,-1.0962901,-0.3560837,-0.023529347,5004,0,-0.42124113,0.0012407303,-12.063135,5004,0,0,1,1
4744,34754586,-0.9948257,-0.34276175,-0.026316984,8005,0,-0.12317385,-0.116172485,-12.218456,8005,0,0,1,1
4745,34759589,-0.876425,-0.31702286,-0.0025286102,5003,0,0.093507215,-0.088061035,-12.380367,5003,0,0,1,1
4746,34764593,-0.7971453,-0.29120362,0.019494705,5004,0,0.1914303,-0.032753766,-12.443815,5004,0,0,1,1
4747,34772598,-0.6683078,-0.27043614,0.043528285,8005,0,0.2465863,0.25986892,-12.421971,8005,0,0,1,1
4748,34780604,-0.52891445,-0.2487326,0.05757264,8006,0,0.2355156,0.5337173,-12.318271,8006,0,0,1,1
4749,34785607,-0.4442275,-0.23676586,0.07150657,5003,0,0.23859976,0.7855836,-12.27957,5003,0,0,1,1
4750,34790610,-0.40579477,-0.22695458,0.08024586,5003,0,0.21034914,0.91677487,-12.139515,5003,0,0,1,1
4751,34798616,-0.36883542,-0.20027313,0.095858626,8006,0,0.1270235,0.97528994,-11.902277,8006,0,0,1,1
4752,34808622,-0.32299078,-0.09271595,0.0764135,5003,0,-0.01015912,0.9708907,-11.4351425,5003,0,0,1,1
4753,34816628,-0.32463697,-0.015724763,0.032600246,8006,0,-0.38277712,0.9197829,-11.434055,8006,0,0,1,1
4754,34826634,-0.39765924,0.07585074,-0.06940829,5003,0,-0.68627703,0.93211293,-11.581652,5003,0,0,1,1
4755,34834640,-0.41281947,0.102483205,-0.1552618,8006,0,-0.7246292,0.52539724,-11.557925,8006,0,0,1,1
4756,34842645,-0.38162142,0.16980785,-0.2373853,8005,0,-0.44440186,0.45366046,-11.744737,8005,0,0,1,1
4757,34847649,-0.30735895,0.19016396,-0.22308196,5004,0,-0.12841886,0.37645915,-11.448841,5004,0,0,1,1
4758,34852652,-0.2503251,0.19776477,-0.18222734,5003,0,0.04442443,0.5396852,-11.656347,5003,0,0,1,1
4759,34860533,-0.14001,0.20363738,-0.1662438,7881,0,-0.057433363,0.46565264,-11.48428,7881,0,0,1,1
4760,34865661,-0.039818734,0.21386304,-0.11873197,5128,0,0.19277233,0.7959986,-11.275094,5128,0,0,1,1
4761,34870664,0.022291027,0.21422343,-0.070277594,5003,0,0.29917455,0.8669871,-10.951508,5003,0,0,1,1
4762,34878544,0.081888594,0.21186826,-0.03979633,7880,0,0.20019127,1.0931019,-10.818585,7880,0,0,1,1
4763,34883550,0.129716,0.19424301,-0.021555316,5006,0,0.19500443,1.4882632,-10.559097,5006,0,0,1,1
4764,34888676,0.14033334,0.17219563,-0.00964912,5126,0,0.10197736,1.5640498,-10.204372,5126,0,0,1,1
4765,34896681,0.13857159,0.15306371,-0.013862716,8005,0,-0.080527,1.6692934,-10.076405,8005,0,0,1,1
4766,34906688,0.07174781,0.13066088,0.010424137,5003,0,-0.06163159,1.8524354,-9.694067,5003,0,0,1,1
4767,34914694,-0.0020306483,0.12983856,-0.00066265464,8006,0,-0.07692742,1.8032398,-9.714728,8006,0,0,1,1
4768,34924700,-0.118689805,0.12930171,-0.015450559,5003,0,0.08225477,1.6410383,-9.99119,5003,0,0,1,1
4769,34932706,-0.1556713,0.15165527,-0.019344766,8006,0,0.14380163,1.3859553,-10.059935,8006,0,0,1,1
4770,34940712,-0.17250232,0.18734963,-0.022625703,8006,0,0.1956467,1.1268673,-10.244468,8006,0,0,1,1
4771,34945591,-0.17777082,0.26071972,-0.068695694,4879,0,0.20889555,0.9031751,-10.210573,4879,0,0,1,1
4772,34950718,-0.17942652,0.3243743,-0.10681989,5127,0,0.141611,0.9210792,-10.161026,5127,0,0,1,1
4773,34958723,-0.18112968,0.37979618,-0.16178621,8005,0,-0.055835173,0.86380893,-10.169314,8005,0,0,1,1
4774,34963727,-0.20523617,0.41240093,-0.15976314,5004,0,-0.11879158,1.0674946,-9.820959,5004,0,0,1,1
4775,34968730,-0.21894486,0.38143796,-0.1376784,5003,0,-0.18733388,1.0781523,-9.831512,5003,0,0,1,1
4776,34976610,-0.22191149,0.33645788,-0.1430734,7880,0,-0.42154005,0.91371125,-9.942182,7880,0,0,1,1
4777,34981739,-0.19450565,0.2890135,-0.14139587,5129,0,-0.3253373,0.99624527,-10.102341,5129,0,0,1,1
4778,34986742,-0.14918818,0.22665997,-0.13443342,5003,0,-0.21353036,0.94883645,-9.632292,5003,0,0,1,1
4779,34994747,-0.10029863,0.15415685,-0.14086078,8005,0,-0.2139684,0.950607,-9.807345,8005,0,0,1,1
4780,35004754,-0.049490407,0.043696463,-0.10570554,5003,0,-0.07601833,0.9007575,-9.550211,5003,0,0,1,1
4781,35012759,-0.028605027,-0.0016233771,-0.04944534,8005,0,0.0304986,1.1066803,-9.983194,8005,0,0,1,1
4782,35020765,-0.025124632,-0.06134736,0.006986312,8006,0,0.3379183,1.0463452,-9.96261,8006,0,0,1,1
4783,35025768,-0.009407587,-0.08932519,0.044896808,5003,0,0.4635252,1.0294666,-10.088831,5003,0,0,1,1
4784,35030771,0.0075825895,-0.092651576,0.065012716,5003,0,0.5546246,0.99746513,-10.1046715,5003,0,0,1,1
4785,35038777,0.02853671,-0.08038568,0.10159398,8006,0,0.66886455,1.0249738,-10.058899,8006,0,0,1,1
4786,35043780,0.05383048,-0.054052226,0.12182351,5003,0,0.68604004,1.0874723,-10.079546,5003,0,0,1,1
4787,35048658,0.059200447,-0.02059239,0.118755855,4878,0,0.60769266,1.0316386,-9.959636,4878,0,0,1,1
4788,35056789,0.04167416,0.03156908,0.1004501,8131,0,0.4668957,1.1610944,-9.836662,8131,0,0,1,1
4789,35061793,0.0008504801,0.058867767,0.098392226,5004,0,0.3848748,1.3264353,-9.825039,5004,0,0,1,1
4790,35066795,-0.033828285,0.059760507,0.10652837,5002,0,0.24787915,1.328378,-9.8664875,5002,0,0,1,1
4791,35074801,-0.0795044,0.056469765,0.10481279,8006,0,0.10518488,1.1543981,-9.85596,8006,0,0,1,1
4792,35079804,-0.10405399,0.08209522,0.063282505,5003,0,0.112421095,1.026202,-9.8983,5003,0,0,1,1
4793,35084808,-0.11116958,0.11394785,0.028920371,5004,0,0.15360175,1.0518137,-9.799423,5004,0,0,1,1
4794,35092813,-0.12421089,0.13610661,0.033027947,8005,0,0.13557114,1.0404053,-9.803311,8005,0,0,1,1
4795,35102820,-0.13680173,0.12790315,0.031120215,5004,0,-0.07719734,1.125078,-10.112104,5004,0,0,1,1
4796,35110825,-0.13724652,0.10051281,0.025123017,8005,0,-0.03546502,1.061615,-10.245896,8005,0,0,1,1
4797,35118706,-0.12148806,0.076917075,0.05585269,7881,0,0.18381596,0.98051834,-10.267394,7881,0,0,1,1
4798,35123834,-0.08991374,0.061259612,0.106902525,5128,0,0.38829267,0.9829445,-10.38385,5128,0,0,1,1
4799,35128837,-0.06176427,0.052825406,0.13660465,5003,0,0.45838284,0.9984247,-10.551924,5003,0,0,1,1
4800,35136843,-0.029219992,0.042518377,0.18080659,8006,0,0.5322489,0.9923506,-10.635598,8006,0,0,1,1
4801,35141846,9.517372e-05,0.032012537,0.23162822,5003,0,0.48567563,0.9158201,-10.710413,5003,0,0,1,1
4802,35146849,0.025257422,0.03732589,0.25745818,5003,0,0.44282234,0.8428047,-10.7477665,5003,0,0,1,1
4803,35154855,0.071352325,0.057146072,0.2529619,8006,0,0.3601632,0.80964446,-10.763535,8006,0,0,1,1
4804,35159858,0.09819487,0.07544848,0.22329757,5003,0,0.20411524,0.8054494,-10.7901325,5003,0,0,1,1
4805,35164861,0.10384183,0.08736548,0.202958,5003,0,0.06837718,0.7574027,-10.659533,5003,0,0,1,1
4806,35172867,0.099742845,0.09621771,0.1849981,8006,0,-0.1411211,0.72000885,-10.5018215,8006,0,0,1,1
4807,35182873,0.11822274,0.113142624,0.081299394,5128,0,-0.27640277,0.72431076,-10.354767,5128,0,0,1,1
4808,35190879,0.11502389,0.108375244,0.039259125,8006,0,-0.12198812,0.94227445,-10.208267,8006,0,0,1,1
4809,35200760,0.07155927,0.056058228,0.01608262,5003,0,-0.015576347,1.1852605,-10.185719,5003,0,0,1,1
4810,35208766,0.058644067,0.023816869,-0.01649611,8006,0,0.11535679,1.2199489,-10.247734,8006,0,0,1,1
4811,35216896,0.03363184,0.006094679,-0.01591992,8130,0,0.44508415,1.2248045,-10.138142,8130,0,0,1,1
4812,35221900,0.015327685,-0.00015974045,0.028442923,5004,0,0.76675403,1.2586751,-10.148027,5004,0,0,1,1
4813,35226903,0.006198567,0.0028226823,0.06119345,5003,0,0.8153643,1.2931536,-10.218164,5003,0,0,1,1
4814,35234908,0.0025558134,0.023274718,0.07816886,8005,0,0.81566024,1.3024024,-10.194761,8005,0,0,1,1
4815,35239912,-0.024804354,0.04356821,0.10446149,5004,0,0.69853604,1.2014658,-10.159996,5004,0,0,1,1
4816,35244915,-0.04494836,0.049660742,0.12223555,5003,0,0.5473718,1.1347754,-10.061623,5003,0,0,1,1
4817,35252920,-0.061597135,0.044998303,0.14138791,8005,0,0.300952,1.044186,-10.045535,8005,0,0,1,1
4818,35260801,-0.07807094,0.004796743,0.14614388,7881,0,0.021284573,0.98997736,-10.121061,7881,0,0,1,1
4819,35270932,-0.100541964,-0.06814583,0.13095516,5003,0,-0.043445606,0.7865483,-10.289509,5003,0,0,1,1
4820,35278813,-0.08878027,-0.048804566,0.0893723,7881,0,0.16748399,0.62682027,-10.228366,7881,0,0,1,1
4821,35288820,-0.08918431,-0.016781501,0.07350632,4879,0,0.35747644,0.754838,-10.440434,4879,0,0,1,1
4822,35296950,-0.094911516,-0.036469765,0.06597888,8130,0,0.20957005,0.7478218,-10.678028,8130,0,0,1,1
4823,35306956,-0.079144254,-0.03282524,0.018188115,5003,0,0.47322097,0.5868607,-10.8799305,5003,0,0,1,1
4824,35314962,-0.04568536,0.0038644522,0.005361185,8006,0,0.67005587,0.59640735,-10.772062,8006,0,0,1,1
4825,35322967,7.5995915e-05,0.075092494,-0.020425947,8005,0,0.75939727,0.7529289,-10.636642,8005,0,0,1,1
4826,35327971,0.020159096,0.11362986,-0.038509775,5004,0,0.66548055,0.9510274,-10.45639,5004,0,0,1,1
4827,35332974,0.014022119,0.11571356,-0.030232422,5003,0,0.5900608,1.1344192,-10.395573,5003,0,0,1,1
4828,35340979,-0.0073170806,0.086443,0.0031030525,8005,0,0.34820047,1.2222865,-10.195291,8005,0,0,1,1
4829,35350986,-0.034727335,0.017562196,0.045589097,5003,0,0.17179975,1.2704093,-9.811865,5003,0,0,1,1
4830,35358991,-0.062606424,-0.015244535,0.064700045,8005,0,0.0005864799,1.2717255,-9.78835,8005,0,0,1,1
4831,35368998,-0.12010919,-0.08150158,0.07480393,5003,0,-0.19762492,1.2134204,-9.748426,5003,0,0,1,1
4832,35377003,-0.14770265,-0.12886934,0.07949525,8005,0,-0.15309897,1.1714696,-9.860319,8005,0,0,1,1
4833,35387010,-0.15287314,-0.18733378,0.08507525,5003,0,0.30873248,1.0709733,-10.104433,5003,0,0,1,1
4834,35395015,-0.12992671,-0.17457895,0.08103402,8005,0,0.6501356,1.0198799,-10.24139,8005,0,0,1,1
4835,35402896,-0.086709365,-0.11334455,0.03244668,7881,0,0.775095,1.0255318,-10.307728,7881,0,0,1,1
4836,35408024,-0.07317147,-0.053752527,-0.0011402158,5128,0,0.6952138,1.1092801,-10.229015,5128,0,0,1,1
4837,35413028,-0.08223286,-0.025685884,0.005851741,5004,0,0.6324419,1.1791906,-10.1121025,5004,0,0,1,1
4838,35421033,-0.10318672,-0.0014547555,0.007811546,8005,0,0.50605595,1.285495,-10.110515,8005,0,0,1,1
4839,35426037,-0.12750132,0.0067964797,-0.0020369426,5004,0,0.44905272,1.3154225,-10.253601,5004,0,0,1,1
4840,35431040,-0.1473343,0.008401662,-0.005971643,5003,0,0.439941,1.2684791,-10.262936,5003,0,0,1,1
4841,35439045,-0.1581286,0.015953911,0.0027044283,8005,0,0.41283885,1.1243285,-10.192365,8005,0,0,1,1
4842,35449052,-0.14012814,0.019861102,0.033828344,5004,0,0.37290952,0.9297129,-10.323269,5004,0,0,1,1
4843,35457057,-0.10870085,0.0055588777,0.05056961,8005,0,0.29985812,0.90197057,-10.388393,8005,0,0,1,1
4844,35467064,-0.032836616,-0.028668225,0.0700135,5004,0,0.39853087,0.927077,-10.406836,5004,0,0,1,1
4845,35475069,0.0032834632,-0.03743069,0.08389188,8005,0,0.5246147,1.0192864,-10.488652,8005,0,0,1,1
4846,35485076,0.049086887,0.005392596,0.059860457,5004,0,0.7478413,1.1121511,-10.365653,5004,0,0,1,1
4847,35493081,0.05752965,0.039732993,0.055955704,8005,0,0.7149567,1.1852342,-10.259859,8005,0,0,1,1
4848,35501087,0.04962737,0.08888975,0.034264356,8006,0,0.4976722,1.2245903,-10.113506,8006,0,0,1,1
4849,35506090,0.026562104,0.111885495,0.0035896637,5003,0,0.3398688,1.3101561,-10.103958,5003,0,0,1,1
4850,35511093,0.0007194616,0.1057474,-0.0071216547,5003,0,0.23261523,1.3451078,-9.941401,5003,0,0,1,1
4851,35519099,-0.029241994,0.094161145,-0.009777415,8006,0,0.031710465,1.2461338,-9.893091,8006,0,0,1,1
4852,35524102,-0.052805427,0.07858828,-0.017129887,5003,0,-0.07935481,1.1083138,-9.837963,5003,0,0,1,1
4853,35529105,-0.062125705,0.05745107,-0.022842139,5003,0,-0.14447561,1.086055,-9.875322,5003,0,0,1,1
4854,35537111,-0.06935616,0.033004045,-0.02858021,8006,0,-0.109997675,0.98456836,-9.890852,8006,0,0,1,1
4855,35547117,-0.083545014,0.030065715,-0.042630915,5003,0,0.087286994,0.8490273,-10.078108,5003,0,0,1,1
4856,35555123,-0.060658805,0.01775728,-0.03770944,8006,0,0.23147318,0.88401395,-10.074007,8006,0,0,1,1
4857,35565129,-0.013769999,0.015138939,-0.047579564,5003,0,0.45263222,0.7987442,-10.347691,5003,0,0,1,1
4858,35573135,0.015606191,0.0023286343,-0.021603014,8006,0,0.54421455,0.86261654,-10.448695,8006,0,0,1,1
4859,35583142,0.068244636,-0.02775114,0.025579192,5004,0,0.729176,1.0329032,-10.444414,5004,0,0,1,1
4860,35591147,0.094806574,-0.026317433,0.052300923,8005,0,0.8732741,1.167582,-10.440613,8005,0,0,1,1
4861,35599152,0.11375099,-0.015845433,0.086211495,8005,0,0.93088514,1.3432509,-10.251477,8005,0,0,1,1
4862,35604156,0.11019496,0.002475232,0.1108873,5004,0,0.812007,1.4080737,-10.101326,5004,0,0,1,1
4863,35609159,0.09948786,0.0015894473,0.11511549,5003,0,0.64871585,1.5383192,-10.069727,5003,0,0,1,1
4864,35617164,0.06698551,-0.0076905186,0.10065595,8005,0,0.3212599,1.514887,-10.075498,8005,0,0,1,1
4865,35622168,0.027362728,-0.01073432,0.07406983,5004,0,0.19885905,1.4310558,-9.97851,5004,0,0,1,1
4866,35627171,0.0018484668,-0.009815082,0.05754406,5003,0,0.20148534,1.3695259,-9.99431,5003,0,0,1,1
4867,35635176,-0.01795469,0.0050411075,0.030774571,8005,0,0.15195924,1.2276607,-9.980199,8005,0,0,1,1
4868,35645183,-0.041033663,0.04432115,-0.0120780775,5003,0,0.2093944,1.1439962,-9.993353,5003,0,0,1,1
4869,35653189,-0.041725367,0.033536747,-0.013197881,8006,0,0.1536474,1.13286,-10.0924,8006,0,0,1,1
4870,35663195,-0.025869913,-0.013628229,-0.0021292479,5003,0,0.21961342,1.0484028,-10.2752075,5003,0,0,1,1
4871,35671201,-0.004833188,-0.035277817,0.021249708,8006,0,0.42914173,1.067172,-10.216474,8006,0,0,1,1
4872,35679206,0.025346735,-0.04581635,0.043063626,8005,0,0.4948373,1.181795,-10.213468,8005,0,0,1,1
4873,35684209,0.039494112,-0.04957524,0.05119249,5003,0,0.39565733,1.21031,-10.142265,5003,0,0,1,1
4874,35689213,0.034627244,-0.054396287,0.05131241,5004,0,0.32311237,1.2546061,-10.160946,5004,0,0,1,1
4875,35697093,0.017696941,-0.06840889,0.04468638,7880,0,0.26366693,1.2865154,-10.213752,7880,0,0,1,1
4876,35702221,-0.0013111457,-0.07890323,0.03329183,5128,0,0.22498362,1.2799737,-10.209736,5128,0,0,1,1
4877,35707225,-0.009002022,-0.086866654,0.017437164,5004,0,0.25871098,1.2546045,-10.244499,5004,0,0,1,1
4878,35715230,-0.023175178,-0.08052186,0.0060133487,8005,0,0.25885624,1.2471818,-10.256711,8005,0,0,1,1
4879,35720109,-0.040281348,-0.069094986,-0.0040484914,4879,0,0.18062152,1.1858265,-10.24849,4879,0,0,1,1
4880,35725237,-0.05072637,-0.063803144,-0.019571496,5128,0,0.16025263,1.2262774,-10.360571,5128,0,0,1,1
4881,35733242,-0.06798656,-0.06446106,-0.03460033,8005,0,0.12040288,1.2015342,-10.4380045,8005,0,0,1,1
4882,35743249,-0.08080354,-0.043046184,-0.044428527,5003,0,0.16027784,1.0222458,-10.509455,5003,0,0,1,1
4883,35751254,-0.07281815,-0.025794147,-0.045351192,8005,0,0.21029656,0.9655858,-10.568496,8005,0,0,1,1
4884,35759260,-0.05510978,-0.0049097687,-0.043205205,8006,0,0.27299806,0.9612807,-10.668068,8006,0,0,1,1
4885,35764263,-0.051713124,0.0234693,-0.042064983,5003,0,0.2301227,0.894041,-10.775604,5003,0,0,1,1
4886,35769267,-0.036157645,0.023522303,-0.031818952,5004,0,0.39756966,0.99722123,-10.667089,5004,0,0,1,1
4887,35777272,-0.007122345,0.025538338,-0.021900812,8005,0,0.43572718,0.9163322,-10.81726,8005,0,0,1,1
4888,35782275,0.028767448,0.04798235,-0.038498554,5003,0,0.44617504,0.8588462,-10.756861,5003,0,0,1,1
4889,35787279,0.05895159,0.079784706,-0.050860837,5004,0,0.5294061,0.8937725,-10.568462,5004,0,0,1,1
4890,35795159,0.075025834,0.10162941,-0.038993116,7880,0,0.55850536,1.0590371,-10.448041,7880,0,0,1,1
4891,35800287,0.07559868,0.09597166,-0.042894084,5128,0,0.23014435,1.214488,-10.44836,5128,0,0,1,1
4892,35805166,0.05783183,0.08500298,-0.06672383,4879,0,0.0026256817,1.2126485,-10.463445,4879,0,0,1,1
4893,35813171,0.03259746,0.05661003,-0.083071604,8005,0,0.153222,1.2615525,-10.213304,8005,0,0,1,1
4894,35823303,0.013136697,0.032250047,-0.038674027,5003,0,0.43014428,1.1253197,-10.194939,5003,0,0,1,1
4895,35831308,0.023025982,0.024569927,-0.013063397,8005,0,0.4245092,1.1846342,-10.149722,8005,0,0,1,1
4896,35839314,0.04362148,0.015379235,0.01589157,8006,0,0.4184274,1.2768333,-10.123294,8006,0,0,1,1
4897,35849320,0.038736306,0.017076507,0.05918251,5002,0,0.46580514,1.3697668,-10.068049,5002,0,0,1,1
4898,35857326,0.023818005,0.022279948,0.072544,8006,0,0.48391268,1.4035562,-10.076698,8006,0,0,1,1
4899,35862329,0.010077521,0.023461223,0.059434395,5003,0,0.40355152,1.3582704,-10.168129,5003,0,0,1,1
4900,35867332,0.0011030696,0.03579749,0.033929456,5003,0,0.3178484,1.2962673,-10.021364,5003,0,0,1,1
4901,35875338,-0.020311832,0.05097569,0.018367717,8006,0,0.32769266,1.2643902,-9.949356,8006,0,0,1,1
4902,35880341,-0.046719514,0.048189104,0.016918512,5003,0,0.3178501,1.2526906,-9.93852,5003,0,0,1,1
4903,35885344,-0.06283857,0.0441747,0.007272571,5003,0,0.25678718,1.2423944,-9.954096,5003,0,0,1,1
4904,35893350,-0.07149471,0.023720114,-0.00087322295,8006,0,0.21755657,1.2485322,-9.862268,8006,0,0,1,1
4905,35898353,-0.0873453,0.00032538176,0.005347927,5003,0,0.2603912,1.3000984,-9.910036,5003,0,0,1,1
4906,35903356,-0.10032071,-0.017110318,0.017577194,5003,0,0.3259874,1.2471786,-9.929899,5003,0,0,1,1
4907,35911362,-0.10975031,-0.03298194,0.033740643,8006,0,0.40535125,1.2352157,-10.031509,8006,0,0,1,1
4908,35919367,-0.101187535,-0.043023515,0.050038353,8005,0,0.46445724,1.0737551,-10.142086,8005,0,0,1,1
4909,35929374,-0.07272421,-0.054694735,0.06988745,5003,0,0.47777846,0.9775951,-10.267965,5003,0,0,1,1
4910,35937379,-0.055790152,-0.047134835,0.077833466,8005,0,0.52581054,1.0224255,-10.294864,8005,0,0,1,1
4911,35947386,-0.03525491,-0.02199839,0.0635614,5003,0,0.55391294,1.0156621,-10.519115,5003,0,0,1,1
4912,35955266,-0.030140625,-0.007768498,0.05370687,7880,0,0.55893683,0.96871674,-10.528321,7880,0,0,1,1
4913,35960395,-0.014586112,0.009963542,0.05123937,5129,0,0.45816043,0.8967237,-10.529707,5129,0,0,1,1
4914,35965398,-0.0010999702,0.020965174,0.046823088,5003,0,0.40571123,0.8013739,-10.472664,5003,0,0,1,1
4915,35973404,0.027930994,0.031668767,0.03701006,8006,0,0.29312614,0.8120359,-10.374779,8006,0,0,1,1
4916,35978407,0.05346909,0.036117673,0.015511131,5003,0,0.19765139,0.84209347,-10.34218,5003,0,0,1,1
4917,35983410,0.06402753,0.027816223,0.0044202027,5003,0,0.16413763,0.98812705,-10.2481,5003,0,0,1,1
4918,35991416,0.07234968,0.0109206885,-0.0021224846,8006,0,0.12403629,1.0719602,-10.080143,8006,0,0,1,1
4919,35999421,0.07675319,-0.017230427,0.006054671,8005,0,0.24435167,1.2278837,-9.964615,8005,0,0,1,1
4920,36009428,0.067704186,-0.03703215,0.029760739,5004,0,0.48065263,1.414532,-9.807322,5004,0,0,1,1
4921,36017433,0.05089931,-0.043171454,0.04407377,8005,0,0.43542865,1.4752357,-9.706637,8005,0,0,1,1
4922,36027440,-0.00092014304,-0.04522182,0.03582656,5004,0,0.32502905,1.5390301,-9.762548,5004,0,0,1,1
4923,36035445,-0.043928925,-0.042510957,0.017014274,8005,0,0.23760782,1.4478441,-9.789093,8005,0,0,1,1
4924,36045452,-0.1236239,-0.044782184,-0.005604594,5004,0,0.12750357,1.2890874,-10.014647,5004,0,0,1,1
4925,36053457,-0.15272602,-0.045058828,-0.024235064,8005,0,0.08333536,1.0917108,-10.183842,8005,0,0,1,1
4926,36061463,-0.16730571,-0.021664202,-0.054333776,8006,0,0.28040567,0.9993843,-10.390333,8006,0,0,1,1
4927,36066466,-0.16266537,-0.01820898,-0.04700397,5003,0,0.4559886,1.0321813,-10.296452,5003,0,0,1,1
4928,36071469,-0.14302099,-0.035074264,-0.029590279,5003,0,0.373423,1.0255754,-10.55657,5003,0,0,1,1
4929,36079475,-0.11151107,-0.05351407,-0.0074946764,8006,0,0.40580302,0.89763314,-10.691706,8006,0,0,1,1
4930,36089481,-0.02065444,-0.07906203,0.029472813,5003,0,0.4986052,0.9007411,-10.624224,5003,0,0,1,1
4931,36097487,0.027561624,-0.08283019,0.054222353,8006,0,0.48595098,0.9586271,-10.526583,8006,0,0,1,1
4932,36107493,0.080312885,-0.06863007,0.07219771,5003,0,0.3913494,1.1961783,-10.274439,5003,0,0,1,1
4933,36115499,0.08050154,-0.06959896,0.06504944,8006,0,0.30420044,1.3832009,-10.164685,8006,0,0,1,1
4934,36123504,0.042867396,-0.07683613,0.04575543,8005,0,0.10488575,1.4851041,-10.080893,8005,0,0,1,1
4935,36128508,0.012354746,-0.06932319,-0.0025837342,5004,0,0.007049948,1.500191,-9.984068,5004,0,0,1,1
4936,36133511,-0.017183468,-0.050543766,-0.050611436,5003,0,0.059719935,1.4423959,-9.924845,5003,0,0,1,1
4937,36141516,-0.068961315,-0.03076951,-0.08072678,8005,0,0.18013923,1.4382747,-9.855831,8005,0,0,1,1
4938,36146520,-0.119989015,-0.020312779,-0.09227089,5004,0,0.2529621,1.4176514,-10.015375,5004,0,0,1,1
4939,36151523,-0.14114831,-0.018716052,-0.094634905,5003,0,0.24529523,1.3831756,-10.124073,5003,0,0,1,1
4940,36159529,-0.14990686,-0.02661556,-0.08909684,8006,0,0.39429116,1.3128718,-10.279913,8006,0,0,1,1
4941,36164532,-0.1457135,-0.03378112,-0.063535646,5003,0,0.548897,1.2371342,-10.34099,5003,0,0,1,1
4942,36169535,-0.13418958,-0.03425391,-0.03223864,5003,0,0.6685978,1.2376089,-10.443937,5003,0,0,1,1
4943,36177541,-0.12018506,-0.033903558,0.0056043793,8006,0,0.7378542,1.353885,-10.405745,8006,0,0,1,1
4944,36187547,-0.061066378,-0.06488727,0.07558728,5003,0,0.56292266,1.4022586,-10.33267,5003,0,0,1,1
4945,36195553,-0.049018595,-0.06149504,0.096327096,8006,0,0.4330379,1.392189,-10.227079,8006,0,0,1,1
4946,36203558,-0.04574878,-0.057829473,0.10958504,8005,0,0.33966064,1.5065053,-10.091512,8005,0,0,1,1
4947,36208561,-0.060506582,-0.055008903,0.11892389,5003,0,0.3030073,1.5991249,-10.1075535,5003,0,0,1,1
4948,36213565,-0.07961589,-0.06140822,0.11518886,5004,0,0.15264077,1.6120627,-10.048418,5004,0,0,1,1
4949,36221570,-0.11000227,-0.068851136,0.09643468,8005,0,0.03335608,1.5961399,-10.117549,8005,0,0,1,1
4950,36226573,-0.15369746,-0.07162797,0.07486846,5003,0,0.007551417,1.5122269,-10.198284,5003,0,0,1,1
4951,36231577,-0.17979775,-0.06949774,0.064781174,5004,0,0.07579547,1.44925,-10.333567,5004,0,0,1,1
4952,36239582,-0.20541035,-0.060751516,0.047524046,8005,0,0.122238845,1.304794,-10.460216,8005,0,0,1,1
4953,36244586,-0.22414592,-0.03755541,0.026078245,5004,0,0.078927934,1.0973328,-10.62756,5004,0,0,1,1
4954,36249589,-0.20265262,-0.032239087,0.00668147,5003,0,0.14664435,1.2086306,-10.628778,5003,0,0,1,1
4955,36257594,-0.1679232,-0.03158443,-0.0138096865,8005,0,0.20618562,1.0815357,-10.613595,8005,0,0,1,1
4956,36265600,-0.13612412,-0.024572223,-0.012431326,8006,0,0.22982898,1.0851265,-10.556739,8006,0,0,1,1
4957,36275607,-0.09874943,-0.04289045,0.026652455,5004,0,0.23763497,1.2400002,-10.418325,5004,0,0,1,1
4958,36283612,-0.09765826,-0.057555284,0.044704404,8005,0,0.18852068,1.411647,-10.337505,8005,0,0,1,1
4959,36293619,-0.118724555,-0.09094726,0.083843015,5004,0,0.2101064,1.5512378,-10.315371,5004,0,0,1,1
4960,36301624,-0.1360403,-0.09871947,0.094269104,8005,0,0.17489375,1.5142114,-10.280222,8005,0,0,1,1
4961,36306627,-0.14529592,-0.099323496,0.099148996,5003,0,0.1782583,1.4708014,-10.299807,5003,0,0,1,1
4962,36311631,-0.1500567,-0.09259922,0.09851579,5004,0,0.17946047,1.4059212,-10.27347,5004,0,0,1,1
4963,36319636,-0.1557573,-0.06727636,0.07967794,8005,0,0.27637085,1.466407,-10.233218,8005,0,0,1,1
4964,36324639,-0.1741244,-0.03805861,0.049222138,5003,0,0.45359772,1.6668785,-10.23612,5003,0,0,1,1
4965,36329643,-0.1971478,-0.034268968,0.05180607,5004,0,0.45981947,1.798569,-10.148497,5004,0,0,1,1
4966,36337648,-0.2602236,-0.015360049,0.056791764,8005,0,0.3968161,1.8834386,-10.25447,8005,0,0,1,1
4967,36345653,-0.33976734,-0.01051344,0.043542925,8005,0,0.47270158,1.8762677,-9.933637,8005,0,0,1,1
4968,36355660,-0.37236306,-0.0060786903,0.009242794,5003,0,0.089448854,1.650128,-9.853512,5003,0,0,1,1
4969,36363666,-0.41282868,-0.013594284,0.014719944,8006,0,0.107368544,1.7286873,-10.194429,8006,0,0,1,1
4970,36373673,-0.46352425,-0.040496975,-0.00053568,5129,0,-0.030269802,1.5273579,-10.347309,5129,0,0,1,1
4971,36381678,-0.4491459,-0.054286104,0.001590327,8005,0,-0.14935483,1.3216944,-10.410694,8005,0,0,1,1
4972,36391685,-0.4093884,-0.0990811,0.0150637245,5004,0,-0.07959226,1.1755946,-10.582563,5004,0,0,1,1
4973,36399690,-0.36741996,-0.13264124,0.028290903,8005,0,-0.027995883,1.2214477,-10.64996,8005,0,0,1,1
4974,36404693,-0.316893,-0.16272393,0.035681397,5003,0,0.10211833,1.2778275,-10.663498,5003,0,0,1,1
4975,36409697,-0.27204946,-0.17508824,0.042778052,5004,0,0.28361067,1.3889213,-10.558857,5004,0,0,1,1
4976,36417702,-0.24538304,-0.16150576,0.072883904,8005,0,0.6405964,1.694911,-10.565263,8005,0,0,1,1
4977,36422705,-0.25025314,-0.13169809,0.09426122,5003,0,0.7438452,1.8560798,-10.286407,5003,0,0,1,1
4978,36427584,-0.26576906,-0.101299934,0.08850516,4879,0,0.5611013,2.0437133,-10.3744545,4879,0,0,1,1
4979,36435714,-0.29025128,-0.07296059,0.07358909,8130,0,0.3657197,2.1392565,-10.232458,8130,0,0,1,1
4980,36443720,-0.35418501,-0.0752425,0.06784055,8006,0,0.3759085,2.3064833,-10.174244,8006,0,0,1,1
4981,36453726,-0.4644061,-0.073993415,0.064929545,5003,0,0.24194176,2.0576322,-10.180592,5003,0,0,1,1
4982,36461732,-0.47900274,-0.07734771,0.06686725,8006,0,0.30134302,2.1121364,-10.101412,8006,0,0,1,1
4983,36471613,-0.5585849,-0.063994594,0.09441971,5003,0,0.30442575,2.0582287,-9.99688,5003,0,0,1,1
4984,36479744,-0.5837617,-0.06648542,0.09715778,8131,0,0.06540489,2.1391778,-9.945761,8131,0,0,1,1
4985,36489751,-0.58795166,-0.112678416,0.101030394,5004,0,-0.22075759,2.451198,-9.563976,5004,0,0,1,1
4986,36497756,-0.6337273,-0.16013144,0.1277115,8005,0,-0.22007291,2.559493,-9.566584,8005,0,0,1,1
4987,36502759,-0.6818054,-0.20746127,0.16570763,5003,0,-0.07582571,2.6572971,-9.501341,5003,0,0,1,1
4988,36507638,-0.72030795,-0.23817237,0.19504553,4879,0,-0.04097319,2.6767676,-9.432258,4879,0,0,1,1
4989,36515768,-0.76378846,-0.25547472,0.23154044,8130,0,0.043427795,2.7455118,-9.435953,8130,0,0,1,1
4990,36523774,-0.7851948,-0.25950038,0.27322084,8006,0,0.046401333,3.1015291,-9.668726,8006,0,0,1,1
4991,36528777,-0.82778186,-0.23905705,0.26507062,5003,0,0.3162264,2.415699,-9.517796,5003,0,0,1,1
4992,36533780,-0.8931843,-0.24976805,0.23568138,5003,0,-0.014790564,2.8470306,-9.55645,5003,0,0,1,1
4993,36541661,-0.9868579,-0.2851782,0.20503172,7881,0,-0.50600016,2.9854002,-10.212478,7881,0,0,1,1
4994,36551792,-1.1273828,-0.34344748,0.16971457,5003,0,-0.19811617,2.4605744,-10.254311,5003,0,0,1,1
4995,36559798,-1.135205,-0.323576,0.1689929,8006,0,0.12942955,2.359297,-10.275715,8006,0,0,1,1
4996,36569805,-1.0035698,-0.25045434,0.1926275,5004,0,0.75669736,2.227075,-10.49441,5004,0,0,1,1
4997,36577810,-1.0156559,-0.25292858,0.18832025,8005,0,0.3022278,2.686428,-10.258383,8005,0,0,1,1
4998,36587817,-1.0192355,-0.35148174,0.22419041,5004,0,-0.1867347,2.9697216,-10.069281,5004,0,0,1,1
4999,36595822,-1.033427,-0.3867664,0.2549288,8005,0,-0.13991891,3.018895,-9.909692,8005,0,0,1,1
5000,36600825,-1.0577438,-0.38477615,0.2762251,5003,0,-0.023532532,3.1207907,-9.830269,5003,0,0,1,1
5001,36605829,-1.0929441,-0.36087638,0.26892594,5004,0,-0.1478282,3.131118,-9.828424,5004,0,0,1,1
5002,36613834,-1.1479038,-0.3372951,0.24072647,8005,0,-0.27334458,3.193592,-9.855195,8005,0,0,1,1
5003,36621839,-1.1975473,-0.31545523,0.18678294,8005,0,-0.3173463,3.2422447,-9.792503,8005,0,0,1,1
5004,36631846,-1.2165707,-0.29312283,0.08846817,5124,0,0.03545092,3.349432,-9.70825,5124,0,0,1,1
5005,36639851,-1.2265589,-0.27865383,0.082333684,8005,0,-0.030981243,3.3817654,-9.566582,8005,0,0,1,1
5006,36649859,-1.2791867,-0.29082894,0.096162915,5004,0,-0.62883574,3.272795,-9.859514,5004,0,0,1,1
5007,36657864,-1.3117415,-0.30793408,0.07465568,8005,0,-0.6234269,3.2075465,-9.888768,8005,0,0,1,1
5008,36667747,-1.3379437,-0.31613186,0.055090938,4880,0,-0.5006,3.0421255,-10.066219,4880,0,0,1,1
5009,36675876,-1.321003,-0.31814232,0.06124829,8129,0,-0.5186288,2.9519558,-10.00773,8129,0,0,1,1
5010,36683881,-1.2680176,-0.3426376,0.086637564,8005,0,-0.4540337,2.983519,-9.9965315,8005,0,0,1,1
5011,36688759,-1.217292,-0.36965647,0.10763903,4878,0,-0.2681797,3.1901302,-9.776159,4878,0,0,1,1
5012,36693763,-1.163916,-0.37293914,0.110308535,5004,0,-0.014467248,3.4019637,-9.565741,5004,0,0,1,1
5013,36701771,-1.1114283,-0.362,0.1347139,8008,0,0.32636636,3.7940128,-9.120632,8008,0,0,1,1
5014,36706897,-1.1041294,-0.35529917,0.19939514,5126,0,0.48148334,4.2480316,-8.765158,5126,0,0,1,1
5015,36711900,-1.1331671,-0.35486442,0.2530001,5003,0,0.44450018,4.6129684,-8.487864,5003,0,0,1,1
5016,36719780,-1.2018454,-0.3551857,0.30867362,7880,0,0.378139,5.0920563,-8.178895,7880,0,0,1,1
5017,36729912,-1.4086671,-0.351354,0.37630433,5003,0,0.1964744,5.6125298,-7.713837,5003,0,0,1,1
5018,36737917,-1.5682341,-0.3525147,0.40355068,8005,0,0.034459874,5.7019687,-7.6125164,8005,0,0,1,1
5019,36747924,-1.8358603,-0.31707555,0.36902627,5003,0,-0.44343188,5.567779,-7.9375167,5003,0,0,1,1
5020,36755929,-2.002119,-0.2652471,0.30232012,8005,0,-0.7164754,5.2101965,-8.264727,8005,0,0,1,1
5021,36763935,-2.148704,-0.22032455,0.23798788,8006,0,-0.77082074,4.6642838,-8.701235,8006,0,0,1,1
5022,36768938,-2.1982281,-0.19565888,0.2186413,5003,0,-0.6932383,4.2430573,-9.13574,5003,0,0,1,1
5023,36773942,-2.1990466,-0.18741402,0.22811513,5004,0,-0.54597914,4.0009995,-9.168072,5004,0,0,1,1
5024,36781947,-2.1455321,-0.2016638,0.25733003,8005,0,-0.40608832,3.962937,-9.332781,8005,0,0,1,1
5025,36786950,-2.0409422,-0.24214242,0.2802837,5003,0,-0.25054693,4.0426464,-9.1810055,5003,0,0,1,1
5026,36791829,-1.9595951,-0.27269036,0.31585437,4879,0,-0.070281185,4.2148647,-8.972195,4879,0,0,1,1
5027,36799959,-1.8674707,-0.29595414,0.38810214,8130,0,0.1552142,4.6047487,-8.611275,8130,0,0,1,1
5028,36804963,-1.8106077,-0.28625524,0.44346166,5004,0,0.24411282,4.986945,-8.34421,5004,0,0,1,1
5029,36809966,-1.7963078,-0.26716244,0.4816394,5003,0,0.45312732,5.386058,-7.9879537,5003,0,0,1,1
5030,36817971,-1.822099,-0.22268285,0.53478324,8005,0,0.77906775,5.9626217,-7.6241307,8005,0,0,1,1
5031,36825852,-1.9111826,-0.16191936,0.60880864,7881,0,0.83646274,6.477527,-7.231879,7881,0,0,1,1
5032,36835983,-2.0929582,-0.11369149,0.6790584,5003,0,0.07796048,6.837399,-6.785606,5003,0,0,1,1
5033,36843989,-2.1996117,-0.10085025,0.6769738,8006,0,-0.21339917,6.875506,-6.4648952,8006,0,0,1,1
5034,36848992,-2.3013709,-0.08680082,0.67910874,5003,0,-0.36761636,6.9712443,-6.218165,5003,0,0,1,1
5035,36853995,-2.3778133,-0.078985974,0.6947368,5003,0,-0.45835558,7.0169625,-6.078843,5003,0,0,1,1
5036,36862001,-2.4740644,-0.06919245,0.71154064,8006,0,-0.46912915,7.072427,-5.946248,8006,0,0,1,1
5037,36867004,-2.5698473,-0.06299525,0.7338769,5003,0,-0.6434188,7.2511163,-5.8087735,5003,0,0,1,1
5038,36871883,-2.6364658,-0.0748627,0.7632426,4879,0,-0.7245098,7.412412,-5.663773,4879,0,0,1,1
5039,36880013,-2.723428,-0.11004555,0.8103138,8130,0,-0.6411441,7.647778,-5.677405,8130,0,0,1,1
5040,36888018,-2.8296163,-0.1470743,0.8400953,8005,0,-0.43667907,8.011464,-5.6865506,8005,0,0,1,1
5041,36898025,-3.0023034,-0.14044991,0.819828,5003,0,-0.539762,8.279675,-5.7182574,5003,0,0,1,1
5042,36906030,-3.0941486,-0.12732857,0.7842444,8005,0,-0.46270198,8.364993,-5.7601023,8005,0,0,1,1
5043,36916037,-3.2379038,-0.060717627,0.71433514,5003,0,-0.23305821,8.363715,-6.010591,5003,0,0,1,1
5044,36924042,-3.2989585,0.00026969612,0.6852667,8005,0,-0.3027272,8.304693,-6.109203,8005,0,0,1,1
5045,36934049,-3.3490188,0.038385093,0.6364369,5003,0,-0.78588086,8.217423,-6.4772224,5003,0,0,1,1
5046,36942055,-3.3444378,0.026071683,0.58871347,8006,0,-1.214174,8.095051,-6.5560284,8006,0,0,1,1
5047,36947058,-3.305264,0.017876238,0.5204939,5003,0,-1.3975992,7.8822308,-6.705398,5003,0,0,1,1
5048,36952061,-3.2514346,0.020233095,0.46049413,5003,0,-1.1440711,7.826688,-6.7997255,5003,0,0,1,1
5049,36960067,-3.1493654,0.0445953,0.40627697,8006,0,-0.6108369,7.8325863,-6.6820183,8006,0,0,1,1
5050,36968072,-3.0091946,0.097077765,0.37236574,8005,0,-0.4255863,7.981327,-6.5992665,8005,0,0,1,1
5051,36973075,-2.9080663,0.120477065,0.33593288,5003,0,-0.553402,8.1996975,-6.651998,5003,0,0,1,1
5052,36978079,-2.8415,0.11952226,0.29921523,5004,0,-0.49280858,8.352884,-6.578535,5004,0,0,1,1
5053,36986084,-2.7566094,0.116961725,0.27968547,8005,0,-0.2639722,8.48067,-6.3867836,8005,0,0,1,1
5054,36996091,-2.6080017,0.16163327,0.25229934,5003,0,0.07029045,8.5202875,-6.171003,5003,0,0,1,1
5055,37004096,-2.5020964,0.20784625,0.24902509,8005,0,0.30837983,8.555182,-5.9389257,8005,0,0,1,1
5056,37014103,-2.3295493,0.28083104,0.2924308,5003,0,0.74209476,8.814295,-5.465682,5003,0,0,1,1
5057,37022108,-2.2311969,0.27473953,0.34872052,8005,0,0.7779934,9.189259,-5.059141,8005,0,0,1,1
5058,37031990,-2.1169202,0.22462286,0.4414869,4878,0,0.7022509,9.725522,-4.387499,4878,0,0,1,1
5059,37040121,-2.0896933,0.1993347,0.4923259,8131,0,0.664527,10.013186,-3.977525,8131,0,0,1,1
5060,37045124,-2.0854998,0.18022375,0.5277495,5003,0,0.5711455,10.315473,-3.553416,5003,0,0,1,1
5061,37050127,-2.0875037,0.18457736,0.52141255,5003,0,0.37843087,10.496455,-3.2941535,5003,0,0,1,1
5062,37058133,-2.1177447,0.20899677,0.48889822,8006,0,0.32290468,10.858855,-2.818368,8006,0,0,1,1
5063,37066138,-2.1973574,0.2484567,0.44855723,8005,0,0.50300986,11.503124,-2.1407955,8005,0,0,1,1
5064,37071141,-2.3303323,0.29072005,0.43315268,5003,0,0.44354433,12.017245,-1.9064531,5003,0,0,1,1
5065,37076145,-2.4788764,0.31480038,0.42156777,5004,0,0.23190182,12.2609825,-1.9464298,5004,0,0,1,1
5066,37084150,-2.6850574,0.3289937,0.36926723,8005,0,0.13331376,12.276673,-2.4284196,8005,0,0,1,1
5067,37094157,-2.7327092,0.375556,0.084285714,5003,0,-1.2153804,10.511624,-4.464452,5003,0,0,1,1
5068,37102162,-2.7816525,0.4137934,0.12206364,8005,0,1.483158,10.452617,-4.46041,8005,0,0,1,1
5069,37112169,-2.8105536,0.498094,0.20802787,5003,0,0.9278612,9.796608,-5.2159476,5003,0,0,1,1
5070,37120174,-2.6378684,0.50998956,0.14873861,8005,0,0.65210265,9.434916,-5.285455,8005,0,0,1,1
5071,37130181,-2.327972,0.5372217,0.15944237,5003,0,1.3770456,8.762577,-5.147238,5003,0,0,1,1
5072,37138187,-2.128727,0.56222534,0.17962745,8006,0,1.2530394,8.472729,-5.0059195,8006,0,0,1,1
5073,37146192,-1.8684475,0.5832608,0.18804307,8005,0,0.9937307,8.119303,-4.6220427,8005,0,0,1,1
5074,37151195,-1.6342857,0.5638717,0.21683097,5003,0,1.1457508,8.059164,-3.96645,5003,0,0,1,1
5075,37156199,-1.4421273,0.5290794,0.26329654,5004,0,1.2163874,8.131946,-3.3671534,5004,0,0,1,1
5076,37164204,-1.2061018,0.4588688,0.33808035,8005,0,1.1945407,8.4057,-2.445622,8005,0,0,1,1
5077,37169207,-1.0159398,0.37370163,0.4065993,5003,0,0.91984737,8.908913,-1.7269709,5003,0,0,1,1
5078,37174211,-0.93754697,0.30446708,0.44316873,5004,0,0.65471834,9.3094015,-1.1779253,5004,0,0,1,1
5079,37182216,-0.90656215,0.23688203,0.4789815,8005,0,0.44565824,9.716456,-0.4013147,8005,0,0,1,1
5080,37192223,-0.97823036,0.21601887,0.4116393,5003,0,0.2017299,10.013316,0.5830524,5003,0,0,1,1
5081,37200228,-1.0378566,0.23544091,0.31882483,8005,0,0.26633793,10.169473,0.88306135,8005,0,0,1,1
5082,37210235,-1.2073396,0.30459857,0.14353131,5003,0,0.37722108,10.3499365,0.7048923,5003,0,0,1,1
5083,37218242,-1.3086305,0.33232114,0.045254886,8007,0,0.40293697,10.240793,0.3666014,8007,0,0,1,1
5084,37228247,-1.369476,0.3700022,-0.13740608,5003,0,0.68583405,9.774143,-0.20537603,5003,0,0,1,1
5085,37236253,-1.3306298,0.3462401,-0.19431481,8006,0,0.8444792,9.40585,-0.660729,8006,0,0,1,1
5086,37244258,-1.2216482,0.30104014,-0.21179949,8005,0,1.0432668,8.898435,-1.0252807,8005,0,0,1,1
5087,37249261,-1.0810016,0.2764451,-0.19835275,5003,0,1.2024969,8.612709,-1.0761472,5003,0,0,1,1
5088,37254265,-0.95668757,0.26484537,-0.18552771,5004,0,1.2252483,8.619652,-1.0196376,5004,0,0,1,1
5089,37262270,-0.7838823,0.2363911,-0.15920918,8005,0,1.3948561,8.816833,-0.6115408,8005,0,0,1,1
5090,37267273,-0.6227733,0.2276433,-0.11104363,5003,0,1.5537219,9.157383,-0.1105842,5003,0,0,1,1
5091,37272277,-0.54192495,0.24963035,-0.09154972,5004,0,1.6796635,9.4241,0.34863853,5004,0,0,1,1
5092,37280157,-0.4913201,0.29457936,-0.09298254,7880,0,1.5766735,9.976805,0.7518266,7880,0,0,1,1
5093,37290289,-0.5286273,0.30270052,-0.110305265,5004,0,1.0832279,10.613445,1.3370204,5004,0,0,1,1
5094,37298169,-0.58053756,0.27732882,-0.11649882,7880,0,0.74511135,10.608973,1.5788565,7880,0,0,1,1
5095,37308301,-0.6574384,0.19740479,-0.14408498,5126,0,0.18131787,10.36587,1.6329978,5126,0,0,1,1
5096,37316307,-0.673599,0.122144565,-0.18764776,8006,0,-0.12975371,10.181746,1.5624162,8006,0,0,1,1
5097,37324312,-0.6694639,0.023717178,-0.25381362,8005,0,-0.20696118,9.948004,1.3794035,8005,0,0,1,1
5098,37329190,-0.64422446,-0.02516747,-0.2976377,4878,0,-0.053706758,9.674998,1.276893,4878,0,0,1,1
5099,37334320,-0.6085384,-0.04568257,-0.32708448,5130,0,0.2297915,9.596248,1.2697179,5130,0,0,1,1
5100,37342324,-0.55896103,-0.055488307,-0.34172848,8004,0,0.58421123,9.62885,1.3101269,8004,0,0,1,1
5101,37347327,-0.5158162,-0.058399517,-0.35278246,5003,0,0.8538989,9.841404,1.2495847,5003,0,0,1,1
5102,37352331,-0.50121117,-0.06035737,-0.35416088,5004,0,1.0832385,10.010317,1.2047222,5004,0,0,1,1
5103,37360336,-0.4949123,-0.058366027,-0.34156197,8005,0,1.2163898,10.15646,1.2399466,8005,0,0,1,1
5104,37365339,-0.48921448,-0.047796033,-0.32901734,5003,0,1.3437562,10.296784,1.2720835,5003,0,0,1,1
5105,37370343,-0.49419492,-0.041135825,-0.31035364,5004,0,1.3514194,10.328388,1.2756841,5004,0,0,1,1
5106,37378348,-0.5004341,-0.031868424,-0.2853672,8005,0,1.2844781,10.297117,1.2511721,8005,0,0,1,1
5107,37388355,-0.5084697,-0.007522136,-0.253522,5003,0,1.0655504,10.021447,1.1727295,5003,0,0,1,1
5108,37396360,-0.49015728,-0.01132065,-0.24296379,8005,0,0.7183876,9.877832,1.0627369,8005,0,0,1,1
5109,37406367,-0.42410773,-0.09683472,-0.21333103,5128,0,0.2396068,9.665079,1.0608251,5128,0,0,1,1
5110,37414372,-0.35735056,-0.12967144,-0.21384718,8005,0,0.37601942,9.668784,1.0919492,8005,0,0,1,1
5111,37422378,-0.30346084,-0.11831848,-0.24060546,8006,0,0.5148818,9.854485,1.3560642,8006,0,0,1,1
5112,37427381,-0.3082756,-0.11001794,-0.26010534,5003,0,0.18753651,10.052819,1.5135698,5003,0,0,1,1
5113,37432385,-0.3324272,-0.13584955,-0.27212417,5004,0,-0.04081303,10.164873,1.5062397,5004,0,0,1,1
5114,37440265,-0.3576444,-0.18993975,-0.29356453,7880,0,-0.0290264,10.084862,1.4479514,7880,0,0,1,1
5115,37445393,-0.3772575,-0.21831475,-0.32519326,5128,0,0.41084233,9.918518,1.3481809,5128,0,0,1,1
5116,37450397,-0.36242905,-0.2127187,-0.3448742,5004,0,0.67313755,9.837588,1.4734331,5004,0,0,1,1
5117,37458402,-0.3327727,-0.19809489,-0.3522611,8005,0,0.78438556,9.87813,1.3425921,8005,0,0,1,1
5118,37468409,-0.30062097,-0.22627272,-0.3199117,5129,0,0.65173435,9.905403,1.019101,5129,0,0,1,1
5119,37476414,-0.2930087,-0.26038706,-0.28461108,8005,0,0.61603767,9.844017,0.83397305,8005,0,0,1,1
5120,37486421,-0.2266278,-0.28983563,-0.23969524,5003,0,0.70044744,9.595043,0.7135198,5003,0,0,1,1
5121,37494426,-0.16562349,-0.2711544,-0.24411505,8005,0,0.75341517,9.5888815,0.82199544,8005,0,0,1,1
5122,37502432,-0.11096863,-0.2557175,-0.23135215,8006,0,0.5503526,9.716825,1.0871673,8006,0,0,1,1
5123,37507435,-0.10504409,-0.274141,-0.22480316,5003,0,0.45646715,9.957778,1.1061673,5003,0,0,1,1
5124,37512438,-0.10607779,-0.29416585,-0.23376796,5003,0,0.5237062,10.050385,1.2939188,5003,0,0,1,1
5125,37520444,-0.12142719,-0.28433776,-0.23839599,8006,0,0.8860965,10.240774,1.6332301,8006,0,0,1,1
5126,37525447,-0.15477744,-0.24661042,-0.21406722,5003,0,1.0401775,10.3916025,1.8186876,5003,0,0,1,1
5127,37530450,-0.20375016,-0.22708258,-0.18331632,5003,0,0.84529805,10.504841,1.882838,5003,0,0,1,1
5128,37538331,-0.27605033,-0.22245595,-0.15078259,7881,0,0.6272802,10.611969,1.9180934,7881,0,0,1,1
5129,37543459,-0.3621766,-0.22424875,-0.12906049,5128,0,0.56910807,10.53435,1.8065889,5128,0,0,1,1
5130,37548463,-0.4244307,-0.22422287,-0.12379307,5004,0,0.6025175,10.348493,1.5967273,5004,0,0,1,1
5131,37556468,-0.47780108,-0.22108959,-0.12802689,8005,0,0.4970795,9.995583,1.2963513,8005,0,0,1,1
5132,37566475,-0.46695527,-0.2692393,-0.1193251,5004,0,0.018090129,9.448528,0.5555069,5004,0,0,1,1
5133,37574480,-0.40634376,-0.37402296,-0.090109505,8005,0,-0.31067112,9.23513,0.3874553,8005,0,0,1,1
5134,37582485,-0.30042684,-0.5360886,-0.012553293,8005,0,-0.29973298,8.894047,0.32375133,8005,0,0,1,1
5135,37587489,-0.17292055,-0.58514583,0.0048783403,5004,0,0.39493623,8.720931,0.54114234,5004,0,0,1,1
5136,37592492,-0.022258684,-0.5267875,-0.031038878,5003,0,1.2916635,8.810669,1.0869296,5003,0,0,1,1
5137,37600498,0.10163697,-0.3988217,-0.050760645,8006,0,1.562031,9.267932,1.5322069,8006,0,0,1,1
5138,37605501,0.12006668,-0.31897196,-0.060256545,5003,0,0.90102637,9.862521,1.9139961,5003,0,0,1,1
5139,37610379,0.079756536,-0.32252923,-0.073583536,4878,0,0.6291284,10.383378,2.0569298,4878,0,0,1,1
5140,37618510,0.019747641,-0.3047945,-0.13697036,8131,0,0.86803216,10.852756,2.7319844,8131,0,0,1,1
5141,37623513,-0.101339534,-0.22167882,-0.19273515,5003,0,0.94227636,11.185755,3.1534321,5003,0,0,1,1
5142,37628516,-0.23717885,-0.16012993,-0.21729888,5003,0,0.7538461,11.363171,3.1345413,5003,0,0,1,1
5143,37636522,-0.4312679,-0.124180056,-0.26666793,8006,0,0.4433627,11.35071,2.7535295,8006,0,0,1,1
5144,37644527,-0.6307246,-0.121487305,-0.31800434,8005,0,0.3893812,10.994647,2.3375127,8005,0,0,1,1
5145,37654534,-0.76810324,-0.16806877,-0.30990243,5004,0,0.14739545,9.997713,1.37725,5004,0,0,1,1
5146,37662539,-0.744521,-0.26464295,-0.28573957,8005,0,-0.29612184,9.462754,0.8154501,8005,0,0,1,1
5147,37672546,-0.5807005,-0.5652813,-0.20183,5003,0,-1.0961827,8.7905855,0.12836653,5003,0,0,1,1
5148,37680551,-0.4672742,-0.7883785,-0.11481944,8005,0,-1.6783315,8.3510895,-0.1435937,8005,0,0,1,1
5149,37685555,-0.3404465,-1.010001,-0.044526584,5004,0,-2.2144997,7.891817,-0.5815045,5004,0,0,1,1
5150,37690558,-0.20849715,-1.1716017,-0.032808203,5003,0,-2.2927885,7.548473,-0.6281758,5003,0,0,1,1
5151,37698563,0.04108237,-1.3824368,-0.07230771,8005,0,-1.771897,7.172384,0.17644078,8005,0,0,1,1
5152,37706569,0.4176099,-1.5218375,-0.1381532,8006,0,-0.8621119,7.1496353,1.642866,8006,0,0,1,1
5153,37711572,0.70885813,-1.5226271,-0.20969105,5003,0,-0.030052096,7.6358395,2.6944604,5003,0,0,1,1
5154,37716575,0.86888146,-1.4989429,-0.26367798,5003,0,0.16533569,8.302868,3.2963657,5003,0,0,1,1
5155,37724581,0.94297457,-1.4769042,-0.33653763,8006,0,0.0338047,9.375746,3.7025197,8006,0,0,1,1
5156,37734588,0.7929557,-1.4343202,-0.3988398,5004,0,0.38296428,10.8132105,3.8061066,5004,0,0,1,1
5157,37742593,0.55519664,-1.3788084,-0.43153355,8005,0,0.6791907,11.154988,3.1674232,8005,0,0,1,1
5158,37752600,0.117366076,-1.2061051,-0.5493123,5004,0,0.50961417,10.785207,1.758581,5004,0,0,1,1
5159,37760605,-0.06560106,-1.086422,-0.68611604,8005,0,-0.1650848,9.954119,0.65618044,8005,0,0,1,1
5160,37770612,-0.13054484,-0.99718183,-0.95615715,5004,0,-0.7102262,8.341436,-1.1963379,5004,0,0,1,1
5161,37778617,0.01718166,-1.040857,-1.0805187,8005,0,-0.6011295,7.4480143,-1.8912321,8005,0,0,1,1
5162,37786623,0.37808278,-1.1501509,-1.1232737,8006,0,0.121340334,7.070639,-1.6038994,8006,0,0,1,1
5163,37791626,0.76743007,-1.3385856,-0.95685035,5003,0,0.5543908,7.486956,-0.40050438,5003,0,0,1,1
5164,37796629,1.056658,-1.5668718,-0.7058106,5003,0,0.68775403,8.230074,0.6569738,5003,0,0,1,1
5165,37804635,1.3191756,-1.9289327,-0.3523948,8006,0,0.57100904,9.229916,1.7060648,8006,0,0,1,1
5166,37809638,1.4193748,-2.2391207,-0.06724534,5003,0,0.52828383,10.312122,2.6126347,5003,0,0,1,1
5167,37814642,1.4098785,-2.4260693,0.101955354,5004,0,0.6393932,11.24467,3.2087686,5004,0,0,1,1
5168,37822647,1.2750106,-2.5762131,0.2535473,8005,0,0.91831523,11.965441,3.60213,8005,0,0,1,1
5169,37832654,0.7765564,-2.5608175,0.31072485,5004,0,1.0265328,12.184381,3.1093965,5004,0,0,1,1
5170,37840659,0.4834427,-2.4018464,0.2649226,8005,0,1.0845547,11.862914,2.5151563,8005,0,0,1,1
5171,37850541,0.076710716,-2.0414684,0.060168058,4879,0,0.05807804,10.291415,0.8688673,4879,0,0,1,1
5172,37858671,0.019774426,-1.8617274,-0.20633297,8130,0,-0.8215013,9.218125,-0.22435792,8130,0,0,1,1
5173,37866676,0.15480907,-1.6721452,-0.6309504,8005,0,-1.1914822,7.95521,-1.486266,8005,0,0,1,1
5174,37871680,0.352306,-1.5176396,-0.9714966,5004,0,-1.0391908,7.2223926,-2.1858552,5004,0,0,1,1
5175,37876683,0.5887822,-1.4022871,-1.1747388,5003,0,-0.66715646,6.964307,-2.3850594,5003,0,0,1,1
5176,37884689,0.9497318,-1.2609426,-1.3228283,8006,0,0.20990953,7.0722656,-2.2448041,8006,0,0,1,1
5177,37889692,1.2714026,-1.1976788,-1.2702538,5003,0,1.1699275,8.092642,-1.5241289,5003,0,0,1,1
5178,37894695,1.4467313,-1.2500818,-1.116686,5003,0,1.241536,9.278488,-0.7575068,5003,0,0,1,1
5179,37902701,1.5585417,-1.4389948,-0.85279846,8006,0,0.88807935,10.576923,0.33566982,8006,0,0,1,1
5180,37907704,1.5831672,-1.7201352,-0.57716,5003,0,0.2608451,10.874527,1.3861006,5003,0,0,1,1
5181,37912708,1.5796007,-1.9683326,-0.40893945,5004,0,-0.18517923,11.592765,1.5809283,5004,0,0,1,1
5182,37920713,1.468759,-2.2782638,-0.24225274,8005,0,-0.2044309,11.80728,1.9834434,8005,0,0,1,1
5183,37930720,1.1920748,-2.7515848,0.008110384,5002,0,-0.28129038,11.568766,2.8993256,5002,0,0,1,1
5184,37938725,1.0491595,-2.936831,0.15756865,8005,0,-0.25208583,11.695417,0.6392137,8005,0,0,1,1
5185,37948732,0.5842409,-3.150434,0.37108144,5003,0,-0.34039527,11.504172,-0.44886437,5003,0,0,1,1
5186,37956618,0.36475843,-3.2529552,0.40774786,7886,0,-1.1178852,10.750449,0.13990092,7886,0,0,1,1
5187,37964743,0.23478545,-3.3396266,0.32601592,8125,0,-1.1604033,10.207355,-1.1824212,8125,0,0,1,1
5188,37969746,0.20554249,-3.2448637,0.13189773,5003,0,-0.31757092,9.320128,-1.4441568,5003,0,0,1,1
5189,37974749,0.24877639,-3.0926416,-0.047662456,5003,0,0.16582718,9.006809,-1.7654573,5003,0,0,1,1
5190,37982630,0.37524894,-2.8724,-0.25697395,7881,0,0.1925616,8.893615,-1.60872,7881,0,0,1,1
5191,37987758,0.4800067,-2.691964,-0.42870876,5128,0,0.3096682,8.845081,-1.6173987,5128,0,0,1,1
5192,37992761,0.5508788,-2.5746036,-0.54243207,5003,0,0.4744208,8.927567,-1.5352294,5003,0,0,1,1
5193,38000767,0.626588,-2.4871438,-0.5999027,8006,0,0.21829788,9.124314,-1.1978984,8006,0,0,1,1
5194,38005770,0.72568834,-2.5001218,-0.59332407,5003,0,-0.27047148,9.518466,-0.7683759,5003,0,0,1,1
5195,38010773,0.7798166,-2.5957053,-0.5735471,5003,0,-0.5500121,9.880635,-0.6179972,5003,0,0,1,1
5196,38018779,0.79547226,-2.7766469,-0.54699004,8006,0,-0.6849019,10.046162,-0.5227806,8006,0,0,1,1
5197,38028786,0.7956487,-3.1516318,-0.4245029,5004,0,-0.75228137,9.969351,-0.09746578,5004,0,0,1,1
5198,38036791,0.81101674,-3.4009504,-0.3154209,8005,0,-0.85807323,10.343095,-0.20976381,8005,0,0,1,1
5199,38044674,0.7879745,-3.72748,-0.21528514,7883,0,-0.97115296,10.270574,-0.04503733,7883,0,0,1,1
5200,38049800,0.7646388,-3.9639013,-0.18415563,5126,0,-0.81712705,10.348962,-0.38256937,5126,0,0,1,1
5201,38054803,0.7041253,-4.0799294,-0.1427674,5003,0,-0.20100518,10.664049,-0.78597575,5003,0,0,1,1
5202,38062684,0.5847565,-4.1644006,-0.07771474,7881,0,0.14965749,10.5931835,-0.30234846,7881,0,0,1,1
5203,38067812,0.50411826,-4.184373,-0.06712452,5128,0,0.18757118,10.443965,-0.49094936,5128,0,0,1,1
5204,38072690,0.47417134,-4.113664,-0.09043018,4878,0,0.97091913,10.642235,-1.1827846,4878,0,0,1,1
5205,38080821,0.3799923,-3.896595,-0.08224415,8131,0,1.7589322,10.170497,-0.95353353,8131,0,0,1,1
5206,38085824,0.29280603,-3.6013262,-0.023019131,5003,0,1.7524402,10.406205,-1.3083881,5003,0,0,1,1
5207,38090828,0.19918802,-3.3846574,-0.012273714,5004,0,1.0734519,10.077261,-0.71631557,5004,0,0,1,1
5208,38098833,0.1511962,-3.1571813,-0.11185299,8005,0,-0.22001876,10.081579,-0.64717513,8005,0,0,1,1
5209,38108840,0.08016983,-2.964072,-0.3939088,5004,0,-1.2987167,10.166541,-0.49339566,5004,0,0,1,1
5210,38116845,-0.013358644,-2.8845308,-0.5044827,8005,0,-1.0161937,10.312077,-0.68799424,8005,0,0,1,1
5211,38126852,-0.20245868,-2.4760072,-0.7811435,5004,0,-0.46515396,9.192816,-0.3370527,5004,0,0,1,1
5212,38134857,-0.16195738,-2.2187047,-0.8954165,8005,0,-0.6030587,9.3159485,0.21000627,8005,0,0,1,1
5213,38142862,-0.11990147,-1.9813527,-0.9672798,8005,0,-0.63732344,9.644391,0.5686749,8005,0,0,1,1
5214,38147866,-0.16008678,-1.8067588,-1.006069,5004,0,-0.50935364,9.771503,0.34241667,5004,0,0,1,1
5215,38152869,-0.21808168,-1.700756,-0.9958214,5003,0,-0.15352648,10.0645685,0.4801058,5003,0,0,1,1
5216,38160875,-0.30902725,-1.5678415,-1.0042675,8006,0,-0.5689757,9.964069,0.19639237,8006,0,0,1,1
5217,38165878,-0.3188411,-1.5213099,-0.98122334,5003,0,-0.9503825,9.89001,0.35367417,5003,0,0,1,1
5218,38170756,-0.33461997,-1.5228432,-0.95601565,4878,0,-1.0515003,9.865689,0.199111,4878,0,0,1,1
5219,38178762,-0.38198847,-1.5923785,-0.9445392,8006,0,-1.3986397,9.924632,0.008354843,8006,0,0,1,1
5220,38183765,-0.45762566,-1.703152,-0.94180435,5003,0,-1.787868,9.942446,0.0074736923,5003,0,0,1,1
5221,38188770,-0.50834763,-1.7869673,-0.9199235,5005,0,-1.9006135,9.854155,0.21783663,5005,0,0,1,1
5222,38196899,-0.5576276,-1.8583069,-0.8654682,8129,0,-1.846782,9.844817,0.20232722,8129,0,0,1,1
5223,38204904,-0.59447104,-1.8912579,-0.77909404,8005,0,-1.5060449,9.888617,-0.19704928,8005,0,0,1,1
5224,38214912,-0.63762486,-1.7971193,-0.6519328,5004,0,-1.0509102,9.503819,-1.3802724,5004,0,0,1,1
5225,38222916,-0.64274323,-1.6795126,-0.640086,8004,0,-1.0963969,9.534234,-1.9897667,8004,0,0,1,1
5226,38232923,-0.65745497,-1.5595664,-0.62375695,5003,0,-1.7866609,9.115885,-2.0057545,5003,0,0,1,1
5227,38240929,-0.5511669,-1.5256941,-0.66307455,8006,0,-2.298892,8.777537,-1.8979421,8006,0,0,1,1
5228,38245932,-0.39957124,-1.5130277,-0.67309004,5003,0,-2.0566978,8.65172,-1.8013321,5003,0,0,1,1
5229,38250935,-0.28082246,-1.5121241,-0.6427677,5003,0,-2.0797167,8.562185,-1.403887,5003,0,0,1,1
5230,38258822,-0.13899122,-1.5351654,-0.59226936,7887,0,-2.5036175,8.65306,-0.66471785,7887,0,0,1,1
5231,38266946,0.0009521805,-1.595908,-0.56026506,8124,0,-2.7866983,9.251701,-0.10230554,8124,0,0,1,1
5232,38276953,-0.0067060217,-1.5831312,-0.54471827,5004,0,-2.3808973,10.0291195,0.8315453,5004,0,0,1,1
5233,38284958,-0.070881516,-1.5134038,-0.52880776,8005,0,-2.3419728,10.200302,1.344244,8005,0,0,1,1
5234,38294965,-0.24295813,-1.2947935,-0.48750672,5004,0,-1.9894458,10.480663,1.5632198,5004,0,0,1,1
5235,38302970,-0.3641243,-1.0957346,-0.48055726,8005,0,-1.8155239,10.417253,1.1024172,8005,0,0,1,1
5236,38312977,-0.4869027,-0.6989909,-0.49069184,5003,0,-1.8951181,10.008752,0.41542402,5003,0,0,1,1
5237,38320982,-0.47341913,-0.5448576,-0.46781072,8005,0,-2.1482015,9.803465,0.04719354,8005,0,0,1,1
5238,38325986,-0.4261046,-0.46887264,-0.4278375,5004,0,-2.457035,9.554831,-0.36434823,5004,0,0,1,1
5239,38330989,-0.38475356,-0.45288178,-0.4092632,5003,0,-2.5303006,9.426013,-0.76443434,5003,0,0,1,1
5240,38338994,-0.31215727,-0.45576647,-0.38857582,8005,0,-2.4516797,9.302476,-1.1678749,8005,0,0,1,1
5241,38347000,-0.2043118,-0.44822252,-0.3657262,8006,0,-2.3301184,9.210075,-1.1707294,8006,0,0,1,1
5242,38352003,-0.10800606,-0.40947476,-0.3485161,5003,0,-2.1776292,9.266568,-0.92745876,5003,0,0,1,1
5243,38357006,-0.043884568,-0.36918372,-0.32581756,5003,0,-2.068944,9.446832,-0.7084192,5003,0,0,1,1
5244,38365012,0.005689211,-0.30555734,-0.29058844,8006,0,-1.9720948,9.718608,-0.25600153,8006,0,0,1,1
5245,38374894,-0.0142010385,-0.20129254,-0.2355254,4879,0,-2.055285,10.368915,0.6509129,4879,0,0,1,1
5246,38383024,-0.07264488,-0.15059169,-0.20684928,8130,0,-2.1215508,10.548808,1.0433118,8130,0,0,1,1
5247,38393031,-0.19823824,-0.09376666,-0.17603602,5004,0,-2.3880858,10.4198475,0.96778286,5004,0,0,1,1
5248,38401036,-0.23708113,-0.072319366,-0.15543152,8005,0,-2.5663018,10.131757,0.6804387,8005,0,0,1,1
5249,38411043,-0.20707409,-0.054905772,-0.09237175,5004,0,-2.8429804,9.709968,0.1142436,5004,0,0,1,1
5250,38419048,-0.15827677,-0.071730375,-0.04007309,8005,0,-3.0341794,9.608033,-0.17838047,8005,0,0,1,1
5251,38427054,-0.09946545,-0.11957237,0.0009295283,8006,0,-3.1732302,9.623151,-0.3406775,8006,0,0,1,1
5252,38432057,-0.05295612,-0.16951895,0.00839035,5003,0,-3.1192646,9.645084,-0.4974708,5003,0,0,1,1
5253,38437060,-0.025713628,-0.19875483,0.006105553,5003,0,-2.991425,9.579333,-0.6366243,5003,0,0,1,1
5254,38445066,0.018283717,-0.21326753,0.00040673043,8006,0,-2.8146968,9.519896,-0.6432455,8006,0,0,1,1
5255,38450069,0.06811188,-0.19203353,-0.009034594,5003,0,-2.5350773,9.410453,-0.70049214,5003,0,0,1,1
5256,38455072,0.12405449,-0.14804813,-0.03370673,5003,0,-2.305012,9.3939295,-0.5791139,5003,0,0,1,1
5257,38462953,0.18962604,-0.076543964,-0.0519085,7881,0,-2.1553154,9.483612,-0.28426626,7881,0,0,1,1
5258,38473084,0.24654812,0.039783314,-0.045331754,5003,0,-2.1979723,9.806447,0.27465189,5003,0,0,1,1
5259,38481090,0.24603122,0.08737466,-0.052421615,8006,0,-2.2510886,9.971686,0.5209848,8006,0,0,1,1
5260,38489095,0.23311964,0.11243714,-0.05080045,8005,0,-2.4132178,10.087171,0.71187574,8005,0,0,1,1
5261,38494099,0.21622935,0.08937393,-0.036500033,5004,0,-2.514491,10.1739645,0.7266851,5004,0,0,1,1
5262,38499102,0.20107557,0.049044862,-0.013102622,5003,0,-2.553766,10.150976,0.7975624,5003,0,0,1,1
5263,38507108,0.17848407,-0.015490032,0.024448598,8006,0,-2.5604596,10.14179,0.7506276,8006,0,0,1,1
5264,38512111,0.15263456,-0.05881456,0.046793625,5003,0,-2.3682694,10.108872,0.68524116,5003,0,0,1,1
5265,38517114,0.13355058,-0.061919786,0.050347187,5003,0,-2.193202,10.124404,0.4626173,5003,0,0,1,1
5266,38525120,0.1231905,-0.042791374,0.044285204,8006,0,-2.0217712,10.000085,0.23677683,8006,0,0,1,1
5267,38530123,0.13384375,-0.017370284,0.038854778,5003,0,-2.0038133,9.850263,-0.03371921,5003,0,0,1,1
5268,38535126,0.15168627,-0.006559313,0.052342758,5003,0,-2.0607939,9.692968,-0.21686393,5003,0,0,1,1
5269,38543132,0.19070044,-0.01629637,0.070504956,8006,0,-2.251159,9.585293,-0.28710654,8006,0,0,1,1
5270,38548135,0.23939061,-0.04591476,0.08156306,5003,0,-2.3691998,9.576465,-0.47323084,5003,0,0,1,1
5271,38553138,0.27207345,-0.08065133,0.0914008,5003,0,-2.4256625,9.590494,-0.49052867,5003,0,0,1,1
5272,38561144,0.32329845,-0.14154264,0.09929808,8006,0,-2.6197197,9.549679,-0.371953,8006,0,0,1,1
5273,38571151,0.40064633,-0.22057542,0.086218126,5004,0,-2.4929464,9.6553755,-0.006894931,5004,0,0,1,1
5274,38579156,0.42722264,-0.21488592,0.08474397,8005,0,-2.1856322,9.692693,0.029336913,8005,0,0,1,1
5275,38587161,0.4457584,-0.14880747,0.07417145,8005,0,-1.9477041,9.69228,-0.01775573,8005,0,0,1,1
5276,38592165,0.4574028,-0.06824389,0.059676666,5004,0,-1.7936028,9.754977,-0.085665554,5004,0,0,1,1
5277,38597168,0.46771607,-0.004564315,0.05459558,5003,0,-1.7864203,9.752824,-0.14336774,5003,0,0,1,1
5278,38605173,0.4850616,0.06944873,0.04299606,8005,0,-1.8935217,9.795379,-0.19911598,8005,0,0,1,1
5279,38610177,0.5050474,0.12675904,0.0400709,5004,0,-2.0627134,9.798072,-0.27049613,5004,0,0,1,1
5280,38615180,0.52441573,0.14625408,0.041438665,5003,0,-2.1620638,9.816273,-0.35237056,5003,0,0,1,1
5281,38623186,0.553245,0.14838128,0.03263799,8006,0,-2.2731624,9.800171,-0.53655195,8006,0,0,1,1
5282,38628189,0.5894439,0.13433068,0.021958187,5003,0,-2.3011706,9.764316,-0.7455109,5003,0,0,1,1
5283,38633192,0.62961507,0.11871823,0.014666837,5003,0,-2.3150625,9.696085,-0.83505297,5003,0,0,1,1
5284,38641198,0.69556844,0.09680651,0.01012366,8006,0,-2.2666883,9.660819,-0.96226674,8006,0,0,1,1
5285,38646201,0.7622185,0.07625079,0.012755875,5003,0,-2.2741153,9.713324,-1.0253885,5003,0,0,1,1
5286,38651204,0.80534077,0.062779605,0.020021383,5003,0,-2.3732355,9.741692,-0.93076456,5003,0,0,1,1
5287,38659210,0.85472834,0.045213938,0.028091684,8006,0,-2.343113,9.792236,-0.8240253,8006,0,0,1,1
5288,38669217,0.91877675,0.059857607,0.018040333,5004,0,-2.337567,9.861525,-0.8278745,5004,0,0,1,1
5289,38677222,0.95305735,0.09044031,0.01232323,8005,0,-2.2954588,9.890867,-0.82696015,8005,0,0,1,1
5290,38685227,0.9956926,0.13389628,-0.003427075,8005,0,-2.3303173,9.890065,-0.90378374,8005,0,0,1,1
5291,38690231,1.0327615,0.16327183,-0.014312309,5004,0,-2.4378204,9.857633,-0.9398215,5004,0,0,1,1
5292,38695109,1.0617064,0.17730351,-0.019607933,4878,0,-2.5729306,9.788651,-0.999409,4878,0,0,1,1
5293,38703114,1.0977803,0.19628853,-0.036221024,8005,0,-2.8140554,9.756582,-1.1390945,8005,0,0,1,1
5294,38708243,1.1399554,0.2236219,-0.08503631,5129,0,-2.9464843,9.7881775,-1.2308947,5129,0,0,1,1
5295,38713246,1.17881,0.23988333,-0.15262881,5003,0,-3.018561,9.891955,-1.3531153,5003,0,0,1,1
5296,38721252,1.2184974,0.24136843,-0.23959406,8006,0,-3.0816514,9.8516445,-1.3748213,8006,0,0,1,1
5297,38726255,1.2604815,0.21885453,-0.30313778,5003,0,-3.0735416,9.783946,-1.4304857,5003,0,0,1,1
5298,38731258,1.2953922,0.18930678,-0.33779263,5003,0,-3.1195133,9.775332,-1.4709456,5003,0,0,1,1
5299,38739264,1.3432432,0.13961269,-0.38317016,8006,0,-3.048295,9.717814,-1.5507908,8006,0,0,1,1
5300,38744267,1.3883458,0.09351458,-0.42276436,5003,0,-2.9813592,9.7027855,-1.446761,5003,0,0,1,1
5301,38749270,1.4170903,0.06652239,-0.43520504,5003,0,-2.8654957,9.679322,-1.4134922,5003,0,0,1,1
5302,38757276,1.4456538,0.0486487,-0.427138,8006,0,-2.7051601,9.75498,-1.330978,8006,0,0,1,1
5303,38765281,1.4645331,0.062222343,-0.4241553,8005,0,-2.4715824,9.858677,-1.2958088,8005,0,0,1,1
5304,38775288,1.4581648,0.13258372,-0.4319852,5004,0,-2.3325355,10.023117,-1.3189127,5004,0,0,1,1
5305,38783168,1.4441,0.15470892,-0.419583,7880,0,-2.367308,10.130127,-1.4272776,7880,0,0,1,1
5306,38788175,1.419332,0.13386697,-0.3775654,5007,0,-2.5336504,10.062384,-1.3739911,5007,0,0,1,1
5307,38793300,1.3990263,0.09271373,-0.33444804,5125,0,-2.651619,10.060152,-1.4848236,5125,0,0,1,1
5308,38801306,1.3828338,0.02661407,-0.29345024,8006,0,-2.7716014,9.976589,-1.5564823,8006,0,0,1,1
5309,38806309,1.374048,-0.031940706,-0.2695072,5003,0,-2.712015,9.851224,-1.7625723,5003,0,0,1,1
5310,38811312,1.3723177,-0.06285175,-0.24701555,5003,0,-2.6150563,9.808849,-1.9296757,5003,0,0,1,1
5311,38819318,1.3789887,-0.09090285,-0.2220153,8006,0,-2.4688866,9.692729,-2.08865,8006,0,0,1,1
5312,38824321,1.4015563,-0.09869517,-0.19516675,5003,0,-2.3947818,9.61516,-2.294557,5003,0,0,1,1
5313,38829324,1.419192,-0.087082356,-0.17320475,5003,0,-2.3114734,9.531602,-2.4360385,5003,0,0,1,1
5314,38837330,1.4465067,-0.046495914,-0.1622061,8006,0,-2.1996891,9.533516,-2.6349201,8006,0,0,1,1
5315,38845335,1.4868726,0.019574983,-0.14569964,8005,0,-2.1257718,9.453153,-2.7752814,8005,0,0,1,1
5316,38855342,1.5259787,0.11546694,-0.13426076,5003,0,-2.2492752,9.512926,-2.932607,5003,0,0,1,1
5317,38863222,1.5411963,0.14727038,-0.13296844,7880,0,-2.205135,9.53506,-3.0233889,7880,0,0,1,1
5318,38873354,1.5615608,0.23222478,-0.11856724,5003,0,-2.0765882,9.460489,-3.312338,5003,0,0,1,1
5319,38881359,1.5762707,0.29307657,-0.10298767,8005,0,-1.9837626,9.447032,-3.4857543,8005,0,0,1,1
5320,38886363,1.6028924,0.3578536,-0.078924365,5004,0,-1.9868032,9.236162,-3.6013076,5004,0,0,1,1
5321,38891366,1.6210275,0.40754133,-0.07294329,5003,0,-2.0797076,9.247651,-3.815829,5003,0,0,1,1
5322,38899372,1.6552955,0.45739645,-0.0507053,8006,0,-2.156665,9.287903,-3.907419,8006,0,0,1,1
5323,38907377,1.6989264,0.4870015,0.034861054,8005,0,-2.3972187,9.212095,-3.8748176,8005,0,0,1,1
5324,38917384,1.7453107,0.48262414,0.15936528,5004,0,-2.8221536,9.288349,-3.7602832,5004,0,0,1,1
5325,38925389,1.7756208,0.44807783,0.19577804,8005,0,-3.0378077,9.266114,-3.7817442,8005,0,0,1,1
5326,38935396,1.8059887,0.39154765,0.24191844,5004,0,-3.0285332,9.15308,-4.2379193,5004,0,0,1,1
5327,38943401,1.8404976,0.37677053,0.19955847,8005,0,-2.9876742,9.141169,-4.5549154,8005,0,0,1,1
5328,38953408,1.9041965,0.35932577,0.046289776,5003,0,-2.9586184,9.07383,-4.8518047,5003,0,0,1,1
5329,38961413,1.9245229,0.35488543,-0.031290248,8005,0,-2.899624,9.056209,-4.9942346,8005,0,0,1,1
5330,38971420,1.9507402,0.3521309,-0.13140225,5003,0,-2.7706742,8.841584,-5.051239,5003,0,0,1,1
5331,38979425,1.9711653,0.36108133,-0.1722713,8005,0,-2.7885704,8.777143,-5.131401,8005,0,0,1,1
5332,38987431,2.0387123,0.39340705,-0.24688138,8006,0,-2.6002753,8.674004,-5.1406107,8006,0,0,1,1
5333,38992434,2.0681725,0.4438591,-0.28456515,5003,0,-2.4692435,8.601929,-5.3553033,5003,0,0,1,1
5334,38997438,2.0926266,0.48658013,-0.27719885,5004,0,-2.5094688,8.515027,-5.5078278,5004,0,0,1,1
5335,39005443,2.1037908,0.5282974,-0.25020134,8005,0,-2.5823128,8.542822,-5.636679,8005,0,0,1,1
5336,39015450,2.1589496,0.5553022,-0.20490384,5004,0,-2.691909,8.467618,-5.7472396,5004,0,0,1,1
5337,39023455,2.1843677,0.5495894,-0.15210712,8005,0,-2.7668884,8.394284,-5.842942,8005,0,0,1,1
5338,39033462,2.239357,0.5070039,0.011025133,5004,0,-2.712734,8.27824,-5.960797,5004,0,0,1,1
5339,39041467,2.2663565,0.4901392,0.11221906,8005,0,-2.6483037,8.134545,-6.1880774,8005,0,0,1,1
5340,39051474,2.346898,0.4811579,0.24142529,5003,0,-2.6998029,7.7100835,-6.4298186,5003,0,0,1,1
5341,39059479,2.4098675,0.4462858,0.32604632,8005,0,-2.6990237,7.6018443,-6.3803473,8005,0,0,1,1
5342,39069486,2.5362628,0.33772808,0.42619544,5003,0,-2.7553554,7.5441723,-6.58784,5003,0,0,1,1
5343,39077491,2.5813713,0.26916882,0.40285006,8005,0,-2.6736352,7.607344,-6.6663976,8005,0,0,1,1
5344,39085497,2.6145928,0.18660487,0.3113118,8006,0,-2.6192667,7.705242,-6.6796227,8006,0,0,1,1
5345,39090500,2.5967467,0.14731957,0.24220903,5003,0,-2.4797792,7.7483997,-6.5468864,5003,0,0,1,1
5346,39095504,2.5670028,0.13815548,0.2075303,5004,0,-2.3332527,7.777361,-6.508833,5004,0,0,1,1
5347,39103509,2.5234222,0.1828841,0.13392584,8005,0,-2.2056887,7.539964,-6.5820208,8005,0,0,1,1
5348,39113516,2.4799557,0.36210972,-0.022357434,5004,0,-1.9391676,7.0038238,-6.8737006,5004,0,0,1,1
5349,39121521,2.4772058,0.50035036,-0.13379306,8005,0,-1.9372296,6.8713174,-7.0516224,8005,0,0,1,1
5350,39131528,2.4646661,0.72137773,-0.25739035,5003,0,-1.9652777,6.6492147,-7.334832,5003,0,0,1,1
5351,39139533,2.4275467,0.8266592,-0.29053944,8005,0,-2.0859659,6.4518747,-7.4770336,8005,0,0,1,1
5352,39147538,2.3708856,0.9373472,-0.30393487,8005,0,-1.933044,6.132553,-7.8616056,8005,0,0,1,1
5353,39152542,2.3656216,0.99516517,-0.27808535,5004,0,-1.6774914,6.118682,-7.927159,5004,0,0,1,1
5354,39157545,2.3957732,0.99334836,-0.20807883,5003,0,-1.5225787,5.795224,-8.166571,5003,0,0,1,1
5355,39165551,2.4494324,0.99072385,-0.09630321,8006,0,-1.4559897,5.4545445,-8.599768,8006,0,0,1,1
5356,39170554,2.514357,0.9874365,0.018969381,5003,0,-1.3638349,5.29027,-8.812532,5003,0,0,1,1
5357,39175557,2.5878444,0.96872765,0.13562913,5003,0,-1.2319257,5.2210875,-8.73975,5003,0,0,1,1
5358,39183563,2.6855855,0.9373744,0.3027835,8006,0,-1.1576153,5.13522,-8.786072,8006,0,0,1,1
5359,39188566,2.7689085,0.90327656,0.4529335,5003,0,-1.1962547,5.1703253,-8.821861,5003,0,0,1,1
5360,39193570,2.8341572,0.8595003,0.5567812,5004,0,-1.2505951,5.18612,-8.663137,5004,0,0,1,1
5361,39201575,2.898837,0.7849356,0.6750336,8005,0,-1.1460853,5.17083,-8.753009,8005,0,0,1,1
5362,39209580,2.938173,0.69283193,0.7594356,8005,0,-1.1024346,5.13741,-9.026775,8005,0,0,1,1
5363,39219587,2.9390528,0.55698216,0.75963897,5003,0,-1.0348866,5.0187745,-9.205189,5003,0,0,1,1
5364,39227592,2.9577382,0.50750583,0.6888499,8005,0,-1.1623915,4.9682293,-9.079224,8005,0,0,1,1
5365,39232596,2.9757235,0.5172082,0.57627225,5004,0,-1.4818605,4.8155,-8.68972,5004,0,0,1,1
5366,39237599,2.9506865,0.55864364,0.50932527,5003,0,-1.6942405,4.752296,-8.449568,5003,0,0,1,1
5367,39245605,2.8655975,0.6605775,0.39881727,8006,0,-2.0457077,4.515729,-8.503401,8006,0,0,1,1
5368,39250608,2.7689364,0.79193455,0.283675,5003,0,-2.1402826,4.4752784,-8.637533,5003,0,0,1,1
5369,39255611,2.6899166,0.8961609,0.21506546,5003,0,-2.2238393,4.10445,-8.88484,5003,0,0,1,1
5370,39263617,2.577397,1.0504419,0.15341876,8006,0,-2.1461155,3.5924523,-9.062454,8006,0,0,1,1
5371,39268620,2.4916062,1.1837226,0.11295189,5003,0,-2.0988603,3.1924567,-9.577263,5003,0,0,1,1
5372,39273623,2.452631,1.2522262,0.09011332,5003,0,-1.929365,2.9399004,-9.994526,5003,0,0,1,1
5373,39281629,2.4470367,1.2710235,0.08234701,8006,0,-1.8266406,2.656019,-10.359661,8006,0,0,1,1
5374,39289634,2.5346363,1.1701505,0.133639,8005,0,-1.7186021,2.4279704,-10.384949,8005,0,0,1,1
5375,39299641,2.717211,0.80319524,0.41349104,5128,0,-1.453667,2.3059487,-10.278168,5128,0,0,1,1
5376,39307646,2.803484,0.5576242,0.59916115,8005,0,-1.281065,2.4064207,-10.131168,8005,0,0,1,1
5377,39317653,2.874004,0.20888995,0.9071073,5003,0,-1.2573019,2.5546572,-9.729742,5003,0,0,1,1
5378,39325658,2.8218358,0.10021636,0.9910452,8005,0,-1.1710825,2.5880847,-9.8333845,8005,0,0,1,1
5379,39330662,2.723207,0.04119052,1.027037,5004,0,-0.8986501,2.5896108,-9.836769,5004,0,0,1,1
5380,39335665,2.6505764,0.026696816,1.0125593,5003,0,-0.72073454,2.6225593,-9.902876,5003,0,0,1,1
5381,39343546,2.57542,0.04512599,0.90533245,7881,0,-0.8288527,2.5182762,-9.674576,7881,0,0,1,1
5382,39348674,2.4760647,0.06297386,0.7509665,5128,0,-1.026238,2.4037309,-9.330595,5128,0,0,1,1
5383,39353677,2.3610594,0.079114124,0.6392604,5003,0,-1.0736542,2.3743734,-8.901609,5003,0,0,1,1
5384,39361683,2.1923525,0.09944159,0.5140032,8006,0,-1.4091572,2.4049292,-8.422455,8006,0,0,1,1
5385,39366686,2.000798,0.12822609,0.3693225,5003,0,-1.9092419,2.3262484,-8.031782,5003,0,0,1,1
5386,39371690,1.8330439,0.16724332,0.24706712,5004,0,-2.213058,2.094739,-7.973125,5004,0,0,1,1
5387,39379695,1.5862929,0.2575644,0.111794405,8005,0,-1.9913733,1.720315,-8.309202,8005,0,0,1,1
5388,39387700,1.2977105,0.4285467,-0.018370796,8005,0,-1.4221851,1.0347161,-8.85863,8005,0,0,1,1
5389,39397582,1.0743537,0.67686164,-0.14043497,4878,0,-0.6780608,0.19344617,-9.711056,4878,0,0,1,1
5390,39405591,1.0419357,0.72865367,-0.11824283,8009,0,-0.20413801,0.08374116,-9.90239,8009,0,0,1,1
5391,39415719,1.0351171,0.6617726,0.052338053,5003,0,0.49477124,0.172425,-10.210497,5003,0,0,1,1
5392,39423725,1.0330726,0.5616318,0.1713387,8006,0,0.5985371,0.12819313,-10.396925,8006,0,0,1,1
5393,39428728,1.0369443,0.4466838,0.28274047,5003,0,0.6120917,0.16236821,-10.417604,5003,0,0,1,1
5394,39433731,1.040606,0.3727618,0.3304191,5003,0,0.63216716,0.12231787,-10.496902,5003,0,0,1,1
5395,39441737,1.0285159,0.32507378,0.3084949,8006,0,0.5421866,0.13364246,-10.405617,8006,0,0,1,1
5396,39446742,1.0048314,0.31513917,0.27955168,5005,0,0.44542238,0.3917482,-9.763703,5005,0,0,1,1
5397,39451743,0.9631108,0.31210124,0.28499097,5001,0,0.2857332,0.32762694,-9.663235,5001,0,0,1,1
5398,39459749,0.8783721,0.33544064,0.3098457,8006,0,0.11744985,0.22935581,-9.589331,8006,0,0,1,1
5399,39467754,0.7712324,0.36813417,0.317722,8005,0,0.24718525,0.14300852,-9.57062,8005,0,0,1,1
5400,39477636,0.64786196,0.40807846,0.28555453,4878,0,0.07369931,-0.02619797,-9.68119,4878,0,0,1,1
5401,39485767,0.5804808,0.44293123,0.2100698,8131,0,-0.39709076,-0.16442335,-9.839567,8131,0,0,1,1
5402,39495773,0.41806832,0.47685477,-0.010688213,5003,0,-0.9343777,-0.39040396,-9.9066925,5003,0,0,1,1
5403,39503778,0.35664132,0.42292073,-0.09470904,8005,0,-0.9953359,-0.44025996,-9.753143,8005,0,0,1,1
5404,39513785,0.26434025,0.26563245,-0.17667636,5003,0,-1.1772135,-0.94420654,-9.921661,5003,0,0,1,1
5405,39521791,0.25005004,0.15813969,-0.19670582,8006,0,-0.8966013,-0.8722763,-9.864864,8006,0,0,1,1
5406,39526678,0.2491012,0.04442555,-0.17918406,4887,0,-0.5479297,-0.80743015,-10.0385685,4887,0,0,1,1
5407,39531797,0.24226514,-0.039983682,-0.15084416,5119,0,-0.2389921,-0.87068,-10.265863,5119,0,0,1,1
5408,39539803,0.23929511,-0.14887886,-0.11662345,8006,0,0.21007532,-0.86271113,-10.56451,8006,0,0,1,1
5409,39544806,0.25628072,-0.26267713,-0.07095434,5003,0,0.56194454,-0.81230795,-10.725506,5003,0,0,1,1
5410,39549810,0.2889085,-0.34017044,-0.029338587,5004,0,0.75742126,-0.78693,-10.829649,5004,0,0,1,1
5411,39557815,0.33049476,-0.41409096,0.03463641,8005,0,1.0417032,-0.88599473,-10.845172,8005,0,0,1,1
5412,39565820,0.38081816,-0.4285936,0.10025622,8005,0,1.3870653,-0.8485865,-10.902049,8005,0,0,1,1
5413,39575827,0.4519598,-0.3484257,0.17905922,5003,0,1.3423254,-0.7452693,-10.41712,5003,0,0,1,1
5414,39583833,0.45903572,-0.27131635,0.20613977,8006,0,1.2223676,-0.5671109,-10.12699,8006,0,0,1,1
5415,39593840,0.37725496,-0.082583755,0.20004034,5004,0,0.8258289,-0.23359366,-9.691877,5004,0,0,1,1
5416,39601845,0.2864738,0.028677626,0.1843954,8005,0,0.6297893,-0.092068724,-9.400469,8005,0,0,1,1
5417,39611851,0.09271309,0.18501793,0.103276074,5003,0,0.003022626,0.028296532,-9.137661,5003,0,0,1,1
5418,39619732,-0.0400372,0.2398647,0.03136766,7881,0,-0.24502413,0.036358953,-9.180216,7881,0,0,1,1
5419,39624860,-0.17291747,0.28095824,-0.019623874,5128,0,-0.38594234,-0.081950665,-9.30554,5128,0,0,1,1
5420,39629863,-0.25050348,0.29921687,-0.044524956,5003,0,-0.47510803,-0.27734727,-9.494686,5003,0,0,1,1
5421,39637869,-0.31794345,0.28529412,-0.06868589,8006,0,-0.534968,-0.448954,-9.89563,8006,0,0,1,1
5422,39645874,-0.35479394,0.22964856,-0.089101665,8005,0,-0.3943473,-0.59495103,-10.393048,8005,0,0,1,1
5423,39655881,-0.3426547,0.16201247,-0.09288589,5003,0,0.2331034,-0.8515857,-11.1409,5003,0,0,1,1
5424,39663761,-0.29384986,0.16293943,-0.07678856,7880,0,0.38822013,-0.9866993,-11.361306,7880,0,0,1,1
5425,39673771,-0.18828833,0.18786268,-0.046199698,5006,0,0.4902861,-0.7786577,-11.433422,5006,0,0,1,1
5426,39681899,-0.09876442,0.1510487,0.014172999,8128,0,0.44680578,-0.9952507,-11.663026,8128,0,0,1,1
5427,39691906,0.06818901,0.08881594,0.08257376,5004,0,0.28576347,-1.0864419,-11.477991,5004,0,0,1,1
5428,39699911,0.15022318,0.05066977,0.12501766,8005,0,0.21260464,-0.898458,-11.065623,8005,0,0,1,1
5429,39707916,0.20604251,0.01638855,0.14095855,8005,0,-0.02230916,-0.6364501,-10.577084,8005,0,0,1,1
5430,39712919,0.21198733,-0.009898961,0.1147621,5003,0,-0.36042416,-0.3959589,-10.309868,5003,0,0,1,1
5431,39717923,0.19208594,-0.034714393,0.08433506,5004,0,-0.5720782,-0.27720624,-10.075722,5004,0,0,1,1
5432,39725928,0.13722147,-0.07429815,0.04647582,8005,0,-0.7363835,-0.21913117,-9.9293375,8005,0,0,1,1
5433,39730931,0.07683433,-0.11983314,0.01069484,5003,0,-0.6987381,-0.2743324,-9.879383,5003,0,0,1,1
5434,39735935,0.045087818,-0.1577713,-0.03061817,5004,0,-0.5749581,-0.29204407,-9.991913,5004,0,0,1,1
5435,39743940,0.010672756,-0.20118578,-0.07456328,8005,0,-0.34523526,-0.31637612,-10.046916,8005,0,0,1,1
5436,39753947,-0.029648298,-0.21863185,-0.08417634,5003,0,0.1689375,-0.45772782,-10.235647,5003,0,0,1,1
5437,39761952,-0.033191524,-0.18053173,-0.071322784,8005,0,0.4793785,-0.52347827,-10.418127,8005,0,0,1,1
5438,39771959,-0.024526902,-0.09147415,-0.037404627,5003,0,0.9501736,-0.58973455,-10.531086,5003,0,0,1,1
5439,39779965,-0.0078910515,-0.016225412,-0.011186222,8006,0,1.1786777,-0.62852407,-10.418022,8006,0,0,1,1
5440,39787970,0.0080856,0.086067274,0.028493492,8005,0,1.1481539,-0.5161404,-10.255654,8005,0,0,1,1
5441,39792973,0.0046147294,0.16281663,0.05873557,5003,0,0.9973274,-0.3487996,-9.9923935,5003,0,0,1,1
5442,39797977,-0.01796998,0.20864381,0.07236048,5004,0,0.85103345,-0.17976046,-9.984734,5004,0,0,1,1
5443,39805982,-0.06855324,0.2557638,0.079858266,8005,0,0.6703369,-0.08890974,-9.859308,8005,0,0,1,1
5444,39810985,-0.11982923,0.29939628,0.08278042,5003,0,0.5215975,-0.06603235,-9.814499,5003,0,0,1,1
5445,39815989,-0.15179347,0.32464898,0.07747687,5004,0,0.36625245,-0.16500938,-9.853928,5004,0,0,1,1
5446,39823994,-0.17935136,0.33542177,0.07190074,8005,0,0.18808566,-0.28016284,-9.988252,8005,0,0,1,1
5447,39828998,-0.19409707,0.3271157,0.077013105,5004,0,-0.019020014,-0.4543753,-10.133167,5004,0,0,1,1
5448,39834001,-0.19463223,0.31257975,0.07441536,5003,0,-0.18924928,-0.5357801,-10.233974,5003,0,0,1,1
5449,39842006,-0.18551037,0.2976023,0.053113412,8005,0,-0.35914388,-0.647677,-10.38031,8005,0,0,1,1
5450,39850012,-0.15676793,0.26096272,0.019519325,8006,0,-0.45027158,-0.6734165,-10.60656,8006,0,0,1,1
5451,39859897,-0.12147379,0.13943197,-0.029564101,4882,0,-0.4169065,-0.59235513,-10.675089,4882,0,0,1,1
5452,39868024,-0.052232906,-0.028105646,0.021854114,8127,0,-0.49401966,-0.6514527,-10.518308,8127,0,0,1,1
5453,39873027,0.0089545585,-0.20099004,0.06857773,5003,0,-0.676466,-0.8585167,-10.638817,5003,0,0,1,1
5454,39878031,0.054196313,-0.31122285,0.08869873,5004,0,-0.543587,-0.8029733,-10.727175,5004,0,0,1,1
5455,39886036,0.09847502,-0.40514758,0.09689211,8005,0,-0.24705817,-0.7615507,-10.708468,8005,0,0,1,1
5456,39891039,0.12966882,-0.43852937,0.096421696,5003,0,-0.043921765,-0.69451535,-10.705147,5003,0,0,1,1
5457,39896043,0.13754499,-0.4308863,0.08701895,5004,0,0.07148193,-0.69667363,-10.6474495,5004,0,0,1,1
5458,39904048,0.13867651,-0.3875326,0.07008215,8005,0,0.2364134,-0.64438516,-10.542813,8005,0,0,1,1
5459,39909051,0.1380776,-0.31213933,0.04751995,5003,0,0.55653936,-0.62771606,-10.375704,5003,0,0,1,1
5460,39914055,0.14215183,-0.21877204,0.028924832,5004,0,0.7935702,-0.6344204,-10.295498,5004,0,0,1,1
5461,39922060,0.13442598,-0.07237821,0.016850622,8005,0,0.93776184,-0.53605384,-10.063537,8005,0,0,1,1
5462,39930066,0.096442275,0.08740665,0.019910282,8006,0,0.805935,-0.24156225,-9.846552,8006,0,0,1,1
5463,39940072,-0.009411976,0.21223189,0.02720276,5003,0,0.48304808,0.07282761,-9.603338,5003,0,0,1,1
5464,39947953,-0.07400418,0.21805583,0.041304886,7881,0,0.30005306,0.07944014,-9.582115,7881,0,0,1,1
5465,39958085,-0.15277182,0.11896696,0.075115055,5004,0,-0.13873585,-0.14169896,-9.712757,5004,0,0,1,1
5466,39966090,-0.18805116,0.05160923,0.08431892,8005,0,-0.28877214,-0.36527318,-9.946998,8005,0,0,1,1
5467,39971093,-0.20679474,0.0002861321,0.08210755,5003,0,-0.25820306,-0.55205524,-10.1695595,5003,0,0,1,1
5468,39976097,-0.20352596,-0.020973325,0.078949645,5004,0,-0.16243026,-0.66458523,-10.3074665,5004,0,0,1,1
5469,39984102,-0.17281552,-0.022317706,0.07225067,8005,0,-0.045506015,-0.9246575,-10.543271,8005,0,0,1,1
5470,39989105,-0.13074365,-0.014727272,0.066669874,5003,0,0.004921049,-1.0376018,-10.718782,5003,0,0,1,1
5471,39994109,-0.09101623,-0.006199047,0.063061245,5004,0,0.0396377,-1.0929092,-10.824133,5004,0,0,1,1
5472,40002114,-0.036940303,0.003536552,0.05762188,8005,0,0.14094575,-1.0425727,-10.854966,8005,0,0,1,1
5473,40007118,0.018931549,0.015295222,0.051384035,5004,0,0.15716481,-0.96595573,-10.731787,5004,0,0,1,1
5474,40012121,0.0445934,0.035893217,0.038027607,5003,0,0.17275777,-0.8803016,-10.663717,5003,0,0,1,1
5475,40020126,0.06518095,0.07756174,0.017194191,8005,0,0.2399851,-0.6902553,-10.478908,8005,0,0,1,1
5476,40028132,0.06209069,0.112103984,0.005707413,8006,0,0.18852873,-0.52048564,-10.223792,8006,0,0,1,1
5477,40038139,0.034831047,0.121372536,-0.033281647,5004,0,0.04729995,-0.31862944,-10.0058,5004,0,0,1,1
5478,40046144,0.0053009572,0.1093131,-0.04451333,8005,0,0.045848858,-0.27568027,-9.984874,8005,0,0,1,1
5479,40056151,-0.048018068,0.0996347,-0.05298292,5004,0,0.20196402,-0.38685662,-10.08313,5004,0,0,1,1
5480,40064156,-0.053924385,0.11725251,-0.062946945,8005,0,0.4235401,-0.44090334,-10.130292,8005,0,0,1,1
5481,40069159,-0.055666357,0.1538556,-0.055735167,5003,0,0.44258395,-0.5307462,-10.189201,5003,0,0,1,1
5482,40074163,-0.051652316,0.17811097,-0.05145478,5004,0,0.37219587,-0.555655,-10.209053,5004,0,0,1,1
5483,40082168,-0.04068834,0.18195875,-0.044641864,8005,0,0.204396,-0.47828707,-10.336011,8005,0,0,1,1
5484,40090174,-0.030645363,0.13579495,-0.030747538,8006,0,0.036047444,-0.4711078,-10.350388,8006,0,0,1,1
5485,40095177,-0.029400924,0.07517217,-0.009479435,5003,0,-0.14256714,-0.46993598,-10.336678,5003,0,0,1,1
5486,40100180,-0.030020848,0.027518645,-0.0012180596,5003,0,-0.15859914,-0.5278784,-10.379051,5003,0,0,1,1
5487,40108186,-0.018845223,-0.02803976,0.00985592,8006,0,-0.11014974,-0.60592794,-10.443161,8006,0,0,1,1
5488,40118192,0.0162975,-0.08014132,0.034600314,5003,0,0.053280294,-0.7711282,-10.580643,5003,0,0,1,1
5489,40126198,0.03712051,-0.07632238,0.03781161,8006,0,0.21141809,-0.8223007,-10.690954,8006,0,0,1,1
5490,40136205,0.08148524,0.0017435849,0.034600217,5004,0,0.601794,-0.8180558,-10.51409,5004,0,0,1,1
5491,40144210,0.102416635,0.065510154,0.034375347,8005,0,0.7137404,-0.69909376,-10.370935,8005,0,0,1,1
5492,40154092,0.10193154,0.12909283,0.015660418,4879,0,0.572288,-0.3838205,-10.091666,4879,0,0,1,1
5493,40162222,0.0798273,0.12508225,0.014508905,8130,0,0.42539972,-0.2525071,-9.927821,8130,0,0,1,1
5494,40170228,0.032161728,0.11303203,0.014190083,8006,0,0.2112768,-0.20116192,-9.801966,8006,0,0,1,1
5495,40175231,-0.013105653,0.114029214,0.013271576,5003,0,0.2462588,-0.21447349,-9.794153,5003,0,0,1,1
5496,40180234,-0.040172085,0.12478385,-0.0010216981,5003,0,0.26726946,-0.29802865,-9.832191,5003,0,0,1,1
5497,40188240,-0.06435919,0.13493447,-0.012416481,8006,0,0.25591806,-0.39076096,-9.877632,8006,0,0,1,1
5498,40193243,-0.074971154,0.13159503,-0.013789649,5003,0,0.19612768,-0.46919286,-10.027107,5003,0,0,1,1
5499,40198246,-0.076186836,0.11713265,-0.010046461,5003,0,0.18663943,-0.5044136,-10.161655,5003,0,0,1,1
5500,40206127,-0.06695634,0.094684504,-0.008397401,7881,0,0.26028746,-0.6160141,-10.348255,7881,0,0,1,1
5501,40216259,-0.020508677,0.05078861,0.0013850029,5004,0,0.31625745,-0.7657964,-10.432962,5004,0,0,1,1
5502,40224264,0.024840778,0.0160072,0.014810532,8005,0,0.19588213,-0.7765531,-10.403621,8005,0,0,1,1
5503,40234271,0.08262361,-0.03398241,0.020372111,5004,0,0.10523856,-0.7629863,-10.238758,5004,0,0,1,1
5504,40242276,0.09675062,-0.035301387,0.009241862,8005,0,0.14812507,-0.6590461,-10.041081,8005,0,0,1,1
5505,40252283,0.08633982,-0.023403458,0.0022242141,5004,0,0.2163345,-0.41367757,-9.744843,5004,0,0,1,1
5506,40260288,0.05718229,-0.025351813,-0.0045445138,8005,0,0.31153226,-0.27313542,-9.676115,8005,0,0,1,1
5507,40268169,0.013373709,-0.028481958,-0.008728035,7881,0,0.4634673,-0.19114125,-9.758908,7881,0,0,1,1
5508,40273174,-0.02624868,-0.013181762,-0.009767155,5005,0,0.6741184,-0.19580878,-9.932787,5005,0,0,1,1
5509,40278301,-0.05305303,0.014934466,-0.015361891,5127,0,0.80978507,-0.23294747,-10.062368,5127,0,0,1,1
5510,40286306,-0.07490478,0.074976355,-0.018946195,8005,0,1.0019648,-0.40587154,-10.18773,8005,0,0,1,1
5511,40291309,-0.06923629,0.13992508,-0.0050996924,5003,0,1.0330589,-0.46607503,-10.238037,5003,0,0,1,1
5512,40296313,-0.052229412,0.16930406,0.017474053,5004,0,0.8749768,-0.56618464,-10.280176,5004,0,0,1,1
5513,40304318,-0.031180626,0.17822906,0.042759687,8005,0,0.65181935,-0.5294985,-10.354988,8005,0,0,1,1
5514,40314325,-0.03054776,0.15699966,0.060985997,5004,0,0.42163202,-0.3773139,-10.354631,5004,0,0,1,1
5515,40322330,-0.041093856,0.15676126,0.06274942,8005,0,0.39188516,-0.41948304,-10.30011,8005,0,0,1,1
5516,40332337,-0.05971616,0.17167978,0.049388383,5003,0,0.26708636,-0.53362834,-10.232759,5003,0,0,1,1
5517,40340342,-0.060134355,0.17603254,0.048335228,8005,0,0.19526501,-0.5508606,-10.202541,8005,0,0,1,1
5518,40348348,-0.0585969,0.17648731,0.044003885,8006,0,0.1588232,-0.5453644,-10.28744,8006,0,0,1,1
5519,40353351,-0.060202707,0.17891012,0.032376874,5003,0,0.22135921,-0.52428746,-10.265331,5003,0,0,1,1
5520,40358354,-0.06514844,0.18160023,0.02350938,5003,0,0.20268607,-0.49459597,-10.277306,5003,0,0,1,1
5521,40366360,-0.062567346,0.17188059,0.02664905,8006,0,0.19585967,-0.5625336,-10.229032,8006,0,0,1,1
5522,40371363,-0.05493518,0.14208676,0.031151745,5003,0,0.11625072,-0.5455998,-10.256474,5003,0,0,1,1
5523,40376242,-0.046752308,0.10621544,0.03374768,4879,0,0.16693497,-0.48658636,-10.339008,4879,0,0,1,1
5524,40384372,-0.049251962,0.06522345,0.025337871,8130,0,0.25309226,-0.45260572,-10.47805,8130,0,0,1,1
5525,40394379,-0.055839136,0.044114813,0.004719026,5004,0,0.5397872,-0.36436594,-10.40325,5004,0,0,1,1
5526,40402384,-0.026289595,0.019033654,0.035509314,8005,0,0.6206823,-0.533603,-10.540549,8005,0,0,1,1
5527,40412391,0.02336897,0.04921627,0.04243449,5003,0,0.9891914,-0.70313096,-10.851673,5003,0,0,1,1
5528,40420396,0.065195076,0.1136008,0.039883148,8005,0,1.0293458,-0.7367131,-10.62049,8005,0,0,1,1
5529,40428402,0.086669505,0.21507677,0.040314805,8006,0,0.9000142,-0.6260549,-10.332314,8006,0,0,1,1
5530,40433405,0.08794744,0.29480463,0.02608746,5003,0,0.70857614,-0.49244568,-10.10923,5003,0,0,1,1
5531,40438408,0.0727234,0.33539647,0.013871317,5003,0,0.6243158,-0.34520394,-9.913868,5003,0,0,1,1
5532,40446414,0.033968903,0.3548383,0.008847968,8006,0,0.30884212,-0.22345506,-9.72715,8006,0,0,1,1
5533,40451417,-0.016768806,0.34334725,0.0013552862,5003,0,0.09938098,-0.14804077,-9.633768,5003,0,0,1,1
5534,40456421,-0.05792469,0.32192898,-0.0018168535,5004,0,0.0025313944,-0.11703491,-9.70652,5004,0,0,1,1
5535,40464426,-0.11384826,0.2931431,-0.0094582215,8005,0,0.07235614,-0.17676859,-9.8321,8005,0,0,1,1
5536,40469429,-0.15563358,0.27729744,-0.018958006,5003,0,0.28467488,-0.2209662,-10.1348915,5003,0,0,1,1
5537,40474433,-0.18855149,0.29149783,-0.043442525,5004,0,0.47295374,-0.41491023,-10.575071,5004,0,0,1,1
5538,40482438,-0.18942554,0.3113436,-0.04794677,8005,0,0.94163483,-0.3934489,-10.635908,8005,0,0,1,1
5539,40490443,-0.13290192,0.35741815,-0.024732271,8005,0,1.2201222,-0.9333264,-10.944892,8005,0,0,1,1
5540,40500450,0.011458479,0.42373487,0.021650642,5003,0,1.2065762,-0.959561,-10.879459,5003,0,0,1,1
5541,40508456,0.07629878,0.44283244,0.041788988,8006,0,1.0428069,-0.74823564,-10.538328,8006,0,0,1,1
5542,40513459,0.08996424,0.46709228,0.03810399,5003,0,0.76842386,-0.44430494,-10.259811,5003,0,0,1,1
5543,40518462,0.08121807,0.47851583,0.030596597,5003,0,0.68153214,-0.18431562,-9.843964,5003,0,0,1,1
5544,40526468,0.038449205,0.48594493,0.0051794513,8006,0,0.4930427,-0.09013063,-9.581847,8006,0,0,1,1
5545,40531471,-0.023604684,0.48527405,-0.019823201,5003,0,0.35806534,-0.06340295,-9.517376,5003,0,0,1,1
5546,40536475,-0.07477164,0.47661895,-0.03480318,5004,0,0.3556769,-0.08231616,-9.631342,5004,0,0,1,1
5547,40544480,-0.140208,0.49197307,-0.07060491,8005,0,0.45602527,-0.27270967,-9.952842,8005,0,0,1,1
5548,40549483,-0.19096091,0.5235831,-0.10521039,5003,0,0.73801744,-0.21255964,-10.026382,5003,0,0,1,1
5549,40554487,-0.20187896,0.5459883,-0.10378984,5004,0,0.956621,-0.39068303,-10.365173,5004,0,0,1,1
5550,40562492,-0.2011842,0.60251856,-0.10439092,8005,0,1.2024927,-0.67247266,-10.528543,8005,0,0,1,1
5551,40567495,-0.1730423,0.67716503,-0.10342384,5003,0,1.5992101,-0.7550864,-10.737232,5003,0,0,1,1
5552,40572499,-0.13849178,0.7437243,-0.089767,5004,0,1.8479668,-0.73761296,-10.621353,5004,0,0,1,1
5553,40580379,-0.083796516,0.8387915,-0.07326527,7880,0,2.0294464,-0.682939,-10.528933,7880,0,0,1,1
5554,40588510,-0.04275492,0.9421424,-0.072236516,8131,0,2.044066,-0.47872078,-10.384541,8131,0,0,1,1
5555,40598516,-0.05620654,1.0832366,-0.07816767,5003,0,2.1567707,-0.13832015,-9.996174,5003,0,0,1,1
5556,40606522,-0.09820441,1.1894872,-0.0897872,8006,0,2.164941,0.074622095,-9.734476,8006,0,0,1,1
5557,40611525,-0.17093393,1.2950302,-0.102699555,5003,0,1.9894885,0.21551493,-9.588013,5003,0,0,1,1
5558,40616529,-0.23483053,1.3609825,-0.116608895,5004,0,1.8477403,0.27562013,-9.640213,5004,0,0,1,1
5559,40624534,-0.3272768,1.4277974,-0.14204885,8005,0,1.7803727,0.24012382,-9.715623,8005,0,0,1,1
5560,40629537,-0.4095153,1.4882416,-0.16725263,5003,0,1.8029699,0.16572621,-9.821688,5003,0,0,1,1
5561,40634541,-0.46290484,1.5268114,-0.17300385,5004,0,1.8230824,0.10539163,-9.844183,5004,0,0,1,1
5562,40642546,-0.513798,1.589998,-0.17765217,8005,0,1.8150893,-0.023388622,-9.964621,8005,0,0,1,1
5563,40650552,-0.5542805,1.6534766,-0.1812024,8006,0,1.8791361,-0.06798738,-10.146574,8006,0,0,1,1
5564,40660558,-0.5894389,1.7164751,-0.17557904,5003,0,2.1955216,-0.19487053,-10.383087,5003,0,0,1,1
5565,40668564,-0.5400182,1.7257936,-0.1838038,8006,0,2.3003643,-0.5013875,-10.390564,8006,0,0,1,1
5566,40678570,-0.3078114,1.7179091,-0.1381474,5003,0,2.4527514,-0.9976193,-10.728369,5003,0,0,1,1
5567,40686576,-0.17918412,1.7100908,-0.102705985,8006,0,2.478435,-0.85912406,-10.740339,8006,0,0,1,1
5568,40696583,-0.02239164,1.6118982,-0.022504654,5004,0,2.2224321,-0.30976605,-10.524391,5004,0,0,1,1
5569,40704588,0.034255292,1.561641,0.013564893,8005,0,2.3840082,-0.3418268,-10.637092,8005,0,0,1,1
5570,40712593,0.05038422,1.5672914,0.008764356,8005,0,2.8969526,-0.261619,-10.28395,8005,0,0,1,1
5571,40717597,0.05306519,1.6524945,0.011452057,5004,0,3.260077,-0.09165567,-10.036694,5004,0,0,1,1
5572,40722475,0.043102946,1.7524648,0.0311502,4878,0,3.274927,-0.006534695,-10.015551,4878,0,0,1,1
5573,40730606,0.013699051,1.8698884,0.019869506,8131,0,3.4230282,-0.07370502,-9.82708,8131,0,0,1,1
5574,40735609,-0.030774012,1.9753957,-0.0031559323,5003,0,3.5670235,0.12406126,-9.938765,5003,0,0,1,1
5575,40740612,-0.065190375,2.03872,-0.010250011,5003,0,3.65704,0.07665697,-9.962227,5003,0,0,1,1
5576,40748618,-0.08734622,2.104617,-0.034134764,8006,0,3.6665034,-0.017828703,-9.99508,8006,0,0,1,1
5577,40758625,-0.056600593,2.1590881,-0.09956577,5004,0,3.7032473,-0.2499122,-9.910032,5004,0,0,1,1
5578,40766630,-0.010672285,2.1293697,-0.12865509,8005,0,3.6363273,-0.19247489,-9.951451,8005,0,0,1,1
5579,40776637,0.05312438,2.0421836,-0.10993788,5004,0,3.8976614,-0.021023393,-10.080732,5004,0,0,1,1
5580,40784642,0.07779699,2.0372224,-0.09041591,8005,0,4.386017,-0.13097417,-9.938283,8005,0,0,1,1
5581,40792648,0.12087896,2.1075737,-0.07734526,8006,0,5.0332227,-0.034160197,-9.823959,8006,0,0,1,1
5582,40797651,0.15011534,2.2197049,-0.03963356,5003,0,5.5611806,0.120715894,-9.78001,5003,0,0,1,1
5583,40802654,0.16948268,2.338359,-0.0030603867,5003,0,5.968868,0.1594981,-9.665123,5003,0,0,1,1
5584,40810660,0.17823508,2.5044086,0.050770253,8006,0,6.2986827,0.19074625,-9.407955,8006,0,0,1,1
5585,40815663,0.18130302,2.6749153,0.10525668,5003,0,6.285872,0.3043521,-9.040688,5003,0,0,1,1
5586,40820541,0.17560615,2.7990232,0.14754659,4878,0,6.120461,0.38069844,-8.884217,4878,0,0,1,1
5587,40828549,0.14084755,2.9269946,0.20958157,8008,0,5.692871,0.35559386,-8.783998,8008,0,0,1,1
5588,40833675,0.09637803,2.997719,0.23960581,5126,0,5.146383,0.2714027,-8.4377,5126,0,0,1,1
5589,40838679,0.08060038,2.9974794,0.23107956,5004,0,4.7349143,0.30458164,-8.507984,5004,0,0,1,1
5590,40846684,0.04720311,2.9456513,0.19074775,8005,0,4.47591,0.19897887,-8.817334,8005,0,0,1,1
5591,40856691,-0.04163876,2.8093655,0.10620442,5004,0,4.598085,-0.28847182,-9.175333,5004,0,0,1,1
5592,40864696,-0.032210235,2.7096913,0.067657255,8005,0,4.898681,-0.27970722,-9.511535,8005,0,0,1,1
5593,40874703,0.06057109,2.6551332,0.07215368,5003,0,6.581588,-0.8156647,-9.8860855,5003,0,0,1,1
5594,40882708,0.16205841,2.7184446,0.13459787,8005,0,7.2479095,-1.0054398,-9.649149,8005,0,0,1,1
5595,40890714,0.2980945,2.8511107,0.2003557,8006,0,7.476339,-0.9835513,-9.3135605,8006,0,0,1,1
5596,40895717,0.38561383,2.9652586,0.23024204,5003,0,7.3910637,-0.63064635,-8.745777,5003,0,0,1,1
5597,40900721,0.4181531,3.0302277,0.22906318,5004,0,7.060622,-0.37296432,-8.071287,5004,0,0,1,1
5598,40908726,0.4545764,3.060095,0.20216149,8005,0,6.5599613,0.42770576,-7.5316253,8005,0,0,1,1
5599,40913729,0.42997932,3.086808,0.15065214,5003,0,6.675411,0.21717213,-7.1500673,5003,0,0,1,1
5600,40918608,0.38201553,3.142438,0.13065423,4879,0,7.035682,0.6281109,-6.7122426,4879,0,0,1,1
5601,40926613,0.2857806,3.2926598,0.12715633,8005,0,7.3056436,0.3676294,-6.274691,8005,0,0,1,1
5602,40931618,0.2226031,3.4629805,0.10807826,5005,0,7.32525,0.22549152,-5.731585,5005,0,0,1,1
5603,40936745,0.19636723,3.5522282,0.076530986,5127,0,7.035784,0.05670482,-5.3118367,5127,0,0,1,1
5604,40944750,0.14708926,3.5685542,0.029851472,8005,0,6.3142614,0.11697527,-4.9694195,8005,0,0,1,1
5605,40954758,-0.03963977,3.4090827,-0.10695388,5004,0,5.2795486,0.3644147,-4.3738947,5004,0,0,1,1
5606,40962762,-0.18175326,3.1714327,-0.17363998,8004,0,5.022118,0.28096375,-4.524329,8004,0,0,1,1
5607,40970768,-0.38141614,2.861383,-0.260012,8006,0,5.6847205,0.43774915,-5.509828,8006,0,0,1,1
5608,40975646,-0.4882825,2.6982348,-0.2820434,4878,0,7.1186776,-0.009154676,-6.3110943,4878,0,0,1,1
5609,40980775,-0.5086554,2.6717923,-0.27901775,5129,0,8.467127,-0.64891064,-6.45536,5129,0,0,1,1
5610,40988780,-0.43615717,2.742911,-0.22449437,8005,0,9.673362,-1.1160548,-6.376286,8005,0,0,1,1
5611,40993783,-0.30193168,2.8365655,-0.13964003,5003,0,10.056044,-1.1482202,-5.954324,5003,0,0,1,1
5612,40998787,-0.20730644,2.8674061,-0.08687625,5004,0,9.525944,-0.85229063,-5.5851645,5004,0,0,1,1
5613,41006792,-0.15351234,2.8254206,-0.049901407,8005,0,8.948669,-0.1758489,-4.9044557,8005,0,0,1,1
5614,41011795,-0.15449987,2.7248633,-0.012119067,5003,0,8.423412,0.48540458,-4.0490384,5003,0,0,1,1
5615,41016799,-0.21804905,2.6504817,0.011329187,5004,0,8.269953,0.7910657,-3.990837,5004,0,0,1,1
5616,41024804,-0.32809302,2.5944383,0.04033605,8005,0,8.3400135,0.88753706,-3.6926608,8005,0,0,1,1
5617,41029808,-0.43532267,2.5639422,0.04296536,5004,0,8.568741,0.5487919,-3.6130352,5004,0,0,1,1
5618,41034811,-0.4872597,2.559107,0.014084888,5003,0,8.639421,0.30206224,-3.690923,5003,0,0,1,1
5619,41042817,-0.44521633,2.5697713,-0.014877003,8006,0,8.463322,0.06445842,-3.245921,8006,0,0,1,1
5620,41052823,-0.4182429,2.5267699,-0.0784688,5003,0,8.127024,-0.50226367,-3.1323035,5003,0,0,1,1
5621,41060705,-0.39838016,2.3991764,-0.12668622,7882,0,7.9351654,-0.32549185,-3.1039522,7882,0,0,1,1
5622,41068834,-0.4140431,2.2548795,-0.21620834,8129,0,7.9940786,-0.019818604,-3.768656,8129,0,0,1,1
5623,41073838,-0.3847739,2.1158535,-0.1988864,5004,0,8.741125,-0.08088195,-3.728187,5004,0,0,1,1
5624,41078841,-0.3459905,2.0148811,-0.14240795,5003,0,9.317911,-0.493894,-3.8496506,5003,0,0,1,1
5625,41086846,-0.25065175,1.9495213,-0.039824713,8005,0,10.123545,-0.7416492,-3.942156,8005,0,0,1,1
5626,41091850,-0.12676662,1.9551462,0.06262373,5004,0,10.742554,-0.68936443,-3.757884,5004,0,0,1,1
5627,41096853,-0.048685417,1.9966768,0.123825446,5003,0,10.807083,-0.4198835,-3.4164681,5003,0,0,1,1
5628,41104858,-0.0067048515,2.0434878,0.17013003,8005,0,10.502013,0.07879522,-2.8547504,8005,0,0,1,1
5629,41109862,-0.027422098,2.072056,0.18328102,5004,0,10.070381,0.51384467,-2.2437963,5004,0,0,1,1
5630,41114865,-0.074707806,2.0884392,0.17100212,5003,0,9.78524,0.7836729,-1.8281665,5003,0,0,1,1
5631,41122871,-0.13328125,2.1247108,0.16384353,8006,0,9.623384,0.9052219,-1.6387875,8006,0,0,1,1
5632,41132877,-0.31134656,2.1522856,0.11364136,5003,0,9.386837,0.9258809,-1.2521167,5003,0,0,1,1
5633,41140883,-0.42387283,2.1605492,0.05291382,8006,0,9.597829,0.7431648,-1.1646192,8006,0,0,1,1
5634,41148763,-0.49666074,2.2174904,-0.029931301,7880,0,9.69644,0.37301376,-0.9335466,7880,0,0,1,1
5635,41158896,-0.5125489,2.2850678,-0.13921782,5127,0,9.179105,0.06018481,-1.0844287,5127,0,0,1,1
5636,41166901,-0.46750277,2.3014805,-0.17597723,8005,0,9.0615835,-0.14002126,-1.2970152,8005,0,0,1,1
5637,41171904,-0.44876987,2.304877,-0.23971759,5003,0,8.980301,-0.59846795,-1.0246735,5003,0,0,1,1
5638,41176907,-0.42217475,2.3033226,-0.30385157,5003,0,8.79809,-0.25397503,-1.1877161,5003,0,0,1,1
5639,41184913,-0.38969272,2.2417204,-0.3460334,8006,0,8.673117,0.117859304,-0.8543935,8006,0,0,1,1
5640,41189916,-0.35855448,2.0928504,-0.3310788,5003,0,8.938435,-0.26022065,-0.96791685,5003,0,0,1,1
5641,41194919,-0.34245795,1.9978894,-0.29916877,5003,0,9.480909,-0.17929554,-1.1283361,5003,0,0,1,1
5642,41202925,-0.28276706,1.9300778,-0.20875931,8006,0,10.164413,-0.22669923,-1.0822248,8006,0,0,1,1
5643,41210930,-0.19877641,1.9298642,-0.12037888,8005,0,10.515021,-0.15321563,-0.8677292,8005,0,0,1,1
5644,41220937,-0.14830631,1.9037274,-0.05615358,5004,0,10.032801,0.19827773,-0.13786602,5004,0,0,1,1
5645,41228942,-0.16588256,1.7569677,-0.010298609,8005,0,9.180987,0.5322432,0.3558881,8005,0,0,1,1
5646,41238949,-0.15280318,1.3901901,0.12432216,5003,0,8.822269,-0.2017569,0.59846777,5003,0,0,1,1
5647,41246954,-0.13239425,1.1947083,0.17750397,8005,0,8.938518,-0.012837349,0.7598259,8005,0,0,1,1
5648,41251958,-0.10691324,1.0620319,0.20823428,5004,0,9.234335,-0.13522595,0.8238922,5004,0,0,1,1
5649,41256961,-0.07601179,0.99432343,0.2238186,5003,0,9.336561,-0.0248543,0.8152708,5003,0,0,1,1
5650,41264966,-0.048053328,0.92707825,0.20978296,8005,0,9.396563,0.12904754,0.9185782,8005,0,0,1,1
5651,41272972,-0.053001158,0.8986488,0.18477853,8006,0,9.749313,0.27244413,0.8835142,8006,0,0,1,1
5652,41277975,-0.07609704,0.911876,0.16554204,5003,0,9.889147,0.22031814,0.88422763,5003,0,0,1,1
5653,41282979,-0.08452766,0.9203833,0.13392141,5004,0,9.749603,0.15312132,0.8582811,5004,0,0,1,1
5654,41290984,-0.08732004,0.92169744,0.09627838,8005,0,9.656542,0.08449622,0.79477465,8005,0,0,1,1
5655,41300991,-0.07985978,0.9574327,0.06689769,5003,0,9.835751,-0.0009117126,0.9653849,5003,0,0,1,1
5656,41308996,-0.084944405,0.9722512,0.041383557,8005,0,9.676008,0.040054675,1.0006762,8005,0,0,1,1
5657,41319003,-0.080398545,0.96749955,0.018894367,5003,0,9.629383,0.12860966,1.1550261,5003,0,0,1,1
5658,41327008,-0.06319763,0.98225605,0.030858066,8005,0,9.6978445,0.08808907,1.4578096,8005,0,0,1,1
5659,41337015,-0.06559632,0.9443578,0.08575287,5003,0,9.575514,0.45613533,2.157024,5003,0,0,1,1
5660,41345021,-0.041920483,0.86040545,0.14936352,8006,0,9.331564,0.66565627,1.9053658,8006,0,0,1,1
5661,41353026,-0.043717768,0.75674593,0.2063833,8005,0,9.480252,-0.5410117,2.3034494,8005,0,0,1,1
5662,41358029,-0.03640887,0.60178953,0.20515665,5003,0,8.792873,-0.031335533,2.2793353,5003,0,0,1,1
5663,41363033,-0.05003091,0.4429248,0.1846066,5004,0,8.378616,0.35108438,2.0612502,5004,0,0,1,1
5664,41371038,-0.07656395,0.2650102,0.19780797,8005,0,8.9573145,0.23382519,1.9200487,8005,0,0,1,1
5665,41376041,-0.09027715,0.18746088,0.2370804,5003,0,9.792889,-0.087099135,1.8699211,5003,0,0,1,1
5666,41381045,-0.08091621,0.1942312,0.25878915,5004,0,9.906866,-0.1376245,1.8160514,5004,0,0,1,1
5667,41389050,-0.047103826,0.21270815,0.22590855,8005,0,9.713407,-0.05825877,1.6599717,8005,0,0,1,1
5668,41399057,-0.051083278,0.3185649,0.1808646,5003,0,10.113489,0.09748909,1.824189,5003,0,0,1,1
5669,41407062,-0.09269398,0.37526295,0.15768118,8005,0,9.630322,0.03530943,1.9485108,8005,0,0,1,1
5670,41417069,-0.109617576,0.38158262,0.023041513,5003,0,8.663801,-0.23722391,2.0391922,5003,0,0,1,1
5671,41425075,-0.11395611,0.3012889,-0.014319397,8006,0,8.468277,-0.26669696,1.9336731,8006,0,0,1,1
5672,41434957,-0.09093552,0.20703755,-0.050597854,4879,0,8.905015,-0.50470084,1.7763624,4879,0,0,1,1
5673,41443087,-0.065752275,0.202649,-0.06437647,8130,0,9.023215,-0.5143194,1.7881725,8130,0,0,1,1
5674,41451092,-0.04355958,0.13639477,-0.080917224,8005,0,8.690343,-0.3322487,1.8593029,8005,0,0,1,1
5675,41456096,-0.04098838,0.028408693,-0.07969932,5004,0,8.582155,-0.20729524,1.7595503,5004,0,0,1,1
5676,41461099,-0.040422037,-0.040374488,-0.07226386,5003,0,8.935057,-0.2659523,1.8567524,5003,0,0,1,1
5677,41469104,-0.02566914,-0.09395712,-0.03357388,8005,0,9.340188,-0.1844251,1.8188448,8005,0,0,1,1
5678,41474108,-0.008835621,-0.121407375,-0.0037356939,5004,0,9.597536,-0.07680905,1.6053612,5004,0,0,1,1
5679,41479111,0.0017307363,-0.11376315,0.0048801536,5003,0,10.046223,-0.015990734,1.5107855,5003,0,0,1,1
5680,41486992,-0.005738653,-0.06591509,0.039904773,7881,0,10.354213,0.10791951,1.5628788,7881,0,0,1,1
5681,41497123,-0.02390308,0.003933698,0.040939335,5003,0,9.726591,0.15710413,1.6846006,5003,0,0,1,1
5682,41505129,-0.033296674,-0.024503842,0.034293033,8006,0,9.334827,0.0418548,1.8489624,8006,0,0,1,1
5683,41515135,-0.030646691,-0.11197312,0.027947951,5003,0,9.435631,-0.19201934,1.4844327,5003,0,0,1,1
5684,41523141,-0.012286514,-0.028269418,-0.00866216,8006,0,10.098417,-0.2176233,1.6215158,8006,0,0,1,1
5685,41531146,-0.0138987,0.14045814,-0.052538477,8005,0,10.141537,0.025086401,1.7253649,8005,0,0,1,1
5686,41536150,-0.048660148,0.22764555,-0.10393405,5004,0,9.680374,0.23659042,1.8759054,5004,0,0,1,1
5687,41541153,-0.09109847,0.23881948,-0.1340051,5003,0,9.3901825,0.2765764,1.889788,5003,0,0,1,1
5688,41549159,-0.15030037,0.20397791,-0.14033248,8006,0,9.162741,0.1142683,1.8302639,8006,0,0,1,1
5689,41554162,-0.17235543,0.13281591,-0.12829965,5003,0,9.005917,-0.19293767,1.7095035,5003,0,0,1,1
5690,41559165,-0.15930699,0.07418342,-0.11899577,5003,0,8.983414,-0.45532322,1.5488551,5003,0,0,1,1
5691,41567171,-0.09784011,0.029942796,-0.09786507,8006,0,9.154371,-0.6313582,1.5678129,8006,0,0,1,1
5692,41572174,-0.06257114,-0.009713545,-0.0762641,5003,0,9.231703,-0.76775885,1.3384237,5003,0,0,1,1
5693,41577177,-0.037526213,-0.052083552,-0.06374331,5003,0,9.125881,-0.41989946,1.4133378,5003,0,0,1,1
5694,41585183,-0.01584207,-0.12616569,-0.04614007,8006,0,9.0178585,-0.42616445,1.5706604,8006,0,0,1,1
5695,41595190,0.012894973,-0.2558568,-0.0029018894,5004,0,9.152691,-0.36842614,1.6072779,5004,0,0,1,1
5696,41603070,0.03167929,-0.2846463,0.003667548,7880,0,9.307391,-0.40291837,1.6320534,7880,0,0,1,1
5697,41611200,0.03738421,-0.27960226,-0.012589165,8130,0,9.357927,-0.23291492,1.653869,8130,0,0,1,1
5698,41616204,0.034634307,-0.28732228,-0.030721083,5004,0,9.363379,-0.15893042,1.7818055,5004,0,0,1,1
5699,41621207,0.019121535,-0.29832107,-0.041831553,5003,0,9.401682,-0.038029253,1.659472,5003,0,0,1,1
5700,41629213,0.009950667,-0.3067611,-0.054362427,8006,0,9.47938,-0.03550589,1.5936928,8006,0,0,1,1
5701,41634216,0.017305061,-0.2950852,-0.07207882,5003,0,9.7572365,-0.08591384,1.5289792,5003,0,0,1,1
5702,41639219,0.040232964,-0.26622558,-0.07332982,5003,0,9.980835,-0.08543211,1.4408789,5003,0,0,1,1
5703,41647100,0.048658457,-0.2325081,-0.059255727,7881,0,10.0609865,-0.0033490655,1.4184228,7881,0,0,1,1
5704,41652228,0.053915527,-0.20468616,-0.05926465,5128,0,10.052656,0.08234554,1.441126,5128,0,0,1,1
5705,41657232,0.054331727,-0.16881697,-0.07465969,5004,0,10.052307,0.12693676,1.5833584,5004,0,0,1,1
5706,41665237,0.054530192,-0.11789075,-0.083695054,8005,0,10.132324,0.19749509,1.6464001,8005,0,0,1,1
5707,41670117,0.03978421,-0.061718978,-0.07116646,4880,0,10.168618,0.27200207,1.6061035,4880,0,0,1,1
5708,41675244,0.016429452,-0.027783185,-0.06505756,5127,0,10.077569,0.29660445,1.7099082,5127,0,0,1,1
5709,41683249,-0.017616443,-0.010025307,-0.06746937,8005,0,9.84047,0.27563965,1.695072,8005,0,0,1,1
5710,41693256,-0.07147451,-0.026999272,-0.08167162,5003,0,9.490744,0.05414623,1.7190915,5003,0,0,1,1
5711,41701261,-0.08254341,-0.05710941,-0.07823103,8005,0,9.369992,-0.10957896,1.7190818,8005,0,0,1,1
5712,41709267,-0.07580245,-0.09333369,-0.06889752,8006,0,9.280512,-0.17317557,1.7689158,8006,0,0,1,1
5713,41714270,-0.063603856,-0.13081692,-0.069028914,5003,0,9.162024,-0.17593181,1.6436639,5003,0,0,1,1
5714,41719274,-0.055727176,-0.15356663,-0.07460174,5004,0,9.205843,-0.20513816,1.5723177,5004,0,0,1,1
5715,41727279,-0.038972974,-0.15745564,-0.0837484,8005,0,9.419981,-0.18814057,1.4685929,8005,0,0,1,1
5716,41732282,-0.024042003,-0.14007756,-0.10291164,5003,0,9.564251,-0.13738221,1.3841363,5003,0,0,1,1
5717,41737286,-0.018642217,-0.12631498,-0.1112072,5004,0,9.602798,-0.11295993,1.3273981,5004,0,0,1,1
5718,41745166,-0.009436101,-0.11766469,-0.108303726,7880,0,9.584065,-0.013322534,1.2421052,7880,0,0,1,1
5719,41750169,-0.009528518,-0.12192601,-0.09365089,5003,0,9.525227,0.021832049,1.1344173,5003,0,0,1,1
5720,41755175,-0.0056904177,-0.1320083,-0.07140287,5006,0,9.540453,-0.039933324,1.1902683,5006,0,0,1,1
5721,41763303,0.014926307,-0.14586255,-0.04681633,8128,0,9.579763,-0.11937202,1.2537918,8128,0,0,1,1
5722,41768307,0.038421214,-0.14795348,-0.028450098,5004,0,9.699049,-0.1464895,1.291724,5004,0,0,1,1
5723,41773310,0.04756396,-0.12389135,-0.02623921,5003,0,9.725374,-0.06699127,1.2862093,5003,0,0,1,1
5724,41781316,0.04564431,-0.058554523,-0.04475889,8006,0,9.77175,0.06902778,1.4646212,8006,0,0,1,1
5725,41789321,0.020600539,0.018739104,-0.0796209,8005,0,9.681616,0.2187986,1.491862,8005,0,0,1,1
5726,41799328,-0.038212255,0.0350132,-0.12566648,5004,0,9.245831,0.21216711,1.6063249,5004,0,0,1,1
5727,41807333,-0.056063678,0.015539437,-0.1458926,8005,0,9.286943,0.068789,1.558674,8005,0,0,1,1
5728,41812337,-0.05269141,3.798306e-05,-0.15325874,5004,0,9.456522,-0.058376074,1.443267,5004,0,0,1,1
5729,41817340,-0.037903324,-0.0065926462,-0.15532304,5003,0,9.628185,-0.1043458,1.4346595,5003,0,0,1,1
5730,41825345,-0.023053734,-0.011100054,-0.14629492,8005,0,9.628573,-0.015762148,1.4241517,8005,0,0,1,1
5731,41830349,-0.019706331,-0.03428872,-0.12692763,5004,0,9.442865,0.117478885,1.3684827,5004,0,0,1,1
5732,41835352,-0.018017836,-0.07337208,-0.10553286,5003,0,9.37439,0.16069642,1.3362471,5003,0,0,1,1
5733,41843357,-0.013595342,-0.1439171,-0.06459099,8005,0,9.389146,0.054571923,1.3355647,8005,0,0,1,1
5734,41848361,-0.00013563782,-0.21862331,-0.013782238,5004,0,9.464411,0.07426506,1.2986642,5004,0,0,1,1
5735,41853364,0.017647844,-0.2705601,0.027175495,5003,0,9.570019,0.05959773,1.2750227,5003,0,0,1,1
5736,41861370,0.039951466,-0.3174221,0.07281264,8006,0,9.800352,0.14536273,1.2161034,8006,0,0,1,1
5737,41869375,0.05075376,-0.34244284,0.12214195,8005,0,10.01179,0.2447627,1.1941592,8005,0,0,1,1
5738,41879382,0.04005845,-0.33148593,0.17115878,5004,0,10.133352,0.37234154,1.2086345,5004,0,0,1,1
5739,41887387,0.026775042,-0.27447018,0.17490108,8005,0,10.387519,0.30536544,1.2658306,8005,0,0,1,1
5740,41897394,0.00382578,-0.08031877,0.14815672,5003,0,10.266102,0.34220448,1.2949524,5003,0,0,1,1
5741,41905399,-0.031088827,-0.021425454,0.122952685,8005,0,9.810392,0.3569917,1.2460866,8005,0,0,1,1
5742,41910403,-0.065773375,-0.008863434,0.10363145,5004,0,9.4620285,0.22869995,1.1514194,5004,0,0,1,1
5743,41915406,-0.08276406,-0.019920975,0.098418124,5003,0,9.31526,0.013938963,1.0937213,5003,0,0,1,1
5744,41923412,-0.073757455,-0.032437652,0.094620146,8006,0,9.253727,-0.26654977,1.1057185,8006,0,0,1,1
5745,41931417,-0.03098449,-0.037876014,0.094005555,8005,0,9.25219,-0.3442662,1.0868832,8005,0,0,1,1
5746,41941424,0.0013113804,-0.10754033,0.15006106,5004,0,9.218264,-0.056100253,1.1948798,5004,0,0,1,1
5747,41949429,0.0008564777,-0.17219444,0.21448657,8005,0,9.375076,0.07507422,1.2523668,8005,0,0,1,1
5748,41959436,-0.03478849,-0.25142527,0.3257856,5003,0,9.782368,0.2131274,1.2529336,5003,0,0,1,1
5749,41967441,-0.0675774,-0.27826536,0.37439173,8005,0,9.739148,0.24775542,1.2154182,8005,0,0,1,1
5750,41977448,-0.10223252,-0.32340068,0.43297717,5003,0,9.867846,-0.0021136403,1.3247632,5003,0,0,1,1
5751,41985453,-0.0889687,-0.33400762,0.43808958,8005,0,9.738103,-0.124390416,1.1364027,8005,0,0,1,1
5752,41990457,-0.07130718,-0.33656913,0.43463516,5004,0,9.69689,-0.29946148,1.158105,5004,0,0,1,1
5753,41995460,-0.054298654,-0.3324399,0.43467507,5003,0,9.808462,-0.35764492,1.1732094,5003,0,0,1,1
5754,42003466,-0.031283073,-0.3229811,0.44105434,8006,0,9.692459,-0.2885506,1.0838739,8006,0,0,1,1
5755,42011471,-0.023058176,-0.30213827,0.4216734,8005,0,9.571549,-0.20923792,1.2086836,8005,0,0,1,1
5756,42016474,-0.02887275,-0.2669714,0.39981925,5003,0,9.695688,-0.13499093,1.180631,5003,0,0,1,1
5757,42021478,-0.040243782,-0.23906876,0.39756122,5004,0,9.870468,-0.07992458,1.2285167,5004,0,0,1,1
5758,42029483,-0.062151987,-0.21906509,0.4287373,8005,0,10.062662,0.040500697,1.4019973,8005,0,0,1,1
5759,42039490,-0.11786465,-0.20872003,0.5293274,5128,0,10.273539,0.2848043,1.5346736,5128,0,0,1,1
5760,42047495,-0.17858404,-0.20585035,0.585271,8005,0,10.322138,0.32197535,1.3388624,8005,0,0,1,1
5761,42057502,-0.2601526,-0.19948682,0.6467062,5003,0,10.260965,-0.07847756,1.1150342,5003,0,0,1,1
5762,42065508,-0.2646344,-0.19973232,0.6925607,8006,0,10.110178,-0.34875602,1.0432276,8006,0,0,1,1
5763,42075514,-0.23742396,-0.27020952,0.77707344,5124,0,9.675234,-0.614987,0.86308575,5124,0,0,1,1
5764,42083520,-0.20369005,-0.3435309,0.8220527,8006,0,9.629168,-0.7162092,0.96401125,8006,0,0,1,1
5765,42091525,-0.17303444,-0.45072797,0.9054584,8005,0,9.6900625,-0.6795531,1.1402886,8005,0,0,1,1
5766,42096529,-0.17222866,-0.5258873,0.98519117,5004,0,9.8656845,-0.51877975,1.2067232,5004,0,0,1,1
5767,42101532,-0.18797426,-0.56061405,1.0499256,5003,0,10.087154,-0.3868522,1.3077619,5003,0,0,1,1
5768,42109537,-0.22135894,-0.58042055,1.1326025,8005,0,10.38408,-0.27628794,1.387934,8005,0,0,1,1
5769,42114541,-0.26301152,-0.58415586,1.1895581,5004,0,10.591515,-0.2562973,1.3355806,5004,0,0,1,1
5770,42119544,-0.26185304,-0.5743072,1.2311504,5003,0,10.693102,-0.25182503,1.5581719,5003,0,0,1,1
5771,42127550,-0.3874719,-0.542774,1.2607739,8006,0,10.901688,-0.12876987,1.143429,8006,0,0,1,1
5772,42137556,-0.498255,-0.40185934,1.3124002,5003,0,11.213863,-0.4043302,0.9424128,5003,0,0,1,1
5773,42145562,-0.51751447,-0.3012631,1.327309,8006,0,11.032021,-0.6363025,0.8344281,8006,0,0,1,1
5774,42153567,-0.53836274,-0.20017762,1.3480269,8005,0,10.736491,-0.8905335,0.72250324,8005,0,0,1,1
5775,42158571,-0.5521257,-0.13742018,1.3532104,5004,0,10.444361,-1.177423,0.64001584,5004,0,0,1,1
5776,42163574,-0.5435884,-0.09730995,1.3516127,5003,0,10.22217,-1.3620256,0.6613284,5003,0,0,1,1
5777,42171579,-0.5233309,-0.06664386,1.3609694,8005,0,9.926055,-1.4476391,0.6838949,8005,0,0,1,1
5778,42176583,-0.509773,-0.07346087,1.388036,5004,0,9.706232,-1.4762194,0.6843084,5004,0,0,1,1
5779,42181586,-0.52660894,-0.101368785,1.4240701,5003,0,9.75124,-1.6119918,0.6902863,5003,0,0,1,1
5780,42189592,-0.54688025,-0.15493385,1.4815736,8006,0,9.7767105,-1.5203629,0.8888928,8006,0,0,1,1
5781,42194595,-0.5740367,-0.20618935,1.556846,5003,0,9.987797,-1.4913015,1.0027494,5003,0,0,1,1
5782,42199473,-0.59860164,-0.22555695,1.6241574,4878,0,10.28181,-1.4889901,1.042817,4878,0,0,1,1
5783,42207604,-0.6358762,-0.21753895,1.7104771,8131,0,10.551323,-1.5158403,0.8798492,8131,0,0,1,1
5784,42212607,-0.6703342,-0.19332007,1.7500064,5003,0,10.581547,-1.7350414,0.8497513,5003,0,0,1,1
5785,42217610,-0.66999054,-0.18654764,1.7541286,5003,0,10.449408,-1.9141085,0.7867929,5003,0,0,1,1
5786,42225616,-0.65638834,-0.19337898,1.7754333,8006,0,10.049219,-2.0871832,0.7009447,8006,0,0,1,1
5787,42233621,-0.64529353,-0.25162986,1.8476254,8005,0,9.5678215,-2.2802217,0.63720685,8005,0,0,1,1
5788,42243628,-0.6441599,-0.42150694,1.9890134,5003,0,9.496981,-2.3656657,0.7647667,5003,0,0,1,1
5789,42251634,-0.65955734,-0.4935574,2.0647628,8006,0,9.714758,-2.3272097,0.48502484,8006,0,0,1,1
5790,42256637,-0.6919681,-0.5173662,2.1159258,5003,0,9.876938,-2.3043792,0.28878093,5003,0,0,1,1
5791,42261640,-0.7142159,-0.5036806,2.147037,5003,0,10.023933,-2.480101,0.3785635,5003,0,0,1,1
5792,42269646,-0.7353692,-0.45111287,2.1794841,8006,0,10.165609,-2.6202004,0.3974938,8006,0,0,1,1
5793,42274649,-0.7525693,-0.38431942,2.1963732,5003,0,9.936058,-2.6848161,0.31775635,5003,0,0,1,1
5794,42279653,-0.77325976,-0.33847216,2.1923606,5004,0,9.668629,-2.7963924,0.2636513,5004,0,0,1,1
5795,42287658,-0.78530926,-0.29933092,2.1587567,8005,0,9.374621,-3.143197,0.23034203,8005,0,0,1,1
5796,42292661,-0.76999414,-0.28463495,2.10332,5003,0,8.966677,-3.37769,0.15016845,5003,0,0,1,1
5797,42297665,-0.74240804,-0.29429305,2.074177,5004,0,8.559469,-3.5305648,0.1063225,5004,0,0,1,1
5798,42305670,-0.69579744,-0.3386586,2.0721152,8005,0,8.28889,-3.7521894,0.14037031,8005,0,0,1,1
5799,42313676,-0.6419562,-0.44651026,2.1253753,8006,0,8.495025,-3.7600057,0.10745224,8006,0,0,1,1
5800,42323682,-0.55092955,-0.5972886,2.334926,5003,0,8.929779,-3.4906938,0.1657212,5003,0,0,1,1
5801,42331688,-0.5137056,-0.6155342,2.5044174,8006,0,9.302338,-3.3417685,-0.0069648027,8006,0,0,1,1
5802,42341695,-0.5609124,-0.60743123,2.6623077,5004,0,9.047819,-3.5948486,0.13508499,5004,0,0,1,1
5803,42349700,-0.6552653,-0.6334468,2.6535337,8005,0,8.575253,-3.588805,0.08877952,8005,0,0,1,1
5804,42354703,-0.74121976,-0.68135273,2.6300528,5003,0,8.030542,-3.6994672,0.07594485,5003,0,0,1,1
5805,42359582,-0.7857221,-0.7269835,2.6206338,4879,0,7.7786226,-3.9937255,0.09774528,4879,0,0,1,1
5806,42367712,-0.8139911,-0.7862964,2.617915,8130,0,7.757865,-4.406315,0.053677358,8130,0,0,1,1
5807,42372716,-0.81018126,-0.83331734,2.6204557,5004,0,7.805945,-4.6775975,-0.05471389,5004,0,0,1,1
5808,42377719,-0.7944755,-0.84533197,2.619491,5003,0,7.818647,-4.750053,-0.01838158,5003,0,0,1,1
5809,42385724,-0.7690317,-0.818335,2.6144593,8005,0,7.7274284,-4.657373,-0.1555647,8005,0,0,1,1
5810,42390728,-0.71866894,-0.74343556,2.6261396,5004,0,7.7092204,-4.245181,-0.7404358,5004,0,0,1,1
5811,42395731,-0.7052865,-0.68399173,2.6341193,5003,0,7.757866,-5.556426,-0.7812149,5003,0,0,1,1
5812,42403612,-0.69799954,-0.669052,2.6208632,7881,0,7.314382,-5.031507,-0.6849497,7881,0,0,1,1
5813,42411742,-0.7164237,-0.70190066,2.6123343,8130,0,6.864994,-4.873964,-0.9920852,8130,0,0,1,1
5814,42421749,-0.796556,-0.68899876,2.5869544,5003,0,6.6114497,-5.105373,-1.1903809,5003,0,0,1,1
5815,42429754,-0.8343182,-0.67974687,2.5585558,8005,0,6.533314,-5.4278436,-1.3460947,8005,0,0,1,1
5816,42439761,-0.7680626,-0.61189735,2.5519884,5003,0,6.47325,-5.8681083,-1.7764452,5003,0,0,1,1
5817,42447766,-0.6882329,-0.5741878,2.566231,8005,0,6.286925,-6.2302027,-1.5930934,8005,0,0,1,1
5818,42452771,-0.5770679,-0.5693593,2.6070123,5005,0,5.9320173,-6.2960114,-1.6369048,5005,0,0,1,1
5819,42457648,-0.49318314,-0.59194654,2.6456006,4877,0,5.706233,-6.5186276,-1.8983704,4877,0,0,1,1
5820,42465779,-0.42465824,-0.69486,2.6964025,8131,0,5.337144,-6.539835,-1.6309443,8131,0,0,1,1
5821,42470782,-0.39193407,-0.8662185,2.7688127,5003,0,5.084454,-6.3381214,-1.1912894,5003,0,0,1,1
5822,42475786,-0.40465096,-0.9833907,2.8285918,5004,0,4.9879684,-6.1576047,-1.0452478,5004,0,0,1,1
5823,42483791,-0.45635128,-1.0751029,2.8495748,8005,0,4.7529087,-6.1085486,-0.85332793,8005,0,0,1,1
5824,42491674,-0.5330192,-1.1377721,2.785292,7883,0,4.4596453,-5.948338,-0.6855821,7883,0,0,1,1
5825,42501803,-0.6061983,-1.0700675,2.663582,5003,0,4.23763,-5.9440284,-0.86565447,5003,0,0,1,1
5826,42509808,-0.7068207,-1.0221102,2.591821,8005,0,4.030516,-6.610861,-1.437759,8005,0,0,1,1
5827,42519815,-0.7800227,-1.0209513,2.4873056,5128,0,3.3410757,-6.6580467,-2.078257,5128,0,0,1,1
5828,42527821,-0.786663,-1.0484258,2.4345758,8006,0,3.1452205,-7.20464,-2.2115939,8006,0,0,1,1
5829,42537827,-0.7029393,-1.1227798,2.4094167,5003,0,3.0965629,-7.580712,-2.4630914,5003,0,0,1,1
5830,42545833,-0.6131444,-1.1029416,2.4025178,8006,0,3.0566285,-7.8548226,-2.7718422,8006,0,0,1,1
5831,42550836,-0.51356447,-1.0766184,2.3719177,5003,0,3.0862648,-7.9657,-2.819361,5003,0,0,1,1
5832,42555840,-0.44120967,-1.0818527,2.3532195,5004,0,3.093211,-7.844328,-2.8483238,5004,0,0,1,1
5833,42563845,-0.36358887,-1.050388,2.3185012,8005,0,3.3183055,-7.7773957,-3.2359781,8005,0,0,1,1
5834,42568848,-0.31046048,-0.96128273,2.290585,5003,0,3.5841403,-7.9789886,-3.3295584,5003,0,0,1,1
5835,42573852,-0.2631081,-0.86496174,2.2562778,5004,0,3.4683776,-7.8907776,-3.1456869,5004,0,0,1,1
5836,42581857,-0.18525678,-0.8083642,2.23163,8005,0,3.3037903,-8.0768175,-2.8517885,8005,0,0,1,1
5837,42589863,-0.08608915,-0.82672644,2.2540634,8006,0,2.9738817,-7.9305434,-2.6364217,8006,0,0,1,1
5838,42599869,-0.05723566,-0.86293316,2.276973,5003,0,2.3563018,-8.013822,-2.6973283,5003,0,0,1,1
5839,42607875,-0.11942762,-0.8873913,2.2238483,8006,0,2.2945862,-7.8358192,-2.638549,8006,0,0,1,1
5840,42617881,-0.26080126,-0.8887322,2.085228,5003,0,2.0004787,-7.775857,-2.5202937,5003,0,0,1,1
5841,42625762,-0.37261033,-0.84645253,1.9651802,7881,0,2.0658016,-7.6864567,-2.2882187,7881,0,0,1,1
5842,42635771,-0.5443819,-0.7132586,1.7886826,5006,0,2.272454,-7.7732067,-2.4226108,5006,0,0,1,1
5843,42643900,-0.59199375,-0.638572,1.7062144,8129,0,2.4198165,-7.8661623,-2.753711,8129,0,0,1,1
5844,42651905,-0.63518447,-0.561386,1.62426,8005,0,2.311279,-8.182093,-3.1425068,8005,0,0,1,1
5845,42656908,-0.6518024,-0.52252436,1.5736647,5003,0,2.2145312,-8.346144,-3.3108947,5003,0,0,1,1
5846,42661912,-0.647634,-0.510978,1.5509578,5004,0,2.2099948,-8.469919,-3.3259645,5004,0,0,1,1
5847,42669917,-0.64017916,-0.49642128,1.5503831,8005,0,2.1923208,-8.485401,-3.4363837,8005,0,0,1,1
5848,42679924,-0.62282646,-0.4196498,1.5224735,5004,0,1.937749,-8.832892,-3.7200654,5004,0,0,1,1
5849,42687929,-0.6382365,-0.3870199,1.4367834,8005,0,1.3872188,-8.958255,-3.6939626,8005,0,0,1,1
5850,42697936,-0.65077746,-0.36507988,1.257644,5004,0,0.42367142,-9.410844,-4.101698,5004,0,0,1,1
5851,42705941,-0.60639805,-0.40195313,1.2000248,8005,0,0.36659706,-9.80865,-4.346769,8005,0,0,1,1
5852,42713947,-0.4876785,-0.38845864,1.0975131,8006,0,0.26902744,-10.493253,-4.927232,8006,0,0,1,1
5853,42718950,-0.3231217,-0.3492665,0.99934053,5003,0,-0.0031090826,-10.843328,-5.1825366,5003,0,0,1,1
5854,42723953,-0.19874427,-0.36046335,0.9514134,5003,0,-0.42937246,-10.904112,-5.3596168,5003,0,0,1,1
5855,42731959,-0.07479933,-0.4238035,0.9376368,8006,0,-0.79027027,-10.7672,-5.2503853,8006,0,0,1,1
5856,42736962,0.008679949,-0.49445152,0.93904275,5003,0,-0.81699306,-10.671153,-5.4412613,5003,0,0,1,1
5857,42741965,0.04491444,-0.52567315,0.92201036,5003,0,-0.59891313,-10.53158,-5.326804,5003,0,0,1,1
5858,42749971,0.09678236,-0.5009601,0.8957321,8006,0,-0.09502238,-10.301116,-5.473997,8006,0,0,1,1
5859,42754974,0.13808043,-0.41865098,0.87000746,5003,0,0.44290298,-10.699212,-5.0912585,5003,0,0,1,1
5860,42759978,0.17758882,-0.34059253,0.81124705,5004,0,0.48361826,-10.172637,-4.880159,5004,0,0,1,1
5861,42767983,0.16464382,-0.22971116,0.69005007,8005,0,0.28309208,-9.978619,-4.65262,8005,0,0,1,1
5862,42777990,0.080595285,-0.044661913,0.4605021,5004,0,-0.0101587325,-9.734538,-3.9058502,5004,0,0,1,1
5863,42785996,0.01022438,0.0029078722,0.33679143,8006,0,-0.33717442,-9.696559,-3.7811632,8006,0,0,1,1
5864,42793876,-0.06323818,0.060162015,0.18516083,7880,0,-0.39899275,-9.970438,-4.2130766,7880,0,0,1,1
5865,42799004,-0.057520464,0.10184504,0.0876272,5128,0,-0.29344812,-10.574004,-4.6097703,5128,0,0,1,1
5866,42804007,0.010764353,0.088398054,0.06488046,5003,0,-0.27600765,-10.832313,-4.7544503,5003,0,0,1,1
5867,42812013,0.11125603,0.009033665,0.090146996,8006,0,-0.129901,-10.83994,-4.89609,8006,0,0,1,1
5868,42817016,0.19260462,-0.056756422,0.108993374,5003,0,0.09229937,-10.74873,-4.79722,5003,0,0,1,1
5869,42822020,0.2469273,-0.070412286,0.10298898,5004,0,0.18281302,-10.716887,-4.718922,5004,0,0,1,1
5870,42830025,0.31324014,-0.07680065,0.09688146,8005,0,0.29791984,-10.436357,-4.5661335,8005,0,0,1,1
5871,42835028,0.35577083,-0.07317517,0.13128023,5003,0,0.5716195,-9.9081335,-4.095961,5003,0,0,1,1
5872,42840032,0.34208676,-0.046155185,0.15436117,5004,0,0.7622126,-9.739809,-4.134959,5004,0,0,1,1
5873,42848037,0.29352844,0.005735069,0.12985884,8005,0,0.8056333,-9.588521,-4.0343304,8005,0,0,1,1
5874,42853040,0.2534116,0.055431526,0.09980726,5003,0,0.83140063,-9.604534,-3.8608458,5003,0,0,1,1
5875,42858044,0.22913982,0.08770266,0.08390716,5004,0,0.7461471,-9.59317,-3.7625377,5004,0,0,1,1
5876,42866049,0.2291484,0.09168332,0.080701984,8005,0,0.24097611,-9.673315,-3.579752,8005,0,0,1,1
5877,42874055,0.18573269,0.08390427,0.04347643,8006,0,0.18817931,-9.514639,-3.754003,8006,0,0,1,1
5878,42884062,0.14067325,0.041570857,0.029447261,5004,0,0.037249714,-9.37804,-3.2627645,5004,0,0,1,1
5879,42892067,0.11522103,0.028619913,0.01114018,8005,0,0.3380198,-9.30105,-3.1892405,8005,0,0,1,1
5880,42897070,0.07842894,0.037908703,-0.00986542,5003,0,0.6101706,-9.363915,-3.2524714,5003,0,0,1,1
5881,42902074,0.08099261,0.060486376,-0.022691596,5004,0,0.7270179,-9.4221,-3.3817627,5004,0,0,1,1
5882,42910079,0.099429846,0.07898473,-0.021380937,8005,0,0.85561484,-9.427526,-3.4517972,8005,0,0,1,1
5883,42915083,0.10306831,0.07765634,0.004969093,5004,0,0.96446246,-9.287098,-3.493741,5004,0,0,1,1
5884,42920086,0.105309136,0.08910896,0.030234361,5003,0,1.1653994,-9.251148,-3.4914186,5003,0,0,1,1
5885,42928091,0.10459656,0.14216292,0.044662263,8005,0,1.2521573,-9.152035,-3.4196243,8005,0,0,1,1
5886,42933095,0.091049865,0.19654706,0.027432423,5004,0,0.92118835,-9.013168,-3.2455342,5004,0,0,1,1
5887,42938098,0.066449165,0.2119668,0.003005113,5003,0,0.61352617,-8.9173975,-3.1533647,5003,0,0,1,1
5888,42946103,0.028543688,0.21934676,-0.012950565,8005,0,0.37603527,-8.986831,-3.0630295,8005,0,0,1,1
5889,42954109,-0.011720464,0.21511468,-0.023844179,8006,0,0.21815991,-9.128236,-3.1504223,8006,0,0,1,1
5890,42964116,-0.028136946,0.18822797,-0.03214789,5004,0,0.10440697,-9.312566,-3.229329,5004,0,0,1,1
5891,42972121,-0.040071476,0.1517885,-0.03216705,8005,0,0.072109856,-9.244357,-3.1827419,8005,0,0,1,1
5892,42982128,-0.0722329,0.09601238,-0.050746124,5004,0,0.30204177,-9.363437,-3.2330804,5004,0,0,1,1
5893,42990133,-0.04755998,0.08542993,-0.05558088,8005,0,0.5305933,-9.470608,-3.335818,8005,0,0,1,1
5894,42995137,-0.013097182,0.070938885,-0.055042136,5004,0,0.667398,-9.496318,-3.5893397,5004,0,0,1,1
5895,43000140,0.005504418,0.04361452,-0.054429926,5003,0,0.6827199,-9.602615,-3.8108103,5003,0,0,1,1
5896,43008145,0.0671059,0.010110408,-0.046435166,8005,0,0.8613098,-9.956851,-4.016648,8005,0,0,1,1
5897,43013149,0.1619017,-0.011507541,-0.0075536105,5004,0,1.0554994,-10.0467415,-4.073214,5004,0,0,1,1
5898,43018152,0.2184787,-0.026614076,0.040807962,5003,0,1.04114,-9.808295,-3.9657187,5003,0,0,1,1
5899,43026158,0.24727385,-0.055901133,0.101583995,8006,0,1.0417565,-9.514597,-3.5571399,8006,0,0,1,1
5900,43034163,0.21640405,-0.071544096,0.121272594,8005,0,0.8960131,-9.1412525,-3.286886,8005,0,0,1,1
5901,43044170,0.11734748,-0.027836874,0.07913681,5003,0,0.8074522,-8.975098,-2.8696373,5003,0,0,1,1
5902,43052175,0.055672403,0.022134423,0.031064333,8005,0,0.6222577,-8.96001,-2.7365127,8005,0,0,1,1
5903,43062182,-0.0624801,0.11058593,-0.07904804,5003,0,0.34735146,-9.005265,-2.7603235,5003,0,0,1,1
5904,43070187,-0.13549851,0.14633135,-0.14648528,8005,0,0.20394318,-9.081399,-2.7959282,8005,0,0,1,1
5905,43080194,-0.24209243,0.18576671,-0.25918415,5003,0,0.09661591,-9.195607,-2.8588662,5003,0,0,1,1
5906,43088200,-0.2706821,0.19135031,-0.29745615,8006,0,0.27891076,-9.208739,-2.9196813,8006,0,0,1,1
5907,43093203,-0.28997076,0.19460677,-0.29664132,5003,0,0.6394015,-9.244934,-3.008747,5003,0,0,1,1
5908,43098206,-0.30192122,0.21036199,-0.2924705,5003,0,0.8795139,-9.251873,-3.043939,5003,0,0,1,1
5909,43106212,-0.30166462,0.21902804,-0.26719236,8006,0,1.2795331,-9.006886,-3.3648472,8006,0,0,1,1
5910,43111215,-0.30665737,0.19875257,-0.203616,5003,0,1.8249933,-8.998084,-3.6144774,5003,0,0,1,1
5911,43116219,-0.30281314,0.1799588,-0.1271517,5004,0,2.1386368,-9.095531,-3.7025814,5004,0,0,1,1
5912,43124224,-0.27878118,0.157998,-0.015817437,8005,0,2.0438778,-9.259176,-3.6744478,8005,0,0,1,1
5913,43132229,-0.22707103,0.14592028,0.08171796,8005,0,1.577928,-9.202775,-3.4993784,8005,0,0,1,1
5914,43142236,-0.17464465,0.13351251,0.14690419,5003,0,0.6662418,-9.212589,-2.7082872,5003,0,0,1,1
5915,43150242,-0.25476807,0.07486544,0.13904412,8006,0,0.053393602,-8.596421,-2.4205973,8006,0,0,1,1
5916,43160248,-0.5358925,-0.02362737,0.10581134,5003,0,-0.46280438,-7.9918265,-1.5997163,5003,0,0,1,1
5917,43168254,-0.73096913,-0.07845095,0.044721972,8006,0,-0.5849414,-7.8436036,-1.3273995,8006,0,0,1,1
5918,43178261,-1.0172284,-0.11455793,-0.10455907,5004,0,0.072698876,-8.08927,-1.7855539,5004,0,0,1,1
5919,43186266,-1.1013948,-0.0955027,-0.2040154,8005,0,0.44546133,-8.367322,-2.8680887,8005,0,0,1,1
5920,43191269,-1.1342372,-0.11342286,-0.22466172,5003,0,0.6487242,-8.710529,-3.4238806,5003,0,0,1,1
5921,43196273,-1.1250374,-0.1621269,-0.16970345,5004,0,1.0566982,-8.764414,-3.9036841,5004,0,0,1,1
5922,43204278,-1.083461,-0.2406374,-0.05557545,8005,0,1.7230688,-8.980565,-3.8565514,8005,0,0,1,1
5923,43212284,-0.95104706,-0.27803695,0.06885171,8006,0,2.1601508,-9.063135,-4.2647853,8006,0,0,1,1
5924,43217287,-0.83385766,-0.1901648,0.12588051,5003,0,2.6323445,-8.818522,-3.9544044,5003,0,0,1,1
5925,43222165,-0.77188224,-0.08462157,0.17557748,4878,0,2.5886505,-8.851324,-3.537504,4878,0,0,1,1
5926,43230171,-0.7328994,0.015360608,0.17287613,8006,0,2.0705154,-8.244928,-2.9476562,8006,0,0,1,1
5927,43240303,-0.86579156,0.06292492,0.1405688,5003,0,0.90201235,-7.06427,-1.8844125,5003,0,0,1,1
5928,43248308,-1.0531614,0.0354889,0.17516802,8005,0,0.2628872,-6.576761,-1.5943345,8005,0,0,1,1
5929,43258315,-1.4130409,-0.08920453,0.16695273,5004,0,-0.74347913,-7.0466056,-1.33211,5004,0,0,1,1
5930,43266320,-1.6424701,-0.14193106,0.017256431,8005,0,-0.7096363,-6.6545496,-1.9810882,8005,0,0,1,1
5931,43276202,-1.936534,-0.19224095,-0.087114856,4878,0,0.2141908,-6.4437256,-2.5296283,4878,0,0,1,1
5932,43284332,-2.0672011,-0.2593339,-0.06945332,8130,0,0.6274359,-6.6189566,-2.793512,8130,0,0,1,1
5933,43289336,-2.1596227,-0.3569177,-0.05648311,5004,0,0.5721275,-6.9963055,-3.550742,5004,0,0,1,1
5934,43294339,-2.169743,-0.42650592,-0.07270341,5003,0,0.33940005,-7.1724906,-3.843837,5003,0,0,1,1
5935,43302345,-2.127599,-0.50981486,-0.07655925,8006,0,-0.11567859,-7.322131,-3.9095297,8006,0,0,1,1
5936,43310350,-2.0476646,-0.6608371,-0.059506416,8005,0,-0.6370372,-7.3864436,-3.8869436,8005,0,0,1,1
5937,43320357,-2.0551755,-0.88524765,-0.0050223125,5004,0,-1.0913713,-6.994168,-3.5067542,5004,0,0,1,1
5938,43328362,-2.1741462,-0.9608558,-0.036466785,8005,0,-0.8414817,-6.6988482,-3.3171024,8005,0,0,1,1
5939,43338369,-2.417571,-0.9223533,-0.11096402,5003,0,0.31475866,-5.9088397,-3.527585,5003,0,0,1,1
5940,43346374,-2.5640688,-0.76264346,-0.17901617,8005,0,1.319663,-5.7017674,-3.988238,8005,0,0,1,1
5941,43356381,-2.739299,-0.39735356,-0.3227028,5003,0,2.1640759,-5.55882,-4.993448,5003,0,0,1,1
5942,43364387,-2.7649677,-0.28779146,-0.30722737,8006,0,1.8449051,-5.731216,-5.7288833,8006,0,0,1,1
5943,43372392,-2.7846668,-0.24082805,-0.20371167,8005,0,1.1743268,-5.831278,-6.626077,8005,0,0,1,1
5944,43377396,-2.7850456,-0.27542257,-0.13016273,5004,0,0.5083807,-6.3024797,-7.177768,5004,0,0,1,1
5945,43382399,-2.7549691,-0.33892366,-0.11463957,5003,0,-0.043449678,-6.683861,-7.4385138,5003,0,0,1,1
5946,43390404,-2.650971,-0.4662309,-0.11413396,8005,0,-0.4897581,-6.8941503,-7.5754952,8005,0,0,1,1
5947,43395408,-2.5190117,-0.5732866,-0.12656535,5004,0,-0.35228893,-6.7937484,-7.9958625,5004,0,0,1,1
5948,43400411,-2.4282112,-0.61698383,-0.14909717,5003,0,0.017859697,-6.748487,-8.222843,5003,0,0,1,1
5949,43408416,-2.3125932,-0.68750316,-0.16158326,8005,0,0.30073562,-6.50809,-8.157151,8005,0,0,1,1
5950,43418423,-2.2150283,-0.6821258,-0.22693664,5003,0,0.69516134,-5.803959,-6.9488745,5003,0,0,1,1
5951,43426429,-2.2525203,-0.6486561,-0.24479324,8006,0,0.22833031,-5.2939916,-6.0454993,8006,0,0,1,1
5952,43436435,-2.5474095,-0.6156453,-0.35900944,5003,0,-0.85672766,-4.174264,-4.6052265,5003,0,0,1,1
5953,43444441,-2.774297,-0.54575664,-0.4229787,8006,0,-1.1996536,-3.6930954,-4.405135,8006,0,0,1,1
5954,43452446,-3.0606933,-0.4088301,-0.48071885,8005,0,-0.9328439,-3.1599476,-5.560798,8005,0,0,1,1
5955,43457450,-3.2932472,-0.38754267,-0.5488344,5004,0,-0.2974644,-3.2582254,-7.3865376,5004,0,0,1,1
5956,43462453,-3.432975,-0.45842755,-0.57089716,5003,0,0.32337692,-3.5589504,-8.654556,5003,0,0,1,1
5957,43470458,-3.5704448,-0.6430116,-0.47588927,8005,0,0.6267017,-3.726661,-9.835135,8005,0,0,1,1
5958,43475462,-3.5863364,-0.8352517,-0.4077902,5004,0,0.3985932,-4.0773406,-11.088961,5004,0,0,1,1
5959,43480465,-3.517987,-0.8819362,-0.44916335,5003,0,0.61996865,-4.445388,-12.380104,5003,0,0,1,1
5960,43488470,-3.3006558,-0.8712101,-0.46082002,8005,0,0.71885043,-5.5542283,-12.3576355,8005,0,0,1,1
5961,43493474,-2.994429,-0.84140575,-0.4424076,5004,0,0.47443247,-6.2138624,-12.259943,5004,0,0,1,1
5962,43498477,-2.712236,-0.81787795,-0.38984156,5003,0,0.27212983,-6.3903255,-11.970499,5003,0,0,1,1
5963,43506483,-2.3502173,-0.7688088,-0.2580697,8006,0,0.043079346,-6.0874515,-11.467581,8006,0,0,1,1
5964,43516489,-2.0085347,-0.71637005,-0.07361951,5003,0,-0.45755705,-4.757877,-9.75671,5003,0,0,1,1
5965,43524495,-2.0267794,-0.6595224,-0.13271822,8006,0,0.17443568,-3.5839343,-10.434036,8006,0,0,1,1
5966,43532500,-2.073984,-0.59098965,-0.14590709,8005,0,0.35747576,-3.0679107,-9.980331,8005,0,0,1,1
5967,43537504,-2.1114974,-0.6316201,-0.06841511,5004,0,0.14809783,-3.0733912,-10.18009,5004,0,0,1,1
5968,43542507,-2.1221483,-0.69618154,0.03404737,5003,0,0.13154192,-3.578277,-10.806826,5003,0,0,1,1
5969,43550390,-2.082838,-0.74339885,0.14356859,7883,0,0.46074402,-4.3648286,-11.768177,7883,0,0,1,1
5970,43555516,-1.9416534,-0.72095126,0.19996502,5126,0,0.7808319,-5.230405,-12.7426405,5126,0,0,1,1
5971,43560520,-1.740366,-0.66061795,0.20185752,5004,0,0.64249504,-5.7731147,-12.609511,5004,0,0,1,1
5972,43568525,-1.4060954,-0.5644168,0.18734801,8005,0,0.8285285,-5.870174,-12.688904,8005,0,0,1,1
5973,43573528,-1.096706,-0.4714369,0.20363006,5003,0,0.87807643,-5.523882,-12.280794,5003,0,0,1,1
5974,43578532,-0.93465316,-0.42384404,0.25123057,5004,0,0.71719754,-4.679898,-11.710474,5004,0,0,1,1
5975,43586537,-0.8545336,-0.39268604,0.34135872,8005,0,0.28142545,-3.6194375,-10.677884,8005,0,0,1,1
5976,43594542,-0.9167536,-0.34629402,0.36724645,8005,0,-0.22086893,-2.620363,-9.710704,8005,0,0,1,1
5977,43604549,-1.1456608,-0.1793447,0.12527907,5003,0,-0.86082816,-2.0074995,-8.571915,5003,0,0,1,1
5978,43612555,-1.3018895,-0.08699599,0.003630488,8006,0,-1.1231983,-1.852708,-8.208476,8006,0,0,1,1
5979,43622561,-1.5709401,-0.005799234,-0.08907379,5003,0,-1.5338095,-1.6332955,-8.7837715,5003,0,0,1,1
5980,43630567,-1.6879566,0.00464198,-0.09759685,8006,0,-1.7560606,-1.8510036,-10.157303,8006,0,0,1,1
5981,43635570,-1.7273157,-0.0059854835,-0.15619016,5003,0,-1.5980123,-2.3910797,-11.892492,5003,0,0,1,1
5982,43640574,-1.6715562,-0.083223894,-0.18678975,5004,0,-1.5922439,-3.2101407,-12.701001,5004,0,0,1,1
5983,43648579,-1.4969727,-0.27870905,-0.19500197,8005,0,-1.3118676,-4.088187,-13.802251,8005,0,0,1,1
5984,43653582,-1.278667,-0.4807709,-0.13763039,5003,0,-0.65160275,-4.668409,-13.974653,5003,0,0,1,1
5985,43658586,-1.0398641,-0.53933376,-0.050715722,5004,0,0.06884396,-4.7332935,-14.344795,5004,0,0,1,1
5986,43666591,-0.6795965,-0.48572865,0.0631115,8005,0,0.4517378,-4.6718836,-14.014869,8005,0,0,1,1
5987,43674597,-0.30080995,-0.33384925,0.13436393,8006,0,0.6333999,-4.260663,-13.0613575,8006,0,0,1,1
5988,43684603,-0.04251735,-0.11511734,0.15127097,5003,0,0.37292033,-2.6570706,-11.597723,5003,0,0,1,1
5989,43692609,-0.027881823,-0.006985575,0.1228846,8006,0,0.03859025,-1.8919152,-10.9628525,8006,0,0,1,1
5990,43702615,-0.1646106,0.12819298,0.050990533,5003,0,-0.73008573,-1.3603406,-10.255518,5003,0,0,1,1
5991,43710621,-0.2552698,0.15305232,0.027786557,8006,0,-0.94242686,-1.4857888,-10.284992,8006,0,0,1,1
5992,43720628,-0.3529958,0.12680517,0.0161393,5004,0,-1.2905798,-2.0192275,-10.631407,5004,0,0,1,1
5993,43728633,-0.3599044,0.0624876,0.006255116,8005,0,-1.3832648,-2.4126549,-10.942052,8005,0,0,1,1
5994,43733636,-0.32966936,-0.0102145225,-0.017284967,5003,0,-1.3035114,-2.728617,-11.258919,5003,0,0,1,1
5995,43738640,-0.27832162,-0.06078259,-0.027646424,5004,0,-1.2446095,-2.8888,-11.358292,5004,0,0,1,1
5996,43746645,-0.20028642,-0.12918036,-0.024704037,8005,0,-1.1477389,-2.9393728,-11.390373,8005,0,0,1,1
5997,43754651,-0.10906668,-0.21856236,-0.014537901,8006,0,-1.0213476,-2.9516628,-11.147281,8006,0,0,1,1
5998,43759654,-0.04851532,-0.26651764,-0.0044190697,5003,0,-0.9027168,-2.7788985,-10.8954735,5003,0,0,1,1
5999,43764658,-0.02606552,-0.27664334,-0.0023695892,5004,0,-0.8890711,-2.6251972,-10.593809,5004,0,0,1,1
6000,43772663,-0.017358785,-0.2996245,0.017898638,8005,0,-0.95137966,-2.364824,-10.336581,8005,0,0,1,1
6001,43782545,-0.10821793,-0.23782271,0.053528562,4879,0,-0.33503434,-1.747639,-9.554151,4879,0,0,1,1
6002,43790675,-0.18505517,-0.19053651,0.08262047,8130,0,-0.29799098,-1.543198,-9.558994,8130,0,0,1,1
6003,43800682,-0.31984347,-0.09790911,0.11786638,5003,0,-0.0111190975,-1.8353575,-9.747713,5003,0,0,1,1
6004,43808687,-0.35675174,-0.02904698,0.1293844,8005,0,-0.0049183886,-2.1196,-9.950089,8005,0,0,1,1
6005,43818694,-0.3095527,0.051855873,0.10757023,5003,0,-0.3319658,-2.5923886,-10.201174,5003,0,0,1,1
6006,43826700,-0.28636056,0.07036084,0.060116224,8006,0,-0.2943545,-2.4667084,-10.722815,8006,0,0,1,1
6007,43834705,-0.21413407,0.08251316,0.01926996,8005,0,-0.65333897,-2.5981987,-10.25805,8005,0,0,1,1
6008,43839708,-0.16803257,0.056426138,-0.0069228257,5003,0,-0.91252077,-2.413789,-10.111065,5003,0,0,1,1
6009,43844712,-0.16755262,0.0262855,-0.025200775,5004,0,-1.0675292,-2.285708,-10.015497,5004,0,0,1,1
6010,43852718,-0.18102087,-0.0004917085,-0.051148597,8006,0,-1.1816534,-2.0942335,-9.813517,8006,0,0,1,1
6011,43857721,-0.20744461,-0.030410849,-0.08095296,5003,0,-1.2604151,-1.9801955,-9.559271,5003,0,0,1,1
6012,43862724,-0.23929688,-0.054990403,-0.10815808,5003,0,-1.2504152,-1.866292,-9.599443,5003,0,0,1,1
6013,43870729,-0.28383097,-0.08967192,-0.13693005,8005,0,-1.1696231,-1.7958663,-9.569226,8005,0,0,1,1
6014,43880611,-0.3587281,-0.16159357,-0.14054622,4878,0,-1.035915,-1.8069271,-9.486516,4878,0,0,1,1
6015,43888617,-0.39248693,-0.1915206,-0.13960946,8006,0,-0.9748139,-1.8605261,-9.546749,8006,0,0,1,1
6016,43898748,-0.42438114,-0.20442279,-0.16970283,5003,0,-1.0401423,-1.9722971,-9.819525,5003,0,0,1,1
6017,43906754,-0.4098514,-0.19003671,-0.21466112,8006,0,-0.9852305,-2.169489,-9.952055,8006,0,0,1,1
6018,43916761,-0.34619454,-0.18878296,-0.26816687,5004,0,-0.813483,-2.6443155,-10.676374,5004,0,0,1,1
6019,43924766,-0.2950336,-0.14423066,-0.31574634,8005,0,-0.5397008,-2.268187,-10.689839,8005,0,0,1,1
6020,43932771,-0.23192765,-0.093888886,-0.3344185,8005,0,-0.6081373,-2.2583835,-10.62438,8005,0,0,1,1
6021,43937775,-0.19062062,-0.091169626,-0.3522219,5004,0,-0.736219,-2.154404,-10.622913,5004,0,0,1,1
6022,43942778,-0.17912763,-0.09315148,-0.36599985,5003,0,-0.85447,-2.063046,-10.4732895,5003,0,0,1,1
6023,43950784,-0.18810931,-0.081419095,-0.41144973,8006,0,-1.0489736,-2.0279372,-10.280642,8006,0,0,1,1
6024,43955787,-0.23931909,-0.06611971,-0.5152362,5003,0,-1.2432134,-2.0432203,-9.821398,5003,0,0,1,1
6025,43960791,-0.2671796,-0.032547854,-0.6189631,5004,0,-1.4024128,-1.5728526,-9.7153225,5004,0,0,1,1
6026,43968796,-0.3034694,0.023583738,-0.70362306,8005,0,-1.3825142,-1.4180092,-9.544876,8005,0,0,1,1
6027,43978803,-0.44176495,0.034029797,-0.8114144,5004,0,-1.3870789,-1.3957721,-9.323725,5004,0,0,1,1
6028,43986808,-0.5429335,0.03779484,-0.92230505,8005,0,-1.572976,-1.4126318,-9.027684,8005,0,0,1,1
6029,43996815,-0.65463257,-0.008834168,-1.0789684,5004,0,-1.4607518,-1.143204,-8.611174,5004,0,0,1,1
6030,44004820,-0.7409881,-0.11027234,-1.1133356,8005,0,-1.2121465,-1.0280943,-8.717688,8005,0,0,1,1
6031,44012825,-0.90413874,-0.21665783,-1.201592,8005,0,-1.229994,-1.0270938,-9.03545,8005,0,0,1,1
6032,44017829,-1.048118,-0.2671159,-1.3189684,5004,0,-1.1842782,-1.2561867,-9.408682,5004,0,0,1,1
6033,44022832,-1.130074,-0.2920919,-1.4194707,5003,0,-1.1507062,-1.3269172,-9.593452,5003,0,0,1,1
6034,44030838,-1.1820935,-0.30462927,-1.562503,8006,0,-1.056905,-1.3464832,-9.76276,8006,0,0,1,1
6035,44035841,-1.2052968,-0.29841378,-1.7154481,5003,0,-0.9507949,-1.4055376,-10.011257,5003,0,0,1,1
6036,44040720,-1.2084013,-0.28037858,-1.8205053,4879,0,-0.9725309,-1.4449368,-10.304242,4879,0,0,1,1
6037,44048850,-1.1758143,-0.2540325,-1.9403967,8130,0,-1.0249145,-1.3399326,-10.8026085,8130,0,0,1,1
6038,44058857,-1.0730691,-0.19099528,-2.109305,5003,0,-1.1380614,-0.95258737,-11.451916,5003,0,0,1,1
6039,44066862,-1.0130011,-0.16677976,-2.1561167,8005,0,-1.0464867,-0.7992762,-11.561646,8005,0,0,1,1
6040,44076869,-0.8800824,-0.1372165,-2.1817212,5004,0,-1.4641364,-0.9382342,-11.593142,5004,0,0,1,1
6041,44084874,-0.81085414,-0.10251676,-2.1916883,8005,0,-1.4100635,-0.9631186,-11.962574,8005,0,0,1,1
6042,44092880,-0.7481785,-0.0918921,-2.1904817,8006,0,-1.048529,-0.96461236,-12.110421,8006,0,0,1,1
6043,44097758,-0.6936475,-0.10677866,-2.1668527,4878,0,-0.89130634,-1.1814364,-11.9900875,4878,0,0,1,1
6044,44102761,-0.6413914,-0.10160735,-2.1466677,5003,0,-0.7791839,-1.4606547,-12.090672,5003,0,0,1,1
6045,44110771,-0.54280114,-0.071064614,-2.114947,8010,0,-0.52175105,-1.6105875,-12.046357,8010,0,0,1,1
6046,44115896,-0.43023854,-0.030531684,-2.0926924,5125,0,-0.1517585,-1.7434418,-12.023951,5125,0,0,1,1
6047,44120899,-0.3257686,0.01109454,-2.1050367,5003,0,0.050902367,-1.7187428,-12.000654,5003,0,0,1,1
6048,44128904,-0.17224033,0.10230868,-2.1522276,8005,0,0.26066005,-1.4618526,-11.887469,8005,0,0,1,1
6049,44133908,-0.041390393,0.22291516,-2.1793044,5004,0,0.3786546,-1.1048887,-11.453804,5004,0,0,1,1
6050,44138911,0.0050090626,0.3049556,-2.159973,5003,0,0.28264847,-0.9276968,-10.883251,5003,0,0,1,1
6051,44146916,-0.0020661426,0.38239327,-2.1281283,8005,0,-0.14574753,-0.5968108,-10.406666,8005,0,0,1,1
6052,44154922,-0.06903522,0.4285459,-2.1518416,8006,0,-0.82331747,-0.28226072,-9.912697,8006,0,0,1,1
6053,44164928,-0.23977107,0.4840796,-2.2700517,5128,0,-1.3808117,-0.060019787,-9.0701,5128,0,0,1,1
6054,44172934,-0.29619855,0.4755058,-2.340987,8006,0,-2.3880093,-0.39726982,-8.189722,8006,0,0,1,1
6055,44182941,-0.43296534,0.38489532,-2.5173838,5004,0,-1.556351,0.46760723,-9.917152,5004,0,0,1,1
6056,44190946,-0.6056095,0.32170188,-2.61456,8005,0,-1.4393524,0.53125453,-9.748202,8005,0,0,1,1
6057,44195949,-0.7664449,0.22908457,-2.6714852,5003,0,-1.4823414,0.45450515,-9.793892,5003,0,0,1,1
6058,44200953,-0.864625,0.16005729,-2.7304752,5004,0,-1.7186576,-0.09043437,-10.236578,5004,0,0,1,1
6059,44208958,-0.96074957,0.08778495,-2.851924,8005,0,-1.6591994,-0.6084707,-10.892519,8005,0,0,1,1
6060,44213962,-0.9787473,0.012039334,-2.9583573,5004,0,-1.2716584,-0.6902051,-11.224211,5004,0,0,1,1
6061,44218965,-0.9476915,-0.05175985,-3.0286505,5003,0,-1.0580947,-1.0052775,-11.362101,5003,0,0,1,1
6062,44226970,-0.85419756,-0.08300068,-3.0922525,8005,0,-1.0112873,-1.3202363,-11.792991,8005,0,0,1,1
6063,44234976,-0.67501104,-0.045368347,-3.135883,8006,0,-0.96506613,-1.3907082,-12.052436,8006,0,0,1,1
6064,44244983,-0.2975847,-0.06338127,-3.1742482,5004,0,-0.9256981,-1.0203551,-11.503141,5004,0,0,1,1
6065,44252988,-0.10040381,-0.15675062,-3.1506016,8005,0,-0.826307,-0.6883687,-11.018647,8005,0,0,1,1
6066,44262995,0.111004,-0.41201648,-3.1654758,5004,0,-1.3602486,0.09165299,-10.57514,5004,0,0,1,1
6067,44271000,0.1340201,-0.56961745,-3.1895087,8005,0,-1.5978407,0.51664996,-10.214226,8005,0,0,1,1
6068,44276004,0.09494579,-0.67748517,-3.2368784,5004,0,-1.8508066,0.6926878,-9.965328,5004,0,0,1,1
6069,44280882,0.023590533,-0.6843582,-3.285853,4878,0,-1.8598213,0.62616,-9.561638,4878,0,0,1,1
6070,44289012,-0.07047145,-0.59713817,-3.38428,8130,0,-1.4878949,0.5827736,-9.167391,8130,0,0,1,1
6071,44297018,-0.15376773,-0.3733151,-3.5992398,8006,0,-0.91744214,0.6748759,-9.18615,8006,0,0,1,1
6072,44302021,-0.19354916,-0.12840225,-3.8366654,5003,0,-0.8660771,0.6835969,-9.391443,5003,0,0,1,1
6073,44307025,-0.23304278,0.07910447,-4.062478,5004,0,-0.92427117,0.438895,-9.552818,5004,0,0,1,1
6074,44315030,-0.24739818,0.29828873,-4.3933063,8005,0,-0.7887645,0.6769629,-9.501478,8005,0,0,1,1
6075,44325037,-0.14982979,0.3571486,-4.785041,5004,0,-1.1579251,0.44799763,-9.718723,5004,0,0,1,1
6076,44333042,-0.09185218,0.21619865,-4.7981353,8005,0,-1.5118017,0.31944278,-9.443739,8005,0,0,1,1
6077,44343049,0.048546348,-0.09410165,-4.733383,5128,0,-1.2330798,0.16235663,-9.11512,5128,0,0,1,1
6078,44351054,0.1715751,-0.177191,-4.7248273,8005,0,-1.182157,0.20912437,-8.85057,8005,0,0,1,1
6079,44361061,0.42824143,-0.19692588,-4.8084464,5003,0,-0.75717837,0.7566172,-8.985849,5003,0,0,1,1
6080,44369067,0.5167717,-0.19244212,-4.8272214,8006,0,-1.153221,1.7671872,-9.03631,8006,0,0,1,1
6081,44377072,0.5513495,-0.42500773,-4.5214095,8005,0,-0.93719965,2.2272155,-8.810957,8005,0,0,1,1
6082,44382075,0.41674253,-0.6017211,-4.2120433,5003,0,-0.40235692,2.5931878,-9.33304,5003,0,0,1,1
6083,44387079,0.27164328,-0.7209529,-3.9861705,5004,0,0.27545846,2.7608044,-9.298084,5004,0,0,1,1
6084,44395084,0.09768337,-0.8127676,-3.7248762,8005,0,0.6274263,2.9644222,-9.477702,8005,0,0,1,1
6085,44400087,-0.0961256,-0.8036928,-3.518555,5003,0,0.7353725,2.785718,-9.729256,5003,0,0,1,1
6086,44405091,-0.2684487,-0.7360703,-3.409662,5004,0,1.074142,2.5340917,-9.624168,5004,0,0,1,1
6087,44413096,-0.46965855,-0.59274673,-3.321641,8005,0,1.6108193,2.3389442,-9.834876,8005,0,0,1,1
6088,44423103,-0.74694467,-0.32239366,-3.211091,5003,0,2.1623368,1.9268957,-10.2595825,5003,0,0,1,1
6089,44431109,-0.83008504,-0.23758432,-3.1036186,8006,0,2.2298236,1.6402421,-10.474867,8006,0,0,1,1
6090,44441115,-0.86153364,-0.27367437,-2.7849252,5003,0,2.1185193,1.1013806,-10.840416,5003,0,0,1,1
6091,44449121,-0.8136337,-0.37951738,-2.5699258,8006,0,2.0355086,0.84211415,-10.959414,8006,0,0,1,1
6092,44459128,-0.68127775,-0.5197546,-2.190324,5004,0,2.020601,0.6378606,-11.071939,5004,0,0,1,1
6093,44467133,-0.6002212,-0.48079416,-1.9688494,8005,0,2.1612017,0.55136967,-11.24268,8005,0,0,1,1
6094,44475138,-0.52916324,-0.30080333,-1.6682205,8005,0,2.0884843,0.45486113,-11.555874,8005,0,0,1,1
6095,44480142,-0.47606385,-0.07688239,-1.404949,5004,0,1.8624662,0.08019841,-11.263381,5004,0,0,1,1
6096,44485145,-0.41632444,0.08304918,-1.2162219,5003,0,1.5969093,0.0077010393,-11.113035,5003,0,0,1,1
6097,44493150,-0.34142783,0.24525464,-1.0212224,8005,0,1.0823342,-0.072756164,-11.042767,8005,0,0,1,1
6098,44498154,-0.28893536,0.3711546,-0.9232488,5004,0,0.6343758,-0.2484734,-10.816723,5004,0,0,1,1
6099,44503157,-0.27234542,0.4517011,-0.905019,5003,0,0.2350173,-0.23651546,-10.803314,5003,0,0,1,1
6100,44511163,-0.27407983,0.5285782,-0.89436615,8006,0,-0.06766358,-0.10461449,-10.615631,8006,0,0,1,1
6101,44521170,-0.29109222,0.53972846,-0.8337462,5129,0,-0.43648914,-0.14566731,-10.72139,5129,0,0,1,1
6102,44529175,-0.29689637,0.4948458,-0.7826823,8005,0,-0.5613006,-0.23961614,-10.663127,8005,0,0,1,1
6103,44539182,-0.20153812,0.35063994,-0.7192468,5004,0,-0.587875,-0.28222483,-10.66205,5004,0,0,1,1
6104,44547187,-0.10434135,0.27095205,-0.7073693,8005,0,-0.30017564,-0.4298046,-10.601321,8005,0,0,1,1
6105,44555193,0.010732703,0.19084851,-0.6719948,8006,0,0.10221049,-0.5182891,-10.81361,8006,0,0,1,1
6106,44560196,0.10445444,0.13677664,-0.609915,5003,0,0.32000765,-0.53769505,-10.740814,5003,0,0,1,1
6107,44565200,0.18274109,0.09886739,-0.5481556,5004,0,0.45584798,-0.4931463,-10.48823,5004,0,0,1,1
6108,44573205,0.28167635,0.069717206,-0.4662764,8005,0,0.71316457,-0.18947612,-10.511849,8005,0,0,1,1
6109,44578208,0.36927372,0.07009514,-0.37294316,5003,0,0.8852701,0.032369733,-10.395334,5003,0,0,1,1
6110,44583212,0.37908167,0.08511424,-0.28645548,5004,0,0.91735333,0.18750858,-10.341961,5004,0,0,1,1
6111,44591217,0.34010032,0.13608809,-0.19383918,8005,0,0.8660845,0.41730392,-10.394667,8005,0,0,1,1
6112,44596220,0.2947601,0.21615222,-0.14780214,5003,0,0.7167296,0.43243566,-10.100857,5003,0,0,1,1
6113,44601224,0.23470095,0.28691125,-0.13429034,5004,0,0.48854896,0.47840554,-10.091265,5004,0,0,1,1
6114,44609229,0.16166985,0.37432018,-0.15302542,8005,0,0.17864943,0.43956998,-10.056353,8005,0,0,1,1
6115,44619236,0.025138717,0.46232584,-0.21586108,5003,0,-0.017342195,0.3582738,-10.233219,5003,0,0,1,1
6116,44627241,-0.03574013,0.48014536,-0.24517971,8005,0,-0.18968703,0.17821015,-10.133943,8005,0,0,1,1
6117,44637248,-0.11633623,0.45849293,-0.26785117,5003,0,-0.44684732,-0.089734316,-10.221523,5003,0,0,1,1
6118,44645254,-0.13918744,0.39122936,-0.26862022,8006,0,-0.41062146,-0.061547816,-10.355477,8006,0,0,1,1
6119,44653259,-0.11443742,0.29955253,-0.27042544,8005,0,-0.18930002,-0.10912704,-10.364899,8005,0,0,1,1
6120,44658262,-0.08723569,0.24475445,-0.21840677,5003,0,0.08608846,-0.1036138,-10.332598,5003,0,0,1,1
6121,44663266,-0.075042844,0.2014179,-0.15742111,5004,0,0.3749446,-0.13698614,-10.442749,5004,0,0,1,1
6122,44671271,-0.013707428,0.1673063,-0.09825722,8005,0,0.5554333,-0.12245296,-10.305497,8005,0,0,1,1
6123,44676275,0.09875022,0.17650802,-0.070166595,5004,0,0.67334974,-0.100910604,-10.108696,5004,0,0,1,1
6124,44681278,0.15617272,0.20384388,-0.036844656,5003,0,0.6726638,-0.15893316,-10.206432,5003,0,0,1,1
6125,44689283,0.18312669,0.23939471,0.0034249113,8005,0,0.6729049,-0.013820647,-10.102588,8005,0,0,1,1
6126,44694287,0.19554502,0.26615435,0.039111175,5004,0,0.6176006,0.1444208,-9.967258,5004,0,0,1,1
6127,44699165,0.17230786,0.29274207,0.046381164,4878,0,0.529095,0.31408828,-10.147499,4878,0,0,1,1
6128,44707171,0.14110187,0.3218996,0.028118908,8006,0,0.4888468,0.3285609,-10.072511,8006,0,0,1,1
6129,44717302,0.054561656,0.34089774,-0.018767297,5002,0,0.14234595,0.4226141,-10.308674,5002,0,0,1,1
6130,44725308,-0.020109452,0.32259536,-0.04098889,8006,0,-0.0920419,0.32706472,-10.207926,8006,0,0,1,1
6131,44733313,-0.08845071,0.28909633,-0.06457631,8005,0,-0.3018327,0.21244065,-10.195506,8005,0,0,1,1
6132,44738318,-0.12668051,0.26033482,-0.0958979,5005,0,-0.3937188,0.1652378,-10.266781,5005,0,0,1,1
6133,44743320,-0.14067894,0.2432773,-0.117817365,5002,0,-0.37766874,0.14657395,-10.236599,5002,0,0,1,1
6134,44751325,-0.13491671,0.2225726,-0.13174725,8005,0,-0.32396886,0.12716013,-10.152701,8005,0,0,1,1
6135,44756329,-0.11528571,0.19875969,-0.102559134,5004,0,-0.33458623,0.071144104,-10.140842,5004,0,0,1,1
6136,44761332,-0.117769204,0.16254862,-0.070744306,5003,0,-0.32379693,-0.029168606,-10.21866,5003,0,0,1,1
6137,44769338,-0.100133955,0.115090236,-0.062081166,8006,0,-0.26218334,0.038115323,-10.029715,8006,0,0,1,1
6138,44774341,-0.06714527,0.079386994,-0.062251974,5003,0,-0.20983927,0.1923039,-9.962702,5003,0,0,1,1
6139,44779344,-0.06908886,0.055687126,-0.056451797,5003,0,-0.16506729,0.31918436,-9.9438,5003,0,0,1,1
6140,44787350,-0.092885286,0.011881232,-0.02365474,8006,0,-0.07723066,0.5224842,-9.821116,8006,0,0,1,1
6141,44797357,-0.1681041,-0.11655148,0.09038611,5004,0,0.104524225,0.6812,-9.842514,5004,0,0,1,1
6142,44805362,-0.23898636,-0.19159214,0.16888925,8005,0,0.20439176,0.7689464,-9.903712,8005,0,0,1,1
6143,44813243,-0.295095,-0.2556436,0.23942745,7881,0,0.2425588,0.77016836,-9.889218,7881,0,0,1,1
6144,44823374,-0.33536464,-0.25957337,0.20526162,5003,0,0.38919568,0.6560509,-9.825275,5003,0,0,1,1
6145,44831380,-0.35029113,-0.21155378,0.13180333,8006,0,0.53553414,0.677213,-9.902964,8006,0,0,1,1
6146,44836383,-0.36760506,-0.13344347,0.06586235,5003,0,0.63460183,0.65437907,-9.748426,5003,0,0,1,1
6147,44841386,-0.38537982,-0.062002845,0.045777492,5003,0,0.66811806,0.6862201,-9.688568,5003,0,0,1,1
6148,44849392,-0.42925024,0.0034084767,0.057492584,8006,0,0.56352466,0.756365,-9.748687,8006,0,0,1,1
6149,44854395,-0.4789951,0.024200171,0.06952263,5003,0,0.42846268,0.83394367,-9.701256,5003,0,0,1,1
6150,44859399,-0.5161674,0.020607114,0.07419814,5004,0,0.32706106,0.93404806,-9.735561,5004,0,0,1,1
6151,44867404,-0.5808349,0.008573412,0.07965029,8005,0,0.15397882,0.9692152,-9.750818,8005,0,0,1,1
6152,44875410,-0.6572691,-0.015663795,0.087863885,8006,0,0.078240976,0.9808313,-9.77623,8006,0,0,1,1
6153,44885416,-0.7478732,-0.07040027,0.06526745,5003,0,-0.18564075,0.9531851,-10.01848,5003,0,0,1,1
6154,44893422,-0.79349816,-0.08673221,0.042848878,8006,0,-0.3911724,0.72210586,-10.101986,8006,0,0,1,1
6155,44903428,-0.8453265,-0.1122181,0.030308636,5003,0,-1.0644903,0.38177747,-10.260546,5003,0,0,1,1
6156,44911434,-0.8370671,-0.19037676,0.071649775,8006,0,-1.5732827,0.17398995,-10.211824,8006,0,0,1,1
6157,44921441,-0.7692648,-0.4785543,0.19584152,5004,0,-2.1754658,-0.12708688,-10.187042,5004,0,0,1,1
6158,44929446,-0.71711737,-0.68357867,0.24760412,8005,0,-2.3351214,0.03048986,-10.400974,8005,0,0,1,1
6159,44934449,-0.6776109,-0.87490773,0.2676075,5003,0,-2.2887282,-0.071064055,-10.520803,5003,0,0,1,1
6160,44939453,-0.6427971,-0.9901338,0.24624863,5004,0,-2.1295128,-0.019584598,-10.541847,5004,0,0,1,1
6161,44947458,-0.60835403,-1.0654758,0.15863329,8005,0,-1.7069244,-0.03970003,-10.572596,8005,0,0,1,1
6162,44955464,-0.5806575,-1.0520574,-0.025061516,8006,0,-1.0510726,0.10170516,-10.750219,8006,0,0,1,1
6163,44965470,-0.52813196,-0.8378063,-0.35817564,5003,0,-0.49930435,0.2116896,-11.178236,5003,0,0,1,1
6164,44973476,-0.514465,-0.6748997,-0.5059507,8006,0,-0.17315215,0.25867674,-11.326025,8006,0,0,1,1
6165,44983483,-0.47813562,-0.45560324,-0.6464488,5004,0,-0.25244296,0.13675192,-11.308245,5004,0,0,1,1
6166,44991488,-0.4288696,-0.42642137,-0.6696587,8005,0,-0.55817187,0.10948404,-11.24028,8005,0,0,1,1
6167,45001495,-0.28145346,-0.5557679,-0.6615802,5128,0,-1.2773649,-0.011993349,-11.088316,5128,0,0,1,1
6168,45009500,-0.18080243,-0.72093636,-0.6301886,8005,0,-1.6889652,-0.022794483,-10.973327,8005,0,0,1,1
6169,45014504,-0.07007222,-0.9015334,-0.5594303,5004,0,-1.9324626,0.093655765,-10.925411,5004,0,0,1,1
6170,45019507,0.01145836,-1.0266874,-0.47652975,5003,0,-1.9436288,0.067558706,-10.815216,5003,0,0,1,1
6171,45027512,0.12553,-1.1561956,-0.36980298,8005,0,-1.7886151,0.14639823,-10.706543,8005,0,0,1,1
6172,45035518,0.26893672,-1.2736448,-0.25346848,8006,0,-1.7624307,0.104858994,-10.623157,8006,0,0,1,1
6173,45040398,0.36149964,-1.3479617,-0.19696589,4880,0,-1.7267772,0.32839707,-10.664351,4880,0,0,1,1
6174,45045525,0.43173942,-1.3981566,-0.18786556,5127,0,-1.7197332,0.14193045,-10.635562,5127,0,0,1,1
6175,45053530,0.48964053,-1.4471287,-0.21304704,8005,0,-1.8980136,0.15157233,-10.789401,8005,0,0,1,1
6176,45063412,0.5573212,-1.5389947,-0.36048248,4878,0,-2.2563376,0.07364777,-10.615347,4878,0,0,1,1
6177,45071542,0.5575936,-1.5480208,-0.53002334,8130,0,-2.3254447,0.0079723,-10.842045,8130,0,0,1,1
6178,45081549,0.559281,-1.3944066,-0.9428956,5003,0,-1.9818717,-0.30521625,-10.975409,5003,0,0,1,1
6179,45089554,0.52843827,-1.2567539,-1.1220536,8005,0,-1.9015981,-0.10130393,-11.123681,8005,0,0,1,1
6180,45097560,0.5101159,-1.114391,-1.302555,8006,0,-2.0482914,-0.2703018,-11.2159,8006,0,0,1,1
6181,45102563,0.54245436,-1.0440782,-1.3859618,5003,0,-2.0950642,-0.04929447,-10.984097,5003,0,0,1,1
6182,45107567,0.55139303,-1.0232117,-1.4128569,5004,0,-2.1663728,-0.47568822,-11.273504,5004,0,0,1,1
6183,45115572,0.58961654,-1.0059763,-1.3920529,8005,0,-2.5784266,-0.15386242,-11.179364,8005,0,0,1,1
6184,45120576,0.62022805,-1.0208986,-1.3690002,5004,0,-2.8749912,-0.36161077,-10.920774,5004,0,0,1,1
6185,45125579,0.65418804,-1.0622667,-1.3749621,5003,0,-3.0038729,-0.39787036,-10.954853,5003,0,0,1,1
6186,45133584,0.7116197,-1.1403245,-1.4121544,8005,0,-3.0241923,-0.4826263,-10.883393,8005,0,0,1,1
6187,45138588,0.772218,-1.2276522,-1.456366,5004,0,-3.0340245,-0.55731905,-10.796127,5004,0,0,1,1
6188,45143591,0.8279944,-1.294371,-1.47404,5003,0,-3.0524912,-0.55111206,-10.777929,5003,0,0,1,1
6189,45151597,0.89512587,-1.3689535,-1.4575622,8006,0,-3.0120685,-0.6524676,-10.594743,8006,0,0,1,1
6190,45159602,0.982709,-1.4524555,-1.3904952,8005,0,-2.9004753,-0.58381706,-10.565637,8005,0,0,1,1
6191,45169609,1.0492394,-1.498586,-1.3304889,5004,0,-2.508993,-0.6784557,-10.644798,5004,0,0,1,1
6192,45177614,1.0898731,-1.4530438,-1.3720549,8005,0,-2.0660598,-0.27210808,-10.495549,8005,0,0,1,1
6193,45182618,1.0600748,-1.3762258,-1.4389153,5004,0,-1.8041344,-0.19412935,-10.656068,5004,0,0,1,1
6194,45187621,1.0303621,-1.2849342,-1.4963127,5003,0,-1.6571205,-0.085911155,-10.786068,5003,0,0,1,1
6195,45195626,0.9926546,-1.1725053,-1.5961686,8005,0,-1.1419158,0.04694706,-10.863477,8005,0,0,1,1
6196,45200630,0.9015834,-1.0634779,-1.7085575,5004,0,-0.81676775,-0.02462256,-11.185419,5004,0,0,1,1
6197,45205633,0.8456787,-0.9637231,-1.7724092,5003,0,-0.8818828,-0.12493813,-11.102106,5003,0,0,1,1
6198,45213639,0.77219796,-0.81823885,-1.823292,8006,0,-1.0901253,-0.45464528,-11.167264,8006,0,0,1,1
6199,45218642,0.7099631,-0.6609294,-1.8511771,5003,0,-1.4560264,-0.8987434,-11.236416,5003,0,0,1,1
6200,45223645,0.70921504,-0.5497439,-1.8704756,5003,0,-1.6410847,-1.0632015,-11.476315,5003,0,0,1,1
6201,45231651,0.7551281,-0.45124352,-1.8705044,8006,0,-1.7189004,-1.3204545,-11.507231,8006,0,0,1,1
6202,45239656,0.8784458,-0.36812428,-1.8111161,8005,0,-1.5860347,-1.6073086,-11.489133,8005,0,0,1,1
6203,45249663,1.1315448,-0.2381134,-1.6470524,5003,0,-1.1351913,-1.7644862,-11.146395,5003,0,0,1,1
6204,45257543,1.2914746,-0.13691662,-1.5464957,7880,0,-1.0908433,-1.739319,-10.818915,7880,0,0,1,1
6205,45267675,1.5113722,0.059018124,-1.4512933,5127,0,-0.9711593,-1.5162643,-10.515101,5127,0,0,1,1
6206,45275681,1.5649661,0.18898733,-1.387526,8006,0,-0.91145843,-1.2454857,-10.166929,8006,0,0,1,1
6207,45280684,1.578251,0.32824564,-1.298734,5003,0,-0.84213746,-1.1125401,-9.919605,5003,0,0,1,1
6208,45285688,1.5587145,0.42858475,-1.2388065,5004,0,-0.8074369,-1.0931493,-9.80851,5004,0,0,1,1
6209,45293693,1.5259942,0.56468207,-1.1971265,8005,0,-0.84933794,-1.1382103,-9.606367,8005,0,0,1,1
6210,45298696,1.4753443,0.71510375,-1.2036734,5003,0,-0.8057505,-1.1111059,-9.450821,5003,0,0,1,1
6211,45303700,1.4107119,0.8284005,-1.2016233,5004,0,-0.9022396,-1.032339,-9.469019,5004,0,0,1,1
6212,45311705,1.2980963,0.96767104,-1.1771111,8005,0,-1.0483785,-1.052297,-9.382535,8005,0,0,1,1
6213,45316709,1.1925489,1.0983547,-1.16498,5004,0,-0.9098689,-1.1406099,-9.36832,5004,0,0,1,1
6214,45321587,1.1165632,1.1972376,-1.1561329,4878,0,-0.7171649,-1.2360126,-9.631866,4878,0,0,1,1
6215,45329717,1.0117155,1.3357807,-1.1744261,8130,0,-0.5095712,-1.4093902,-9.889587,8130,0,0,1,1
6216,45337723,0.91227293,1.537675,-1.1812041,8006,0,-0.17314902,-1.5730343,-10.13042,8006,0,0,1,1
6217,45347730,0.8403543,1.8909916,-1.1240305,5004,0,0.16652873,-1.6869084,-10.355354,5004,0,0,1,1
6218,45355610,0.8047827,2.1045508,-1.0546952,7880,0,0.39439067,-1.7302374,-10.496076,7880,0,0,1,1
6219,45365742,0.7899843,2.5036263,-0.8539109,5129,0,0.6376371,-1.6049286,-10.818556,5129,0,0,1,1
6220,45373747,0.7988023,2.7147186,-0.7193255,8005,0,0.90290326,-1.4967288,-10.799747,8005,0,0,1,1
6221,45378751,0.8107637,2.901512,-0.57464504,5004,0,1.2436057,-1.1452849,-10.9022255,5004,0,0,1,1
6222,45383754,0.79991734,3.0215719,-0.45507523,5003,0,1.4385391,-0.9884916,-10.986612,5003,0,0,1,1
6223,45391759,0.7599514,3.1486459,-0.2936563,8005,0,1.7178684,-0.8005994,-10.957204,8005,0,0,1,1
6224,45396763,0.6898992,3.2504053,-0.13703217,5004,0,1.8887795,-0.7927014,-10.808092,5004,0,0,1,1
6225,45401767,0.6408057,3.295146,-0.029689433,5004,0,1.8537076,-0.8162593,-10.443401,5004,0,0,1,1
6226,45409772,0.6006579,3.3005102,0.09732359,8005,0,1.6923769,-0.8206578,-10.233207,8005,0,0,1,1
6227,45414775,0.531808,3.3580148,0.30735832,5003,0,2.3288097,1.4470118,-11.570734,5003,0,0,1,1
6228,45419779,0.3870637,3.3839827,0.58814394,5004,0,2.694127,-0.4414134,-9.233337,5004,0,0,1,1
6229,45427784,0.18625742,3.3770769,0.69884884,8005,0,2.4781141,0.21239655,-9.950089,8005,0,0,1,1
6230,45435789,-0.10373134,3.34695,0.7739422,8005,0,1.3757381,-0.021171628,-9.61336,8005,0,0,1,1
6231,45445796,-0.4256784,3.1700366,0.7437914,5003,0,0.60058314,-0.32917053,-9.5463295,5003,0,0,1,1
6232,45453677,-0.60383034,2.9999187,0.6848277,7881,0,0.26555303,-0.59399766,-9.354941,7881,0,0,1,1
6233,45463683,-0.8739102,2.6066291,0.54468143,4878,0,-0.60952616,-0.9817489,-9.393498,4878,0,0,1,1
6234,45471814,-0.9403508,2.3740804,0.41839197,8131,0,-0.79327387,-1.3418418,-9.331739,8131,0,0,1,1
6235,45476817,-0.93673915,2.1722195,0.28427494,5003,0,-0.78251797,-1.6107737,-9.396715,5003,0,0,1,1
6236,45481821,-0.8844354,2.044327,0.23434915,5004,0,-0.27745384,-1.3031474,-9.745136,5004,0,0,1,1
6237,45489826,-0.8528304,1.9481761,0.24421284,8005,0,0.7087235,-1.2278178,-9.500272,8005,0,0,1,1
6238,45494829,-0.8748709,1.9216986,0.30881995,5003,0,1.5336025,-0.8640404,-9.429028,5003,0,0,1,1
6239,45499833,-0.9290117,1.9478244,0.36784127,5004,0,1.8810269,-0.5167085,-9.487396,5004,0,0,1,1
6240,45507838,-1.0318067,2.0085397,0.43119362,8005,0,2.092989,-0.18272279,-9.478202,8005,0,0,1,1
6241,45515844,-1.2103832,2.0477607,0.48256087,8006,0,2.1560922,0.06325412,-9.380782,8006,0,0,1,1
6242,45525850,-1.5299363,1.9935535,0.49988955,5003,0,1.8209308,0.33163753,-9.543953,5003,0,0,1,1
6243,45533856,-1.7183862,1.929011,0.5147587,8006,0,1.6994215,0.31104875,-9.608778,8006,0,0,1,1
6244,45543862,-2.0228312,1.8142109,0.5839453,5003,0,1.556874,0.18254858,-9.884096,5003,0,0,1,1
6245,45551868,-2.1457784,1.8015547,0.6207143,8006,0,1.6310577,0.048214734,-9.9981365,8006,0,0,1,1
6246,45561751,-2.2573328,1.8314109,0.6727127,4880,0,1.9185697,-0.16795819,-9.950705,4880,0,0,1,1
6247,45569880,-2.2610188,1.8281404,0.6897996,8129,0,1.9113468,-0.15023756,-10.049897,8129,0,0,1,1
6248,45574883,-2.2487218,1.7828252,0.6674957,5003,0,1.9427874,-0.15534538,-10.123348,5003,0,0,1,1
6249,45579763,-2.234452,1.7280155,0.631783,4880,0,2.0152128,-0.05097598,-10.145477,4880,0,0,1,1
6250,45587770,-2.216172,1.668788,0.6065182,8007,0,2.1327887,0.06733027,-10.210191,8007,0,0,1,1
6251,45595898,-2.1922784,1.6076199,0.653625,8128,0,2.2816887,0.14044395,-10.042128,8128,0,0,1,1
6252,45605905,-2.158032,1.4593012,0.8253627,5004,0,2.181972,0.30506492,-9.858555,5004,0,0,1,1
6253,45613910,-2.1652086,1.3146881,0.91538393,8005,0,1.968607,0.4330138,-9.832339,8005,0,0,1,1
6254,45623917,-2.1854017,1.0358124,0.969852,5129,0,1.6800822,0.5746437,-9.593132,5129,0,0,1,1
6255,45631922,-2.1785922,0.8973968,0.92675704,8005,0,1.5819492,0.65596765,-9.510618,8005,0,0,1,1
6256,45641929,-2.165654,0.74824876,0.82785416,5004,0,1.7799672,0.6886245,-9.550392,5004,0,0,1,1
6257,45649810,-2.1673534,0.6999945,0.7886463,7881,0,2.0906973,0.6835377,-9.471828,7881,0,0,1,1
6258,45657940,-2.1575105,0.63065845,0.7652193,8130,0,2.2172437,0.82466054,-9.312738,8130,0,0,1,1
6259,45662943,-2.1447563,0.5598207,0.7628561,5003,0,2.2794158,0.9153425,-9.20158,5003,0,0,1,1
6260,45667946,-2.1517823,0.48920038,0.7449321,5003,0,2.3371167,0.91582894,-9.169275,5003,0,0,1,1
6261,45675952,-2.1652076,0.37519908,0.7022788,8006,0,2.0172698,1.0768821,-8.842348,8006,0,0,1,1
6262,45680955,-2.1794038,0.2357307,0.65369856,5003,0,1.7421571,1.4396698,-8.856588,5003,0,0,1,1
6263,45685959,-2.2021604,0.11927488,0.61377823,5004,0,1.7268324,1.5773469,-8.78116,5004,0,0,1,1
6264,45693964,-2.2334864,-0.033851083,0.583667,8005,0,1.825867,1.6935534,-8.621018,8005,0,0,1,1
6265,45703846,-2.3068283,-0.2781149,0.59958154,4878,0,1.8335075,2.006702,-8.59317,4878,0,0,1,1
6266,45711976,-2.3669567,-0.37529993,0.63738346,8130,0,1.78684,2.126185,-8.523603,8130,0,0,1,1
6267,45721983,-2.4792163,-0.5368426,0.7199813,5003,0,1.6226829,2.3746142,-8.471102,5003,0,0,1,1
6268,45729989,-2.536161,-0.65000004,0.77661616,8006,0,1.581959,2.5499368,-8.500264,8006,0,0,1,1
6269,45737994,-2.597227,-0.8169326,0.88116217,8005,0,1.7010696,2.8011773,-8.349873,8005,0,0,1,1
6270,45742997,-2.647629,-0.97973496,0.97113216,5003,0,1.6324571,3.0098045,-8.212477,5003,0,0,1,1
6271,45748001,-2.6985762,-1.1188635,1.0192562,5004,0,1.4266127,3.2228656,-8.294909,5004,0,0,1,1
6272,45756006,-2.779526,-1.289464,1.0591973,8005,0,0.88239557,3.442073,-8.360656,8005,0,0,1,1
6273,45761010,-2.871102,-1.4216368,1.1028197,5004,0,0.43157458,3.3011708,-8.120361,5004,0,0,1,1
6274,45766013,-2.9444976,-1.4985024,1.1145284,5003,0,0.08942373,3.0148158,-7.8203683,5003,0,0,1,1
6275,45774018,-3.0329704,-1.5901128,1.0597391,8005,0,-0.34763557,2.9213588,-7.94734,8005,0,0,1,1
6276,45779022,-3.1287127,-1.6632696,0.94210577,5004,0,-0.5620198,2.97915,-8.398819,5004,0,0,1,1
6277,45784025,-3.2151904,-1.6969627,0.8060292,5003,0,-0.50216496,2.8874474,-8.881233,5003,0,0,1,1
6278,45792030,-3.3248618,-1.6889603,0.5899826,8005,0,-0.12376006,2.826663,-9.440587,8005,0,0,1,1
6279,45802037,-3.464674,-1.5636127,0.21676579,5127,0,0.5469645,2.5691187,-10.40616,5127,0,0,1,1
6280,45810043,-3.4723792,-1.4762298,0.09355011,8006,0,0.61574346,2.4128613,-10.991432,8006,0,0,1,1
6281,45817923,-3.4010704,-1.3700217,0.036624126,7880,0,0.7516894,2.2515612,-11.648058,7880,0,0,1,1
6282,45823051,-3.2688863,-1.3179016,0.044198364,5128,0,0.736321,1.9706851,-11.81266,5128,0,0,1,1
6283,45828055,-3.118885,-1.3307145,0.05025926,5004,0,0.67409503,1.9010401,-12.015736,5004,0,0,1,1
6284,45836060,-2.8734934,-1.4492865,0.012455467,8005,0,0.3519501,1.9320793,-12.311385,8005,0,0,1,1
6285,45841064,-2.6041677,-1.6522309,-0.09170214,5004,0,-0.29097748,1.6767079,-12.258272,5004,0,0,1,1
6286,45846067,-2.3842597,-1.8539046,-0.21453819,5003,0,-0.9142174,1.4995439,-12.111744,5003,0,0,1,1
6287,45854072,-2.1002758,-2.1268055,-0.3677299,8005,0,-1.4552299,1.2156148,-11.994009,8005,0,0,1,1
6288,45859076,-1.812691,-2.3786526,-0.5010706,5004,0,-1.7899972,1.0271674,-11.873277,5004,0,0,1,1
6289,45864079,-1.5895691,-2.537969,-0.5831237,5003,0,-1.8565685,1.0304995,-11.737053,5003,0,0,1,1
6290,45872085,-1.2462159,-2.7307906,-0.68604124,8006,0,-1.8863467,1.2266784,-11.664345,8006,0,0,1,1
6291,45877088,-0.9199258,-2.923002,-0.7750329,5003,0,-1.8716528,1.3494214,-11.715752,5003,0,0,1,1
6292,45882091,-0.69033206,-3.0306714,-0.83793694,5003,0,-1.9209747,1.5502892,-11.96521,5003,0,0,1,1
6293,45890097,-0.4518576,-3.1029568,-0.911348,8006,0,-1.8344251,1.6309923,-12.127173,8006,0,0,1,1
6294,45898102,-0.21659608,-3.0810874,-0.9959518,8005,0,-1.6500624,1.8386004,-12.378318,8005,0,0,1,1
6295,45908109,0.053288747,-2.938051,-1.1991118,5003,0,-1.2515495,2.2831573,-12.683246,5003,0,0,1,1
6296,45916114,0.19003482,-2.882395,-1.3555936,8005,0,-1.1981602,2.3547971,-12.780793,8005,0,0,1,1
6297,45921118,0.30624664,-2.8579197,-1.5303811,5004,0,-1.2593696,2.5419383,-12.917897,5004,0,0,1,1
6298,45926121,0.36010486,-2.8637886,-1.6382684,5003,0,-1.3236183,2.5127707,-13.16567,5003,0,0,1,1
6299,45934127,0.42033112,-2.8605926,-1.7389617,8006,0,-1.2870445,2.4110754,-13.604557,8006,0,0,1,1
6300,45939130,0.48590028,-2.8596475,-1.7944298,5003,0,-1.3904293,3.7292871,-12.672606,5003,0,0,1,1
6301,45944133,0.4935496,-2.854236,-1.8663241,5003,0,-1.188112,2.2905626,-13.132671,5003,0,0,1,1
6302,45952139,0.69741786,-2.848864,-1.9567715,8006,0,-1.224797,2.8204732,-12.816971,8006,0,0,1,1
6303,45957142,0.8871335,-2.853097,-2.0236142,5003,0,-1.2743032,2.4536176,-12.546764,5003,0,0,1,1
6304,45962146,1.059536,-2.8446076,-2.054437,5004,0,-1.2413177,2.5679398,-12.515264,5004,0,0,1,1
6305,45970151,1.2523373,-2.816209,-2.0753317,8005,0,-1.2069565,2.5320125,-12.660169,8005,0,0,1,1
6306,45978156,1.489907,-2.7680006,-2.1245978,8005,0,-1.2683424,2.651375,-12.61517,8005,0,0,1,1
6307,45988163,1.7720909,-2.718999,-2.1421788,5003,0,-1.1498041,2.8759556,-12.443565,5003,0,0,1,1
6308,45996169,1.8697852,-2.6690507,-2.1022496,8006,0,-1.2078859,2.9829783,-12.690117,8006,0,0,1,1
6309,46006175,1.9687657,-2.5018787,-2.066467,5003,0,-1.2886645,3.1850493,-12.532166,5003,0,0,1,1
6310,46014056,2.021144,-2.4009113,-2.0807865,7881,0,-1.2803817,3.2267194,-12.25734,7881,0,0,1,1
6311,46019184,2.061749,-2.316238,-2.1145175,5128,0,-1.3081163,3.2650583,-12.088522,5128,0,0,1,1
6312,46024188,2.0914779,-2.248168,-2.1440964,5004,0,-1.3920842,3.3492956,-11.874722,5004,0,0,1,1
6313,46032193,2.1032512,-2.1631866,-2.1797328,8005,0,-1.291539,3.333424,-11.831498,8005,0,0,1,1
6314,46037196,2.0954337,-2.057249,-2.2108865,5003,0,-1.2028922,3.328672,-11.651253,5003,0,0,1,1
6315,46042200,2.0879605,-1.962929,-2.2185113,5004,0,-1.1105757,3.3250935,-11.470543,5004,0,0,1,1
6316,46050205,2.0628273,-1.8131657,-2.2118468,8005,0,-1.0569087,3.238559,-11.27575,8005,0,0,1,1
6317,46058211,2.0171053,-1.565049,-2.1437116,8006,0,-1.1266311,3.040293,-11.09782,8006,0,0,1,1
6318,46068217,1.9613907,-1.1523007,-1.9652783,5003,0,-1.0384772,2.8122687,-10.561981,5003,0,0,1,1
6319,46076223,1.9554244,-0.9687883,-1.8427452,8006,0,-0.92657685,2.8542933,-10.416672,8006,0,0,1,1
6320,46086230,1.90417,-0.7053937,-1.6722935,5129,0,-0.84527534,2.567647,-10.228561,5129,0,0,1,1
6321,46094110,1.8561403,-0.5423766,-1.6131606,7880,0,-1.0326172,2.3080275,-10.04893,7880,0,0,1,1
6322,46104242,1.7468009,-0.14467427,-1.5935025,5004,0,-1.6204876,1.6996077,-10.066105,5004,0,0,1,1
6323,46112247,1.6991293,0.104169,-1.6297345,8005,0,-2.0021589,1.4894551,-10.15675,8005,0,0,1,1
6324,46117251,1.6378114,0.3184511,-1.6821854,5004,0,-2.204908,1.0929979,-10.207144,5004,0,0,1,1
6325,46122254,1.6100701,0.45974398,-1.7272953,5003,0,-2.295661,0.9246834,-10.142492,5003,0,0,1,1
6326,46130259,1.5819489,0.6522475,-1.8251184,8005,0,-2.1897445,0.3989101,-9.75443,8005,0,0,1,1
6327,46135263,1.6159319,0.8761824,-1.9076852,5004,0,-2.3463857,-0.16200775,-9.256193,5004,0,0,1,1
6328,46140266,1.6900123,1.0293022,-1.8850884,5003,0,-3.010118,-0.588097,-9.074097,5003,0,0,1,1
6329,46148272,1.7957968,1.178475,-1.785123,8006,0,-3.2423732,-0.29170465,-9.36441,8006,0,0,1,1
6330,46156277,1.8574291,1.2946169,-1.6459315,8005,0,-2.7141964,0.13103706,-9.554212,8005,0,0,1,1
6331,46166284,1.765188,1.4851288,-1.4749503,5003,0,-2.1687698,0.35608178,-10.04244,5003,0,0,1,1
6332,46174164,1.6810452,1.6731429,-1.495129,7880,0,-1.9550923,0.09005041,-10.385667,7880,0,0,1,1
6333,46184175,1.5928483,2.0921118,-1.6192127,5007,0,-2.0311248,-0.35343406,-10.982976,5007,0,0,1,1
6334,46192302,1.5579767,2.2554302,-1.6086679,8127,0,-2.0620966,-0.5642897,-11.298511,8127,0,0,1,1
6335,46202183,1.5667118,2.4593818,-1.4765083,4878,0,-1.7336098,-0.65412015,-11.660755,4878,0,0,1,1
6336,46210314,1.626192,2.5508296,-1.3730733,8131,0,-1.5441285,-0.7698364,-11.720125,8131,0,0,1,1
6337,46215317,1.7060956,2.6242805,-1.2578084,5003,0,-1.4066987,-0.8719107,-11.836885,5003,0,0,1,1
6338,46220321,1.7776163,2.682744,-1.1774478,5004,0,-1.1451564,-0.9293017,-11.826254,5004,0,0,1,1
6339,46228326,1.8949747,2.757314,-1.0557189,8005,0,-0.805891,-0.8865178,-11.818429,8005,0,0,1,1
6340,46233329,1.9991664,2.837915,-0.93969405,5003,0,-0.29700702,-0.80489534,-11.758841,5003,0,0,1,1
6341,46238333,2.0832887,2.9243648,-0.8726033,5004,0,0.060462087,-0.6461581,-11.723398,5004,0,0,1,1
6342,46246338,2.1608267,3.0545604,-0.7806737,8005,0,0.38335717,-0.40886655,-11.639956,8005,0,0,1,1
6343,46254344,2.2076342,3.2266314,-0.66507816,8006,0,0.52012277,-0.24964051,-11.388582,8006,0,0,1,1
6344,46264350,2.1537406,3.4370682,-0.5314261,5003,0,0.56841266,-0.12461007,-10.956333,5003,0,0,1,1
6345,46272356,2.0609877,3.5170767,-0.47711208,8006,0,0.2699326,-0.093714595,-10.771021,8006,0,0,1,1
6346,46282363,1.8569516,3.6006157,-0.3378552,5004,0,-0.18996812,0.07026014,-10.589714,5004,0,0,1,1
6347,46290368,1.7324475,3.5707994,-0.21497934,8005,0,-0.36020204,-0.43625078,-10.190248,8005,0,0,1,1
6348,46300375,1.5357494,3.4119935,0.026239626,5004,0,-0.2900531,-0.46442628,-9.959106,5004,0,0,1,1
6349,46308380,1.4269242,3.2628624,0.14387393,8005,0,-0.13110702,-0.58183753,-9.68031,8005,0,0,1,1
6350,46316386,1.2878006,3.0498965,0.26810497,8006,0,0.336818,-0.5043208,-9.485483,8006,0,0,1,1
6351,46321389,1.1597792,2.8909838,0.36676288,5003,0,0.791908,-0.34136164,-9.362465,5003,0,0,1,1
6352,46326392,1.047868,2.7840493,0.43323225,5003,0,0.9817562,-0.2987575,-9.231506,5003,0,0,1,1
6353,46334398,0.8916063,2.6489923,0.5268773,8006,0,0.9558722,-0.37323725,-9.1519375,8006,0,0,1,1
6354,46344405,0.59735334,2.4210486,0.6398645,5004,0,0.94153357,-0.44623032,-8.835514,5004,0,0,1,1
6355,46352285,0.4164097,2.3170173,0.70770186,7880,0,1.1414942,-0.33164158,-8.679351,7880,0,0,1,1
6356,46362417,0.05449817,2.221603,0.87379146,5004,0,2.098809,-0.15343267,-8.360319,5004,0,0,1,1
6357,46370422,-0.15983929,2.21291,0.98329395,8005,0,2.8227696,0.07433113,-8.287327,8005,0,0,1,1
6358,46380429,-0.5837865,2.2534826,1.17478,5003,0,3.6306949,0.5133774,-8.131622,5003,0,0,1,1
6359,46388434,-0.8982592,2.3586538,1.3488532,8005,0,4.02301,1.1626612,-8.685575,8005,0,0,1,1
6360,46396440,-1.2558818,2.5308406,1.4759256,8006,0,3.7867246,0.54403096,-7.58717,8006,0,0,1,1
6361,46401443,-1.4680377,2.642649,1.4507244,5003,0,3.47149,0.9517176,-8.2465725,5003,0,0,1,1
6362,46406446,-1.604979,2.7351844,1.4002148,5003,0,3.3182485,0.97973835,-8.414604,5003,0,0,1,1
6363,46414452,-1.7915003,2.8400977,1.326908,8006,0,3.324046,0.66511583,-7.974911,8006,0,0,1,1
6364,46419455,-2.012067,2.9567323,1.2421155,5003,0,3.148507,0.5437718,-8.279577,5003,0,0,1,1
6365,46424459,-2.1754222,3.0431414,1.1584927,5004,0,2.9333427,0.44479987,-8.147236,5004,0,0,1,1
6366,46432464,-2.3574045,3.1168144,1.0124757,8005,0,2.4529757,0.28366035,-8.290775,8005,0,0,1,1
6367,46442471,-2.56073,3.0875194,0.69560105,5003,0,1.3974423,0.05508572,-9.035801,5003,0,0,1,1
6368,46450476,-2.6512687,2.9892805,0.6522231,8005,0,1.4904996,0.10776686,-9.099083,8005,0,0,1,1
6369,46460483,-2.8646364,2.679937,0.7900573,5003,0,1.7938758,0.24831592,-9.068466,5003,0,0,1,1
6370,46468489,-3.016094,2.446744,0.92732364,8006,0,1.6910627,0.6449007,-9.587103,8006,0,0,1,1
6371,46478495,-3.4756653,2.1156554,1.2616358,5003,0,2.2030299,1.0214128,-8.7764015,5003,0,0,1,1
6372,46486501,-3.6685202,1.8287524,1.3384925,8006,0,1.834096,0.9206707,-9.116615,8006,0,0,1,1
6373,46494506,-3.8257132,1.500834,1.2507893,8005,0,1.58369,0.56600285,-9.589236,8005,0,0,1,1
6374,46499510,-3.8485518,1.33712,1.1091161,5004,0,1.8666648,0.0131985545,-9.624413,5004,0,0,1,1
6375,46504513,-3.7814443,1.2777997,0.9939224,5003,0,1.9694519,-0.15984237,-9.8710785,5003,0,0,1,1
6376,46512518,-3.6219413,1.2458045,0.85329986,8005,0,1.8243749,-0.257577,-10.199845,8005,0,0,1,1
6377,46517522,-3.417696,1.191741,0.744849,5004,0,1.5056103,-0.2405718,-10.226543,5004,0,0,1,1
6378,46522525,-3.2500293,1.0941639,0.68747854,5003,0,1.2499024,-0.28392702,-9.871729,5003,0,0,1,1
6379,46530531,-3.0588992,0.8600902,0.67565924,8006,0,0.83390844,0.0031045077,-9.434601,8006,0,0,1,1
6380,46540414,-2.9041026,0.226643,0.739435,4880,0,0.2577958,0.5472848,-8.964298,4880,0,0,1,1
6381,46548543,-2.9303548,-0.1734015,0.7534308,8129,0,0.017923042,0.94451505,-8.963113,8129,0,0,1,1
6382,46556548,-3.0496926,-0.61416066,0.74904746,8005,0,0.14339216,1.3063883,-9.041415,8005,0,0,1,1
6383,46561552,-3.175397,-0.90503323,0.73490155,5004,0,0.39638358,1.4595556,-9.009817,5004,0,0,1,1
6384,46566555,-3.2537134,-1.0975385,0.71788335,5003,0,0.5606237,1.5153294,-8.974619,5003,0,0,1,1
6385,46574560,-3.3251116,-1.3090715,0.64334905,8005,0,0.7963478,1.4607209,-9.17602,8005,0,0,1,1
6386,46579564,-3.3617406,-1.4678892,0.4926805,5004,0,1.008333,1.2419133,-9.41802,5004,0,0,1,1
6387,46584567,-3.3531141,-1.5296658,0.3428371,5003,0,1.1184558,1.112154,-9.6497555,5003,0,0,1,1
6388,46592573,-3.2876108,-1.5363358,0.15668261,8006,0,1.5661101,0.96152353,-10.139263,8006,0,0,1,1
6389,46597576,-3.1789126,-1.4805816,0.0060156183,5003,0,2.0146317,0.9033773,-10.599571,5003,0,0,1,1
6390,46602579,-3.059242,-1.4205076,-0.0875951,5003,0,2.21357,0.8823059,-10.707529,5003,0,0,1,1
6391,46610585,-2.9172714,-1.3494588,-0.16919161,8006,0,2.1285763,0.859326,-10.92993,8006,0,0,1,1
6392,46615588,-2.7824428,-1.3190202,-0.1953257,5003,0,1.7979323,0.9390517,-10.871773,5003,0,0,1,1
6393,46620592,-2.6865685,-1.345289,-0.17432512,5004,0,1.590841,1.0053701,-10.592855,5004,0,0,1,1
6394,46628597,-2.5684047,-1.4517503,-0.13472787,8005,0,1.3133456,1.270389,-10.421913,8005,0,0,1,1
6395,46636602,-2.456707,-1.6562521,-0.105905436,8005,0,1.2443703,1.7098593,-10.476359,8005,0,0,1,1
6396,46646609,-2.4471912,-1.88148,-0.10986986,5003,0,1.5058644,1.9984331,-11.439247,5003,0,0,1,1
6397,46654615,-2.4286194,-1.8913957,-0.13599245,8006,0,1.4905223,1.6426713,-11.655518,8006,0,0,1,1
6398,46659618,-2.2847812,-1.8878356,-0.17707324,5003,0,1.2465512,1.457154,-11.555571,5003,0,0,1,1
6399,46664621,-2.1009936,-1.9144039,-0.20900692,5003,0,0.94393736,1.2416961,-11.728661,5003,0,0,1,1
6400,46672627,-1.8527566,-2.0084443,-0.26578364,8006,0,0.56860304,0.82744795,-11.780169,8006,0,0,1,1
6401,46677630,-1.6097895,-2.1725264,-0.32661995,5003,0,0.18471614,0.5997829,-11.768415,5003,0,0,1,1
6402,46682633,-1.4143063,-2.3398476,-0.34438318,5003,0,-0.092742324,0.6172668,-11.763136,5003,0,0,1,1
6403,46690639,-1.185479,-2.589884,-0.33654666,8006,0,-0.5681648,0.8178674,-11.771946,8006,0,0,1,1
6404,46695643,-0.9419101,-2.855164,-0.34496313,5004,0,-1.0961723,0.8602805,-11.428677,5004,0,0,1,1
6405,46700646,-0.77372336,-3.074547,-0.3520203,5003,0,-1.0501802,0.8526193,-10.950747,5003,0,0,1,1
6406,46708651,-0.6107373,-3.3459346,-0.3528913,8005,0,-1.0822042,1.155156,-10.883391,8005,0,0,1,1
6407,46716656,-0.45905828,-3.579101,-0.51747036,8005,0,-1.6126429,1.2825075,-10.763835,8005,0,0,1,1
6408,46726663,-0.27456513,-3.7159986,-1.0058551,5003,0,-1.9147502,1.5902637,-10.648405,5003,0,0,1,1
6409,46734669,-0.20047367,-3.6341374,-1.233286,8006,0,-1.6932539,1.8999615,-10.850964,8006,0,0,1,1
6410,46744676,-0.16126013,-3.3086793,-1.4235078,5003,0,-0.62402254,2.1950505,-11.694666,5003,0,0,1,1
6411,46752681,-0.13624918,-3.1248689,-1.4885737,8005,0,-0.045945972,2.1267538,-11.877284,8005,0,0,1,1
6412,46757684,-0.18440683,-2.8639257,-1.6132854,5003,0,0.5466861,1.8359842,-13.293574,5003,0,0,1,1
6413,46762688,-0.34652504,-2.617959,-1.6982348,5004,0,0.88963515,1.5145859,-13.950311,5004,0,0,1,1
6414,46770693,-0.22991271,-2.4319546,-1.8513169,8005,0,1.1428502,2.2656534,-12.810822,8005,0,0,1,1
6415,46775697,-0.16468997,-2.2082582,-2.0594583,5004,0,1.5156522,1.5739814,-13.226739,5004,0,0,1,1
6416,46780700,0.0014161877,-2.0727942,-2.1273746,5003,0,1.6911589,1.8179523,-13.112515,5003,0,0,1,1
6417,46788706,0.22211279,-1.8636286,-2.1442266,8006,0,1.6100799,1.3575932,-12.944056,8006,0,0,1,1
6418,46796711,0.5174693,-1.5802846,-2.1163065,8005,0,1.2780693,0.92478234,-12.877593,8005,0,0,1,1
6419,46806718,1.009677,-1.2733953,-2.059428,5127,0,1.1686398,0.8811891,-13.067877,5127,0,0,1,1
6420,46814723,1.2663971,-1.1742061,-1.9974333,8005,0,1.2518555,1.1900282,-13.273562,8005,0,0,1,1
6421,46824730,1.6467707,-1.0757371,-1.8340873,5003,0,1.417267,1.71812,-13.357452,5003,0,0,1,1
6422,46832610,1.8540815,-1.0490752,-1.6693738,7880,0,1.278824,2.062023,-13.136508,7880,0,0,1,1
6423,46842742,2.1654263,-0.96811587,-1.3155397,5003,0,0.8938993,2.4702702,-12.440115,5003,0,0,1,1
6424,46850747,2.3034115,-0.9021737,-1.1262755,8005,0,0.6363946,2.5533662,-11.845726,8005,0,0,1,1
6425,46855751,2.3861077,-0.8217894,-0.97801596,5004,0,0.50316316,2.6911256,-11.347275,5004,0,0,1,1
6426,46860754,2.4076607,-0.74311656,-0.90898013,5003,0,0.49405482,2.846272,-11.109049,5003,0,0,1,1
6427,46868759,2.3841128,-0.60194784,-0.8537788,8005,0,0.4041635,3.057035,-10.755918,8005,0,0,1,1
6428,46873638,2.3421035,-0.41562113,-0.8032082,4879,0,0.30821988,3.107652,-10.569442,4879,0,0,1,1
6429,46878766,2.261444,-0.21128073,-0.8063816,5128,0,0.07162143,2.920835,-10.448977,5128,0,0,1,1
6430,46886772,2.1413164,0.10535115,-0.8103433,8006,0,-0.1944232,3.1158245,-10.126776,8006,0,0,1,1
6431,46894652,1.9766859,0.43331787,-0.7781997,7880,0,-0.3191283,3.2874844,-9.631398,7880,0,0,1,1
6432,46904784,1.6687493,0.65685695,-0.72086495,5004,0,-0.7556945,3.253045,-9.008862,5004,0,0,1,1
6433,46912789,1.4617882,0.66848576,-0.6985657,8005,0,-0.93913406,3.1224523,-8.965182,8005,0,0,1,1
6434,46922672,1.1430476,0.6178457,-0.64692104,4879,0,-0.89953166,2.7068098,-8.911358,4879,0,0,1,1
6435,46930802,1.0112348,0.56552047,-0.5888567,8130,0,-0.783017,2.3793507,-9.086962,8130,0,0,1,1
6436,46940684,0.9249563,0.49440178,-0.46167293,4879,0,-0.82303447,1.6120394,-9.654771,4879,0,0,1,1
6437,46948814,0.8967303,0.48140526,-0.3774377,8130,0,-0.6553924,1.3031559,-9.987001,8130,0,0,1,1
6438,46953817,0.87433374,0.47772792,-0.29435346,5003,0,-0.47942412,1.3032087,-10.186081,5003,0,0,1,1
6439,46958695,0.860259,0.4727451,-0.23893131,4878,0,-0.3697728,1.278734,-10.175343,4878,0,0,1,1
6440,46966826,0.83611643,0.46646315,-0.1762745,8131,0,-0.32523835,1.4267015,-10.246614,8131,0,0,1,1
6441,46974831,0.77525586,0.49005076,-0.09467542,8005,0,-0.23375441,1.4931868,-10.167236,8005,0,0,1,1
6442,46984838,0.683769,0.59446317,-0.0033754886,5003,0,-0.26658827,1.5196445,-9.403643,5003,0,0,1,1
6443,46992843,0.620601,0.6531918,0.04046691,8005,0,-0.6916247,1.6902488,-9.183369,8005,0,0,1,1
6444,47002850,0.41671383,0.7494753,0.07551146,5003,0,-1.0834832,2.1634414,-8.903021,5003,0,0,1,1
6445,47010856,0.24588582,0.77310866,0.073091425,8006,0,-1.0314872,2.2838516,-8.91003,8006,0,0,1,1
6446,47020862,-0.060193084,0.7795782,0.04077211,5003,0,-0.67098033,2.200552,-9.136225,5003,0,0,1,1
6447,47028868,-0.19366245,0.76615405,0.06037899,8006,0,-0.43247265,2.1248116,-9.282715,8006,0,0,1,1
6448,47038875,-0.32694256,0.67842007,0.17454998,5004,0,-0.36689934,1.8718319,-9.555685,5004,0,0,1,1
6449,47046880,-0.3391744,0.595504,0.27033833,8005,0,-0.3877264,1.7314041,-9.765157,8005,0,0,1,1
6450,47054761,-0.34128585,0.47980905,0.39519975,7881,0,-0.27624327,1.5663499,-9.793356,7881,0,0,1,1
6451,47059764,-0.3364894,0.39582217,0.47661284,5003,0,-0.3137461,1.5953034,-9.679232,5003,0,0,1,1
6452,47064771,-0.33614028,0.35904345,0.49982947,5007,0,-0.2727894,1.6771823,-9.5824375,5007,0,0,1,1
6453,47072898,-0.35745984,0.35096425,0.50775343,8127,0,-0.21945961,1.8083001,-9.304701,8127,0,0,1,1
6454,47082904,-0.4835802,0.38752234,0.5355076,5003,0,-0.34375426,2.0695124,-9.028437,5003,0,0,1,1
6455,47090910,-0.6158401,0.40929115,0.5385245,8006,0,-0.45295995,2.2980912,-9.005283,8006,0,0,1,1
6456,47100917,-0.91828203,0.46431303,0.5166157,5004,0,-0.23163795,2.6386817,-9.077566,5004,0,0,1,1
6457,47108922,-1.0943092,0.51089835,0.50129634,8005,0,-0.13034688,2.670985,-9.250406,8005,0,0,1,1
6458,47116927,-1.2936789,0.5833646,0.45935345,8005,0,-0.23585476,2.6866207,-9.362704,8005,0,0,1,1
6459,47121931,-1.4095443,0.6432879,0.43842354,5004,0,-0.15644786,2.5383804,-9.623209,5004,0,0,1,1
6460,47126934,-1.4815959,0.6820252,0.4369567,5003,0,-0.21510457,2.3470826,-9.623688,5003,0,0,1,1
6461,47134940,-1.5482224,0.7298568,0.43631062,8006,0,-0.1444162,2.2268608,-9.687492,8006,0,0,1,1
6462,47139943,-1.6020038,0.78064406,0.4256522,5003,0,-0.11221107,2.182837,-9.830751,5003,0,0,1,1
6463,47144946,-1.6488659,0.8306271,0.4065361,5003,0,-0.06339888,2.2772503,-9.994095,5003,0,0,1,1
6464,47152952,-1.7087157,0.88477355,0.38724598,8006,0,-0.11014481,2.448625,-9.952047,8006,0,0,1,1
6465,47157955,-1.8091999,0.9347888,0.36648974,5003,0,-0.083183706,2.6789222,-10.15592,5003,0,0,1,1
6466,47162959,-1.8964074,0.9648599,0.34496224,5004,0,-0.1140692,2.8512993,-10.232048,5004,0,0,1,1
6467,47170964,-2.0025437,0.9858668,0.32053718,8005,0,-0.19897313,2.9777462,-10.352155,8005,0,0,1,1
6468,47178844,-2.1275475,0.9835042,0.2920319,7880,0,-0.32239908,2.9880705,-10.469945,7880,0,0,1,1
6469,47188976,-2.2528093,0.91366416,0.30771598,5003,0,-0.38964918,2.8527362,-10.726213,5003,0,0,1,1
6470,47196981,-2.278162,0.8360092,0.33814287,8005,0,-0.33191478,2.6940398,-10.844928,8005,0,0,1,1
6471,47201985,-2.2701004,0.74002373,0.3550245,5004,0,-0.23195875,2.5110545,-10.995167,5004,0,0,1,1
6472,47206988,-2.2434914,0.66528773,0.3642349,5003,0,-0.08774193,2.399038,-11.166264,5003,0,0,1,1
6473,47214994,-2.1886265,0.6044656,0.36981186,8006,0,0.12044202,2.287913,-11.335152,8006,0,0,1,1
6474,47219997,-2.116296,0.5844836,0.37024677,5003,0,0.28672907,2.216601,-11.396118,5003,0,0,1,1
6475,47225001,-2.052379,0.59243584,0.36220688,5004,0,0.2256692,2.1296859,-11.322134,5004,0,0,1,1
6476,47233006,-1.969782,0.6308952,0.32438448,8005,0,0.12657401,2.065699,-11.115321,8005,0,0,1,1
6477,47238009,-1.9047561,0.68080497,0.26955187,5003,0,0.0528101,2.1660705,-10.925411,5003,0,0,1,1
6478,47243013,-1.8797742,0.7213254,0.2307798,5004,0,0.024552412,2.3566523,-10.9230175,5004,0,0,1,1
6479,47251018,-1.8648206,0.7699698,0.18845767,8005,0,-0.18003412,2.5758238,-10.6430645,8005,0,0,1,1
6480,47259024,-1.8555415,0.7987621,0.14504096,8006,0,-0.4700261,2.7851598,-10.279158,8006,0,0,1,1
6481,47269030,-1.8573676,0.73643667,0.051255614,5003,0,-0.8442975,3.0136237,-9.831022,5003,0,0,1,1
6482,47277036,-1.864198,0.65809864,0.0021793414,8006,0,-0.82303053,3.1104512,-9.767395,8006,0,0,1,1
6483,47287042,-1.9512496,0.5407164,-0.16538662,5003,0,-0.94510895,3.399092,-9.588018,5003,0,0,1,1
6484,47295048,-1.9975697,0.49940485,-0.23291504,8006,0,-0.62311476,3.301858,-9.485473,8006,0,0,1,1
6485,47299927,-2.0426192,0.47941238,-0.27423826,4879,0,-0.30542484,3.4339397,-9.816166,4879,0,0,1,1
6486,47305055,-2.0726893,0.48496562,-0.30793163,5128,0,-0.12157613,3.3649065,-10.060187,5128,0,0,1,1
6487,47313060,-2.0897455,0.51527447,-0.36529052,8005,0,0.23822199,3.2315195,-10.157502,8005,0,0,1,1
6488,47318063,-2.0721803,0.56036097,-0.4311998,5003,0,0.5024286,3.1400452,-10.275625,5003,0,0,1,1
6489,47323067,-2.0406694,0.59804016,-0.46626237,5004,0,0.67482054,3.0686932,-10.22966,5004,0,0,1,1
6490,47331072,-1.984941,0.6500058,-0.50264245,8005,0,0.7797499,2.9280584,-10.316707,8005,0,0,1,1
6491,47339078,-1.8862334,0.71790135,-0.53793246,8006,0,0.8050156,2.9944463,-10.195667,8006,0,0,1,1
6492,47349084,-1.7076646,0.77595234,-0.5550766,5002,0,0.47130358,3.1046162,-9.699082,5002,0,0,1,1
6493,47357090,-1.6196334,0.7741445,-0.5773385,8006,0,0.22175075,3.274321,-9.47471,8006,0,0,1,1
6494,47367097,-1.4985075,0.65612394,-0.62366223,5004,0,-0.28813326,3.6732295,-9.169992,5004,0,0,1,1
6495,47375102,-1.4543986,0.5345027,-0.6466871,8005,0,-0.3558554,3.8800697,-9.132926,8005,0,0,1,1
6496,47385109,-1.4063156,0.3170275,-0.68063366,5004,0,-0.28908634,4.163086,-9.035198,5004,0,0,1,1
6497,47393115,-1.3861195,0.2324389,-0.6869202,8006,0,-0.020932829,4.289777,-9.042098,8006,0,0,1,1
6498,47398118,-1.3680876,0.19164489,-0.69601566,5003,0,0.3576777,4.3232293,-9.183439,5003,0,0,1,1
6499,47403121,-1.3452084,0.19780375,-0.7137377,5003,0,0.49717164,4.419982,-9.178364,5003,0,0,1,1
6500,47411126,-1.3020004,0.24087706,-0.74258447,8005,0,0.7101574,4.48354,-9.209552,8005,0,0,1,1
6501,47416130,-1.2434893,0.29440147,-0.76691604,5004,0,0.73443687,4.5499935,-9.084747,5004,0,0,1,1
6502,47421133,-1.1845783,0.31709456,-0.78630793,5003,0,0.6375306,4.590223,-8.938358,5003,0,0,1,1
6503,47429138,-1.113781,0.29886797,-0.81011707,8005,0,0.4313917,4.6851034,-8.837393,8005,0,0,1,1
6504,47437144,-1.0272183,0.21149518,-0.8316622,8006,0,0.17356539,4.7826624,-8.797604,8006,0,0,1,1
6505,47447151,-0.8915735,0.07384063,-0.8707249,5004,0,0.18879734,4.9313836,-8.567364,5004,0,0,1,1
6506,47455156,-0.8233861,0.031368416,-0.878286,8005,0,0.26978323,5.0505185,-8.57448,8005,0,0,1,1
6507,47465163,-0.71497726,0.014357328,-0.86638725,5003,0,0.47323513,5.2923713,-8.654068,5003,0,0,1,1
6508,47473168,-0.6675053,0.040385827,-0.8488766,8005,0,0.6363856,5.480283,-8.747006,8005,0,0,1,1
6509,47483050,-0.5744264,0.126877,-0.83365166,4878,0,0.73754495,5.5421352,-8.874456,4878,0,0,1,1
6510,47491180,-0.4999104,0.15591383,-0.83535284,8130,0,0.7311752,5.541735,-9.018909,8130,0,0,1,1
6511,47496184,-0.41920987,0.15824385,-0.8378746,5004,0,0.7175284,5.5680237,-9.18515,5004,0,0,1,1
6512,47501187,-0.35409304,0.13949655,-0.84034306,5003,0,0.6997217,5.538316,-9.365589,5003,0,0,1,1
6513,47509193,-0.25025633,0.09239885,-0.83726126,8006,0,0.6178935,5.510209,-9.4619255,8006,0,0,1,1
6514,47517198,-0.0924622,0.027300252,-0.8256281,8005,0,0.493734,5.3848443,-9.687233,8005,0,0,1,1
6515,47522201,0.05223582,-0.018038712,-0.80235875,5003,0,0.4790589,5.391784,-9.739563,5003,0,0,1,1
6516,47527205,0.1748778,-0.06429059,-0.7775305,5004,0,0.57258254,5.4832406,-9.808277,5004,0,0,1,1
6517,47535210,0.3484035,-0.12716779,-0.74542093,8005,0,0.6183593,5.558691,-9.903397,8005,0,0,1,1
6518,47545217,0.6356926,-0.17556255,-0.70376426,5003,0,0.73186064,5.6252484,-9.991955,5003,0,0,1,1
6519,47553222,0.79119635,-0.15668564,-0.68188095,8005,0,0.7451813,5.5408835,-9.872744,8005,0,0,1,1
6520,47563229,1.063631,-0.033516124,-0.69160926,5003,0,0.6085018,5.6417427,-9.612434,5003,0,0,1,1
6521,47571110,1.2098572,0.062367916,-0.70657855,7881,0,0.49518183,5.676095,-9.418968,7881,0,0,1,1
6522,47581241,1.4608767,0.23196928,-0.7227425,5003,0,0.017755598,5.8489685,-9.229977,5003,0,0,1,1
6523,47589247,1.5787306,0.30398136,-0.72378874,8006,0,-0.22956035,5.9262023,-9.25444,8006,0,0,1,1
6524,47594250,1.6604222,0.3528226,-0.73450106,5003,0,-0.46434155,5.96184,-9.426399,5003,0,0,1,1
6525,47599254,1.7082437,0.3758865,-0.756718,5004,0,-0.53760254,6.0291243,-9.481947,5004,0,0,1,1
6526,47607259,1.7641156,0.37634245,-0.7897558,8005,0,-0.61861616,6.0737443,-9.542188,8005,0,0,1,1
6527,47615264,1.8330206,0.33587354,-0.8072671,8005,0,-0.7402688,6.142277,-9.592318,8005,0,0,1,1
6528,47620143,1.890114,0.2652134,-0.7895222,4879,0,-0.8041547,6.1607623,-9.648178,4879,0,0,1,1
6529,47625271,1.9250606,0.1899517,-0.74981344,5128,0,-0.80560136,6.272464,-9.753025,5128,0,0,1,1
6530,47633277,1.9728588,0.08611074,-0.68079287,8006,0,-0.8230252,6.230124,-9.786398,8006,0,0,1,1
6531,47643283,2.0821927,-0.07498072,-0.6289825,5003,0,-0.7526112,5.797619,-10.012732,5003,0,0,1,1
6532,47651289,2.1995037,-0.15711372,-0.6573036,8006,0,-0.6409174,5.5962515,-10.300707,8006,0,0,1,1
6533,47661171,2.4994848,-0.24860474,-0.69937825,5004,0,-0.54502434,5.2038345,-10.630453,5004,0,0,1,1
6534,47669301,2.7132611,-0.27548042,-0.7089385,8130,0,-0.4577335,5.1983895,-10.886147,8130,0,0,1,1
6535,47679308,3.0703714,-0.31759733,-0.70166737,5003,0,-0.20361021,5.187804,-10.8069,5003,0,0,1,1
6536,47687188,3.2428658,-0.31916916,-0.6738261,7880,0,-0.17101048,5.24415,-10.787169,7880,0,0,1,1
6537,47695195,3.433222,-0.28551903,-0.63055503,8007,0,-0.2647262,5.3628783,-10.636671,8007,0,0,1,1
6538,47700322,3.5571396,-0.25030863,-0.58156544,5127,0,-0.34969604,5.5191846,-10.398564,5127,0,0,1,1
6539,47705325,3.6390924,-0.24205533,-0.5321788,5003,0,-0.40687686,5.6575403,-10.173164,5003,0,0,1,1
6540,47713331,3.7130811,-0.24530546,-0.45471755,8006,0,-0.35690293,5.725384,-9.881578,8006,0,0,1,1
6541,47723338,3.7462564,-0.27265227,-0.29595077,5004,0,-0.16146928,5.845008,-9.810907,5004,0,0,1,1
6542,47731343,3.726359,-0.2966257,-0.1888035,8005,0,-0.049243867,5.838964,-9.741658,8005,0,0,1,1
6543,47741350,3.650993,-0.32544786,0.030884646,5004,0,0.43846822,5.7291427,-9.600903,5004,0,0,1,1
6544,47749355,3.5867078,-0.31919894,0.13294095,8005,0,0.64151436,5.516069,-9.6078,8005,0,0,1,1
6545,47759362,3.5080507,-0.21000528,0.17394571,5003,0,1.0356358,4.8976135,-9.705082,5003,0,0,1,1
6546,47767368,3.5147803,-0.056498997,0.093072794,8006,0,1.249763,4.715627,-9.900135,8006,0,0,1,1
6547,47775373,3.5505626,0.16297783,-0.07233859,8005,0,1.1270435,4.6520348,-10.13551,8005,0,0,1,1
6548,47780376,3.5778317,0.30885518,-0.24006139,5003,0,0.62192875,4.441058,-10.199968,5003,0,0,1,1
6549,47785380,3.581554,0.3823017,-0.3592108,5004,0,0.052807722,4.1400957,-10.149214,5004,0,0,1,1
6550,47793385,3.5810645,0.42580292,-0.44251725,8005,0,-0.4939809,3.8977096,-10.073853,8005,0,0,1,1
6551,47798388,3.579194,0.40714008,-0.44345567,5003,0,-0.86344796,3.5128288,-10.059425,5003,0,0,1,1
6552,47803392,3.573012,0.35358512,-0.39612618,5004,0,-0.90057474,3.1767147,-10.126444,5004,0,0,1,1
6553,47811397,3.547535,0.23922777,-0.27546495,8005,0,-0.9017702,3.1523595,-10.284492,8005,0,0,1,1
6554,47821404,3.566588,-0.056181658,0.027651684,5003,0,-1.020099,3.325348,-10.20039,5003,0,0,1,1
6555,47829409,3.612973,-0.24658214,0.20269467,8005,0,-0.7398149,2.348822,-10.485806,8005,0,0,1,1
6556,47837415,3.619908,-0.40354884,0.35614032,8006,0,-0.8923838,2.166864,-9.884987,8006,0,0,1,1
6557,47847297,3.6544538,-0.51703286,0.54855454,4879,0,-0.5693418,1.8136268,-9.554849,4879,0,0,1,1
6558,47855427,3.5995247,-0.50752485,0.5466361,8130,0,-0.77013236,1.5845782,-9.819498,8130,0,0,1,1
6559,47860430,3.5763848,-0.49419653,0.5244177,5003,0,-0.19509098,2.0083156,-10.105154,5003,0,0,1,1
6560,47865434,3.5067809,-0.48536444,0.4890731,5004,0,-0.017099716,1.3886809,-9.707289,5004,0,0,1,1
6561,47873439,3.4471974,-0.44028684,0.44150877,8005,0,0.2329923,1.3734871,-9.67118,8005,0,0,1,1
6562,47878443,3.355621,-0.36739403,0.4120933,5004,0,0.341754,1.3038131,-9.787601,5004,0,0,1,1
6563,47883446,3.291632,-0.28717986,0.4098851,5003,0,0.12030909,1.1262448,-9.803726,5003,0,0,1,1
6564,47891451,3.2102022,-0.18137081,0.40572637,8005,0,-0.25141752,0.97471946,-9.742084,8005,0,0,1,1
6565,47896455,3.208486,-0.10732964,0.3886697,5004,0,-0.20216423,0.64244473,-10.10684,5004,0,0,1,1
6566,47901458,3.2356095,-0.0617179,0.35506615,5003,0,-0.31855077,0.4362629,-9.86743,5003,0,0,1,1
6567,47909464,3.1597283,-0.031364456,0.33166373,8006,0,-0.32151008,0.29607093,-9.556892,8006,0,0,1,1
6568,47917469,3.0906408,-0.01900608,0.35911554,8005,0,-0.19284959,-0.0013872384,-9.605388,8005,0,0,1,1
6569,47927476,2.9612405,0.06361121,0.39275232,5004,0,-0.44661283,-0.42924577,-9.239647,5004,0,0,1,1
6570,47935356,2.86349,0.14038658,0.394457,7880,0,-0.5272295,-0.8324905,-8.9803705,7880,0,0,1,1
6571,47945488,2.7000651,0.24333814,0.35654396,5004,0,-0.5739904,-1.0929096,-8.875271,5004,0,0,1,1
6572,47953493,2.5841072,0.26852328,0.34634298,8005,0,-0.65677184,-1.2804906,-8.797896,8005,0,0,1,1
6573,47958497,2.4532633,0.25794882,0.36686248,5004,0,-0.7576286,-1.4968091,-8.595379,5004,0,0,1,1
6574,47963500,2.3436463,0.22602935,0.39614645,5003,0,-0.8356878,-1.613176,-8.48691,5003,0,0,1,1
6575,47971505,2.1928763,0.16969454,0.45683342,8005,0,-0.89422977,-1.8494836,-8.520011,8005,0,0,1,1
6576,47979386,2.0266995,0.097821414,0.5510913,7881,0,-0.8610949,-2.1368582,-8.614793,7881,0,0,1,1
6577,47989518,1.8321208,-0.012300536,0.686058,5004,0,-0.44566542,-2.6345344,-8.69449,5004,0,0,1,1
6578,47997523,1.7677569,-0.05859935,0.75757104,8005,0,-0.22417162,-2.8448079,-8.6599245,8005,0,0,1,1
6579,48007530,1.6791985,-0.03666886,0.8430805,5004,0,-0.34223413,-3.2452948,-8.565445,5004,0,0,1,1
6580,48015535,1.6240267,0.026172994,0.8545415,8005,0,-0.3621349,-3.3357656,-8.464652,8005,0,0,1,1
6581,48025542,1.5355797,0.2240154,0.83227444,5003,0,-0.4104775,-3.480648,-8.222853,5003,0,0,1,1
6582,48033547,1.4902754,0.3644661,0.79149187,8005,0,-0.33250886,-3.4306378,-8.016492,8005,0,0,1,1
6583,48041553,1.4035865,0.54605997,0.7514491,8006,0,-0.36932173,-3.3625593,-7.7730403,8006,0,0,1,1
6584,48046556,1.2941755,0.67926717,0.73707473,5003,0,-0.45284572,-3.2690012,-7.524696,5003,0,0,1,1
6585,48051560,1.1804811,0.7663765,0.73498785,5004,0,-0.4930713,-3.2711477,-7.3271704,5004,0,0,1,1
6586,48059565,0.98624396,0.8536401,0.7644294,8005,0,-0.5013022,-3.1488688,-7.035751,8005,0,0,1,1
6587,48064568,0.74816144,0.91815156,0.81585574,5003,0,-0.4653005,-3.1078758,-6.7791314,5003,0,0,1,1
6588,48069572,0.54792607,0.94038594,0.8643603,5004,0,-0.3836583,-3.0267007,-6.660386,5004,0,0,1,1
6589,48077577,0.28828624,0.9350362,0.92694944,8005,0,-0.39116666,-2.925913,-6.552583,8005,0,0,1,1
6590,48087584,-0.195129,0.85878783,1.001641,5003,0,-0.7583481,-3.0621412,-6.717368,5003,0,0,1,1
6591,48095589,-0.43245858,0.7890263,1.019692,8005,0,-1.148475,-3.2601917,-6.974399,8005,0,0,1,1
6592,48105596,-0.76300144,0.6512318,0.9945313,5003,0,-1.3224112,-3.9420152,-7.7164693,5003,0,0,1,1
6593,48113602,-0.8809143,0.5660881,0.9521666,8006,0,-1.5839272,-4.4442797,-8.142933,8006,0,0,1,1
6594,48121607,-0.9853503,0.4732177,0.9095747,8005,0,-1.7096231,-4.8364925,-8.66607,8005,0,0,1,1
6595,48126610,-1.0652605,0.42146444,0.8652426,5003,0,-1.6542584,-5.198699,-8.9837055,5003,0,0,1,1
6596,48131614,-1.1769634,0.5027309,0.7464219,5004,0,-2.960219,-5.7946115,-8.542179,5004,0,0,1,1
6597,48139619,-1.2734563,0.6579965,0.4933734,8005,0,-3.3295963,-4.8915625,-8.053282,8005,0,0,1,1
6598,48144623,-1.4531997,0.69557106,0.28887153,5004,0,-2.1099064,-5.382067,-9.130268,5004,0,0,1,1
6599,48149626,-1.4920938,0.69781154,0.18975256,5003,0,-1.7353772,-5.249477,-8.977251,5003,0,0,1,1
6600,48157631,-1.6184452,0.6703544,0.15790172,8005,0,-1.2625074,-5.374875,-9.785953,8005,0,0,1,1
6601,48162635,-1.7145247,0.63157415,0.16719823,5004,0,-1.2434492,-5.495078,-9.730883,5004,0,0,1,1
6602,48167638,-1.7783093,0.59199566,0.19719824,5003,0,-0.9984846,-5.41085,-9.884422,5003,0,0,1,1
6603,48175644,-1.8024477,0.5416213,0.26905513,8006,0,-0.6682927,-5.385209,-10.060093,8006,0,0,1,1
6604,48185650,-1.7520132,0.5000228,0.43476748,5003,0,-0.23474294,-5.646201,-10.2188835,5003,0,0,1,1
6605,48193656,-1.6947567,0.47676435,0.57704943,8006,0,0.0031329987,-5.5486073,-10.219898,8006,0,0,1,1
6606,48201661,-1.6116061,0.43798265,0.79199916,8005,0,0.21994542,-5.221349,-10.197462,8005,0,0,1,1
6607,48206665,-1.5315884,0.43075895,0.9673559,5004,0,0.30780172,-5.1072783,-10.008905,5004,0,0,1,1
6608,48211543,-1.4742256,0.44186297,1.0898383,4878,0,0.35395613,-5.0032487,-9.907282,4878,0,0,1,1
6609,48219674,-1.4540026,0.4774719,1.2104201,8131,0,0.38562396,-4.6666594,-9.81127,8131,0,0,1,1
6610,48224677,-1.4960619,0.5436832,1.2798724,5003,0,0.25461838,-4.264003,-9.599012,5003,0,0,1,1
6611,48229681,-1.5665592,0.63113916,1.2727879,5004,0,-0.067636326,-4.020535,-9.643562,5004,0,0,1,1
6612,48237686,-1.706621,0.7811585,1.1705012,8005,0,-0.7527418,-3.839733,-9.784314,8005,0,0,1,1
6613,48242689,-1.8726385,0.9289169,1.0072601,5003,0,-1.3636191,-3.653023,-9.961515,5003,0,0,1,1
6614,48247692,-2.0197737,1.011841,0.8703232,5003,0,-1.776996,-3.6524668,-9.95076,5003,0,0,1,1
6615,48255698,-2.1808598,1.0548141,0.6918358,8006,0,-2.076121,-3.9217298,-10.1893425,8006,0,0,1,1
6616,48260701,-2.2878926,1.0430382,0.5183494,5003,0,-2.1381269,-4.299451,-10.377377,5003,0,0,1,1
6617,48265705,-2.3072624,0.99920094,0.391526,5004,0,-2.0399632,-4.651647,-10.518877,5004,0,0,1,1
6618,48273585,-2.2675924,0.9150382,0.2762285,7880,0,-1.8802773,-4.7891707,-10.852311,7880,0,0,1,1
6619,48283717,-2.1099806,0.7446218,0.20217355,5004,0,-1.5525125,-4.919332,-10.958696,5004,0,0,1,1
6620,48291722,-1.9994044,0.6302324,0.27799115,8005,0,-1.4296498,-4.729497,-10.886548,8005,0,0,1,1
6621,48299603,-1.8805416,0.4625821,0.4431325,7881,0,-1.3354363,-4.3697925,-10.414777,7881,0,0,1,1
6622,48304731,-1.8202398,0.28556454,0.593048,5128,0,-1.3586303,-3.9709556,-10.069478,5128,0,0,1,1
6623,48309734,-1.8171257,0.14111991,0.6814701,5003,0,-1.3132753,-3.5126998,-9.926701,5003,0,0,1,1
6624,48317740,-1.9041065,0.008247897,0.74261594,8006,0,-1.027724,-3.004564,-9.659401,8006,0,0,1,1
6625,48322743,-2.0462008,-0.049844854,0.76943207,5003,0,-0.71554506,-2.5037093,-9.27404,5003,0,0,1,1
6626,48327747,-2.1800554,-0.03180097,0.7711731,5004,0,-0.5385364,-2.3250256,-9.063467,5004,0,0,1,1
6627,48335752,-2.3669643,0.07550954,0.7320004,8005,0,-0.37714165,-2.135011,-9.0695095,8005,0,0,1,1
6628,48340755,-2.5583792,0.24496515,0.6696083,5003,0,-0.28430337,-1.9742191,-9.162321,5003,0,0,1,1
6629,48345634,-2.6993551,0.38881436,0.6296874,4879,0,-0.15057674,-1.8720384,-9.086388,4879,0,0,1,1
6630,48353639,-2.8710666,0.5415445,0.5825805,8005,0,0.06901295,-1.7378694,-9.24468,8005,0,0,1,1
6631,48358768,-3.0380533,0.64798295,0.5496509,5129,0,0.14007726,-1.6103833,-9.583216,5129,0,0,1,1
6632,48363771,-3.1710927,0.7156794,0.50536054,5003,0,0.11586404,-1.7157967,-10.027445,5003,0,0,1,1
6633,48371776,-3.303271,0.77104586,0.45778063,8005,0,0.20310019,-1.666113,-10.307549,8005,0,0,1,1
6634,48379782,-3.416266,0.8442628,0.38935208,8006,0,0.33892322,-1.763826,-10.587879,8006,0,0,1,1
6635,48389789,-3.4467862,0.97718257,0.19981815,5003,0,0.3603346,-1.8198098,-10.683657,5003,0,0,1,1
6636,48397794,-3.4207983,1.047348,0.12025465,8005,0,0.35077173,-1.5494803,-10.913038,8005,0,0,1,1
6637,48402673,-3.3875403,1.092835,0.09386509,4879,0,0.24201445,-1.4484084,-10.876996,4879,0,0,1,1
6638,48407676,-3.3543408,1.107466,0.107257076,5003,0,0.050955478,-1.3416239,-10.855972,5003,0,0,1,1
6639,48415681,-3.3115811,1.0812714,0.14161782,8005,0,-0.1961387,-1.1501294,-10.785538,8005,0,0,1,1
6640,48420810,-3.2778447,1.0143319,0.16522954,5129,0,-0.3881175,-0.86933374,-10.874491,5129,0,0,1,1
6641,48425813,-3.2546341,0.9524197,0.18121037,5003,0,-0.39179575,-0.82524073,-11.064762,5003,0,0,1,1
6642,48433818,-3.2558913,0.8851241,0.24042463,8005,0,-0.20857163,-0.37896225,-11.304878,8005,0,0,1,1
6643,48438822,-3.295286,0.83970875,0.29234782,5004,0,-0.23952581,-0.45508397,-11.223009,5004,0,0,1,1
6644,48443825,-3.3288758,0.81502163,0.30502054,5003,0,-0.18951082,-0.18269801,-11.245279,5003,0,0,1,1
6645,48451831,-3.5073783,0.7967479,0.15253283,8006,0,-0.31813133,-0.38513213,-11.761663,8006,0,0,1,1
6646,48461837,-3.3623984,0.7192873,-0.06341021,5128,0,-0.8466581,-0.439242,-11.419544,5128,0,0,1,1
6647,48469843,-3.3475327,0.67754346,-0.027824558,8006,0,-0.5665517,-0.24715106,-11.34918,8006,0,0,1,1
6648,48477723,-3.317227,0.65912133,-0.0108297095,7880,0,-0.6109256,-0.38784966,-11.426469,7880,0,0,1,1
6649,48487855,-3.2018178,0.6797402,0.01925121,5003,0,-0.43099833,0.11692768,-10.953428,5003,0,0,1,1
6650,48495860,-3.1322782,0.6929904,0.033462785,8005,0,-0.4215216,0.34372774,-10.843001,8005,0,0,1,1
6651,48500864,-3.060517,0.6632006,0.0542125,5004,0,-0.49391505,0.78997475,-10.5416355,5004,0,0,1,1
6652,48505867,-3.0390728,0.5930504,0.06171132,5003,0,-0.47642338,1.0214207,-10.422087,5003,0,0,1,1
6653,48513872,-2.9997282,0.4972582,0.015182849,8005,0,-0.69418514,1.3632959,-10.347057,8005,0,0,1,1
6654,48518876,-2.9946342,0.40053043,-0.030113194,5004,0,-0.38453722,1.5931126,-10.437538,5004,0,0,1,1
6655,48523879,-2.9986277,0.3529647,-0.08114098,5003,0,-0.12746304,1.6877662,-10.408567,5003,0,0,1,1
6656,48531760,-3.012826,0.32926726,-0.1359349,7881,0,0.42586812,1.7218652,-10.478761,7881,0,0,1,1
6657,48536763,-2.994747,0.36721063,-0.19037072,5003,0,0.76491493,1.7456479,-10.60528,5003,0,0,1,1
6658,48541770,-2.966518,0.41642824,-0.23350503,5007,0,1.0771825,1.6369998,-10.787744,5007,0,0,1,1
6659,48549897,-2.8701575,0.5058141,-0.2801343,8127,0,1.2325405,1.570873,-10.8881445,8127,0,0,1,1
6660,48557902,-2.7018876,0.60575074,-0.39787462,8005,0,1.4261317,1.3870385,-10.86572,8005,0,0,1,1
6661,48567784,-2.3651242,0.7785656,-0.5493649,4878,0,1.5042468,1.3827522,-10.986524,4878,0,0,1,1
6662,48575914,-2.1586049,0.87354857,-0.6322935,8130,0,1.1858649,1.2209792,-10.352845,8130,0,0,1,1
6663,48585921,-1.7531651,0.9500868,-0.75484425,5003,0,0.7059497,1.9491742,-9.609507,5003,0,0,1,1
6664,48593927,-1.6529058,0.9315682,-0.80855644,8006,0,0.348291,2.1802423,-9.640238,8006,0,0,1,1
6665,48598930,-1.5235012,0.8625168,-0.81581944,5003,0,0.20359817,2.86538,-9.03203,5003,0,0,1,1
6666,48603933,-1.5104994,0.7861613,-0.8235814,5003,0,0.0066974387,2.9706063,-9.045515,5003,0,0,1,1
6667,48611939,-1.4559019,0.6674912,-0.8162277,8006,0,-0.087776855,3.3915555,-8.884361,8006,0,0,1,1
6668,48619944,-1.407853,0.51611614,-0.80739963,8005,0,0.10535888,3.6840572,-8.550742,8005,0,0,1,1
6669,48629951,-1.3673215,0.35095882,-0.7895957,5128,0,0.4449439,3.9708405,-8.497118,5128,0,0,1,1
6670,48637956,-1.3570843,0.3169538,-0.7926577,8005,0,0.6090026,3.9885442,-8.580477,8005,0,0,1,1
6671,48647963,-1.2874607,0.3546726,-0.8414031,5003,0,0.84409285,4.1173563,-8.440464,5003,0,0,1,1
6672,48655969,-1.2312167,0.40031883,-0.90415716,8006,0,0.813409,4.1776943,-8.388924,8006,0,0,1,1
6673,48665975,-1.095854,0.48888522,-1.0159483,5122,0,0.67416805,4.4136853,-8.29088,5122,0,0,1,1
6674,48673981,-1.0729961,0.5434338,-1.0828083,8006,0,0.6355016,4.5848327,-8.588871,8006,0,0,1,1
6675,48681986,-1.0202886,0.6055742,-1.163256,8005,0,0.6498657,4.859892,-8.677878,8005,0,0,1,1
6676,48686990,-0.9695101,0.63723075,-1.2071741,5004,0,0.57066274,4.884929,-8.781656,5004,0,0,1,1
6677,48691993,-0.9091086,0.6424982,-1.2254807,5003,0,0.48639005,5.055161,-8.80678,5003,0,0,1,1
6678,48699998,-0.84845525,0.6096056,-1.2376899,8005,0,0.53104544,4.9724216,-9.099395,8005,0,0,1,1
6679,48705002,-0.7868246,0.5673044,-1.2501417,5004,0,0.761962,4.892592,-9.457765,5004,0,0,1,1
6680,48710005,-0.71454275,0.5362686,-1.2515815,5003,0,0.9274206,4.862419,-9.51643,5003,0,0,1,1
6681,48718011,-0.59534395,0.5258945,-1.245951,8006,0,1.0564212,4.7633667,-9.595312,8006,0,0,1,1
6682,48728017,-0.31533968,0.5345707,-1.2278538,5003,0,0.9901406,4.618698,-9.475006,5003,0,0,1,1
6683,48736023,-0.13559663,0.5420704,-1.2335685,8006,0,0.9231003,4.5483418,-9.51436,8006,0,0,1,1
6684,48746029,0.18532237,0.54317695,-1.2444358,5003,0,0.89652807,4.5468717,-9.605724,5003,0,0,1,1
6685,48754035,0.37061974,0.53713447,-1.2443721,8006,0,0.84783524,4.62899,-9.752277,8006,0,0,1,1
6686,48762040,0.5846303,0.53203934,-1.2215942,8005,0,0.7095698,4.815586,-9.854331,8005,0,0,1,1
6687,48767044,0.7378905,0.5234376,-1.1908607,5004,0,0.630764,5.0214033,-9.909798,5004,0,0,1,1
6688,48772047,0.85134375,0.5120193,-1.1615506,5003,0,0.54696506,5.1962485,-9.933342,5003,0,0,1,1
6689,48780052,0.9777536,0.47345343,-1.1223642,8005,0,0.34997627,5.379173,-9.898931,8005,0,0,1,1
6690,48785056,1.0951592,0.40475118,-1.0787001,5004,0,0.08105992,5.5304165,-9.672773,5004,0,0,1,1
6691,48790059,1.1798772,0.3312899,-1.0502558,5003,0,-0.24262422,5.5895376,-9.599989,5003,0,0,1,1
6692,48798065,1.2919351,0.21088222,-1.0335704,8006,0,-0.7119912,5.7066836,-9.389714,8006,0,0,1,1
6693,48803068,1.413003,0.066325024,-1.0278043,5003,0,-1.1225051,5.791138,-9.166157,5003,0,0,1,1
6694,48808071,1.5106302,-0.06334164,-1.0153369,5003,0,-1.2414953,5.8919344,-9.042139,5003,0,0,1,1
6695,48816077,1.6195812,-0.2371114,-0.984483,8006,0,-1.1852918,6.019276,-8.97282,8006,0,0,1,1
6696,48826084,1.7676365,-0.5193881,-0.88577896,5004,0,-0.5634744,6.2280803,-9.018902,5004,0,0,1,1
6697,48834089,1.8082135,-0.5664674,-0.84227943,8005,0,-0.014211803,6.3073325,-9.013971,8005,0,0,1,1
6698,48844096,1.9202437,-0.44476485,-0.8179396,5004,0,1.0980823,6.2629123,-9.050217,5004,0,0,1,1
6699,48852101,1.9974091,-0.30220762,-0.82555395,8005,0,1.3156192,6.172018,-9.250779,8005,0,0,1,1
6700,48860107,2.079515,-0.12979335,-0.8185627,8006,0,1.1212127,6.156793,-9.47052,8006,0,0,1,1
6701,48865110,2.1343563,-0.027893849,-0.79589164,5003,0,0.8451069,6.3018804,-9.490688,5003,0,0,1,1
6702,48870113,2.1638072,0.018498719,-0.7714504,5003,0,0.5804997,6.505802,-9.502771,5003,0,0,1,1
6703,48878119,2.1868174,0.043205645,-0.76142406,8006,0,0.3657518,6.6151724,-9.506531,8006,0,0,1,1
6704,48883122,2.2012246,0.04299423,-0.787137,5003,0,0.16892269,6.7619853,-9.535101,5003,0,0,1,1
6705,48888126,2.2146492,0.029890062,-0.8232596,5004,0,0.11242787,6.8412313,-9.447466,5004,0,0,1,1
6706,48896131,2.2211375,-0.0035297272,-0.8558592,8005,0,0.07869234,6.8594913,-9.274633,8005,0,0,1,1
6707,48901134,2.2114284,-0.050703153,-0.84409857,5003,0,0.057837546,6.768216,-9.216429,5003,0,0,1,1
6708,48906138,2.1932845,-0.08389505,-0.8110746,5004,0,-0.053256523,6.6240816,-9.250435,5004,0,0,1,1
6709,48914143,2.1740108,-0.12047002,-0.7635213,8005,0,-0.124211684,6.3920183,-9.306965,8005,0,0,1,1
6710,48924150,2.1774602,-0.20272045,-0.6664117,5004,0,-0.074083775,6.056437,-9.435484,5004,0,0,1,1
6711,48932155,2.2223127,-0.2748762,-0.5962701,8005,0,-0.2244646,5.8337374,-9.619544,8005,0,0,1,1
6712,48940036,2.2699194,-0.3678587,-0.5301532,7881,0,-0.3746715,5.4972754,-9.8659725,7881,0,0,1,1
6713,48945164,2.3140304,-0.44223878,-0.48815548,5128,0,-0.28626317,5.3177576,-9.894082,5128,0,0,1,1
6714,48950168,2.3616393,-0.49985605,-0.45166156,5004,0,-0.08652535,5.1997743,-10.010359,5004,0,0,1,1
6715,48958173,2.4478045,-0.56217015,-0.39217222,8005,0,0.22583674,5.043384,-10.246713,8005,0,0,1,1
6716,48963176,2.5534706,-0.5938143,-0.33291578,5003,0,0.5232642,4.8072214,-10.512127,5003,0,0,1,1
6717,48968180,2.630735,-0.5999672,-0.27974376,5004,0,0.7028256,4.653655,-10.69749,5004,0,0,1,1
6718,48976186,2.714716,-0.57758707,-0.20904337,8006,0,0.78215355,4.584694,-10.902403,8006,0,0,1,1
6719,48981188,2.780084,-0.5365228,-0.14798649,5002,0,1.0104901,4.570338,-10.918227,5002,0,0,1,1
6720,48986192,2.8176494,-0.49272814,-0.11657722,5004,0,1.1864592,4.597394,-10.9290085,5004,0,0,1,1
6721,48994197,2.869155,-0.42270544,-0.092712015,8005,0,1.29929,4.6643105,-10.969736,8005,0,0,1,1
6722,48999201,2.9051049,-0.34477612,-0.0956168,5004,0,1.151269,4.7010584,-10.936426,5004,0,0,1,1
6723,49004204,2.916397,-0.28477556,-0.10172431,5003,0,0.9233251,4.8011346,-10.846636,5003,0,0,1,1
6724,49012209,2.9010572,-0.21059504,-0.103061676,8005,0,0.76119566,4.7494516,-10.575894,8005,0,0,1,1
6725,49022216,2.8490298,-0.13527817,-0.027064938,5003,0,0.6915803,4.6826262,-10.208105,5003,0,0,1,1
6726,49030222,2.8214617,-0.11906062,0.060721572,8006,0,0.44455606,4.380748,-10.142839,8006,0,0,1,1
6727,49038227,2.813818,-0.14287063,0.18344359,8005,0,-0.0056649144,4.0839334,-10.067826,8005,0,0,1,1
6728,49043230,2.8302326,-0.21695364,0.29097074,5003,0,-0.24406923,3.8894382,-9.972759,5003,0,0,1,1
6729,49048109,2.836632,-0.30488843,0.374861,4879,0,-0.34530896,3.658604,-10.036748,4879,0,0,1,1
6730,49056239,2.8461301,-0.44457746,0.4970944,8130,0,-0.59748954,3.413635,-10.048365,8130,0,0,1,1
6731,49061243,2.8550115,-0.59122986,0.6089053,5004,0,-0.92188096,3.2142634,-10.1410675,5004,0,0,1,1
6732,49066246,2.8595092,-0.70065653,0.6747639,5003,0,-1.0813247,3.145541,-10.140354,5003,0,0,1,1
6733,49074251,2.861112,-0.8217601,0.71621364,8005,0,-1.0708197,2.9971964,-9.98707,8005,0,0,1,1
6734,49079255,2.8625834,-0.8928725,0.72643393,5004,0,-1.0952214,2.986092,-9.561682,5004,0,0,1,1
6735,49084258,2.8472848,-0.90031165,0.71756065,5003,0,-1.1265789,2.9966245,-9.251154,5003,0,0,1,1
6736,49092264,2.7929208,-0.8702659,0.6725263,8006,0,-1.3443806,3.0890179,-8.884883,8006,0,0,1,1
6737,49097142,2.6940446,-0.8478284,0.6057848,4878,0,-1.497101,3.106337,-8.509718,4878,0,0,1,1
6738,49102270,2.6096518,-0.8546338,0.5585411,5128,0,-1.5970364,3.223109,-8.295288,5128,0,0,1,1
6739,49110276,2.4357827,-0.85595745,0.517111,8006,0,-1.535299,3.1734698,-8.390579,8006,0,0,1,1
6740,49120282,2.0823228,-0.8133889,0.43868837,5003,0,-1.694858,3.1617439,-8.032438,5003,0,0,1,1
6741,49128288,1.8864987,-0.7889438,0.39205593,8006,0,-2.072185,2.8692613,-7.9467587,8006,0,0,1,1
6742,49136168,1.6742991,-0.8108998,0.3784068,7880,0,-2.193836,2.600128,-7.984777,7880,0,0,1,1
6743,49141176,1.5054501,-0.88113594,0.40981865,5008,0,-2.0270228,2.2783127,-8.229073,5008,0,0,1,1
6744,49146300,1.3801551,-0.95225024,0.45792627,5124,0,-1.9127117,1.9780105,-8.390104,5124,0,0,1,1
6745,49154306,1.2332933,-1.0649409,0.5446615,8006,0,-1.838016,1.5578327,-8.4935255,8006,0,0,1,1
6746,49159184,1.0830792,-1.1904862,0.63597065,4878,0,-1.8081988,1.281218,-8.604544,4878,0,0,1,1
6747,49164312,0.9776131,-1.2565858,0.69212574,5128,0,-1.7599497,1.1388946,-8.9702835,5128,0,0,1,1
6748,49172318,0.872067,-1.303239,0.73779196,8006,0,-1.8001546,0.78271234,-9.1375675,8006,0,0,1,1
6749,49177321,0.82376534,-1.3349172,0.7532358,5003,0,-1.9164425,0.49407238,-9.250843,5003,0,0,1,1
6750,49182325,0.8242645,-1.3494594,0.7496175,5004,0,-2.1194515,0.2753759,-9.2020645,5004,0,0,1,1
6751,49190330,0.8319523,-1.3640496,0.71934974,8005,0,-2.5817256,-0.0033455489,-9.137121,8005,0,0,1,1
6752,49195208,0.81993157,-1.3661602,0.6721564,4878,0,-3.1340158,-0.10956388,-9.085271,4878,0,0,1,1
6753,49200337,0.7884693,-1.366386,0.6329409,5129,0,-3.521887,-0.09873521,-8.924892,5129,0,0,1,1
6754,49208342,0.72310764,-1.389533,0.6018396,8005,0,-4.10163,-0.04336625,-8.561903,8005,0,0,1,1
6755,49216348,0.6114619,-1.4733931,0.5674435,8006,0,-4.6678057,0.044848677,-8.41781,8006,0,0,1,1
6756,49226354,0.4089659,-1.7432401,0.5352105,5003,0,-5.030324,0.09054458,-8.69091,5003,0,0,1,1
6757,49234360,0.24174383,-1.8991166,0.5004713,8006,0,-4.8316627,0.195081,-8.732647,8006,0,0,1,1
6758,49239363,0.057036687,-2.0520308,0.4748944,5003,0,-4.5136266,0.24587001,-8.832823,5003,0,0,1,1
6759,49244242,-0.078695156,-2.1527607,0.4713386,4879,0,-4.315475,0.13310294,-8.901322,4879,0,0,1,1
6760,49252372,-0.22574043,-2.250494,0.45317152,8130,0,-4.13649,-0.30338785,-9.249191,8130,0,0,1,1
6761,49257375,-0.33042422,-2.319371,0.42025232,5003,0,-4.002379,-0.70354223,-9.6273155,5003,0,0,1,1
6762,49262379,-0.37178427,-2.3618078,0.40780976,5004,0,-3.8258033,-0.907357,-9.871006,5004,0,0,1,1
6763,49270384,-0.38533503,-2.41823,0.44674084,8005,0,-3.663141,-1.1331111,-9.929605,8005,0,0,1,1
6764,49275388,-0.3710082,-2.4927113,0.5146374,5004,0,-3.4842079,-1.3247252,-10.002562,5004,0,0,1,1
6765,49280266,-0.35139003,-2.561092,0.57007563,4878,0,-3.4381232,-1.3427626,-10.133787,4878,0,0,1,1
6766,49288396,-0.332148,-2.6449366,0.62332386,8130,0,-3.3449335,-1.3645233,-10.137762,8130,0,0,1,1
6767,49296402,-0.32033008,-2.7180092,0.6408588,8006,0,-3.3251874,-1.2511468,-10.039381,8006,0,0,1,1
6768,49306409,-0.32355154,-2.6820934,0.57125384,5004,0,-3.548791,-1.0883534,-9.4659,5004,0,0,1,1
6769,49314414,-0.30904466,-2.6144662,0.512184,8005,0,-3.6022446,-0.9460489,-9.136214,8005,0,0,1,1
6770,49324421,-0.28481928,-2.4932492,0.37450537,5004,0,-4.003209,-0.6042601,-8.859451,5004,0,0,1,1
6771,49332426,-0.32079065,-2.4241836,0.27488604,8005,0,-4.2006483,-0.5906646,-8.689693,8005,0,0,1,1
6772,49337430,-0.38869727,-2.3553636,0.18231273,5004,0,-4.2972245,-0.51781154,-8.548693,5004,0,0,1,1
6773,49342433,-0.45126325,-2.2906904,0.13384038,5003,0,-4.3134985,-0.49125132,-8.617889,5003,0,0,1,1
6774,49350438,-0.5362948,-2.1967673,0.08845447,8005,0,-4.2627497,-0.5884108,-8.754355,8005,0,0,1,1
6775,49355442,-0.6196805,-2.1015973,0.045669403,5004,0,-4.034336,-0.71964943,-9.026575,5004,0,0,1,1
6776,49360445,-0.6868875,-2.0488052,0.0074028852,5003,0,-3.8267486,-0.77089417,-9.258099,5003,0,0,1,1
6777,49368450,-0.7692937,-1.9866074,-0.038279217,8005,0,-3.6685371,-0.8547773,-9.575398,8005,0,0,1,1
6778,49376456,-0.8649821,-1.8799978,-0.078214735,8006,0,-3.2431123,-0.95577943,-10.074448,8006,0,0,1,1
6779,49386462,-0.94362974,-1.6423308,-0.06506994,5003,0,-2.865735,-1.2360739,-10.378561,5003,0,0,1,1
6780,49394468,-0.8804957,-1.4854782,-0.051227003,8006,0,-2.8446236,-1.4602029,-10.431487,8006,0,0,1,1
6781,49404475,-0.65811443,-1.236169,-0.0043793824,5004,0,-2.9825664,-1.6726902,-10.540483,5004,0,0,1,1
6782,49412480,-0.5018909,-1.1295571,0.05133768,8005,0,-3.2670605,-1.727916,-10.438216,8005,0,0,1,1
6783,49417483,-0.34872907,-1.0460224,0.13397418,5003,0,-3.4445832,-1.6040187,-10.241098,5003,0,0,1,1
6784,49422487,-0.2464374,-0.98583645,0.21356207,5004,0,-3.5782292,-1.4434228,-10.022085,5004,0,0,1,1
6785,49430492,-0.13844177,-0.88417083,0.3308697,8005,0,-3.6451905,-1.3394616,-9.819772,8005,0,0,1,1
6786,49435496,-0.057187803,-0.7361079,0.43607655,5004,0,-3.4587653,-1.1750315,-9.697666,5004,0,0,1,1
6787,49440499,-0.019012757,-0.56690794,0.49379706,5003,0,-3.0922134,-1.2868512,-9.28919,5003,0,0,1,1
6788,49448504,0.029789446,-0.26028445,0.53821796,8005,0,-2.5130396,-1.0219306,-9.050041,8005,0,0,1,1
6789,49456510,0.07045564,0.23323958,0.5556346,8006,0,-2.1887898,-0.65070343,-8.568386,8006,0,0,1,1
6790,49466517,0.0126111135,1.0241847,0.55712163,5004,0,-2.3112302,-0.15534288,-7.891724,5004,0,0,1,1
6791,49474522,-0.10414954,1.4764982,0.5411481,8005,0,-2.4869986,0.16321495,-7.80475,8005,0,0,1,1
6792,49484529,-0.4446608,2.252281,0.4904549,5004,0,-2.9780092,0.5387266,-7.9961133,5004,0,0,1,1
6793,49492534,-0.6561712,2.6169314,0.429945,8005,0,-3.3729923,0.6492337,-8.225078,8005,0,0,1,1
6794,49502541,-1.0296255,3.1010528,0.31390765,5003,0,-3.8961866,0.68502253,-8.993755,5003,0,0,1,1
6795,49510546,-1.2302897,3.2964401,0.27797967,8005,0,-4.069408,0.6796093,-9.489954,8005,0,0,1,1
6796,49518552,-1.4398011,3.4743786,0.26955792,8006,0,-4.0632744,0.6113745,-9.998734,8006,0,0,1,1
6797,49523555,-1.5797613,3.5872192,0.2751909,5003,0,-4.0281143,0.4527828,-10.277777,5003,0,0,1,1
6798,49528559,-1.6222231,3.646109,0.27549013,5004,0,-3.8739252,0.2586174,-10.559814,5004,0,0,1,1
6799,49536564,-1.630775,3.6679292,0.28499222,8005,0,-3.7803085,-0.078763604,-10.819509,8005,0,0,1,1
6800,49541567,-1.5672619,3.6132565,0.32828325,5003,0,-3.8415961,-0.3377707,-11.009682,5003,0,0,1,1
6801,49546571,-1.4727647,3.5211737,0.3717179,5004,0,-3.924917,-0.5484649,-11.227797,5004,0,0,1,1
6802,49554576,-1.3379166,3.368533,0.4400324,8005,0,-3.8416595,-0.44402477,-11.555716,8005,0,0,1,1
6803,49564583,-1.1355562,3.0620084,0.6204649,5003,0,-3.5248506,-0.06171906,-11.938877,5003,0,0,1,1
6804,49572588,-1.0640186,2.9185324,0.6988318,8005,0,-3.4035215,-0.124246895,-12.041581,8005,0,0,1,1
6805,49580594,-0.96955776,2.829171,0.7323572,8006,0,-3.495992,-0.102997296,-12.187487,8006,0,0,1,1
6806,49585597,-0.8809742,2.8422706,0.6976617,5003,0,-3.304814,-0.16563267,-12.389479,5003,0,0,1,1
6807,49590601,-0.8100464,2.8868086,0.64879537,5004,0,-3.0934086,-0.1931647,-12.525463,5004,0,0,1,1
6808,49598606,-0.69576484,2.9396195,0.57094884,8005,0,-3.157973,-0.34137496,-12.629365,8005,0,0,1,1
6809,49603609,-0.5616783,2.9443684,0.5063288,5003,0,-3.5073638,-0.41272193,-12.596801,5003,0,0,1,1
6810,49608613,-0.45163566,2.9057665,0.47039115,5004,0,-3.6555693,-0.3327543,-12.705739,5004,0,0,1,1
6811,49616618,-0.33047312,2.8297298,0.43430206,8005,0,-3.6616464,-0.17975424,-12.588657,8005,0,0,1,1
6812,49621621,-0.23479015,2.7300663,0.4113373,5003,0,-3.4829638,0.08166909,-12.306892,5003,0,0,1,1
6813,49626625,-0.18372284,2.6332362,0.41669753,5004,0,-3.269629,0.260054,-12.162014,5004,0,0,1,1
6814,49634630,-0.15833782,2.535831,0.41421455,8005,0,-2.8024492,0.33738032,-11.754588,8005,0,0,1,1
6815,49639634,-0.11796938,2.4785228,0.41098183,5004,0,-2.1038854,0.6404857,-11.574724,5004,0,0,1,1
6816,49644637,-0.103050604,2.4794517,0.4143837,5003,0,-1.5421925,0.6838295,-11.562027,5003,0,0,1,1
6817,49652642,-0.0816058,2.5521472,0.407179,8005,0,-1.0142726,0.8600633,-11.412368,8005,0,0,1,1
6818,49660648,-0.07625678,2.7122636,0.4084211,8006,0,-0.43636107,1.1214898,-11.204966,8006,0,0,1,1
6819,49670655,-0.0956818,3.0202787,0.3753343,5004,0,-0.12724018,1.2560437,-11.252457,5004,0,0,1,1
6820,49678660,-0.12925375,3.190492,0.31683224,8005,0,-0.23614848,1.2450848,-11.351764,8005,0,0,1,1
6821,49683663,-0.18285322,3.3410075,0.21808949,5003,0,-0.32356507,1.0958674,-11.477749,5003,0,0,1,1
6822,49688542,-0.20798124,3.4392424,0.12341323,4879,0,-0.2455452,1.0852097,-11.704312,4879,0,0,1,1
6823,49696672,-0.24884902,3.5525718,0.01557818,8130,0,-0.086761124,0.89796406,-12.118483,8130,0,0,1,1
6824,49701676,-0.28477994,3.6654792,-0.061329607,5004,0,0.14523281,0.8236809,-12.438002,5004,0,0,1,1
6825,49706679,-0.2770439,3.7757585,-0.096076615,5003,0,0.26588976,0.7034581,-12.475424,5003,0,0,1,1
6826,49714684,-0.1877412,3.9349833,-0.120512456,8005,0,0.51577926,0.49661133,-12.417325,8005,0,0,1,1
6827,49719688,-0.05134255,4.0618777,-0.12941751,5004,0,0.70666564,0.43696725,-12.289164,5004,0,0,1,1
6828,49724568,0.059539955,4.103008,-0.11553001,4880,0,0.93230456,0.41697815,-12.208853,4880,0,0,1,1
6829,49732697,0.18069197,4.081728,-0.04971923,8129,0,1.1529956,0.6572602,-11.921564,8129,0,0,1,1
6830,49740702,0.29525352,3.9768112,0.07483539,8005,0,1.1206127,0.87234426,-11.70446,8005,0,0,1,1
6831,49750709,0.34595746,3.8400779,0.27219993,5128,0,1.3338312,1.0565774,-11.698397,5128,0,0,1,1
6832,49758714,0.34510735,3.8483949,0.34662917,8005,0,1.542246,1.071183,-11.447902,8005,0,0,1,1
6833,49768721,0.31011,3.9724698,0.36797252,5003,0,1.6178886,0.8152663,-10.963228,5003,0,0,1,1
6834,49776727,0.26192766,4.0157604,0.3371426,8006,0,1.5723845,0.9225098,-10.882492,8006,0,0,1,1
6835,49781730,0.19027415,3.9998615,0.27983928,5003,0,1.2714233,0.99771076,-10.956903,5003,0,0,1,1
6836,49786608,0.1242265,3.9355755,0.22371562,4878,0,1.0971756,0.9470736,-10.989093,4878,0,0,1,1
6837,49794614,0.029211102,3.79823,0.1595329,8006,0,1.2403712,0.957696,-11.017241,8006,0,0,1,1
6838,49799742,-0.05738737,3.6253695,0.12617823,5128,0,1.7192153,0.80362093,-10.829924,5128,0,0,1,1
6839,49804745,-0.1146965,3.4784641,0.12626427,5003,0,2.1544158,0.747038,-10.883505,5003,0,0,1,1
6840,49812751,-0.16579066,3.3106415,0.16369928,8006,0,2.8811307,0.71336216,-11.026528,8006,0,0,1,1
6841,49817754,-0.1902791,3.195879,0.20973238,5003,0,3.724402,0.5481319,-10.805601,5003,0,0,1,1
6842,49822758,-0.18429251,3.1566238,0.26574594,5004,0,4.3315134,0.5543088,-10.589979,5004,0,0,1,1
6843,49830763,-0.1675508,3.21125,0.35158566,8005,0,4.9819,0.5634876,-10.306779,8005,0,0,1,1
6844,49838644,-0.11613165,3.4202204,0.4101759,7881,0,5.240861,0.7580182,-9.824962,7881,0,0,1,1
6845,49848775,-0.07114115,3.781065,0.36650327,5003,0,4.4421124,1.2021637,-9.371096,5003,0,0,1,1
6846,49856781,-0.081761874,3.9142103,0.31021464,8006,0,3.7220726,1.3158644,-9.107205,8006,0,0,1,1
6847,49866787,-0.22828881,3.9707594,0.11533351,5003,0,2.809025,1.263705,-9.045242,5003,0,0,1,1
6848,49874793,-0.34700352,3.9407527,-0.0474592,8006,0,2.4920442,1.0679111,-9.1681,8006,0,0,1,1
6849,49879796,-0.468612,3.9308782,-0.23569764,5003,0,2.271934,0.85124344,-9.162741,5003,0,0,1,1
6850,49884675,-0.5460709,3.9093833,-0.36819166,4879,0,2.466162,0.7114026,-9.279234,4879,0,0,1,1
6851,49892805,-0.6054083,3.854343,-0.48408103,8130,0,3.0906847,0.34766698,-9.456498,8130,0,0,1,1
6852,49897808,-0.59804595,3.7785745,-0.53955644,5003,0,3.923008,-0.14072561,-9.35817,5003,0,0,1,1
6853,49902687,-0.54925,3.6942713,-0.5133638,4879,0,4.2080803,-0.23544563,-9.067193,4879,0,0,1,1
6854,49910817,-0.4436526,3.53922,-0.44698998,8130,0,4.1481366,-0.34306577,-8.727526,8130,0,0,1,1
6855,49918822,-0.2810466,3.3324904,-0.4001582,8005,0,3.9255018,-0.09732758,-8.228515,8005,0,0,1,1
6856,49928705,-0.10949459,3.02385,-0.36121345,4879,0,4.151426,0.60083395,-7.126995,4879,0,0,1,1
6857,49936835,-0.10021852,2.8359098,-0.33020347,8130,0,4.419904,0.96888393,-6.744641,8130,0,0,1,1
6858,49946842,-0.20922445,2.5553281,-0.3360605,5004,0,5.1461086,1.2976961,-6.3535037,5004,0,0,1,1
6859,49954847,-0.28525886,2.4301739,-0.36126864,8005,0,5.4692655,1.3330731,-6.164156,8005,0,0,1,1
6860,49964854,-0.41356093,2.1956596,-0.36819097,5004,0,5.7213144,1.3963404,-6.0311866,5004,0,0,1,1
6861,49972859,-0.4665808,2.020919,-0.32895327,8005,0,5.587057,1.3220154,-5.9450703,8005,0,0,1,1
6862,49977862,-0.4957855,1.8389304,-0.30249602,5003,0,5.376805,1.1844662,-5.8702865,5003,0,0,1,1
6863,49982866,-0.4965457,1.7112087,-0.3182976,5004,0,5.313795,1.0499256,-6.0238757,5004,0,0,1,1
6864,49990871,-0.48382896,1.5613558,-0.3446081,8005,0,5.401599,0.9066072,-6.0482893,8005,0,0,1,1
6865,49998877,-0.4584824,1.3839998,-0.35706303,8006,0,5.468045,0.7201609,-6.2806864,8006,0,0,1,1
6866,50008883,-0.37895125,1.052041,-0.36578542,5003,0,5.161566,0.47051153,-6.453522,5003,0,0,1,1
6867,50016764,-0.2817323,0.79783726,-0.3485521,7881,0,4.8762164,0.42214927,-6.447482,7881,0,0,1,1
6868,50026895,-0.09255648,0.27552885,-0.26485464,5124,0,4.7037535,0.32737926,-6.5010433,5124,0,0,1,1
6869,50034901,0.020636927,-0.06504224,-0.1740005,8006,0,4.6203556,0.43254894,-6.320205,8006,0,0,1,1
6870,50044908,0.25817344,-0.8609983,0.02628146,5129,0,3.9850678,0.5649397,-6.1095376,5129,0,0,1,1
6871,50052913,0.33031783,-1.4568394,0.113886155,8005,0,3.5552413,0.87942487,-5.88358,8005,0,0,1,1
6872,50062920,0.2993999,-2.5065017,0.28553063,5003,0,3.6189797,1.4186091,-6.0194464,5003,0,0,1,1
6873,50070925,0.2826442,-3.0785306,0.39327452,8005,0,3.853835,1.7020879,-6.162597,8005,0,0,1,1
6874,50078931,0.23951817,-3.7003446,0.5087807,8006,0,4.085241,1.4698491,-6.6402664,8006,0,0,1,1
6875,50083934,0.21063396,-4.132783,0.57601357,5003,0,4.3305154,1.4399171,-6.936915,5003,0,0,1,1
6876,50088938,0.20030339,-4.435208,0.6268739,5004,0,4.473208,1.5007215,-7.1550384,5004,0,0,1,1
6877,50096943,0.20251377,-4.786845,0.67020833,8005,0,4.749978,1.5029682,-7.5671105,8005,0,0,1,1
6878,50106950,0.2671354,-5.289495,0.75666684,5004,0,5.1115193,1.4937661,-8.271677,5004,0,0,1,1
6879,50114955,0.30278718,-5.496423,0.79334235,8005,0,5.2859316,1.1925586,-8.837722,8005,0,0,1,1
6880,50124962,0.38151866,-5.8412223,0.768266,5004,0,5.3988085,0.99052024,-9.738335,5004,0,0,1,1
6881,50132967,0.4388031,-6.0018754,0.673653,8005,0,5.587752,0.9025753,-10.416803,8005,0,0,1,1
6882,50140973,0.5472208,-6.093614,0.502356,8006,0,5.8332944,0.8367225,-11.09168,8006,0,0,1,1
6883,50145976,0.6881043,-6.08014,0.35897237,5003,0,6.193691,0.680003,-11.630983,5003,0,0,1,1
6884,50150980,0.82831085,-6.030478,0.28089383,5004,0,6.429286,0.62851685,-11.918074,5004,0,0,1,1
6885,50158985,1.0141385,-5.946243,0.2398575,8005,0,6.9089203,0.5552939,-12.219644,8005,0,0,1,1
6886,50163988,1.1816249,-5.865387,0.2567762,5003,0,7.323506,0.41950658,-12.283163,5003,0,0,1,1
6887,50168992,1.3071872,-5.812038,0.28123993,5004,0,7.5327725,0.38335443,-12.464392,5004,0,0,1,1
6888,50176997,1.4583251,-5.7547956,0.3043285,8005,0,7.4896398,0.32407254,-12.276813,8005,0,0,1,1
6889,50182001,1.5947398,-5.664065,0.33214658,5004,0,7.1824937,0.28495175,-12.121309,5004,0,0,1,1
6890,50186879,1.6816777,-5.5407,0.34324834,4878,0,6.7410173,0.385652,-11.8906555,4878,0,0,1,1
6891,50195009,1.762385,-5.3220415,0.32413185,8130,0,6.003055,0.7289416,-11.564804,8130,0,0,1,1
6892,50205016,1.8487574,-4.848069,0.21675253,5003,0,4.93649,1.3455901,-11.005842,5003,0,0,1,1
6893,50213021,1.804157,-4.531679,0.11529763,8005,0,4.464993,1.50882,-10.931034,8005,0,0,1,1
6894,50220902,1.6680713,-4.139009,-0.04099876,7881,0,4.220163,1.6097497,-10.791212,7881,0,0,1,1
6895,50225905,1.520115,-3.8192673,-0.16320899,5003,0,4.0165586,1.5546037,-10.511398,5003,0,0,1,1
6896,50231034,1.3922552,-3.5727563,-0.25371864,5129,0,3.9018605,1.4122025,-10.3829,5129,0,0,1,1
6897,50239039,1.2589575,-3.2946339,-0.35445547,8005,0,3.682262,1.238204,-10.209429,8005,0,0,1,1
6898,50244042,1.1546605,-3.1033628,-0.42301986,5003,0,3.4760525,1.1205428,-10.265802,5003,0,0,1,1
6899,50249046,1.0937018,-3.0227616,-0.45709762,5004,0,3.1348557,0.82938886,-10.51936,5004,0,0,1,1
6900,50257051,1.0605847,-3.0259311,-0.48717526,8005,0,2.5314183,0.5139602,-10.839691,8005,0,0,1,1
6901,50262055,1.0709352,-3.1683893,-0.44703025,5004,0,1.9660064,0.23563111,-10.98839,5004,0,0,1,1
6902,50267058,1.0717192,-3.3514183,-0.35225466,5003,0,1.5314472,0.18032286,-11.14496,5003,0,0,1,1
6903,50275063,1.071903,-3.610319,-0.19844508,8005,0,1.1043173,0.13986199,-11.247308,8005,0,0,1,1
6904,50280067,1.0806875,-3.871347,-0.050083417,5004,0,0.9233407,0.10445792,-11.338995,5004,0,0,1,1
6905,50285070,1.0912356,-4.052272,0.049184214,5003,0,0.7926101,0.07450491,-11.207682,5003,0,0,1,1
6906,50293076,1.0869781,-4.2527633,0.12924683,8006,0,0.6446256,0.042003393,-10.917202,8006,0,0,1,1
6907,50301081,1.086343,-4.4692364,0.21983539,8005,0,0.3115176,-0.14536355,-10.7662325,8005,0,0,1,1
6908,50311088,0.99230945,-4.5040755,0.13049848,5004,0,-0.92809314,-0.5161655,-10.737942,5004,0,0,1,1
6909,50319093,0.97129923,-4.457669,0.015316024,8005,0,-1.511076,-0.5658199,-10.763688,8005,0,0,1,1
6910,50324096,0.9406697,-4.393196,-0.098075405,5003,0,-2.0303745,-0.60950935,-10.923971,5003,0,0,1,1
6911,50329100,0.8843515,-4.3590117,-0.16896379,5004,0,-2.2233584,-0.8455826,-10.720976,5004,0,0,1,1
6912,50337105,0.81296927,-4.3599653,-0.23162489,8005,0,-2.489225,-0.7338682,-10.674961,8005,0,0,1,1
6913,50342109,0.7553475,-4.453724,-0.28254524,5004,0,-2.8070712,-0.71006703,-10.140127,5004,0,0,1,1
6914,50347112,0.7356596,-4.6041102,-0.30814818,5003,0,-2.886806,-0.24749376,-9.945208,5003,0,0,1,1
6915,50355117,0.65372175,-4.8332276,-0.261728,8005,0,-3.1359525,0.089591116,-9.584243,8005,0,0,1,1
6916,50360121,0.47077358,-5.070973,-0.21871965,5004,0,-3.3993855,-0.23483843,-9.842764,5004,0,0,1,1
6917,50365124,0.3079734,-5.169964,-0.2541124,5003,0,-3.5336242,-0.112037,-9.880081,5003,0,0,1,1
6918,50373130,0.10602817,-5.2052135,-0.35556412,8006,0,-3.4965937,-0.083402276,-10.022373,8006,0,0,1,1
6919,50381135,-0.09180864,-5.145811,-0.54869926,8005,0,-3.2930841,-0.28196785,-10.163035,8005,0,0,1,1
6920,50391142,-0.25668612,-4.962332,-0.75522226,5004,0,-3.2076182,-0.52165353,-10.009855,5004,0,0,1,1
6921,50399147,-0.3063628,-4.8374033,-0.78190345,8005,0,-3.2371294,-0.85731304,-10.027774,8005,0,0,1,1
6922,50409154,-0.38846505,-4.544525,-0.7410793,5003,0,-3.17266,-1.189876,-10.472918,5003,0,0,1,1
6923,50417160,-0.34934592,-4.340315,-0.751626,8006,0,-3.300427,-1.5031817,-10.884308,8006,0,0,1,1
6924,50422163,-0.2742273,-4.1308603,-0.8083597,5003,0,-3.3077028,-2.0776594,-11.115986,5003,0,0,1,1
6925,50427166,-0.16378874,-3.987225,-0.8272352,5003,0,-3.2784865,-2.1770139,-11.219168,5003,0,0,1,1
6926,50435172,0.026715022,-3.8463213,-0.76201713,8006,0,-3.2476015,-2.2221606,-11.336794,8006,0,0,1,1
6927,50440175,0.22015733,-3.7571075,-0.60974705,5003,0,-3.39533,-2.5394812,-11.207926,5003,0,0,1,1
6928,50445178,0.4016853,-3.7181463,-0.44258502,5003,0,-3.4530249,-2.260273,-11.353497,5003,0,0,1,1
6929,50453184,0.62375396,-3.7313044,-0.24442294,8006,0,-3.709071,-2.5134056,-10.953314,8006,0,0,1,1
6930,50461189,0.95077246,-3.7817757,-0.008968583,8005,0,-3.8122027,-2.7320595,-10.4191065,8005,0,0,1,1
6931,50471196,1.2997091,-3.8595755,0.2989669,5003,0,-4.4364123,-2.1713297,-8.818197,5003,0,0,1,1
6932,50479201,1.3960843,-3.872605,0.45552534,8005,0,-4.9365435,-1.7254006,-7.994092,8005,0,0,1,1
6933,50489208,1.4031969,-3.7555223,0.61005914,5003,0,-5.5199285,-1.2940209,-6.6941504,5003,0,0,1,1
6934,50497214,1.3540099,-3.638964,0.63689077,8006,0,-5.747276,-0.924057,-5.836907,8006,0,0,1,1
6935,50507220,0.9170846,-3.018923,0.42413688,5003,0,-6.2467675,-0.9574075,-5.646932,5003,0,0,1,1
6936,50515226,0.7535126,-2.6978078,0.27357873,8006,0,-6.666534,-1.1972976,-5.2667456,8006,0,0,1,1
6937,50520104,0.57366645,-2.3960059,0.11271154,4878,0,-6.9216127,-1.2831968,-5.417347,4878,0,0,1,1
6938,50525108,0.43806854,-2.1568456,0.0030125773,5004,0,-7.0153413,-1.430664,-5.725561,5004,0,0,1,1
6939,50533238,0.2996282,-1.8572845,-0.0966518,8130,0,-6.7772646,-1.4857587,-5.804257,8130,0,0,1,1
6940,50541243,0.18378952,-1.5317843,-0.135206,8005,0,-6.2551913,-1.7160732,-6.087505,8005,0,0,1,1
6941,50546247,0.114472605,-1.256671,-0.1272965,5004,0,-5.5987024,-2.1518588,-6.477921,5004,0,0,1,1
6942,50551250,0.088599116,-0.9907489,-0.09959568,5003,0,-4.955114,-2.2556224,-6.630857,5003,0,0,1,1
6943,50559131,0.103059754,-0.5784592,-0.041846838,7881,0,-4.01483,-2.5088239,-6.7712345,7881,0,0,1,1
6944,50569262,0.2613787,0.24606293,0.14360745,5003,0,-3.0929582,-2.3713658,-7.2243524,5003,0,0,1,1
6945,50577268,0.38522854,0.6878715,0.29491916,8006,0,-2.967481,-2.1283414,-7.336379,8006,0,0,1,1
6946,50587274,0.5688455,1.4337653,0.54010653,5003,0,-3.6670206,-1.8286599,-7.1090593,5003,0,0,1,1
6947,50595280,0.6516549,1.8076385,0.620009,8006,0,-4.314798,-1.7129488,-7.0517783,8006,0,0,1,1
6948,50605287,0.7606646,2.260249,0.6985063,5004,0,-5.6978083,-1.7987248,-6.681701,5004,0,0,1,1
6949,50613167,0.77832085,2.3964367,0.7574538,7880,0,-6.3280363,-1.6240281,-6.788481,7880,0,0,1,1
6950,50618170,0.7774818,2.4692938,0.7951387,5003,0,-7.0325756,-1.5470924,-6.7041793,5003,0,0,1,1
6951,50623300,0.7652332,2.49397,0.79411256,5130,0,-7.4297323,-1.4253287,-7.020203,5130,0,0,1,1
6952,50631304,0.7240912,2.5334108,0.7129656,8004,0,-7.745861,-1.7322706,-7.0209293,8004,0,0,1,1
6953,50639310,0.65382445,2.6860328,0.5339533,8006,0,-7.5192575,-1.8435621,-6.91175,8006,0,0,1,1
6954,50644313,0.5734854,2.931356,0.37498876,5003,0,-7.229891,-1.7821985,-6.6805005,5003,0,0,1,1
6955,50649192,0.4966112,3.1652462,0.2678174,4879,0,-6.95234,-1.6836255,-6.710588,4879,0,0,1,1
6956,50657322,0.3884476,3.4996135,0.15508728,8130,0,-6.7443285,-1.4565984,-6.4988027,8130,0,0,1,1
6957,50667329,0.14566715,4.1172047,-0.023806531,5004,0,-6.2142577,-1.2540413,-6.8981247,5004,0,0,1,1
6958,50675334,-0.03468289,4.48292,-0.16430293,8005,0,-5.8072157,-1.3492327,-7.2587056,8005,0,0,1,1
6959,50685341,-0.24987382,5.09612,-0.4666413,5003,0,-5.82737,-1.2418374,-7.8907676,5003,0,0,1,1
6960,50693346,-0.25405702,5.2637105,-0.53498065,8005,0,-6.5882344,-1.4821991,-8.307808,8005,0,0,1,1
6961,50701352,-0.20758805,5.2149653,-0.47567928,8006,0,-7.4027376,-1.8959538,-9.081903,8006,0,0,1,1
6962,50706355,-0.12679566,4.9581985,-0.3895781,5003,0,-7.879425,-2.156883,-9.430956,5003,0,0,1,1
6963,50711359,-0.021848448,4.656241,-0.31724727,5004,0,-8.106155,-2.3003128,-9.632555,5004,0,0,1,1
6964,50719364,0.09071569,4.1975813,-0.22822875,8005,0,-8.055893,-2.4817884,-10.011757,8005,0,0,1,1
6965,50724367,0.16600247,3.734565,-0.1432936,5003,0,-7.6353326,-2.5364816,-10.217327,5003,0,0,1,1
6966,50729371,0.18181168,3.421502,-0.08898058,5004,0,-7.0797534,-2.5952687,-10.232292,5004,0,0,1,1
6967,50737376,0.22114688,3.1405182,-0.043385863,8005,0,-6.1708946,-2.3758361,-9.941417,8005,0,0,1,1
6968,50747383,0.27191228,2.9001064,0.11044955,5004,0,-5.1543584,-1.8420619,-9.559048,5004,0,0,1,1
6969,50755388,0.2620414,2.9138355,0.14433926,8005,0,-4.7228923,-1.7074333,-9.280122,8005,0,0,1,1
6970,50763269,0.16536014,3.121212,0.08924746,7881,0,-4.2966638,-1.7475312,-9.205173,7881,0,0,1,1
6971,50773400,-0.091205135,3.7179818,-0.2498386,5003,0,-4.1353774,-2.0539393,-9.385696,5003,0,0,1,1
6972,50781406,-0.19610962,4.039123,-0.5049178,8006,0,-4.1880565,-1.9086839,-9.59754,8006,0,0,1,1
6973,50786409,-0.26291564,4.287343,-0.76135135,5003,0,-4.414538,-1.8183496,-9.970125,5003,0,0,1,1
6974,50791413,-0.32818887,4.3736515,-0.9272471,5004,0,-4.424344,-1.8482728,-10.221033,5004,0,0,1,1
6975,50799418,-0.42076305,4.3358545,-1.0526707,8005,0,-4.279064,-1.8292923,-10.384501,8005,0,0,1,1
6976,50804421,-0.5107224,4.183161,-1.0887437,5003,0,-3.9383407,-1.8607283,-10.474825,5003,0,0,1,1
6977,50809300,-0.5725769,3.998911,-1.0294232,4879,0,-3.590365,-1.8577026,-10.483079,4879,0,0,1,1
6978,50817430,-0.624079,3.7106059,-0.87546223,8130,0,-3.0835502,-1.7757472,-10.348146,8130,0,0,1,1
6979,50822434,-0.6425377,3.3972714,-0.6679212,5004,0,-2.6215155,-1.6799722,-10.25695,5004,0,0,1,1
6980,50827437,-0.65205467,3.1635528,-0.49355084,5003,0,-2.167322,-1.5320005,-10.182257,5003,0,0,1,1
6981,50835442,-0.65929836,2.925802,-0.30456585,8005,0,-1.3029361,-1.4367273,-9.838933,8005,0,0,1,1
6982,50843448,-0.6351024,2.799058,-0.115200594,8006,0,-0.29585588,-0.9810633,-9.311159,8006,0,0,1,1
6983,50853454,-0.59867465,2.9529853,0.107376225,5003,0,-0.086289756,-0.34760058,-8.95355,5003,0,0,1,1
6984,50861335,-0.6223107,3.0680435,0.13093197,7881,0,-0.40971336,-0.17423998,-9.037165,7881,0,0,1,1
6985,50866463,-0.705217,3.1383061,0.090853006,5128,0,-0.7118038,-0.06390667,-9.36816,5128,0,0,1,1
6986,50871467,-0.80898917,3.139014,0.027378712,5004,0,-1.012193,-0.0034304261,-9.67285,5004,0,0,1,1
6987,50879472,-0.97457355,3.0491192,-0.06495165,8005,0,-1.3675631,-0.060803708,-9.96193,8005,0,0,1,1
6988,50884475,-1.1286588,2.8659687,-0.12874258,5003,0,-1.7018926,-0.25325662,-9.925112,5003,0,0,1,1
6989,50889479,-1.225046,2.6744318,-0.14469542,5004,0,-1.8924881,-0.44120172,-10.104687,5004,0,0,1,1
6990,50897484,-1.305015,2.4243996,-0.12803392,8005,0,-1.895385,-0.7146663,-10.2324505,8005,0,0,1,1
6991,50902488,-1.3348892,2.1961143,-0.08531091,5004,0,-1.4027042,-1.0046475,-10.185156,5004,0,0,1,1
6992,50907491,-1.3198063,2.0607307,-0.048089996,5003,0,-0.8395167,-1.1060728,-10.272987,5003,0,0,1,1
6993,50915497,-1.2487537,1.9664463,-0.034030948,8006,0,-0.18778233,-1.1402869,-10.207622,8006,0,0,1,1
6994,50923502,-1.1583692,1.9550889,-0.052116606,8005,0,0.5650359,-1.1688652,-10.108418,8005,0,0,1,1
6995,50933509,-1.0380919,2.1563885,-0.17797877,5004,0,1.6313515,-0.7630241,-9.838375,5004,0,0,1,1
6996,50941514,-1.0049257,2.3699546,-0.28405914,8005,0,2.20486,-0.4941269,-9.804964,8005,0,0,1,1
6997,50951521,-0.90871906,2.790935,-0.6557321,5004,0,1.8518406,0.030939996,-9.965805,5004,0,0,1,1
6998,50959526,-0.8799527,2.9019282,-0.7498677,8005,0,1.2235696,0.16470754,-9.616265,8005,0,0,1,1
6999,50964530,-0.8617753,2.8266487,-0.74236196,5004,0,0.29847535,0.37353313,-9.48436,5004,0,0,1,1
7000,50969533,-0.8635678,2.6005867,-0.68738085,5003,0,-0.39900655,0.32229692,-9.627762,5003,0,0,1,1
7001,50977538,-0.86819464,2.1298182,-0.5679118,8005,0,-1.0459685,0.28127393,-9.976132,8005,0,0,1,1
7002,50982542,-0.86507756,1.5726095,-0.42241004,5004,0,-1.157468,0.043863654,-10.076914,5004,0,0,1,1
7003,50987545,-0.8599597,1.1350683,-0.29699194,5003,0,-0.94269013,-0.19485205,-10.255283,5003,0,0,1,1
7004,50995551,-0.8033649,0.61691177,-0.11424081,8006,0,-0.52940905,-0.31712672,-10.404552,8006,0,0,1,1
7005,51003556,-0.6844493,0.087227054,0.08149034,8005,0,-0.21892515,-0.882338,-10.35831,8005,0,0,1,1
7006,51013563,-0.41341358,-0.44282246,0.2259718,5004,0,0.16340846,-1.2398181,-10.337938,5004,0,0,1,1
7007,51021568,-0.21572195,-0.60580045,0.1828138,8005,0,0.6467534,-1.6318377,-10.191086,8005,0,0,1,1
7008,51031575,0.18358915,-0.6006967,0.0401735,5003,0,1.8398334,-0.9995492,-9.94257,5003,0,0,1,1
7009,51039580,0.3447229,-0.4438772,0.021447456,8005,0,2.3015537,-0.6349714,-9.582591,8005,0,0,1,1
7010,51049587,0.450888,-0.15342696,-0.024017096,5003,0,2.564987,-0.12011314,-9.523436,5003,0,0,1,1
7011,51057593,0.5358223,0.07627317,-0.14206928,8006,0,2.6331818,0.04387051,-9.051809,8006,0,0,1,1
7012,51065598,0.47034407,0.21595523,-0.15618983,8005,0,2.1230192,1.1264112,-9.113219,8005,0,0,1,1
7013,51070601,0.35676873,0.25999945,-0.1679557,5003,0,1.9590441,0.9352204,-8.431578,5003,0,0,1,1
7014,51075605,0.223996,0.28863376,-0.19468778,5004,0,1.5999398,1.1030569,-8.812534,5004,0,0,1,1
7015,51083610,0.10269681,0.2790881,-0.21703601,8005,0,0.9835499,1.2452337,-8.757186,8005,0,0,1,1
7016,51088613,-0.036139578,0.22856931,-0.22855128,5003,0,0.62527466,1.0151886,-8.696884,5003,0,0,1,1
7017,51093617,-0.15473606,0.15489878,-0.2223285,5004,0,0.44450182,0.8452084,-8.856586,5004,0,0,1,1
7018,51101622,-0.2951723,0.022356702,-0.19742598,8005,0,0.2557194,0.5717281,-9.088185,8005,0,0,1,1
7019,51111629,-0.45383814,-0.26421577,-0.119401306,5003,0,0.4945494,0.17720217,-9.431908,5003,0,0,1,1
7020,51119634,-0.48229855,-0.39659107,-0.049994923,8005,0,0.9054236,0.08898886,-9.659058,8005,0,0,1,1
7021,51129641,-0.5121839,-0.5157957,0.07305739,5003,0,1.9195995,-0.14121425,-9.972536,5003,0,0,1,1
7022,51137647,-0.4728761,-0.50098634,0.11272512,8006,0,2.5032732,-0.07352251,-10.1795025,8006,0,0,1,1
7023,51145652,-0.4132186,-0.39994946,0.16014731,8005,0,2.9514387,-0.118866436,-10.436277,8005,0,0,1,1
7024,51150655,-0.33988327,-0.29250094,0.21584052,5003,0,3.0172987,-0.13738602,-10.395807,5003,0,0,1,1
7025,51155659,-0.2847212,-0.22395447,0.2489459,5004,0,2.956986,-0.22692543,-10.54833,5004,0,0,1,1
7026,51163664,-0.17321058,-0.1612141,0.20848548,8005,0,2.7762191,-0.32970637,-10.399471,8005,0,0,1,1
7027,51168667,-0.039898872,-0.12603159,0.20892529,5003,0,2.3094852,-0.17020279,-10.430595,5003,0,0,1,1
7028,51173546,0.028320046,-0.12929447,0.25282905,4879,0,1.8697798,-0.2797048,-10.443713,4879,0,0,1,1
7029,51181676,0.06503019,-0.1845867,0.34034118,8130,0,1.1928445,-0.2988711,-10.529539,8130,0,0,1,1
7030,51186680,0.08792232,-0.30262727,0.43765685,5004,0,0.5979685,-0.4021834,-10.572987,5004,0,0,1,1
7031,51191683,0.10315071,-0.42009982,0.5112527,5003,0,0.33676946,-0.5405662,-10.646484,5003,0,0,1,1
7032,51199689,0.13735138,-0.5544854,0.5698413,8006,0,0.18168482,-0.7632226,-10.767103,8006,0,0,1,1
7033,51209695,0.27285108,-0.64557195,0.52813417,5003,0,0.41623706,-1.1654514,-10.754463,5003,0,0,1,1
7034,51217701,0.3479698,-0.65031296,0.49989048,8006,0,0.6076051,-1.1996902,-10.685873,8006,0,0,1,1
7035,51227708,0.48400924,-0.6410393,0.38402182,5004,0,1.0841762,-1.3126513,-10.219431,5004,0,0,1,1
7036,51235713,0.57265836,-0.5981166,0.37960407,8005,0,1.236434,-0.6425722,-10.288843,8005,0,0,1,1
7037,51243718,0.5824156,-0.5621355,0.4701611,8005,0,1.4845158,-0.2831086,-9.585029,8005,0,0,1,1
7038,51248722,0.52656615,-0.5697665,0.5738928,5004,0,1.4057691,0.16764086,-9.397907,5004,0,0,1,1
7039,51253725,0.45923024,-0.6065711,0.636012,5003,0,1.236026,0.44249657,-9.316042,5003,0,0,1,1
7040,51261730,0.34548506,-0.6575892,0.66070294,8005,0,1.1538215,0.5578586,-9.266636,8005,0,0,1,1
7041,51266609,0.22623578,-0.6529171,0.5930859,4879,0,1.2281047,0.524444,-9.208112,4879,0,0,1,1
7042,51271613,0.14094748,-0.6024725,0.5113502,5004,0,1.2263199,0.5027614,-9.148884,5004,0,0,1,1
7043,51279743,0.009721786,-0.50206625,0.39909157,8130,0,1.1018825,0.27684042,-9.264028,8130,0,0,1,1
7044,51284746,-0.11528333,-0.41856182,0.30074942,5003,0,0.7935659,0.0546239,-9.352898,5003,0,0,1,1
7045,51289750,-0.18401858,-0.38914227,0.21168993,5004,0,0.49974215,-0.21567184,-9.498262,5004,0,0,1,1
7046,51297755,-0.2360696,-0.38247588,0.14974712,8005,0,0.31340554,-0.34012133,-9.864758,8005,0,0,1,1
7047,51307637,-0.2824327,-0.412956,0.10740977,4879,0,0.21249913,-0.82608455,-10.160554,4879,0,0,1,1
7048,51315767,-0.25332224,-0.42795554,0.12615007,8130,0,0.030415028,-1.1457348,-10.527254,8130,0,0,1,1
7049,51325774,-0.15303202,-0.42600575,0.11244368,5004,0,0.06549859,-1.631846,-10.90362,5004,0,0,1,1
7050,51333779,-0.07300434,-0.4537057,0.11951969,8005,0,0.10867562,-1.6976792,-11.074758,8005,0,0,1,1
7051,51341785,0.04689287,-0.5168509,0.15539905,8006,0,0.1931642,-1.5968337,-10.898205,8006,0,0,1,1
7052,51346788,0.14805076,-0.5620584,0.20392902,5003,0,0.19526342,-1.482202,-10.781519,5003,0,0,1,1
7053,51351791,0.21011436,-0.5857708,0.22700287,5003,0,0.29509276,-1.308649,-10.714972,5003,0,0,1,1
7054,51359797,0.2905426,-0.59043986,0.19860381,8006,0,0.60503054,-1.1607033,-10.484648,8006,0,0,1,1
7055,51364800,0.3545423,-0.5567575,0.16990124,5003,0,0.6559434,-0.67846,-10.402054,5003,0,0,1,1
7056,51369804,0.36850432,-0.5294106,0.21603703,5004,0,0.8187081,-0.49363258,-10.208597,5004,0,0,1,1
7057,51377809,0.3220983,-0.47023973,0.30048797,8005,0,0.82576936,-0.31431493,-10.1993,8005,0,0,1,1
7058,51382812,0.2534027,-0.41616035,0.3484133,5003,0,1.0533344,-0.22836594,-10.209789,5003,0,0,1,1
7059,51387691,0.20949039,-0.3643057,0.3317936,4879,0,1.217712,-0.18052769,-10.209447,4879,0,0,1,1
7060,51395821,0.15774488,-0.27245724,0.29075474,8130,0,1.3619891,-0.087046504,-10.346193,8130,0,0,1,1
7061,51405703,0.048728425,-0.07377992,0.22025652,4878,0,1.3623697,-0.19022708,-10.495022,4878,0,0,1,1
7062,51413833,-0.010334358,0.0062006265,0.20301361,8130,0,1.1605201,-0.31571096,-10.537638,8130,0,0,1,1
7063,51421839,-0.057314493,0.08141508,0.16620818,8006,0,0.7399424,-0.47374082,-10.62669,8006,0,0,1,1
7064,51426842,-0.08459021,0.11785521,0.13538356,5003,0,0.50818795,-0.56977534,-10.563892,5003,0,0,1,1
7065,51431846,-0.106014766,0.12281032,0.13026963,5004,0,0.40594295,-0.5305134,-10.570353,5004,0,0,1,1
7066,51439727,-0.14248808,0.105404675,0.13991442,7881,0,0.399844,-0.52666974,-10.610109,7881,0,0,1,1
7067,51444854,-0.18159191,0.08583453,0.14380616,5127,0,0.3593239,-0.5417272,-10.73789,5127,0,0,1,1
7068,51449858,-0.19642209,0.07543245,0.14413907,5004,0,0.3865625,-0.5226134,-10.707073,5004,0,0,1,1
7069,51457863,-0.23343782,0.06256027,0.15150571,8005,0,0.4898265,-0.5370746,-10.79383,8005,0,0,1,1
7070,51462866,-0.2679722,0.053364173,0.17499615,5003,0,0.6309972,-0.481907,-10.881834,5003,0,0,1,1
7071,51467870,-0.30276105,0.049611554,0.19773,5004,0,0.82562035,-0.579407,-11.025415,5004,0,0,1,1
7072,51475875,-0.3105633,0.0636888,0.20690888,8005,0,0.9772674,-0.5893173,-11.116381,8005,0,0,1,1
7073,51485882,-0.3213186,0.16455828,0.123714626,5003,0,0.91998154,-0.7550008,-11.161564,5003,0,0,1,1
7074,51493762,-0.32308728,0.22222319,0.07373893,7880,0,0.63310814,-0.783179,-11.099877,7880,0,0,1,1
7075,51501771,-0.32228452,0.26120818,0.029140797,8009,0,0.30688563,-0.95104855,-10.972748,8009,0,0,1,1
7076,51511900,-0.32518855,0.22515245,-0.025733817,5004,0,-0.15979707,-1.0466926,-11.066425,5004,0,0,1,1
7077,51519905,-0.3065144,0.15191367,-0.047394115,8005,0,-0.3510676,-1.0799861,-11.032595,8005,0,0,1,1
7078,51524909,-0.31070957,0.057105795,-0.053099237,5004,0,-0.42485616,-1.1190212,-11.085965,5004,0,0,1,1
7079,51529788,-0.3022145,-0.021853507,-0.05093956,4879,0,-0.26406333,-1.0761405,-11.155611,4879,0,0,1,1
7080,51537917,-0.24751076,-0.112694815,-0.02153546,8129,0,0.024936749,-1.0960423,-11.096316,8129,0,0,1,1
7081,51542921,-0.19746833,-0.1720695,0.02801421,5004,0,0.34136668,-1.2698191,-11.193581,5004,0,0,1,1
7082,51547924,-0.09311421,-0.18392935,0.06631505,5003,0,0.40284765,-1.2458981,-10.806404,5003,0,0,1,1
7083,51555929,-0.023553519,-0.17956501,0.1120246,8005,0,0.6286092,-1.2169012,-10.929642,8005,0,0,1,1
7084,51563935,0.06954735,-0.15055339,0.15251592,8006,0,0.7125235,-1.1057701,-10.588438,8006,0,0,1,1
7085,51573942,0.12373566,-0.10828348,0.16709971,5004,0,0.548643,-0.5860629,-10.152809,5004,0,0,1,1
7086,51581947,0.108970456,-0.09900538,0.16055696,8005,0,0.37117404,-0.34993824,-10.089105,8005,0,0,1,1
7087,51591954,-0.036832653,-0.09437356,0.08855759,5004,0,0.032454148,-0.31694937,-10.336191,5004,0,0,1,1
7088,51599959,-0.09862309,-0.09978863,0.015166029,8005,0,-0.19394456,-0.6171553,-10.36221,8005,0,0,1,1
7089,51604963,-0.11384015,-0.114387296,-0.048374068,5004,0,-0.37198102,-0.9131613,-10.555294,5004,0,0,1,1
7090,51609966,-0.12781115,-0.13458817,-0.0880855,5003,0,-0.39491734,-1.1462886,-10.677351,5003,0,0,1,1
7091,51617971,-0.10200409,-0.17149194,-0.11282894,8005,0,-0.36094365,-1.3134177,-10.749308,8005,0,0,1,1
7092,51622975,-0.061867956,-0.2105383,-0.12053288,5004,0,-0.29053345,-1.2552483,-10.658714,5004,0,0,1,1
7093,51627978,-0.02029422,-0.24261762,-0.110231705,5003,0,-0.20240712,-1.2090281,-10.588543,5003,0,0,1,1
7094,51635983,0.018251302,-0.29017726,-0.07686719,8005,0,-0.008548266,-1.1476221,-10.542813,8005,0,0,1,1
7095,51643989,0.034769066,-0.3411947,-0.052923936,8006,0,0.30733764,-0.87662065,-10.542517,8006,0,0,1,1
7096,51653996,0.023629531,-0.29178956,-0.04477001,5004,0,1.1172793,-0.39834896,-10.430511,5004,0,0,1,1
7097,51662001,-0.025974466,-0.19297779,-0.05845259,8005,0,1.2959952,-0.25846568,-10.285739,8005,0,0,1,1
7098,51672008,-0.13834465,-0.034705214,-0.114785045,5129,0,0.92143387,-0.05701768,-10.040127,5129,0,0,1,1
7099,51680013,-0.2289768,0.0021476448,-0.16070136,8005,0,0.59105057,0.0035383103,-10.04049,8005,0,0,1,1
7100,51690020,-0.39187068,-0.025300547,-0.20700873,5003,0,0.18949977,-0.07155961,-10.173393,5003,0,0,1,1
7101,51698025,-0.4672225,-0.07664244,-0.21812382,8005,0,-0.038044214,-0.41414306,-10.227511,8005,0,0,1,1
7102,51703029,-0.52077043,-0.11987438,-0.21906091,5004,0,-0.2297057,-0.6341883,-10.466211,5004,0,0,1,1
7103,51708032,-0.5401796,-0.1437123,-0.21896595,5003,0,-0.27423793,-0.77879,-10.469313,5003,0,0,1,1
7104,51716037,-0.51539934,-0.16855891,-0.22104387,8005,0,-0.21820496,-0.9987759,-10.636508,8005,0,0,1,1
7105,51724043,-0.45068973,-0.17588915,-0.2560612,8006,0,-0.14245382,-1.170581,-10.789251,8006,0,0,1,1
7106,51729046,-0.3901015,-0.17127448,-0.27424595,5003,0,-0.034585197,-1.124482,-10.8652935,5003,0,0,1,1
7107,51734050,-0.33626524,-0.17280239,-0.26724675,5004,0,0.03245677,-1.0402321,-10.737705,5004,0,0,1,1
7108,51742055,-0.2830607,-0.18848316,-0.25690722,8005,0,0.1605618,-0.9020509,-10.754498,8005,0,0,1,1
7109,51752062,-0.20899054,-0.17790113,-0.25834897,5004,0,0.51536524,-0.61358714,-10.722612,5004,0,0,1,1
7110,51760067,-0.20122924,-0.14640221,-0.25916877,8005,0,0.5599345,-0.5718105,-10.662544,8005,0,0,1,1
7111,51770074,-0.20896554,-0.11130211,-0.2897262,5003,0,0.40260106,-0.4601215,-10.767876,5003,0,0,1,1
7112,51778079,-0.21217829,-0.13229166,-0.29977316,8005,0,0.5008197,-0.45120418,-10.772664,8005,0,0,1,1
7113,51788086,-0.20500417,-0.1687781,-0.29000434,5003,0,0.51680046,-0.38949203,-10.625893,5003,0,0,1,1
7114,51796092,-0.19395785,-0.15780845,-0.2607658,8006,0,0.42376637,-0.47590646,-10.523956,8006,0,0,1,1
7115,51801095,-0.15856084,-0.11898317,-0.2502181,5003,0,0.5378758,-0.2730838,-10.676453,5003,0,0,1,1
7116,51806099,-0.13661695,-0.06872327,-0.26271737,5004,0,0.6204783,-0.42947927,-10.848774,5004,0,0,1,1
7117,51814104,-0.09296895,-0.014816253,-0.26733154,8005,0,0.7182501,-0.30140728,-10.733886,8005,0,0,1,1
7118,51822109,-0.050563723,0.031430524,-0.24106413,8005,0,0.69943124,-0.23510973,-10.480102,8005,0,0,1,1
7119,51827113,-0.04207664,0.035094693,-0.20848438,5004,0,0.60969365,-0.2252379,-10.654379,5004,0,0,1,1
7120,51832116,-0.031152828,0.014905944,-0.17863621,5003,0,0.4598211,-0.07728642,-10.606985,5003,0,0,1,1
7121,51840121,-0.033119205,-0.045469467,-0.15245639,8005,0,0.33042404,-0.15725891,-10.493833,8005,0,0,1,1
7122,51850128,-0.03392359,-0.11569462,-0.12466892,5003,0,0.46125677,-0.031319737,-10.294535,5003,0,0,1,1
7123,51858134,-0.043481603,-0.1278852,-0.109317064,8006,0,0.61530095,0.071332246,-10.239508,8006,0,0,1,1
7124,51868140,-0.062178694,-0.13273895,-0.08284488,5003,0,0.68607235,0.10443006,-10.23827,5003,0,0,1,1
7125,51876146,-0.073064625,-0.13731089,-0.07290179,8006,0,0.63959473,0.09037265,-10.24766,8006,0,0,1,1
7126,51884151,-0.07188072,-0.13549308,-0.08026504,8005,0,0.57414407,0.12220558,-10.316868,8005,0,0,1,1
7127,51889155,-0.060420595,-0.12664774,-0.10815913,5004,0,0.5701972,0.17002308,-10.481041,5004,0,0,1,1
7128,51894158,-0.05671167,-0.114576615,-0.12158799,5003,0,0.65495473,0.12335372,-10.37307,5003,0,0,1,1
7129,51902163,-0.053727087,-0.09484887,-0.12086413,8005,0,0.8081739,0.16500224,-10.284548,8005,0,0,1,1
7130,51907167,-0.046158895,-0.067032516,-0.106187955,5004,0,0.79357594,0.2442534,-10.279694,5004,0,0,1,1
7131,51912170,-0.041219056,-0.050207537,-0.09831163,5003,0,0.7167135,0.25933364,-10.292145,5003,0,0,1,1
7132,51920175,-0.046963148,-0.03706935,-0.09541523,8005,0,0.6257713,0.2862054,-10.314023,8005,0,0,1,1
7133,51925179,-0.05954405,-0.042018473,-0.09079013,5004,0,0.5812048,0.3336783,-10.249315,5004,0,0,1,1
7134,51930182,-0.07323781,-0.054085344,-0.07629631,5003,0,0.58295065,0.3183225,-10.194851,5003,0,0,1,1
7135,51938188,-0.08675714,-0.074693024,-0.05381335,8006,0,0.54421777,0.29234746,-10.206432,8006,0,0,1,1
7136,51948194,-0.07908335,-0.100647345,-0.02542655,5003,0,0.33891866,0.23994723,-10.106363,5003,0,0,1,1
7137,51956200,-0.08297472,-0.11138866,-0.017895605,8006,0,0.18926722,0.15618461,-10.156309,8006,0,0,1,1
7138,51966207,-0.10004163,-0.09546475,-0.106066585,5129,0,-0.0042239204,0.102490894,-10.303499,5129,0,0,1,1
7139,51974212,-0.10169039,-0.071092755,-0.17159857,8005,0,0.054008137,0.17218877,-10.151209,8005,0,0,1,1
7140,51982217,-0.11829243,-0.04691427,-0.2104594,8005,0,0.025010942,0.11322951,-10.078034,8005,0,0,1,1
7141,51987221,-0.14497708,-0.055160277,-0.21265188,5004,0,-0.03410099,0.094136834,-10.158804,5004,0,0,1,1
7142,51992224,-0.15163049,-0.08643168,-0.20334396,5003,0,0.0013338178,0.20762044,-10.123835,5003,0,0,1,1
7143,52000230,-0.15664178,-0.13111202,-0.17016014,8006,0,0.106685966,0.14780763,-10.0032215,8006,0,0,1,1
7144,52005233,-0.15362372,-0.16434515,-0.13873093,5003,0,0.17384773,0.43911168,-10.163324,5003,0,0,1,1
7145,52010236,-0.12627652,-0.21690448,-0.11105438,5003,0,0.31718874,0.44698465,-9.696798,5003,0,0,1,1
7146,52018242,-0.123492286,-0.22633383,-0.089747794,8006,0,0.37648386,0.38942868,-10.353542,8006,0,0,1,1
7147,52023245,-0.17299947,-0.1893351,-0.07269571,5003,0,0.7669062,0.4685791,-10.1166725,5003,0,0,1,1
7148,52028249,-0.17534433,-0.17367725,-0.03938417,5004,0,0.8433803,0.5535779,-9.908127,5004,0,0,1,1
7149,52036254,-0.18458453,-0.109928794,-0.038954265,8005,0,0.7938101,0.60629433,-10.054991,8005,0,0,1,1
7150,52046261,-0.19076622,0.025901673,-0.06697068,5004,0,0.75322044,0.63144594,-10.068977,5004,0,0,1,1
7151,52054266,-0.22911339,0.079905905,-0.06982904,8005,0,0.5310435,0.5551141,-10.155845,8005,0,0,1,1
7152,52062272,-0.28531885,0.09513965,-0.07628777,8006,0,0.18090892,0.40447018,-10.406542,8006,0,0,1,1
7153,52067275,-0.32094032,0.070509836,-0.07699298,5003,0,0.10382004,0.23058432,-10.658249,5003,0,0,1,1
7154,52072278,-0.31973684,0.042597577,-0.08996668,5003,0,0.009746298,0.15618461,-10.827,5003,0,0,1,1
7155,52080284,-0.2833825,0.0028683543,-0.11781976,8006,0,-0.09308859,-0.103737235,-10.83371,8006,0,0,1,1
7156,52085287,-0.22282001,-0.015382893,-0.13143985,5003,0,-0.16806924,-0.19218153,-10.76482,5003,0,0,1,1
7157,52090165,-0.17060988,-0.0229303,-0.135454,4878,0,-0.18105616,-0.24228679,-10.687768,4878,0,0,1,1
7158,52098171,-0.10383745,-0.038507957,-0.12734666,8006,0,-0.14261621,-0.11796987,-10.550004,8006,0,0,1,1
7159,52103300,-0.06140221,-0.074960805,-0.08879647,5129,0,-0.034780223,0.013326406,-10.534634,5129,0,0,1,1
7160,52108303,-0.02301041,-0.10714076,-0.047355525,5003,0,-0.020452797,0.0510264,-10.470512,5003,0,0,1,1
7161,52116308,0.010397616,-0.13708007,-0.008796118,8005,0,0.037992552,0.12639558,-10.545665,8005,0,0,1,1
7162,52121312,0.04002583,-0.13831897,-0.0072699906,5004,0,0.083925396,0.1597336,-10.44441,5004,0,0,1,1
7163,52126315,0.05327671,-0.12638085,-0.022797745,5003,0,0.10021488,0.2109754,-10.40419,5003,0,0,1,1
7164,52134320,0.048266493,-0.11715571,-0.03221274,8005,0,0.18645385,0.3610563,-10.3837805,8005,0,0,1,1
7165,52144327,-0.0029312596,-0.14657484,-0.024926698,5003,0,0.098538995,0.46978623,-10.272518,5003,0,0,1,1
7166,52152333,-0.027483694,-0.16949369,-0.012720756,8006,0,0.10890567,0.5136516,-10.284743,8006,0,0,1,1
7167,52160338,-0.054957327,-0.17897603,-0.014972412,8005,0,0.19825767,0.4056182,-10.425504,8005,0,0,1,1
7168,52165341,-0.049993813,-0.15891743,-0.028905364,5003,0,0.34591007,0.37073153,-10.350813,5003,0,0,1,1
7169,52170345,-0.03633242,-0.12863779,-0.028210968,5004,0,0.43181092,0.40274325,-10.29933,5004,0,0,1,1
7170,52178350,-0.019822774,-0.07282566,-0.014288947,8005,0,0.5621761,0.46248645,-10.272567,8005,0,0,1,1
7171,52183354,-0.007382848,-0.018294968,0.006377285,5004,0,0.578809,0.5741741,-10.136768,5004,0,0,1,1
7172,52188357,-0.0033095665,0.005416885,0.018049523,5003,0,0.45302728,0.647168,-10.217123,5003,0,0,1,1
7173,52196362,-0.013440213,0.014890685,0.024398869,8005,0,0.17731132,0.65551883,-10.220351,8005,0,0,1,1
7174,52201366,-0.03425532,-0.0032893568,0.023023523,5004,0,-0.048951592,0.62780607,-10.224634,5004,0,0,1,1
7175,52206244,-0.039454903,-0.025727138,0.015288395,4878,0,-0.22074528,0.6196832,-10.122381,4878,0,0,1,1
7176,52214374,-0.04588405,-0.06583258,-0.003005082,8130,0,-0.34342855,0.5807338,-10.158512,8130,0,0,1,1
7177,52224381,-0.05967944,-0.11735282,-0.035119113,5128,0,-0.31082383,0.4613881,-10.261059,5128,0,0,1,1
7178,52232387,-0.06847651,-0.11463409,-0.06621878,8006,0,-0.28387454,0.45335692,-10.211672,8006,0,0,1,1
7179,52240392,-0.060694102,-0.07394293,-0.124019824,8005,0,-0.23045681,0.3788367,-10.212569,8005,0,0,1,1
7180,52250399,-0.07123421,-0.040587604,-0.17558211,5004,0,-0.13250944,0.3852716,-10.428621,5004,0,0,1,1
7181,52258404,-0.068761244,-0.06350633,-0.17503671,8005,0,-0.16955422,0.33513805,-10.436135,8005,0,0,1,1
7182,52263408,-0.05527038,-0.10827193,-0.16590704,5004,0,-0.16626127,0.35414964,-10.413532,5004,0,0,1,1
7183,52268411,-0.039376177,-0.14023113,-0.14850968,5003,0,-0.09036272,0.4022734,-10.357504,5003,0,0,1,1
7184,52276416,0.019481506,-0.18248938,-0.12201492,8005,0,0.07614501,0.45784906,-10.057816,8005,0,0,1,1
7185,52281420,0.029421216,-0.16816118,-0.111148104,5004,0,0.17275012,0.54326165,-10.69441,5004,0,0,1,1
7186,52286423,0.045723222,-0.15509163,-0.0766404,5003,0,0.35981035,0.5293451,-10.252808,5003,0,0,1,1
7187,52294429,0.04677557,-0.14376701,-0.039343927,8006,0,0.44111627,0.6139204,-10.105728,8006,0,0,1,1
7188,52299432,0.054827984,-0.11584044,-0.026099395,5003,0,0.39302364,0.78941554,-10.177221,5003,0,0,1,1
7189,52304435,0.058336467,-0.09621471,-0.026944652,5003,0,0.327899,0.7716928,-10.129101,5003,0,0,1,1
7190,52312441,0.03413399,-0.08742385,-0.025905732,8006,0,0.35253185,0.8566298,-10.169174,8006,0,0,1,1
7191,52320446,0.19643082,-0.17925066,0.03898617,8005,0,0.50915515,-0.7166813,-12.838464,8005,0,0,1,1
7192,52330453,0.23719433,-0.12738743,0.09775477,5128,0,0.33961043,1.1675481,-11.510923,5128,0,0,1,1
7193,52338458,0.23403421,-0.059734095,0.025816062,8005,0,-0.16806729,0.4366222,-10.567827,8005,0,0,1,1
7194,52343462,0.2079527,-0.036451615,-0.042084266,5004,0,-0.12436489,0.3728334,-10.160967,5004,0,0,1,1
7195,52348465,0.195716,-0.035693944,-0.044527117,5003,0,-0.21847095,0.71756774,-10.511,5003,0,0,1,1
7196,52356471,0.15460928,-0.04528711,-0.023981169,8006,0,-0.10945758,0.5816457,-10.3999,8006,0,0,1,1
7197,52361474,0.13725781,-0.07150743,-0.021299962,5003,0,-0.0518179,0.6349929,-10.120718,5003,0,0,1,1
7198,52366477,0.117212474,-0.09065359,-0.037536927,5003,0,-0.025726937,0.6783259,-10.300045,5003,0,0,1,1
7199,52374483,0.10822282,-0.1013903,-0.044744894,8006,0,-0.023802673,0.6534163,-10.221404,8006,0,0,1,1
7200,52379486,0.08447687,-0.11278959,-0.030097805,5003,0,0.08860421,0.5254767,-10.429098,5003,0,0,1,1
7201,52384489,0.076745026,-0.10379868,-0.025858834,5003,0,0.1349332,0.43818167,-10.338839,5003,0,0,1,1
7202,52392495,0.10025535,-0.07286165,-0.032744728,8006,0,0.22249015,0.38917163,-10.216323,8006,0,0,1,1
7203,52400500,0.14131533,-0.032131515,-0.046023395,8005,0,0.105641104,0.22754763,-10.417123,8005,0,0,1,1
7204,52410382,0.13770473,-0.028755924,-0.0047762985,4878,0,-0.038488504,0.33443192,-10.299764,4878,0,0,1,1
7205,52418512,0.13141835,-0.04529118,0.014921784,8130,0,-0.14366214,0.31659523,-10.157915,8130,0,0,1,1
7206,52428519,0.102550946,-0.04659263,0.019028362,5003,0,-0.17058092,0.23395956,-10.357733,5003,0,0,1,1
7207,52436525,0.08271141,-0.056731984,0.01745728,8006,0,-0.20486933,0.2691507,-10.300852,8006,0,0,1,1
7208,52441528,0.08025334,-0.062058754,-0.0061323503,5003,0,-0.3815016,0.363496,-10.191828,5003,0,0,1,1
7209,52446531,0.076705,-0.066226214,-0.03545208,5003,0,-0.44853806,0.19158697,-10.263174,5003,0,0,1,1
7210,52454537,0.06299375,-0.08106618,-0.07120943,8006,0,-0.5026399,0.17592916,-10.221401,8006,0,0,1,1
7211,52462542,0.05609369,-0.11997661,-0.076874144,8005,0,-0.52407205,0.12702493,-10.296767,8005,0,0,1,1
7212,52467546,0.04442662,-0.15834582,-0.09138673,5004,0,-0.67335314,0.15566099,-10.031893,5004,0,0,1,1
7213,52472549,0.046111055,-0.19037145,-0.111015126,5003,0,-0.6558817,0.13435656,-10.189196,5003,0,0,1,1
7214,52480554,0.089732565,-0.23234357,-0.12328074,8005,0,-0.25799623,0.14316149,-10.436715,8005,0,0,1,1
7215,52490561,0.14440793,-0.28087872,-0.051883634,5003,0,-0.032182857,0.16068897,-10.09654,5003,0,0,1,1
7216,52498567,0.1250852,-0.039033912,-0.060727593,8006,0,1.0888488,0.007362842,-11.773589,8006,0,0,1,1
7217,52508573,0.14605299,0.15532897,-0.0697457,5003,0,0.17562672,0.94553393,-10.886896,5003,0,0,1,1
7218,52516579,0.16169658,0.13518931,-0.10079781,8006,0,0.10234673,0.20989478,-10.202089,8006,0,0,1,1
7219,52524584,0.123429194,0.048396077,-0.071452275,8005,0,-0.16728503,0.329431,-11.182453,8005,0,0,1,1
7220,52529588,0.085912056,-0.05188521,-0.009188466,5004,0,0.3374503,0.19347852,-9.840916,5004,0,0,1,1
7221,52534591,0.10488354,-0.050809026,0.028464144,5003,0,-0.16750191,0.24975063,-10.66976,5003,0,0,1,1
7222,52542596,0.10302519,-0.043245237,0.012353702,8005,0,-0.3242835,0.300732,-10.072948,8005,0,0,1,1
7223,52547600,0.08735838,-0.041866668,0.027165469,5004,0,-0.2306631,0.20714614,-10.49301,5004,0,0,1,1
7224,52552603,0.06419561,-0.053822987,0.051532377,5003,0,-0.25054383,0.41855642,-10.130751,5003,0,0,1,1
7225,52560609,0.052598186,-0.0370795,0.057594106,8006,0,-0.40384808,0.25031298,-10.225927,8006,0,0,1,1
7226,52565612,0.03033802,-0.027996942,0.0388812,5003,0,-0.44087783,0.23132056,-10.059189,5003,0,0,1,1
7227,52570615,0.017722506,-0.020840533,0.017151978,5003,0,-0.44566703,0.23180798,-10.37953,5003,0,0,1,1
7228,52578621,0.02079006,-0.022530124,-0.0132255005,8006,0,-0.26554573,0.06007668,-10.234091,8006,0,0,1,1
7229,52588627,0.0009188317,-0.01808402,-0.027458532,5003,0,0.023596585,0.21576332,-10.276579,5003,0,0,1,1
7230,52596508,-0.005803779,-0.008740306,-0.022390788,7881,0,0.054289967,0.08385699,-10.274313,7881,0,0,1,1
7231,52604638,-0.003920939,-0.007739961,-0.012831972,8130,0,-0.038373217,0.09242177,-10.292313,8130,0,0,1,1
7232,52609642,-0.0010391809,-0.0030169487,-0.013416213,5004,0,-0.13082598,-0.044245124,-10.33955,5004,0,0,1,1
7233,52614645,0.0040879995,-0.0012188554,-0.010752462,5003,0,-0.07527657,-0.047361076,-10.209061,5003,0,0,1,1
7234,52622650,-0.0076270993,-0.0025282202,-0.0010930867,8005,0,-0.07648168,0.15632154,-10.166781,8005,0,0,1,1
7235,52627654,-0.015900612,0.008174613,-0.01007299,5004,0,-0.105444044,0.05296272,-10.235399,5004,0,0,1,1
7236,52632657,-0.029481774,0.009499773,-0.01923487,5003,0,-0.18206215,0.08119944,-10.2481,5003,0,0,1,1
7237,52640663,-0.021127932,0.016529068,-0.018518498,8006,0,-0.20367329,-0.051520165,-10.296063,8006,0,0,1,1
7238,52645666,-0.01621949,0.011523321,-0.021818042,5003,0,-0.17137891,-0.08694577,-10.366005,5003,0,0,1,1
7239,52650544,-0.012526013,0.009563416,-0.02178892,4878,0,-0.15155856,-0.017878234,-10.267353,4878,0,0,1,1
7240,52658675,-0.023197882,0.007051587,-0.02089087,8131,0,-0.18040374,0.08703005,-10.299488,8131,0,0,1,1
7241,52663678,-0.040332675,0.010525629,-0.016617525,5003,0,-0.2419155,0.2428152,-10.206442,5003,0,0,1,1
7242,52668682,-0.06132771,0.019006953,-0.018474605,5004,0,-0.32379365,0.2787294,-10.122395,5004,0,0,1,1
7243,52676687,-0.088894896,0.03872037,-0.03108987,8005,0,-0.39162692,0.18235506,-10.1516695,8005,0,0,1,1
7244,52686694,-0.17690733,0.11202209,-0.08291272,5003,0,-0.3429553,0.31507814,-10.092087,5003,0,0,1,1
7245,52694699,-0.15330595,0.05371588,-0.105271466,8005,0,-0.043733317,0.105302446,-11.298747,8005,0,0,1,1
7246,52702705,-0.016873814,-0.000491932,-0.0052752867,8006,0,0.5735575,-0.06020826,-9.941624,8006,0,0,1,1
7247,52707708,-0.019789107,-0.015575803,0.02286541,5003,0,0.39967698,0.1541644,-10.437519,5003,0,0,1,1
7248,52712711,0.0024251677,0.0028762966,0.019780327,5003,0,-0.21589562,0.22569138,-10.333918,5003,0,0,1,1
7249,52720717,-0.015267192,-0.0020482985,0.019024938,8006,0,-0.21938781,0.09275278,-10.272646,8006,0,0,1,1
7250,52725721,-0.00926812,-0.0038086176,0.030652903,5004,0,-0.32069564,0.16188529,-10.17507,5004,0,0,1,1
7251,52730724,-0.016327068,-0.002996713,0.032843262,5003,0,-0.31782192,0.109211296,-10.461231,5003,0,0,1,1
7252,52738729,-0.007363654,-0.0027458218,0.025191957,8005,0,-0.43964452,0.15782733,-10.291858,8005,0,0,1,1
7253,52743608,-0.008086227,-0.010807366,0.0066358973,4879,0,-0.3428951,0.098528065,-10.230418,4879,0,0,1,1
7254,52748611,0.033891834,-0.014936082,0.022062201,5003,0,0.3062952,1.0080936,-10.283716,5003,0,0,1,1
7255,52756742,0.15583429,-0.008095801,0.08486871,8131,0,0.7015738,1.2434525,-10.385574,8131,0,0,1,1
7256,52761745,-0.03879021,-0.008409768,0.07393594,5003,0,0.02502364,-0.13108414,-10.029856,5003,0,0,1,1
7257,52766748,-0.0674554,2.7984383e-05,0.0632149,5003,0,-0.048958547,-0.031303644,-10.108892,5003,0,0,1,1
7258,52774753,0.010027636,-0.002843663,0.09979278,8005,0,-0.02574136,0.019206164,-10.476488,8005,0,0,1,1
7259,52782634,-0.016565775,-0.0053305025,0.17229824,7881,0,0.13084365,-0.22338139,-10.062334,7881,0,0,1,1
7260,52792766,0.0008640699,-0.0051484406,0.2336441,5004,0,-0.16595984,0.020150304,-10.390917,5004,0,0,1,1
7261,52800771,-0.023010587,-0.0015382766,0.3091531,8005,0,-0.061658118,-0.42666546,-10.133576,8005,0,0,1,1
7262,52805774,-0.041600145,-0.0035838336,0.40011588,5003,0,-0.061633978,-0.5733589,-10.389572,5003,0,0,1,1
7263,52810778,-0.009714603,-0.0048949867,0.48237723,5004,0,-0.074237846,-0.486743,-10.284147,5004,0,0,1,1
7264,52818660,-0.0064640194,-0.0030595064,0.594881,7882,0,0.0072892234,-0.51742625,-10.3168335,7882,0,0,1,1
7265,52823787,0.0011292436,-0.007387057,0.6709207,5127,0,-0.0142357955,-0.50678056,-10.251769,5127,0,0,1,1
7266,52828790,-0.007105328,-0.0013907403,0.74742985,5003,0,-0.08994566,-0.41133592,-10.305727,5003,0,0,1,1
7267,52836671,-0.016448103,-0.010145813,0.79444236,7881,0,0.06810621,-0.20070553,-10.26839,7881,0,0,1,1
7268,52841799,0.0041347216,-0.004481286,0.85605496,5128,0,-0.12932111,0.1233502,-10.257286,5128,0,0,1,1
7269,52846802,-0.0022203773,0.0026011616,0.8959493,5003,0,-0.06969832,0.024971126,-10.376238,5003,0,0,1,1
7270,52854808,0.003975086,-0.0004182309,0.916997,8006,0,-0.034731783,0.1447528,-10.41383,8006,0,0,1,1
7271,52862813,-0.01326058,-0.014393552,0.88713455,8005,0,-0.07797563,0.12872832,-10.287025,8005,0,0,1,1
7272,52872820,0.0004879646,-0.01494614,0.8384216,5004,0,-0.2862314,0.5947971,-10.550079,5004,0,0,1,1
7273,52880825,0.003998704,0.0016631185,0.8087844,8005,0,-0.25336605,0.45323977,-10.01855,8005,0,0,1,1
7274,52890833,-0.0021311566,-0.009620294,0.67153674,5004,0,0.16749164,0.7060801,-9.907604,5004,0,0,1,1
7275,52898712,-0.014101,-0.005748362,0.57888544,7879,0,-0.3908658,0.42029533,-10.403563,7879,0,0,1,1
7276,52903841,-0.020633303,-0.014993108,0.4884631,5129,0,-0.14250529,0.78130823,-10.4172535,5129,0,0,1,1
7277,52908719,-0.008792101,-0.021968976,0.42454386,4878,0,-0.06568242,0.77584994,-10.148813,4878,0,0,1,1
7278,52916850,-0.015455276,-0.013005674,0.32502028,8131,0,-0.3823924,0.54470575,-10.36367,8131,0,0,1,1
7279,52921853,-0.028421393,-0.03101966,0.21569304,5003,0,-0.27139032,0.79485184,-10.442114,5003,0,0,1,1
7280,52926856,-0.029671272,-0.038158506,0.14076647,5003,0,-0.13009772,0.7128099,-10.146601,5003,0,0,1,1
7281,52934862,-0.03759055,-0.033352256,0.04530529,8006,0,-0.33355036,0.54452646,-10.300181,8006,0,0,1,1
7282,52939865,-0.031161115,-0.029184207,-0.02272616,5003,0,-0.17105111,0.55717534,-10.3163395,5003,0,0,1,1
7283,52944869,-0.0047146007,-0.011765958,-0.03465634,5004,0,-0.14111689,0.41376114,-10.113085,5004,0,0,1,1
7284,52952874,0.014840885,0.017548649,-0.05794973,8005,0,-0.29177317,0.25222194,-10.204692,8005,0,0,1,1
7285,52960879,0.04142729,0.040335953,-0.067419544,8005,0,-0.18867357,0.4396823,-10.275341,8005,0,0,1,1
7286,52970761,0.060572576,0.045218866,-0.041625638,4878,0,-0.3091773,0.23006207,-10.401494,4878,0,0,1,1
7287,52978770,0.020639274,0.006137088,0.0027408917,8009,0,0.13210668,-0.20857483,-10.376092,8009,0,0,1,1
7288,52988899,-0.042237476,-0.022504762,0.0019307932,5003,0,-0.07526964,0.13774496,-10.260294,5003,0,0,1,1
7289,52996904,-0.020068951,-0.018702393,0.0046541146,8005,0,-0.18183658,0.4916675,-10.320598,8005,0,0,1,1
7290,53001907,0.0033354834,-0.00056651235,0.002695408,5003,0,-0.3403113,0.40155086,-10.150879,5003,0,0,1,1
7291,53006912,0.014034629,0.013915093,0.00224277,5005,0,-0.340563,0.3033861,-10.263428,5005,0,0,1,1
7292,53014916,0.015196245,0.009687246,0.0025560197,8004,0,0.026495166,0.20091833,-10.342767,8004,0,0,1,1
7293,53022921,-0.006191931,-0.0071380283,-0.00041287017,8005,0,-0.09023675,-0.052144762,-10.287916,8005,0,0,1,1
7294,53032928,-0.016545147,-0.014555283,0.004093997,5003,0,-0.058520988,0.36014062,-10.282087,5003,0,0,1,1
7295,53040934,-0.0025766194,-0.006918579,-0.00046261118,8006,0,-0.23030572,0.35145175,-10.282297,8006,0,0,1,1
7296,53050940,0.00688735,0.0033911467,0.0037776795,5003,0,-0.038087964,0.23973738,-10.32324,5003,0,0,1,1
7297,53058823,-0.00069369003,-0.0038901868,0.0007661376,7883,0,-0.050794087,0.09344807,-10.279552,7883,0,0,1,1
7298,53068953,-0.01112517,-0.00817661,0.0022164916,5004,0,-0.097070076,0.26460102,-10.277306,5004,0,0,1,1
7299,53076958,-0.0008555948,-0.002744019,0.0020360148,8005,0,-0.1960316,0.27562845,-10.244626,8005,0,0,1,1
7300,53084963,0.005179889,0.0021780431,0.00056246173,8005,0,-0.1236165,0.2250093,-10.254613,8005,0,0,1,1
7301,53089967,-0.00062628463,-0.0040748864,0.002037634,5004,0,-0.0793547,0.13196757,-10.299091,5004,0,0,1,1
7302,53094970,-0.006714478,-0.004575953,1.4902557e-05,5003,0,-0.114996254,0.090666145,-10.316149,5003,0,0,1,1
7303,53102850,-0.009541937,-0.0061592464,0.00020108187,7880,0,-0.058503937,0.228328,-10.301095,7880,0,0,1,1
7304,53107979,-0.0053821914,-0.006369069,0.00019762664,5129,0,-0.1430769,0.25111064,-10.2869,5129,0,0,1,1
7305,53112982,-0.0015197471,-0.00106287,0.0014001054,5003,0,-0.19119102,0.20492552,-10.252668,5003,0,0,1,1
7306,53120988,0.00072351465,-0.001142621,0.0010242588,8006,0,-0.08710742,0.24057202,-10.219004,8006,0,0,1,1
7307,53130994,-0.0062720776,-0.0024710149,0.0022034503,5003,0,-0.14040743,0.16428003,-10.28257,5003,0,0,1,1
7308,53139000,-0.0049235597,-0.0030774772,0.0009366106,8006,0,-0.09144066,0.2696009,-10.293972,8006,0,0,1,1
7309,53149007,-0.0011590719,-0.0006864369,0.001444428,5004,0,-0.16841768,0.21360484,-10.267244,5004,0,0,1,1
7310,53157012,-0.0025514064,-0.0032816825,0.0014652772,8005,0,-0.08515629,0.2003161,-10.272125,8005,0,0,1,1
7311,53165018,-0.0053682253,-0.0046336055,-0.0003538057,8006,0,-0.13044453,0.16240504,-10.295022,8006,0,0,1,1
7312,53170021,-0.0067118625,-0.0014058203,0.00088460394,5003,0,-0.11119678,0.2322796,-10.304354,5003,0,0,1,1
7313,53175024,-0.0020376854,-0.0036094189,0.0001331428,5003,0,-0.102578275,0.26867786,-10.277298,5003,0,0,1,1
7314,53183030,-0.002738703,-0.0015671849,0.0007201687,8006,0,-0.10985069,0.18760204,-10.283344,8006,0,0,1,1
7315,53188033,-0.005673852,-0.0040453225,0.00047650005,5003,0,-0.08851264,0.18942633,-10.30941,5003,0,0,1,1
7316,53192911,-0.0048334002,-0.0042406465,0.0009988127,4878,0,-0.10456292,0.19735672,-10.262078,4878,0,0,1,1
7317,53201042,-0.0067145973,-0.004682258,-0.00023953432,8131,0,-0.15811935,0.20128754,-10.260746,8131,0,0,1,1
7318,53206045,-0.0031561665,-0.0033162835,0.00087194215,5003,0,-0.11310907,0.2028318,-10.310587,5003,0,0,1,1
7319,53211048,-0.0035094842,-0.004601255,0.0010851447,5003,0,-0.104249135,0.19421524,-10.278496,5003,0,0,1,1
7320,53219054,-0.0040159635,-0.0036600977,-6.596418e-05,8006,0,-0.12436796,0.2236571,-10.247139,8006,0,0,1,1
7321,53229061,-0.0032693148,-0.0028370768,0.00057230284,5004,0,-0.13394362,0.24137452,-10.324705,5004,0,0,1,1
7322,53237066,-0.0025266705,-0.002890378,0.001494659,8005,0,-0.1477064,0.2230661,-10.27407,8005,0,0,1,1
7323,53247073,-0.0025033653,-0.0032961369,0.0023437443,5004,0,-0.116699524,0.18559375,-10.265333,5004,0,0,1,1
7324,53255078,-0.003800038,-0.0019373894,0.00039605887,8005,0,-0.13274483,0.1989705,-10.270177,8005,0,0,1,1
7325,53263084,-0.0032156557,-0.0033151507,0.0006980151,8006,0,-0.137009,0.21669924,-10.246332,8006,0,0,1,1
7326,53268087,-0.003056638,-0.0039423406,0.0009715706,5003,0,-0.09874506,0.1934914,-10.259346,5003,0,0,1,1
7327,53273090,-0.004847888,-0.0027769655,0.0007054494,5003,0,-0.10617077,0.2025899,-10.27899,5003,0,0,1,1
7328,53281096,-0.0034678765,-0.004779324,0.0011368713,8006,0,-0.13305794,0.19526595,-10.266379,8006,0,0,1,1
7329,53286099,-0.0045279153,-0.0022976398,0.001784408,5003,0,-0.106169574,0.22509769,-10.259588,5003,0,0,1,1
7330,53291103,-0.001831688,-0.0034495892,0.0009919545,5004,0,-0.110001594,0.22509885,-10.281364,5004,0,0,1,1
7331,53299108,-0.0033676547,-0.0026846677,0.001334441,8005,0,-0.12632579,0.20833944,-10.268837,8005,0,0,1,1
7332,53304111,-0.0012254305,-0.0042286515,0.00073850784,5003,0,-0.10904162,0.2346755,-10.286638,5003,0,0,1,1
7333,53309115,-0.004827585,-0.0027035477,0.0012445704,5004,0,-0.08151255,0.24017742,-10.292147,5004,0,0,1,1
7334,53317120,-0.0032381674,-0.0028361229,0.00063616404,8005,0,-0.14426808,0.20540299,-10.293075,8005,0,0,1,1
7335,53327127,-0.003150005,-0.0024575442,-2.0416453e-05,5003,0,-0.09754724,0.16859758,-10.303637,5003,0,0,1,1
7336,53335132,-0.0041823643,-0.0033227948,0.0001629726,8005,0,-0.1126917,0.18326102,-10.279609,8005,0,0,1,1
7337,53343138,-0.0027474426,-0.0028319806,0.00092857395,8006,0,-0.13334323,0.22201574,-10.281555,8006,0,0,1,1
7338,53348142,-0.0036961734,-0.0028037876,0.00025919592,5004,0,-0.14064848,0.23754738,-10.263172,5004,0,0,1,1
7339,53353145,-0.0028833821,-0.003817305,0.0015021833,5003,0,-0.12215014,0.18910742,-10.309435,5003,0,0,1,1
7340,53361150,-0.0037415212,-0.0041677803,0.00019640288,8005,0,-0.08830121,0.21527906,-10.257009,8005,0,0,1,1
7341,53366153,-0.0043415464,-0.0031697003,0.0002519805,5003,0,-0.117658444,0.18463245,-10.29957,5003,0,0,1,1
7342,53371157,-0.0030365698,-0.004235074,0.0010783549,5004,0,-0.15045996,0.21982959,-10.272991,5004,0,0,1,1
7343,53379162,-0.0018024779,-0.0040014083,0.002510011,8005,0,-0.12780373,0.21184056,-10.28634,8005,0,0,1,1
7344,53384166,-0.0015915036,-0.0024642795,0.0012978818,5004,0,-0.10928151,0.18775165,-10.300772,5004,0,0,1,1
7345,53389169,-0.0034205504,-0.0025032163,-0.00039739537,5003,0,-0.13546492,0.18784162,-10.240004,5003,0,0,1,1
7346,53397174,-0.0024556443,-0.004092753,0.00053709483,8005,0,-0.10640412,0.22875251,-10.263448,8005,0,0,1,1
7347,53402178,-0.002577126,-0.0031902345,0.00035899648,5004,0,-0.096830375,0.21600452,-10.283529,5004,0,0,1,1
7348,53407056,-0.0027388965,-0.002476126,0.0010185925,4878,0,-0.09870454,0.20502527,-10.2557335,4878,0,0,1,1
7349,53415187,-0.0031244978,-0.004195839,0.00039823866,8131,0,-0.1006803,0.22623926,-10.243816,8131,0,0,1,1
7350,53423192,-0.0040581445,-0.0038975477,0.00116137,8005,0,-0.1394767,0.21887647,-10.317014,8005,0,0,1,1
7351,53433199,-0.002803892,-0.004334837,7.2858296e-05,5004,0,-0.14160036,0.218871,-10.310579,5004,0,0,1,1
7352,53441204,-0.004998304,-0.0030399857,0.00032854034,8005,0,-0.13842824,0.22635712,-10.300704,8005,0,0,1,1
7353,53446208,-0.0044880696,-0.002177894,-0.00024017414,5004,0,-0.119579606,0.20666458,-10.293581,5004,0,0,1,1
7354,53451211,-0.0041418,-0.002970025,0.0007321008,5003,0,-0.1382513,0.19541092,-10.269157,5003,0,0,1,1
7355,53459216,-0.0026052482,-0.0036850271,0.0015233626,8005,0,-0.1279561,0.20929636,-10.299807,8005,0,0,1,1
7356,53464220,-0.001798179,-0.0012525022,0.0009316951,5004,0,-0.11311133,0.2136082,-10.266291,5004,0,0,1,1
7357,53469223,-0.0020643026,-0.0027439743,0.0004919623,5003,0,-0.1447187,0.20187399,-10.286406,5003,0,0,1,1
7358,53477229,-0.0030590892,-0.0031649917,0.0009117087,8006,0,-0.10999857,0.21124426,-10.299812,8006,0,0,1,1
7359,53482232,-0.003012251,-0.00396052,-0.00050620176,5003,0,-0.1268804,0.21863583,-10.2493725,5003,0,0,1,1
7360,53487235,-0.0028318986,-0.0027396232,0.0020875644,5003,0,-0.14441746,0.22153679,-10.285683,5003,0,0,1,1
7361,53495241,-0.0034353584,-0.0034503487,0.0008742104,8006,0,-0.13716944,0.19711871,-10.268515,8006,0,0,1,1
7362,53500244,-0.0017845148,-0.0020913333,6.644521e-05,5003,0,-0.12220637,0.20187517,-10.264858,5003,0,0,1,1
7363,53505248,-0.0056799017,-0.0030102879,0.00037882058,5004,0,-0.10185299,0.1994865,-10.281374,5004,0,0,1,1
7364,53513253,-0.0042408668,-0.0019291192,0.0005832025,8005,0,-0.12122484,0.22321309,-10.284245,8005,0,0,1,1
7365,53521258,-0.0040329504,-0.002582386,0.0012823049,8005,0,-0.13334285,0.2081003,-10.30594,8005,0,0,1,1
7366,53531265,-0.0037687495,-0.0022379905,0.00026576314,5003,0,-0.12460034,0.19468829,-10.257906,5003,0,0,1,1
7367,53539270,-0.0038547441,-0.0021264702,0.0012717276,8005,0,-0.1322567,0.21515076,-10.322818,8005,0,0,1,1
7368,53544274,-0.0037357958,-0.0031166524,0.0012979351,5004,0,-0.099226244,0.21839471,-10.289753,5004,0,0,1,1
7369,53549277,-0.0027167872,-0.0035293847,0.0012251656,5003,0,-0.13872747,0.19373643,-10.288311,5003,0,0,1,1
7370,53557283,-0.0028389767,-0.0038265884,0.00089924294,8006,0,-0.12840635,0.19448183,-10.291725,8006,0,0,1,1
7371,53562286,-0.0020177178,-0.0018515288,0.0004591071,5003,0,-0.1083202,0.155902,-10.24474,5003,0,0,1,1
7372,53567164,-0.0027003062,-0.0030208824,0.0014077286,4878,0,-0.13136221,0.19128044,-10.2487335,4878,0,0,1,1
7373,53575170,-0.0019895136,-0.0031979084,0.0013322143,8006,0,-0.118076526,0.19089231,-10.255066,8006,0,0,1,1
7374,53580299,-0.0029230714,-0.0026032478,0.00060768286,5129,0,-0.11524902,0.20204681,-10.290426,5129,0,0,1,1
7375,53585302,-0.0023150817,-0.0039812773,0.002141847,5003,0,-0.14425188,0.23027353,-10.254505,5003,0,0,1,1
7376,53593307,-0.0046734884,-0.0027861295,0.0022185692,8005,0,-0.09727983,0.213636,-10.306836,8005,0,0,1,1
7377,53601313,-0.003456138,-0.0026286542,0.00012930343,8006,0,-0.11729392,0.21457341,-10.296605,8006,0,0,1,1
7378,53611319,-0.0021614395,-0.0030640664,-0.0014897641,5003,0,-0.10841997,0.20906594,-10.322319,5003,0,0,1,1
7379,53619200,-0.00404492,-0.0028340966,0.0007193428,7881,0,-0.10076975,0.19793601,-10.283751,7881,0,0,1,1
7380,53629332,-0.0022310503,-0.002843514,-0.00023355428,5004,0,-0.10065995,0.19086134,-10.319433,5004,0,0,1,1
7381,53637337,-0.0043660104,-0.0025657413,0.0010698873,8005,0,-0.13992563,0.19463432,-10.298461,8005,0,0,1,1
7382,53642340,-0.0018582903,-0.0018982441,0.00043271578,5003,0,-0.11598278,0.20067284,-10.284481,5003,0,0,1,1
7383,53647344,-0.0030566864,-0.003010109,-9.33907e-05,5004,0,-0.10928271,0.21312901,-10.272041,5004,0,0,1,1
7384,53655349,-0.002854906,-0.0030858365,0.0017772064,8005,0,-0.12855668,0.18041612,-10.289329,8005,0,0,1,1
7385,53660353,-0.0030788407,-0.0029901117,0.0011215014,5004,0,-0.13765356,0.1998968,-10.288265,5004,0,0,1,1
7386,53665356,-0.0031230524,-0.004395008,0.0012712206,5003,0,-0.13681278,0.17409542,-10.29501,5003,0,0,1,1
7387,53673361,-0.0038249453,-0.0032729802,-0.00020777386,8005,0,-0.11463682,0.210943,-10.304447,8005,0,0,1,1
7388,53681367,-0.0016359538,-0.0031817704,0.002568142,8006,0,-0.11104719,0.2051062,-10.2519245,8006,0,0,1,1
7389,53691373,-0.0027492642,-0.0016399174,0.001186332,5003,0,-0.1261896,0.2011253,-10.287746,5003,0,0,1,1
7390,53699379,-0.0019068421,-0.0037058145,0.0008534719,8006,0,-0.1110463,0.18207015,-10.288582,8006,0,0,1,1
7391,53709386,-0.0046208613,-0.0033096673,0.000765459,5004,0,-0.09491511,0.21743417,-10.303398,5004,0,0,1,1
7392,53717391,-0.003766775,-0.0032149402,0.0018188636,8005,0,-0.11194174,0.19358481,-10.266434,8005,0,0,1,1
7393,53727273,-0.0037776423,-0.001819864,0.0009894529,4879,0,-0.08875908,0.22317478,-10.258952,4879,0,0,1,1
7394,53735403,-0.0026019812,-0.0022915155,-6.272271e-05,8130,0,-0.118158594,0.21835563,-10.280672,8130,0,0,1,1
7395,53743409,-0.0028302893,-0.0030235052,0.00062530837,8006,0,-0.10461206,0.25044847,-10.292473,8006,0,0,1,1
7396,53748412,-0.0033161307,-0.0029366612,0.0026494013,5003,0,-0.14495248,0.23730893,-10.258148,5003,0,0,1,1
7397,53753415,-0.0015986189,-0.003795609,0.0010714873,5003,0,-0.102815636,0.19636583,-10.312496,5003,0,0,1,1
7398,53761421,-0.002696991,-0.0032565445,0.0008160372,8006,0,-0.09713071,0.19373539,-10.276613,8006,0,0,1,1
7399,53771428,-0.0025174543,-0.0025639087,0.0019834863,5004,0,-0.12005662,0.2114518,-10.259588,5004,0,0,1,1
7400,53779433,-0.0021515412,-0.003801271,0.0013403996,8005,0,-0.10790405,0.18954603,-10.2848425,8005,0,0,1,1
7401,53789440,-0.0027370863,-0.0032432526,0.0018036233,5004,0,-0.101143666,0.21815497,-10.27874,5004,0,0,1,1
7402,53797445,-0.0025680994,-0.0040803403,0.0015565323,8005,0,-0.112543054,0.21632929,-10.282305,8005,0,0,1,1
7403,53807452,-0.0035760629,-0.0043947995,0.0011712092,5004,0,-0.0932386,0.20785666,-10.310585,5004,0,0,1,1
7404,53815457,-0.0024269372,-0.0032857803,0.00087406486,8005,0,-0.13199545,0.17473179,-10.280959,8005,0,0,1,1
7405,53823463,-0.003566403,-0.0027685463,0.0015449428,8006,0,-0.11402111,0.2200881,-10.2857,8006,0,0,1,1
7406,53828466,-0.0045345053,-0.003223151,0.0014645385,5003,0,-0.14519224,0.17482331,-10.311296,5003,0,0,1,1
7407,53833470,-0.0027037263,-0.0031699687,0.0011576985,5004,0,-0.13968535,0.18894371,-10.269642,5004,0,0,1,1
7408,53841475,-0.0022014678,-0.002345055,0.0015943347,8005,0,-0.11613406,0.20585953,-10.277508,8005,0,0,1,1
7409,53846478,-0.0038089454,-0.0032564553,0.0008784225,5003,0,-0.08318155,0.17625538,-10.275623,5003,0,0,1,1
7410,53851482,-0.0025108978,-0.0031965969,0.0020902364,5004,0,-0.10856311,0.21264578,-10.267006,5004,0,0,1,1
7411,53859364,-0.005566016,-0.003797114,0.0002842117,7882,0,-0.113902435,0.22502926,-10.281467,7882,0,0,1,1
7412,53869494,-0.0018580556,-0.0033293962,-0.00068589207,5004,0,-0.08605838,0.2353943,-10.253605,5004,0,0,1,1
7413,53877499,-0.0030590852,-0.0032690463,0.00048728424,8005,0,-0.10880011,0.21258976,-10.277512,8005,0,0,1,1
7414,53885505,-0.0036499985,-0.0037308186,0.0014200194,8006,0,-0.12451272,0.21348546,-10.290979,8006,0,0,1,1
7415,53890383,-0.0031614266,-0.003068775,-0.00010642363,4878,0,-0.117211014,0.1855396,-10.255331,4878,0,0,1,1
7416,53895512,-0.004696697,-0.00336273,0.001668589,5129,0,-0.12244237,0.19110973,-10.271137,5129,0,0,1,1
7417,53903517,-0.0030871031,-0.0033742038,0.0008767428,8005,0,-0.12262083,0.21677585,-10.269715,8005,0,0,1,1
7418,53908520,-0.002577424,-0.003915474,0.0010386528,5003,0,-0.1375306,0.16835347,-10.304836,5003,0,0,1,1
7419,53913524,-0.0029234702,-0.004328355,-0.00031974167,5004,0,-0.11933726,0.18128791,-10.2708435,5004,0,0,1,1
7420,53921529,-0.0037210917,-0.0018292366,-0.00013260264,8005,0,-0.12571296,0.21004511,-10.2782545,8005,0,0,1,1
7421,53926533,-0.0025437176,-0.003203228,0.00032612216,5004,0,-0.13824782,0.19972575,-10.266529,5004,0,0,1,1
7422,53931536,-0.003163107,-0.002191186,0.00047219006,5003,0,-0.14351347,0.19445449,-10.319443,5003,0,0,1,1
7423,53939541,-0.0032003557,-0.0034767983,0.001307303,8005,0,-0.11164325,0.198222,-10.263448,8005,0,0,1,1
7424,53944545,-0.0046544336,-0.00396879,-0.00039320765,5004,0,-0.12962984,0.19493636,-10.32111,5004,0,0,1,1
7425,53949548,-0.0018845982,-0.0031365308,0.00035903836,5003,0,-0.09779084,0.20786163,-10.285204,5003,0,0,1,1
7426,53957553,-0.002780046,-0.0034188924,-0.00010768882,8005,0,-0.12331547,0.21692534,-10.300254,8005,0,0,1,1
7427,53965559,-0.0038370974,-0.0037766695,0.00076187006,8006,0,-0.12421486,0.21992373,-10.253867,8006,0,0,1,1
7428,53975566,-0.003376447,-0.004401654,0.0008520605,5004,0,-0.12005279,0.2104958,-10.289993,5004,0,0,1,1
7429,53983571,-0.003907695,-0.0034852622,0.0008945716,8005,0,-0.118978836,0.22904858,-10.285295,8005,0,0,1,1
7430,53988574,-0.0039685033,-0.003922075,0.0009247751,5003,0,-0.11335194,0.22150637,-10.284246,5003,0,0,1,1
7431,53993578,-0.0029436648,-0.00275065,0.00083889975,5004,0,-0.11861885,0.20522873,-10.276344,5004,0,0,1,1
7432,54001583,-0.0040533463,-0.0031106023,0.0006579109,8005,0,-0.12421811,0.18610072,-10.31373,8005,0,0,1,1
7433,54006587,-0.0008129478,-0.0039755106,0.0016640513,5004,0,-0.13489717,0.21360603,-10.219597,5004,0,0,1,1
7434,54011590,-0.003715735,-0.0033896267,0.0013246371,5003,0,-0.122924685,0.21384814,-10.234209,5003,0,0,1,1
7435,54019595,-0.0036455353,-0.0025656966,0.0014194533,8005,0,-0.12690544,0.21527873,-10.303249,8005,0,0,1,1
7436,54027601,-0.0022053048,-0.0034964085,0.000703,8006,0,-0.108822405,0.21647781,-10.271828,8006,0,0,1,1
7437,54037608,-0.0049203634,-0.0028502345,0.00069202576,5004,0,-0.10425293,0.17099054,-10.317526,5004,0,0,1,1
7438,54045613,-0.0024891791,-0.0029819456,0.0019814335,8005,0,-0.107305124,0.21603455,-10.28993,8005,0,0,1,1
7439,54055620,-0.0026839152,-0.0014855117,0.0017840094,5004,0,-0.12987074,0.20689853,-10.274433,5004,0,0,1,1
7440,54063625,-0.0037162972,-0.0035434214,0.0003828667,8005,0,-0.12361441,0.21124403,-10.282752,8005,0,0,1,1
7441,54073632,-0.0046015605,-0.0027575195,0.0010582763,5003,0,-0.086528316,0.19085097,-10.289984,5003,0,0,1,1
7442,54081637,-0.00342077,-0.0014627575,0.0030217848,8005,0,-0.12211731,0.2134872,-10.257911,8005,0,0,1,1
7443,54086641,-0.0030966813,-0.0003736019,0.0058186287,5004,0,-0.15764305,0.19612846,-10.25169,5004,0,0,1,1
7444,54091644,-0.0011182763,0.0005387813,0.01097191,5003,0,-0.1087954,0.21815579,-10.314646,5003,0,0,1,1
7445,54099650,0.008423469,0.0022054315,0.05278711,8006,0,-0.042667247,0.063234806,-10.246246,8006,0,0,1,1
7446,54104653,0.008018266,0.007769898,0.11421817,5003,0,-0.13561496,-0.22812833,-10.258867,5003,0,0,1,1
7447,54109656,-0.0049316734,0.0037605613,0.15347771,5003,0,0.05470374,-0.20274699,-10.410187,5003,0,0,1,1
7448,54117662,-0.009960949,-0.011159256,0.20143141,8006,0,0.16622955,-0.059011515,-10.277809,8006,0,0,1,1
7449,54125667,-0.0038641542,-0.0011572689,0.27769735,8005,0,-0.20313793,-0.11682408,-10.182168,8005,0,0,1,1
7450,54135674,-0.012383409,-0.010776922,0.33328545,5128,0,0.24811304,0.030470788,-10.236841,5128,0,0,1,1
7451,54143679,-0.007242627,-0.015727809,0.33951077,8005,0,-0.13078551,0.18969025,-10.336934,8005,0,0,1,1
7452,54153686,0.011079449,0.002956599,0.35175592,5003,0,-0.04725034,0.42670763,-10.241619,5003,0,0,1,1
7453,54161692,0.008070219,-0.0035019815,0.3225646,8006,0,-0.07963085,0.22306064,-10.322414,8006,0,0,1,1
7454,54171698,-0.025207989,-0.013235301,0.2549369,5003,0,0.01162415,0.4166348,-10.25194,5003,0,0,1,1
7455,54179704,-0.0045744367,-0.007715509,0.23619525,8006,0,-0.2667582,0.45718986,-10.296133,8006,0,0,1,1
7456,54184707,-0.0003148988,-0.0001924336,0.19847788,5003,0,-0.20911905,0.40670794,-10.238657,5003,0,0,1,1
7457,54189586,0.0020978935,-0.0009145588,0.16172275,4879,0,-0.08669243,0.48049822,-10.326571,4879,0,0,1,1
7458,54197716,-0.0056037493,-0.004706979,0.11200907,8130,0,-0.20722613,0.37852994,-10.300926,8130,0,0,1,1
7459,54205721,-0.009302795,-0.0051165815,0.047435343,8005,0,-0.21079803,0.46270266,-10.287539,8005,0,0,1,1
7460,54210725,-0.0032507293,-0.0054807663,0.0028429027,5004,0,-0.16170993,0.45495605,-10.254083,5004,0,0,1,1
7461,54215728,0.009108592,0.0024352074,-0.0021977872,5003,0,-0.27160257,0.3373869,-10.235146,5003,0,0,1,1
7462,54223609,0.012818687,0.01121059,0.002501336,7881,0,-0.16380993,0.17405394,-10.2862625,7881,0,0,1,1
7463,54233740,-0.005414907,-0.007109806,-0.00013263291,5128,0,-0.08908307,0.041398108,-10.270979,5128,0,0,1,1
7464,54241746,-0.013712145,-0.008191764,-0.0011436525,8006,0,-0.14007233,0.1878857,-10.26852,8006,0,0,1,1
7465,54251753,0.0012378506,-0.0036226066,-0.0019778763,5004,0,-0.2524516,0.26579762,-10.277779,5004,0,0,1,1
7466,54259633,0.0026758278,0.0018260927,8.89767e-05,7880,0,-0.14745189,0.22327377,-10.256883,7880,0,0,1,1
7467,54269640,-0.004463408,-0.0040128976,-0.0039378763,4879,0,-0.15106353,0.0736348,-10.2754965,4879,0,0,1,1
7468,54277645,-0.004974488,-0.0043669636,-0.0028085986,8005,0,-0.09592915,0.19314909,-10.300954,8005,0,0,1,1
7469,54282774,-0.0035233572,-0.0044086725,-0.0016220204,5129,0,-0.11359119,0.27570012,-10.301439,5129,0,0,1,1
7470,54287777,-0.00020725653,-0.0016917437,-0.0024038097,5003,0,-0.15309292,0.22030285,-10.223911,5003,0,0,1,1
7471,54295783,0.00018672645,-0.00095131993,-0.00282843,8006,0,-0.06944203,0.2055548,-10.327936,8006,0,0,1,1
7472,54303788,-0.0027184,-0.003575146,-0.0084421225,8005,0,-0.09292482,0.16927789,-10.246709,8005,0,0,1,1
7473,54308791,-0.001358971,-0.0025643557,-0.014881106,5003,0,-0.09994049,0.20140213,-10.232292,5003,0,0,1,1
7474,54313795,-0.0008662529,-0.0029705912,-0.025273982,5004,0,-0.03410051,0.23133026,-10.32566,5004,0,0,1,1
7475,54321800,0.00091404835,-0.0009885876,-0.03944717,8005,0,-0.03548237,0.20570387,-10.2757225,8005,0,0,1,1
7476,54331807,-0.006620139,-0.005674705,-0.04354409,5004,0,-0.122602254,0.14861837,-10.299593,5004,0,0,1,1
7477,54339687,-0.007455961,-0.0044500534,-0.0410412,7880,0,-0.13414888,0.19959106,-10.293973,7880,0,0,1,1
7478,54349819,-5.9366226e-05,-0.0035445543,-0.0669548,5004,0,-0.022867525,0.21166351,-10.270054,5004,0,0,1,1
7479,54357825,-0.0057682768,-0.004333332,-0.06543965,8006,0,-0.18781565,0.16574693,-10.270184,8006,0,0,1,1
7480,54367706,-0.011237598,-0.0075377966,-0.012470514,4878,0,-0.2854253,0.22418009,-10.235043,4878,0,0,1,1
7481,54375837,-0.0028469935,-0.0005489737,-0.005349149,8131,0,-0.17950228,0.33799714,-10.295073,8131,0,0,1,1
7482,54383842,0.008575792,0.0017419605,-0.007702031,8005,0,-0.13640851,0.23837869,-10.279137,8005,0,0,1,1
7483,54388845,0.00096561754,0.0024828017,-0.007822622,5003,0,-0.0970773,0.10467622,-10.299076,5003,0,0,1,1
7484,54393849,-0.0053735487,-0.003276214,-0.0071308315,5004,0,0.0070745945,0.12310317,-10.320641,5004,0,0,1,1
7485,54401854,-0.010346755,-0.005533322,-0.017376686,8005,0,-0.050296806,0.14973997,-10.2878275,8005,0,0,1,1
7486,54411861,0.0006039515,0.0025361031,-0.067970455,5128,0,0.037918404,0.21165788,-10.241096,5128,0,0,1,1
7487,54419866,0.0031818075,0.0019437819,-0.11267856,8005,0,0.11445374,0.13283668,-10.279149,8005,0,0,1,1
7488,54429873,-0.0054421686,-0.006146774,-0.19495855,5003,0,0.19334802,0.06565097,-10.261507,5003,0,0,1,1
7489,54437878,-0.008060454,-0.005247637,-0.2403234,8005,0,0.095156714,0.11053192,-10.311487,8005,0,0,1,1
7490,54447760,-0.0017510056,-0.0034122465,-0.31398758,4878,0,0.12249161,0.24204117,-10.283635,4878,0,0,1,1
7491,54455766,-0.014104672,-0.008677632,-0.31623867,8006,0,-0.14769214,0.1925543,-10.362058,8006,0,0,1,1
7492,54463896,-0.01718653,-0.012822448,-0.3030937,8130,0,-0.1124424,0.13741277,-10.27142,8130,0,0,1,1
7493,54468900,-0.010946669,-0.005977601,-0.30389002,5004,0,-0.1490356,0.253568,-10.229431,5004,0,0,1,1
7494,54473903,-0.0002318546,-0.0018263905,-0.30668038,5003,0,-0.21597598,0.31426415,-10.359318,5003,0,0,1,1
7495,54481908,0.001779016,0.0006258487,-0.2886791,8005,0,-0.23913935,0.24894848,-10.2432375,8005,0,0,1,1
7496,54486913,-0.0018360801,-0.0019700825,-0.25560978,5005,0,-0.30272168,0.24377243,-10.300526,5005,0,0,1,1
7497,54491915,-0.013275422,-0.008239924,-0.19850323,5002,0,-0.35853595,0.17862839,-10.338852,5002,0,0,1,1
7498,54499921,-0.018430926,-0.008351684,-0.13608184,8006,0,-0.39714503,0.2603155,-10.2412815,8006,0,0,1,1
7499,54509927,-0.001996521,-0.001738429,-0.034237552,5003,0,-0.5390315,0.39054334,-10.20332,5003,0,0,1,1
7500,54517808,0.0077093393,0.0088688135,-0.0021976396,7881,0,-0.335184,0.31562504,-10.275919,7881,0,0,1,1
7501,54525813,0.012198739,0.0029176027,-0.0032464005,8005,0,0.022150889,0.19233014,-10.273245,8005,0,0,1,1
7502,54535945,-0.0077437167,-0.004015103,-0.0051601483,5004,0,-0.09540648,0.11734707,-10.267485,5004,0,0,1,1
7503,54543950,-0.00832764,-0.0062405164,-0.009112929,8005,0,-0.07991312,0.29070106,-10.278711,8005,0,0,1,1
7504,54548954,-0.0010330565,0.0007777214,-0.020180855,5004,0,-0.1820628,0.28303692,-10.267006,5004,0,0,1,1
7505,54553957,0.0041187145,0.0017699748,-0.026108744,5003,0,-0.12930116,0.2693017,-10.291962,5003,0,0,1,1
7506,54561963,0.0015749633,0.0016031861,-0.031084275,8006,0,-0.051489256,0.15647095,-10.286939,8006,0,0,1,1
7507,54566966,-0.008266568,-0.0027614832,-0.04309544,5003,0,0.018743806,0.11502996,-10.365616,5003,0,0,1,1
7508,54571969,-0.019442737,-0.0058516413,-0.02363199,5003,0,-0.21127017,0.10995826,-10.375135,5003,0,0,1,1
7509,54579975,0.014324084,0.0021727232,-0.025351947,8006,0,-0.14022948,0.272006,-10.181545,8006,0,0,1,1
7510,54587980,0.011006575,0.0045700516,-0.044110868,8005,0,-0.056725115,0.348134,-10.25771,8005,0,0,1,1
7511,54597987,0.019078016,-0.013731912,-0.05879297,5003,0,1.1806475,0.06166935,-9.765589,5003,0,0,1,1
7512,54605992,-0.029191226,-0.0023555157,-0.07573469,8005,0,0.7439498,-0.32954004,-10.458302,8005,0,0,1,1
7513,54615999,-0.0037784986,-0.02292718,-0.15779509,5003,0,0.14193158,-0.14228708,-10.412537,5003,0,0,1,1
7514,54624005,0.051890716,0.031203745,-0.10889014,8006,0,0.11398939,0.018461643,-10.247967,8006,0,0,1,1
7515,54629008,-0.010256171,-0.0045009702,-0.012348771,5003,0,0.18112671,-0.157992,-10.306116,5003,0,0,1,1
7516,54634011,-0.028076937,-0.018882789,0.057918347,5003,0,0.21418062,-0.15030819,-10.067429,5003,0,0,1,1
7517,54642017,0.010131542,0.016864732,0.11782454,8006,0,-0.24123183,0.17676309,-10.593474,8006,0,0,1,1
7518,54647020,0.013122696,-0.027317954,0.1584219,5003,0,-0.13032097,0.11281091,-9.601908,5003,0,0,1,1
7519,54652024,-0.02668833,0.0042289793,0.17789093,5004,0,-0.45690563,0.10386723,-10.720316,5004,0,0,1,1
7520,54660029,-0.011018134,-0.0005969852,0.15819946,8005,0,-0.30243957,0.29608944,-10.308522,8005,0,0,1,1
7521,54668034,-0.021108523,-0.027179977,0.119549796,8005,0,-0.11413331,0.24111576,-10.33379,8005,0,0,1,1
7522,54677916,0.0007121637,-0.0057619805,0.098321296,4878,0,-0.44360012,0.4134467,-10.668815,4878,0,0,1,1
7523,54686046,-0.03821218,-0.022324026,0.08690449,8130,0,-0.26189727,0.3537556,-10.214329,8130,0,0,1,1
7524,54696054,0.04035461,0.0010590404,0.06160734,5004,0,-0.35397,0.51786995,-10.536221,5004,0,0,1,1
7525,54704059,0.022536373,0.008191003,0.08218729,8005,0,-0.6998906,0.6446021,-10.285137,8005,0,0,1,1
7526,54714065,-0.012159735,-0.00045894086,0.10291538,5003,0,-0.75548995,0.39603022,-10.123116,5003,0,0,1,1
7527,54722071,0.012439269,0.010520458,0.094596,8006,0,-0.52943283,0.5977474,-10.263599,8006,0,0,1,1
7528,54727074,0.012625162,0.009827092,0.06673479,5003,0,-0.39204457,0.45930856,-10.22315,5003,0,0,1,1
7529,54732078,-0.0049478486,-0.0021520704,0.038090557,5004,0,-0.25316688,0.30818275,-10.425488,5004,0,0,1,1
7530,54740083,-0.006190128,-0.0063783526,0.010570554,8005,0,-0.18407257,0.2724466,-10.277969,8005,0,0,1,1
7531,54748088,0.008209257,0.001637116,0.0051578367,8005,0,-0.19259791,0.37957555,-10.349933,8005,0,0,1,1
7532,54753092,0.0032619722,0.0009971857,-0.004447422,5004,0,-0.078403056,0.08029461,-9.859564,5004,0,0,1,1
7533,54758095,-0.011099249,-0.006692171,0.001439786,5003,0,-0.0750294,0.121894084,-10.663036,5003,0,0,1,1
7534,54766101,-0.008980818,-0.0046463753,-0.0008195066,8006,0,-0.11957927,0.2423738,-10.250423,8006,0,0,1,1
7535,54776107,-0.0036426634,-0.0019116253,-0.0007922193,5003,0,-0.15572807,0.16955346,-10.333097,5003,0,0,1,1
7536,54784113,-0.00095366314,-0.0050540417,-0.0010551228,8006,0,-0.060023274,0.16740817,-10.237705,8006,0,0,1,1
7537,54794120,-0.004869927,-0.00029961765,0.00011332147,5004,0,-0.15991908,0.23129538,-10.285553,5004,0,0,1,1
7538,54802125,0.00061552593,-0.0014006941,-2.0531004e-05,8005,0,-0.08425933,0.25329018,-10.255963,8005,0,0,1,1
7539,54812007,-0.0047831275,-0.0011867435,0.00039855068,4879,0,-0.1573263,0.13664488,-10.330189,4879,0,0,1,1
7540,54820012,-0.0046576895,-0.004958376,0.00045147561,8005,0,-0.09389056,0.2165008,-10.279287,8005,0,0,1,1
7541,54828143,-0.006020494,-0.0032931715,0.0023186116,8131,0,-0.16020378,0.19073421,-10.255297,8131,0,0,1,1
7542,54833146,-0.0042530596,-0.0021012276,0.00086393603,5003,0,-0.08426165,0.2213571,-10.283463,5003,0,0,1,1
7543,54838149,-0.0038063524,-0.0036042484,0.0004720986,5003,0,-0.1166073,0.22058286,-10.24103,5003,0,0,1,1
7544,54846155,-0.0017634593,-0.0026891083,0.0017020935,8006,0,-0.12539849,0.2102849,-10.287458,8006,0,0,1,1
7545,54851158,-0.0033829364,-0.004015535,0.0014640444,5003,0,-0.053492825,0.22869548,-10.273472,5003,0,0,1,1
7546,54856162,-0.0019382425,-0.0026906133,0.00032605464,5004,0,-0.12220657,0.17314288,-10.2885475,5004,0,0,1,1
7547,54864167,-0.004011161,-0.0031413436,4.5448072e-05,8005,0,-0.09392002,0.18387583,-10.294896,8005,0,0,1,1
7548,54874174,-0.007064581,-0.0043616295,-0.0007195822,5003,0,-0.10472818,0.20786619,-10.315598,5003,0,0,1,1
7549,54882179,-0.003112774,-0.004353374,0.0015242632,8005,0,-0.09582537,0.23381962,-10.26861,8005,0,0,1,1
7550,54892186,-0.002237752,-0.001352042,0.0023369242,5003,0,-0.110716306,0.20641978,-10.257904,5003,0,0,1,1
7551,54900192,-0.003575176,-0.002965048,0.0013863634,8006,0,-0.11433825,0.20615575,-10.237562,8006,0,0,1,1
7552,54910198,-0.002650436,-0.0023710132,-0.0005732607,5003,0,-0.12053239,0.19995761,-10.250484,5003,0,0,1,1
7553,54918204,-0.004819605,-0.0042470545,0.0006242427,8006,0,-0.112541996,0.19014278,-10.304295,8006,0,0,1,1
7554,54926084,-0.005604342,-0.0035905542,0.00019988,7880,0,-0.11969054,0.20950286,-10.305634,7880,0,0,1,1
7555,54931212,-0.0038610175,-0.0043084617,-0.0011361259,5128,0,-0.1163624,0.21794102,-10.313971,5128,0,0,1,1
7556,54936216,-0.0050538145,-0.0043950826,0.0008780917,5004,0,-0.13058819,0.20547056,-10.245699,5004,0,0,1,1
7557,54944221,-0.0022139996,-0.0024697182,-9.5106654e-05,8005,0,-0.13184606,0.21752803,-10.289479,8005,0,0,1,1
7558,54949225,-0.0029142275,-0.0038465858,0.00028704666,5004,0,-0.11062742,0.2001071,-10.267939,5004,0,0,1,1
7559,54954228,-0.0046549067,-0.005739957,-0.0011388543,5003,0,-0.0963511,0.17865196,-10.312738,5003,0,0,1,1
7560,54962234,-0.005380992,-0.0049001724,-0.0017642789,8006,0,-0.12765813,0.20211537,-10.269727,8006,0,0,1,1
7561,54972240,-0.0011656508,-0.0016253738,0.0016925486,5003,0,-0.01568354,0.17552343,-10.309233,5003,0,0,1,1
7562,54980246,-0.0070247054,-0.00700137,0.0010788552,8006,0,0.020039402,0.10814327,-10.309834,8006,0,0,1,1
7563,54990253,-0.010753363,-0.012610629,0.010652544,5004,0,-0.06642104,0.18823344,-10.307951,5004,0,0,1,1
7564,54998134,-0.0055552833,-0.0046819597,0.0255242,7881,0,-0.015451751,0.114687435,-10.256948,7881,0,0,1,1
7565,55006263,0.00061100343,-0.002582818,0.053696513,8129,0,0.021684578,0.11389544,-10.280319,8129,0,0,1,1
7566,55011267,-0.0038817227,-0.00604631,0.06890944,5004,0,-0.03721958,0.105143525,-10.318476,5004,0,0,1,1
7567,55016270,-0.0067046364,-0.0021717995,0.0771085,5003,0,-0.03152963,0.06540477,-10.208925,5003,0,0,1,1
7568,55024151,0.00091073656,-0.00047327575,0.09725721,7881,0,0.0400929,0.10114643,-10.266081,7881,0,0,1,1
7569,55029279,0.0050943233,0.0017153024,0.10405156,5128,0,0.09404186,0.082317084,-10.314778,5128,0,0,1,1
7570,55034282,0.0048040263,0.0003181249,0.07305281,5003,0,0.1696398,0.06252959,-10.324718,5003,0,0,1,1
7571,55042288,-0.0016226843,-0.0023507178,-0.00057680387,8006,0,0.17426205,0.19189313,-10.316,8006,0,0,1,1
7572,55047166,0.0054528075,0.0040124357,-0.08262955,4878,0,0.23455329,0.22126786,-10.173874,4878,0,0,1,1
7573,55052170,0.009896986,0.0029880106,-0.14992276,5004,0,0.1813913,0.20211133,-10.399403,5004,0,0,1,1
7574,55060300,0.0052417517,0.003085062,-0.23553555,8130,0,0.3565679,-0.020011961,-10.263021,8130,0,0,1,1
7575,55070307,-0.013752491,-0.011935204,-0.4081944,5004,0,0.37746274,0.014875829,-10.373993,5004,0,0,1,1
7576,55078312,-0.012205735,-0.0028774142,-0.49937525,8005,0,0.32230172,-0.014557241,-10.17608,8005,0,0,1,1
7577,55088320,-0.013803624,-0.009815186,-0.630488,5004,0,0.27859738,-0.011167109,-10.310106,5004,0,0,1,1
7578,55096324,-0.013526344,-0.0023628178,-0.66589403,8004,0,0.18091172,0.15140815,-10.325563,8004,0,0,1,1
7579,55104330,-0.014946535,-0.0041796565,-0.6440793,8006,0,0.0020553544,0.14592662,-10.235195,8006,0,0,1,1
7580,55109333,-0.008534424,-0.0049957633,-0.5951769,5003,0,-0.19953841,0.17912883,-10.204479,5003,0,0,1,1
7581,55114337,0.007303007,0.006794542,-0.52965266,5004,0,-0.31662732,0.21219224,-10.296986,5004,0,0,1,1
7582,55122342,-0.0111665195,0.0006756186,-0.40622824,8005,0,-0.34940886,0.13477056,-10.252948,8005,0,0,1,1
7583,55127345,-0.012240141,-0.010302484,-0.2799671,5003,0,-0.5540863,0.4414863,-10.575333,5003,0,0,1,1
7584,55132349,-0.046812586,-0.022648469,-0.17994453,5004,0,-0.5060092,0.25007218,-10.220659,5004,0,0,1,1
7585,55140354,0.0017962455,-0.0030343083,-0.14450116,8005,0,-0.31107906,0.37153354,-10.268481,8005,0,0,1,1
7586,55150361,-0.0012445934,0.0029030144,-0.14650938,5003,0,-0.16534197,0.24809338,-10.548151,5003,0,0,1,1
7587,55158242,-0.022616176,-0.016533686,-0.18070732,7881,0,-0.22269115,0.3091002,-10.353017,7881,0,0,1,1
7588,55166372,-0.011056088,-0.0080385655,-0.23902048,8130,0,-0.26901862,0.28338164,-10.214577,8130,0,0,1,1
7589,55176379,0.0055312407,0.010774732,-0.28371176,5004,0,-0.39034715,0.40920883,-10.392952,5004,0,0,1,1
7590,55184259,-0.0017627404,-0.0009815544,-0.25464648,7880,0,-0.25927615,0.27014378,-10.200902,7880,0,0,1,1
7591,55189388,-0.0165826,-0.007096231,-0.22313401,5129,0,-0.40476486,0.32694483,-10.586214,5129,0,0,1,1
7592,55194391,-0.0145904785,-0.022407323,-0.20119652,5003,0,-0.30751032,0.3429364,-10.053688,5003,0,0,1,1
7593,55202396,-0.0029401926,-0.0036530045,-0.17113057,8005,0,-0.33520213,0.29967293,-10.274661,8005,0,0,1,1
7594,55207400,0.0011881329,0.0028027743,-0.1479374,5004,0,-0.3494459,0.2482222,-10.300016,5004,0,0,1,1
7595,55212403,0.0015647411,-0.003542319,-0.13206494,5003,0,-0.44519702,0.33331174,-10.276108,5003,0,0,1,1
7596,55220409,-0.0018245056,0.0002642423,-0.09706694,8006,0,-0.33176953,0.35969132,-10.2450695,8006,0,0,1,1
7597,55225412,-0.020846024,-0.010206267,-0.05964742,5003,0,-0.4214907,0.2135957,-10.440578,5003,0,0,1,1
7598,55230290,-0.0023851206,-0.0046261097,-0.051509906,4878,0,-0.31352893,0.2545592,-10.1250725,4878,0,0,1,1
7599,55238421,-0.006008856,-0.0010718703,-0.042857435,8131,0,-0.37741557,0.3053813,-10.292343,8131,0,0,1,1
7600,55246426,-0.002464581,0.0012244582,-0.046431553,8005,0,-0.33281067,0.27693725,-10.2770605,8005,0,0,1,1
7601,55256433,0.0022561625,0.0014372617,-0.059501655,5003,0,-0.050377212,0.19036981,-10.301968,5003,0,0,1,1
7602,55264313,0.0010747649,3.3378603e-06,-0.07288418,7880,0,0.03741348,0.14760007,-10.312863,7880,0,0,1,1
7603,55274445,0.0012831204,-0.0025572628,-0.12519628,5003,0,0.13253562,0.07688883,-10.306753,5003,0,0,1,1
7604,55282451,-0.0023265705,-0.0024094135,-0.15775543,8006,0,0.10532768,0.03692174,-10.248333,8006,0,0,1,1
7605,55287454,-0.0055937134,-0.007444188,-0.17806625,5003,0,0.08345236,0.14608833,-10.271078,5003,0,0,1,1
7606,55292457,-0.0069839587,-0.00884214,-0.18316624,5003,0,0.0068491404,0.21169055,-10.2885475,5003,0,0,1,1
7607,55300463,-0.009565912,-0.008545324,-0.16217817,8006,0,-0.11284433,0.2116952,-10.23457,8006,0,0,1,1
7608,55305466,-0.00427318,-0.008382842,-0.13347137,5003,0,-0.122933775,0.2325287,-10.272026,5003,0,0,1,1
7609,55310470,-0.0067712287,-0.013001696,-0.093567334,5004,0,-0.40209806,0.35461062,-10.400156,5004,0,0,1,1
7610,55318475,-0.015049457,-0.0070068683,-0.031362545,8005,0,-0.52089965,0.30476534,-10.2785425,8005,0,0,1,1
7611,55323478,-0.002816625,0.0052595288,0.013613338,5003,0,-0.43226838,0.3455299,-10.329756,5003,0,0,1,1
7612,55328482,0.0017909332,-0.0008663237,0.028303193,5004,0,-0.2857295,0.33977386,-10.237566,5004,0,0,1,1
7613,55336487,-0.00776615,-0.005165219,0.020978926,8005,0,-0.2684479,0.19206695,-10.266534,8005,0,0,1,1
7614,55344493,-0.0050071403,-0.0054332763,-0.0016071368,8006,0,-0.10087842,0.29728225,-10.280361,8006,0,0,1,1
7615,55354499,0.009560455,0.0022166222,-0.013069879,5003,0,-0.11957601,0.21026039,-10.233486,5003,0,0,1,1
7616,55362505,1.848489e-05,-0.002092868,-0.002761236,8006,0,-0.16025826,0.16275421,-10.29148,8006,0,0,1,1
7617,55367508,-0.009041823,-0.0041618794,0.0029030251,5003,0,-0.19762611,0.16285038,-10.334999,5003,0,0,1,1
7618,55372512,-0.0056705773,-0.0052241534,0.004277113,5004,0,-0.10791839,0.23619932,-10.246298,5004,0,0,1,1
7619,55380517,-0.006192475,-0.005303621,0.0036455707,8005,0,-0.12406723,0.21677817,-10.3171625,8005,0,0,1,1
7620,55385520,-0.0005932376,-0.00023400784,0.0033681374,5003,0,-0.18421969,0.24927802,-10.309628,5003,0,0,1,1
7621,55390524,-0.00032654777,-0.00050008297,0.0063978992,5004,0,-0.09396202,0.22558087,-10.291424,5004,0,0,1,1
7622,55398529,0.0021561084,-0.0019454656,0.011801245,8005,0,-0.08964545,0.17637153,-10.25911,8005,0,0,1,1
7623,55406535,0.004251573,0.0033736527,0.039826427,8006,0,-0.12331381,0.12445068,-10.273772,8006,0,0,1,1
7624,55416541,-0.009539887,-0.0037882775,0.086338125,5003,0,0.029344022,-0.06795198,-10.306763,5003,0,0,1,1
7625,55424422,-0.004872922,-0.0031199155,0.12641618,7881,0,-0.09563867,0.09334421,-10.337215,7881,0,0,1,1
7626,55434554,-0.0044933073,-0.0006608218,0.19980404,5004,0,-0.11382399,-0.031551123,-10.393166,5004,0,0,1,1
7627,55442559,-0.0070498954,-0.005226567,0.22862053,8005,0,-0.008696615,0.044844445,-10.289481,8005,0,0,1,1
7628,55452566,0.0018913037,0.0023097694,0.2828023,5003,0,-0.25796643,0.03931451,-10.267487,5003,0,0,1,1
7629,55460571,0.008086796,0.0052938308,0.32654914,8005,0,-0.050452035,0.14405237,-10.250129,8005,0,0,1,1
7630,55468577,-0.008002795,-0.012224689,0.33625105,8006,0,0.018227605,-0.011568725,-10.276014,8006,0,0,1,1
7631,55473580,-0.0052652173,-0.00041891632,0.3676897,5003,0,-0.2720768,0.08170232,-10.259827,5003,0,0,1,1
7632,55478583,0.0058871433,0.0045918226,0.401483,5003,0,-0.0808108,0.15375164,-10.324484,5003,0,0,1,1
7633,55486589,-0.0019939914,-0.0051207985,0.41114965,8006,0,0.047112923,-0.00017309189,-10.24848,8006,0,0,1,1
7634,55491592,-0.01819627,-0.00948064,0.40588385,5003,0,-0.18323195,0.08309394,-10.238737,5003,0,0,1,1
7635,55496596,-0.003943458,-0.006674677,0.42876133,5004,0,-0.16725072,0.3675536,-10.424549,5004,0,0,1,1
7636,55504601,0.01343451,0.0044075544,0.44319794,8005,0,-0.17089666,0.2758825,-10.238736,8005,0,0,1,1
7637,55514608,-0.015850186,-0.011844575,0.40528062,5003,0,0.17419133,0.14565381,-10.38488,5003,0,0,1,1
7638,55522613,-0.024308948,-0.02420563,0.3782529,8005,0,-0.09966237,0.320914,-10.320331,8005,0,0,1,1
7639,55532620,0.011616994,0.010260001,0.37989226,5003,0,-0.3956282,0.46332482,-10.39868,5003,0,0,1,1
7640,55540626,0.008977498,0.008456871,0.35787532,8006,0,-0.034438115,0.2827687,-10.258503,8006,0,0,1,1
7641,55548631,0.00088102365,-0.00515157,0.31944656,8005,0,-0.09518114,0.28036883,-10.407105,8005,0,0,1,1
7642,55553634,-0.02988132,-0.025400931,0.2548654,5003,0,0.012851401,0.26795596,-10.094631,5003,0,0,1,1
7643,55558638,-0.028884485,-0.01906237,0.23670734,5004,0,-0.4061666,0.42403576,-10.416861,5004,0,0,1,1
7644,55566643,0.0029174907,0.0026904047,0.23532054,8005,0,-0.27475178,0.5013846,-10.233066,8005,0,0,1,1
7645,55571647,0.022269454,0.009315133,0.22582144,5004,0,-0.114078775,0.43481925,-10.157141,5004,0,0,1,1
7646,55576650,0.012934164,0.004810691,0.19881938,5003,0,-0.2254059,0.16118455,-10.396778,5003,0,0,1,1
7647,55584655,-0.014343128,-0.007898345,0.16474454,8005,0,-0.023961788,0.14434907,-10.288734,8005,0,0,1,1
7648,55589659,-0.014147968,-0.009679809,0.15918979,5004,0,-0.0944333,0.3318693,-10.213875,5004,0,0,1,1
7649,55594662,-0.002716776,-0.00028674304,0.16899025,5003,0,-0.29148167,0.2849537,-10.353916,5003,0,0,1,1
7650,55602668,0.017053975,0.005594209,0.17042328,8006,0,-0.07478742,0.35900578,-10.24518,8006,0,0,1,1
7651,55612674,-0.007490277,-0.0048341006,0.12491029,5128,0,-0.13725844,0.1297018,-10.291107,5128,0,0,1,1
7652,55620680,-0.0013210811,-0.0023186652,0.109274186,8006,0,-0.13467237,0.4123572,-10.284241,8006,0,0,1,1
7653,55628685,0.0049868487,0.0033533422,0.10155844,8005,0,-0.20158328,0.13822657,-10.302651,8005,0,0,1,1
7654,55633689,-0.016358681,-0.008663237,0.063322775,5004,0,0.01665546,0.25286514,-10.222237,5004,0,0,1,1
7655,55638692,-0.0064060236,-0.009194836,0.052655686,5003,0,-0.14472303,0.46905866,-10.282579,5003,0,0,1,1
7656,55646698,0.008809268,0.0034252852,0.04554832,8006,0,-0.2970355,0.3046024,-10.252813,8006,0,0,1,1
7657,55651701,-0.0057916567,-0.003644049,0.008387558,5003,0,0.044068128,0.23492914,-10.253178,5003,0,0,1,1
7658,55656704,-0.0015715882,-0.006678283,0.0063148336,5003,0,-0.121072195,0.33414516,-10.244221,5003,0,0,1,1
7659,55664710,-0.0006314367,0.0017136335,0.0061336067,8006,0,-0.19873206,0.1805419,-10.274742,8006,0,0,1,1
7660,55669591,-0.007371769,-0.008923754,0.0020679485,4881,0,0.07228018,0.17946891,-10.314155,4881,0,0,1,1
7661,55674717,-0.0063049425,-0.0066815466,0.0038769075,5126,0,-0.16259153,0.15484324,-10.26264,5126,0,0,1,1
7662,55682722,-0.0038243677,-0.002549186,0.0044856463,8005,0,-0.121960744,0.24476255,-10.261193,8005,0,0,1,1
7663,55687725,-0.0012996346,-0.0053870976,0.0045001744,5003,0,-0.035065424,0.24448052,-10.249292,5003,0,0,1,1
7664,55692729,-0.0004668422,-0.0039087087,0.0017503237,5004,0,-0.16218841,0.1709891,-10.2775345,5004,0,0,1,1
7665,55700609,-0.0026472101,-0.0030616077,0.0038990362,7880,0,-0.076466985,0.23410629,-10.275792,7880,0,0,1,1
7666,55710617,-0.005413264,-0.0033769011,0.00073123886,4879,0,-0.12205635,0.13815461,-10.275508,4879,0,0,1,1
7667,55718746,-0.0063482816,-0.004021868,0.0018215642,8129,0,-0.029996622,0.26814947,-10.262937,8129,0,0,1,1
7668,55726752,-0.007131718,-0.004064366,0.0013651759,8006,0,-0.17761233,0.17473432,-10.304432,8006,0,0,1,1
7669,55731755,-0.0057858154,-0.0030625015,0.00322866,5003,0,-0.0700278,0.24785605,-10.291449,5003,0,0,1,1
7670,55736759,-0.000652913,-0.0038691312,0.0044462616,5004,0,-0.09898081,0.29141212,-10.246895,5004,0,0,1,1
7671,55744639,0.0036699888,0.0005829484,0.0056144292,7880,0,-0.17897211,0.23235106,-10.305261,7880,0,0,1,1
7672,55749768,-0.0024907328,-0.0031779555,0.00012431666,5129,0,-0.019225612,0.13811454,-10.350143,5129,0,0,1,1
7673,55754771,-0.0037690103,-0.0067251474,0.00032611564,5003,0,-0.11815399,0.15279356,-10.253355,5003,0,0,1,1
7674,55762776,-0.00023504718,-0.0017431973,0.0018532275,8005,0,-0.18218488,0.28379628,-10.33248,8005,0,0,1,1
7675,55767780,0.0046664476,-0.0005865395,0.005032888,5004,0,-0.08845066,0.22223383,-10.244749,5004,0,0,1,1
7676,55772783,-0.0008799471,-0.0017253311,0.0013851442,5003,0,-0.11071296,0.11305091,-10.315859,5003,0,0,1,1
7677,55780789,-0.008880489,-0.005891368,0.00039607377,8006,0,-0.061091032,0.16833511,-10.287218,8006,0,0,1,1
7678,55785667,-0.0029660237,-0.0043158825,0.0008385253,4878,0,-0.17610724,0.31254297,-10.305919,4878,0,0,1,1
7679,55790795,0.002063859,-0.000458315,0.0019791645,5128,0,-0.13271889,0.2778,-10.262406,5128,0,0,1,1
7680,55798801,-0.0022145957,-0.0027949065,0.0009964816,8006,0,-0.05956916,0.10320338,-10.302351,8006,0,0,1,1
7681,55808683,-0.004417446,-0.0023403168,0.00043614092,4879,0,-0.10251408,0.2736309,-10.29581,4879,0,0,1,1
7682,55816813,0.0007490739,-0.002371788,0.0010766729,8130,0,-0.13027611,0.21051267,-10.260744,8130,0,0,1,1
7683,55824818,-0.0059203277,-0.0034506617,0.0033059462,8005,0,-0.09260644,0.14694771,-10.305234,8005,0,0,1,1
7684,55829697,-0.004910063,-0.0037156048,0.0016850454,4879,0,-0.13593502,0.2591521,-10.310033,4879,0,0,1,1
7685,55834825,-0.00046910346,-0.0025542676,-0.0005379282,5128,0,-0.18620092,0.24605936,-10.283049,5128,0,0,1,1
7686,55842831,-0.0035209544,-0.0026238114,0.0005540508,8006,0,-0.076493055,0.18819787,-10.29307,8006,0,0,1,1
7687,55847834,-0.0070378925,-0.0029965043,0.0014650826,5003,0,-0.1399138,0.16358018,-10.333811,5003,0,0,1,1
7688,55852837,-0.0057420656,-0.0033452064,0.00039400163,5003,0,-0.14259896,0.19886008,-10.231396,5003,0,0,1,1
7689,55860843,-0.0025824755,-0.0018695295,0.0029673218,8006,0,-0.1063663,0.2610779,-10.289405,8006,0,0,1,1
7690,55865846,-0.0015749446,-0.0021808594,9.70643e-05,5003,0,-0.1197928,0.12993503,-10.341948,5003,0,0,1,1
7691,55870850,-0.00487449,-0.004901409,0.0021035464,5004,0,-0.1001724,0.15685809,-10.215294,5004,0,0,1,1
7692,55878730,-0.0048888293,-0.0038890543,0.002867556,7880,0,-0.15148254,0.28151593,-10.342454,7880,0,0,1,1
7693,55888862,-0.0042890757,-0.003868699,0.00087181106,5003,0,-0.1066589,0.13793495,-10.305309,5003,0,0,1,1
7694,55896867,-0.0064284797,-0.0049376483,-0.00028805947,8005,0,-0.097101584,0.1993873,-10.263427,8005,0,0,1,1
7695,55904873,-1.1175871e-08,-0.0018781573,0.002100674,8006,0,-0.1925559,0.2841895,-10.258394,8006,0,0,1,1
7696,55914880,-0.0030636562,-0.0064585656,0.001531104,5004,0,-0.077682495,0.1252526,-10.261499,5004,0,0,1,1
7697,55922760,-0.0022629688,-0.003432274,0.001478481,7880,0,-0.18916357,0.2828894,-10.285949,7880,0,0,1,1
7698,55927763,0.0049532503,-0.0026971549,-0.0027166111,5003,0,-0.05996789,0.25096208,-10.329494,5003,0,0,1,1
7699,55932770,0.0004952662,-0.0036149474,0.0010384953,5007,0,-0.11169982,0.06367297,-10.262917,5007,0,0,1,1
7700,55940898,-0.010572352,-0.0045322627,0.0019241296,8128,0,-0.11220455,0.15773696,-10.305685,8128,0,0,1,1
7701,55945901,0.0017777085,-0.0026635677,0.005545342,5003,0,-0.14760318,0.36228168,-10.327587,5003,0,0,1,1
7702,55950904,0.00492616,0.0012109876,0.0017171899,5003,0,-0.1856556,0.19709158,-10.29286,5003,0,0,1,1
7703,55958910,-0.0006884001,-0.00322859,0.00085867266,8006,0,-0.044367958,0.08878362,-10.307087,8006,0,0,1,1
7704,55966915,-0.0054265107,-0.0053994353,0.00086106965,8005,0,-0.16716434,0.22800325,-10.312823,8005,0,0,1,1
7705,55976922,0.0041600578,0.0012175888,0.004466876,5004,0,-0.108320296,0.17193764,-10.26557,5004,0,0,1,1
7706,55984927,-0.0013829357,-0.0047807246,0.0057167555,8005,0,-0.0748871,0.15732129,-10.244554,8005,0,0,1,1
7707,55994934,-0.008675486,-0.003536269,0.012456164,5003,0,-0.07647463,0.13770285,-10.272987,5003,0,0,1,1
7708,56002939,-0.0026873983,-0.004337668,0.021521175,8005,0,-0.10970232,0.21632884,-10.266287,8005,0,0,1,1
7709,56012946,-0.005407132,-0.00536038,0.0248604,5003,0,-0.06402938,0.21720085,-10.25288,5003,0,0,1,1
7710,56020951,-0.0008625462,-0.0041099936,0.025213799,8005,0,-0.12896511,0.25201914,-10.278911,8005,0,0,1,1
7711,56028957,-0.0025639832,-0.0035065413,0.019788481,8006,0,-0.1296015,0.21064164,-10.291878,8006,0,0,1,1
7712,56033960,-0.00505393,-0.003915444,0.016324203,5003,0,-0.12676388,0.23084131,-10.268925,5003,0,0,1,1
7713,56038964,0.00023931636,-0.0025907755,0.019633504,5004,0,-0.1231599,0.22701433,-10.299803,5004,0,0,1,1
7714,56046969,-0.0029263792,-0.003164932,0.018281093,8005,0,-0.10506227,0.1733823,-10.291728,8005,0,0,1,1
7715,56056976,0.0007448308,-0.0016186833,0.030392554,5003,0,-0.16003624,0.19253263,-10.283766,5003,0,0,1,1
7716,56064981,-0.0023199618,-0.0022837073,0.03331907,8005,0,-0.10210891,0.12959994,-10.278537,8005,0,0,1,1
7717,56074988,-0.006698616,-0.0049205124,0.03154462,5003,0,-0.13011159,0.23346737,-10.304363,5003,0,0,1,1
7718,56082994,0.0019880605,-0.0013758539,0.039506108,8006,0,-0.15593383,0.21812794,-10.269146,8006,0,0,1,1
7719,56093000,-0.0072603743,-0.006600976,0.02365737,5003,0,-0.09113846,0.19935918,-10.25473,5003,0,0,1,1
7720,56101006,-0.003083158,-0.0020620227,0.035229266,8006,0,-0.12720627,0.12594837,-10.280956,8006,0,0,1,1
7721,56109011,-0.0107790595,-0.0074430252,0.028388666,8005,0,-0.048192423,0.1920795,-10.312825,8005,0,0,1,1
7722,56114015,-0.009237312,-0.007678211,0.024888847,5004,0,-0.092074506,0.24099466,-10.286732,5004,0,0,1,1
7723,56119018,-0.0035025962,-0.0024371743,0.022264142,5003,0,-0.11287865,0.26987186,-10.292158,5003,0,0,1,1
7724,56127023,0.00034398955,0.0009005963,0.013789928,8005,0,-0.004208199,0.20630431,-10.260602,8005,0,0,1,1
7725,56132027,-0.0020647086,-0.003523007,0.00852205,5004,0,0.08225368,0.16188455,-10.286881,5004,0,0,1,1
7726,56137030,-0.0076837162,-0.0056331605,0.004959926,5003,0,0.013542905,0.0931797,-10.3127365,5003,0,0,1,1
7727,56145036,-0.0044895634,-0.004737183,0.007298855,8006,0,-0.094879605,0.20435533,-10.259401,8006,0,0,1,1
7728,56155042,-0.0055125393,-0.0066583008,0.021079492,5003,0,-0.2095909,0.26508752,-10.365414,5003,0,0,1,1
7729,56163048,-0.009305983,-0.0050976872,0.017556146,8006,0,-0.30381918,0.2126272,-10.252987,8006,0,0,1,1
7730,56173055,0.0003649667,-0.0023244023,0.013222198,5004,0,-0.24383816,0.316073,-10.272514,5004,0,0,1,1
7731,56181060,-0.00078776473,-0.0019250959,0.0033337662,8005,0,-0.16192836,0.2414678,-10.268833,8005,0,0,1,1
7732,56189066,-0.005659662,-0.0036685613,-0.00055714697,8006,0,-0.119276024,0.14091063,-10.276766,8006,0,0,1,1
7733,56194069,-0.005927734,-0.0058597624,-0.0013581757,5003,0,-0.098989844,0.16099602,-10.264616,5003,0,0,1,1
7734,56199072,-0.0054402314,-0.0036627501,0.0008647607,5003,0,-0.11143366,0.22294301,-10.3046,5003,0,0,1,1
7735,56207078,0.0008670613,-0.0008545816,0.01346138,8006,0,-0.13873123,0.21513328,-10.27676,8006,0,0,1,1
7736,56212081,0.0068448,0.0041080415,0.04040711,5003,0,-0.18446064,0.1415337,-10.268921,5003,0,0,1,1
7737,56217084,0.0069591813,0.0016775428,0.06850903,5003,0,-0.113360316,0.03741032,-10.266996,5003,0,0,1,1
7738,56225090,0.0025126226,-0.0036011038,0.09578964,8006,0,-0.0811249,0.1404607,-10.268535,8006,0,0,1,1
7739,56230093,0.027751796,0.0037335008,0.13797943,5003,0,0.019524574,0.052235186,-10.300737,5003,0,0,1,1
7740,56235097,-0.0062390417,-0.007531569,0.13184652,5004,0,0.0934941,-0.11844474,-10.166241,5004,0,0,1,1
7741,56243102,-0.019208258,-0.01052983,0.11811197,8005,0,-0.17075387,0.16456021,-10.372815,8005,0,0,1,1
7742,56253109,-0.004703205,-0.0031710416,0.10852957,5003,0,-0.15022016,0.31486714,-10.296923,5003,0,0,1,1
7743,56261114,-0.0101811215,-0.0035357324,0.076064505,8005,0,-0.18469243,0.27425432,-10.238774,8005,0,0,1,1
7744,56271121,0.018249594,0.0011575818,0.07360294,5003,0,-0.14065053,0.25598568,-10.255032,5003,0,0,1,1
7745,56279127,-0.00599613,-0.0026804057,0.04823555,8006,0,-0.12885283,0.10126287,-10.30579,8006,0,0,1,1
7746,56287132,-0.0124880215,-0.00733,0.028731773,8005,0,-0.114938304,0.34651852,-10.278864,8005,0,0,1,1
7747,56292135,0.0018437542,0.001490593,0.032656766,5003,0,-0.24479352,0.28017226,-10.301477,5003,0,0,1,1
7748,56297139,-0.007258579,-0.0018119663,0.021205604,5004,0,-0.13441944,0.17936999,-10.298372,5004,0,0,1,1
7749,56305144,-0.0058055217,-0.006448179,0.0116017135,8005,0,-0.059116323,0.2300957,-10.288283,8005,0,0,1,1
7750,56310148,-0.00026034564,-0.0042814314,0.014473426,5004,0,-0.22539528,0.23132332,-10.238764,5004,0,0,1,1
7751,56315151,0.0016371757,0.0025895536,0.0149801,5003,0,-0.1849435,0.23299935,-10.264616,5003,0,0,1,1
7752,56323156,0.0008100643,-0.002490997,0.008435584,8005,0,-0.045952104,0.23548348,-10.279458,8005,0,0,1,1
7753,56328160,-0.0047631823,-0.0052556843,0.00467883,5004,0,-0.1459383,0.18493304,-10.289331,5004,0,0,1,1
7754,56333164,-0.008322768,-0.0026905686,0.005538924,5004,0,-0.12268765,0.1985208,-10.254795,5004,0,0,1,1
7755,56341169,-0.0048195045,-0.0042926366,0.0056465813,8005,0,-0.042669754,0.23458369,-10.2552185,8005,0,0,1,1
7756,56351176,-0.0019975975,-0.0027304292,0.004060748,5004,0,-0.16219413,0.2459297,-10.274435,5004,0,0,1,1
7757,56359181,-0.0020935794,-0.0035976616,0.0041286387,8005,0,-0.10715453,0.22111905,-10.277662,8005,0,0,1,1
7758,56367186,-0.0020768903,-0.0044465507,0.0042164894,8005,0,-0.13693656,0.20031922,-10.305643,8005,0,0,1,1
7759,56372190,-0.0052472465,-0.0035894515,0.003881108,5004,0,-0.06786215,0.23395243,-10.279697,5004,0,0,1,1
7760,56377193,-0.0047940835,-0.0031896383,0.0033813922,5003,0,-0.10592743,0.18606713,-10.318247,5003,0,0,1,1
7761,56385199,-0.0019478648,-0.0036849976,0.0027970853,8006,0,-0.1185263,0.22635227,-10.348141,8006,0,0,1,1
7762,56390202,-0.0017108099,-0.0047103465,0.0025219754,5003,0,-0.064450026,0.19349286,-10.3223095,5003,0,0,1,1
7763,56395206,-0.0019314662,-0.0036224427,0.0016574438,5004,0,-0.14184031,0.18416268,-10.281612,5004,0,0,1,1
7764,56403211,-0.0027511378,-0.0024241058,0.0031465478,8005,0,-0.10341697,0.2043571,-10.311178,8005,0,0,1,1
7765,56408214,-0.004508294,-0.004095286,0.004500328,5003,0,-0.16530703,0.19397572,-10.272753,5003,0,0,1,1
7766,56413218,-0.0026970208,-0.0027370453,0.0033153053,5004,0,-0.1514188,0.19134316,-10.295263,5004,0,0,1,1
7767,56421223,-0.0051362626,-0.0032602546,0.0024174473,8005,0,-0.10028716,0.21122234,-10.30658,8005,0,0,1,1
7768,56426226,-0.002843801,-0.0022176951,0.002043727,5003,0,-0.115983516,0.2193522,-10.273949,5003,0,0,1,1
7769,56431230,-0.0033094622,-0.0025175363,0.0027760682,5004,0,-0.14088699,0.22964413,-10.286881,5004,0,0,1,1
7770,56439235,-0.0021632796,-0.0032976267,0.0021618088,8005,0,-0.09075314,0.2000928,-10.2633,8005,0,0,1,1
7771,56449117,-0.0038127785,-0.0022306293,0.002236776,4878,0,-0.108766764,0.18287256,-10.295084,4878,0,0,1,1
7772,56457248,-0.004753977,-0.0031636506,0.0024997445,8131,0,-0.118415676,0.21703479,-10.292128,8131,0,0,1,1
7773,56465253,-0.0033666342,-0.003668159,-0.00049469667,8005,0,-0.12540925,0.22575566,-10.33752,8005,0,0,1,1
7774,56470256,-0.0034429356,-0.0035894066,0.00055913115,5003,0,-0.11502688,0.19660392,-10.289032,5003,0,0,1,1
7775,56475260,-0.0039016306,-0.004042238,0.0009184322,5004,0,-0.1313073,0.178415,-10.266529,5004,0,0,1,1
7776,56483265,-0.0033127924,-0.0030230877,0.001931327,8005,0,-0.12331742,0.21513306,-10.288585,8005,0,0,1,1
7777,56488269,-0.0046911687,-0.0040553957,0.0007647427,5004,0,-0.09455985,0.19316301,-10.292896,5004,0,0,1,1
7778,56493272,-0.0017845929,-0.00408867,0.0014045322,5003,0,-0.107844025,0.18775335,-10.281374,5003,0,0,1,1
7779,56501278,-0.0038206351,-0.00228706,0.0010574516,8006,0,-0.11059741,0.19148594,-10.29756,8006,0,0,1,1
7780,56506281,-0.0057928413,-0.0029635727,0.00042568985,5003,0,-0.103054434,0.17985219,-10.263414,5003,0,0,1,1
7781,56511284,-0.0021576993,-0.0035159737,0.00021920029,5003,0,-0.1471098,0.20474869,-10.31609,5003,0,0,1,1
7782,56519165,-0.0030720755,-0.003926977,0.00067137345,7881,0,-0.12054402,0.21178688,-10.276035,7881,0,0,1,1
7783,56524168,-0.0049672537,-0.0025974512,0.0017773551,5003,0,-0.113109805,0.20163687,-10.272036,5003,0,0,1,1
7784,56529175,-0.0020460973,-0.0031497478,0.0009452815,5007,0,-0.12122426,0.19469039,-10.275113,5007,0,0,1,1
7785,56537302,-0.0039001592,-0.0028168708,-0.00027285004,8127,0,-0.13014203,0.21506064,-10.2629595,8127,0,0,1,1
7786,56545308,-0.0020893626,-0.0030441135,-0.00041126646,8006,0,-0.1307989,0.2209673,-10.284996,8006,0,0,1,1
7787,56555314,-0.0027103946,-0.0038224608,0.0014909639,5003,0,-0.10927635,0.22006837,-10.28759,5003,0,0,1,1
7788,56563320,-0.0040182355,-0.0030692667,0.00036819745,8006,0,-0.11845364,0.22430037,-10.278631,8006,0,0,1,1
7789,56568323,-0.0015787184,-0.004974216,0.0024104444,5003,0,-0.098986015,0.21360835,-10.276585,5003,0,0,1,1
7790,56573326,-0.0020180345,-0.00235112,0.0014111688,5003,0,-0.074084975,0.1843977,-10.235645,5003,0,0,1,1
7791,56581332,-0.003986869,-0.0029901713,8.7922905e-05,8006,0,-0.097729556,0.20674992,-10.310129,8006,0,0,1,1
7792,56586335,-0.0012791343,-0.004368171,0.0023363538,5003,0,-0.081266865,0.2097785,-10.31633,5003,0,0,1,1
7793,56591339,-0.0055596866,-0.0035095962,0.00063913735,5004,0,-0.105926804,0.20905447,-10.33452,5004,0,0,1,1
7794,56599344,-0.003050655,-0.0025157332,0.0018603787,8005,0,-0.111195065,0.2149832,-10.27811,8005,0,0,1,1
7795,56604348,-0.0033696108,-0.0034430176,0.0018039305,5004,0,-0.10090228,0.19133696,-10.277304,5004,0,0,1,1
7796,56609226,-0.0019868389,-0.0038145483,0.002063343,4878,0,-0.12565379,0.15678123,-10.302105,4878,0,0,1,1
7797,56617356,-0.0019929968,-0.0029793382,-6.331783e-05,8130,0,-0.117584184,0.22256134,-10.30629,8130,0,0,1,1
7798,56625362,-0.0022858754,-0.0033471435,0.00030943425,8006,0,-0.1189064,0.19049579,-10.261716,8006,0,0,1,1
7799,56635369,-0.0034496002,-0.0052404404,0.0021501111,5004,0,-0.09659186,0.21000946,-10.296936,5004,0,0,1,1
7800,56643374,-0.0020604283,-0.0019082426,0.0016122811,8005,0,-0.14484592,0.21335515,-10.290438,8005,0,0,1,1
7801,56653381,-0.0032630078,-0.0036556872,0.0022099249,5004,0,-0.12604237,0.21911046,-10.2914295,5004,0,0,1,1
7802,56661261,-0.0026171098,-0.0030892047,0.0013561257,7880,0,-0.11543385,0.19037275,-10.274325,7880,0,0,1,1
7803,56666390,-0.003226306,-0.0037460327,0.001602912,5129,0,-0.1382061,0.18424574,-10.312887,5129,0,0,1,1
7804,56671393,-0.00088624284,-0.0037090033,0.0015509337,5003,0,-0.15477169,0.19277361,-10.25646,5003,0,0,1,1
7805,56679399,-0.0032253785,-0.003214702,0.0022226418,8006,0,-0.12600975,0.21707797,-10.284089,8006,0,0,1,1
7806,56687404,-0.0040577273,-0.002540633,0.0010948133,8005,0,-0.12600906,0.20959635,-10.285893,8005,0,0,1,1
7807,56697411,-0.0035757015,-0.004907429,0.0004989202,5004,0,-0.13824973,0.2011568,-10.296696,5004,0,0,1,1
7808,56705416,-0.002780005,-0.0021243542,0.0012779218,8005,0,-0.1077554,0.20914549,-10.302349,8005,0,0,1,1
7809,56715423,-0.0047545545,-0.0016385019,0.0006788133,5003,0,-0.105454616,0.20211351,-10.248802,5003,0,0,1,1
7810,56723428,-0.0037704331,-0.0033603457,0.0010119635,8005,0,-0.11598287,0.2072026,-10.317161,8005,0,0,1,1
7811,56733435,-0.0035622418,-0.003029585,0.0016238783,5003,0,-0.14304306,0.21312764,-10.282331,5003,0,0,1,1
7812,56741441,-0.0032765046,-0.0045005977,0.0037355428,8006,0,-0.11914639,0.20130919,-10.282131,8006,0,0,1,1
7813,56751447,-0.005713232,-0.003516063,0.0025831545,5003,0,-0.106169336,0.20666644,-10.303638,5003,0,0,1,1
7814,56759453,-0.0042241886,-0.0040179337,0.005285451,8006,0,-0.09413646,0.18475594,-10.292774,8006,0,0,1,1
7815,56767458,-0.0031338036,-0.0035061983,0.006138588,8005,0,-0.101166934,0.21543024,-10.280652,8005,0,0,1,1
7816,56772462,-0.0038423575,-0.0027506351,0.0050128833,5004,0,-0.10329889,0.2260555,-10.285681,5004,0,0,1,1
7817,56777465,-0.002557058,-0.0031565577,0.004853501,5003,0,-0.10521008,0.22869211,-10.2368355,5003,0,0,1,1
7818,56785471,-0.0027637258,-0.0026739538,0.0041447068,8006,0,-0.110000364,0.21244013,-10.273772,8006,0,0,1,1
7819,56795477,-0.005093999,-0.0028903633,0.0016774638,5003,0,-0.11885123,0.23299909,-10.292387,5003,0,0,1,1
7820,56803483,-0.002056196,-0.004338339,0.0010825228,8006,0,-0.0944379,0.19583009,-10.281854,8006,0,0,1,1
7821,56813490,-0.0053735003,-0.0029370487,0.00058547966,5004,0,-0.077919334,0.21217328,-10.309378,5004,0,0,1,1
7822,56821495,-0.0026346333,-0.0028180478,0.0013955178,8005,0,-0.10683571,0.18643573,-10.269724,8005,0,0,1,1
7823,56831502,-0.0027641729,-0.0052339584,0.0021631718,5004,0,-0.06402828,0.19038099,-10.2928505,5004,0,0,1,1
7824,56839507,-0.0022018105,-0.0050417483,-6.618769e-05,8005,0,-0.09952673,0.19777592,-10.31687,8005,0,0,1,1
7825,56847513,-0.0040942393,-0.0034875125,0.0015187804,8006,0,-0.135641,0.1829977,-10.306936,8006,0,0,1,1
7826,56852516,-0.0009926856,-0.0023177713,0.0010113313,5003,0,-0.16123694,0.21408954,-10.319677,5003,0,0,1,1
7827,56857519,-0.0045343824,-0.0034760237,0.0009383105,5003,0,-0.1207743,0.21863699,-10.261738,5003,0,0,1,1
7828,56865525,-0.0045301616,-0.0043634623,0.0012581858,8006,0,-0.103738084,0.18400864,-10.283718,8006,0,0,1,1
7829,56870528,-0.006039232,-0.003396541,-0.0006995755,5003,0,-0.119336486,0.17458451,-10.284483,5003,0,0,1,1
7830,56875532,-0.007196069,-0.004280448,-0.0031759313,5004,0,-0.0764952,0.20620553,-10.35894,5004,0,0,1,1
7831,56883537,-0.020818932,-0.009751274,-0.010278159,8005,0,-0.059119016,0.096481465,-10.380621,8005,0,0,1,1
7832,56893544,-0.021227956,-0.012736782,0.0025024514,5003,0,-0.18113734,0.3249445,-10.386507,5003,0,0,1,1
7833,56901549,0.011833227,-0.00045250353,0.003039981,8005,0,-0.24646105,0.5054421,-10.240251,8005,0,0,1,1
7834,56909555,0.020843038,0.015135407,0.008696279,8006,0,-0.18346074,0.19164523,-10.267181,8006,0,0,1,1
7835,56914558,0.010333516,0.00088591874,0.0058002006,5003,0,0.19501698,0.051048636,-10.357525,5003,0,0,1,1
7836,56919562,-0.0038757885,-0.010261118,-0.0002461956,5004,0,-0.06042477,0.0005208254,-10.2560005,5004,0,0,1,1
7837,56927442,-0.0125063965,-0.004623458,0.001020501,7880,0,-0.19526406,0.2407142,-10.3681135,7880,0,0,1,1
7838,56932571,-0.005760353,-0.005018845,-0.0001798966,5129,0,-0.06362735,0.29308552,-10.268124,5129,0,0,1,1
7839,56937574,-0.0025237948,-0.0031360388,-0.0014847582,5003,0,-0.16961926,0.123583436,-10.27084,5003,0,0,1,1
7840,56945579,-0.006987035,-0.0046877856,-0.0011887293,8005,0,-0.043560293,0.19522588,-10.268681,8005,0,0,1,1
7841,56950583,-0.009767331,-0.009440944,0.0019830947,5004,0,-0.10522227,0.21982768,-10.28544,5004,0,0,1,1
7842,56955586,-0.007996947,-0.0042020977,0.0028370186,5003,0,-0.22181244,0.13819006,-10.228937,5003,0,0,1,1
7843,56963592,-0.0013214387,-0.0016803145,0.00039058086,8006,0,-0.07857115,0.28650698,-10.226042,8006,0,0,1,1
7844,56968595,-0.003029827,-0.0062191193,-0.0023297467,5003,0,-0.086062446,0.19612849,-10.402998,5003,0,0,1,1
7845,56973598,-0.0034826025,-0.0051139295,-0.0031027813,5003,0,-0.19067848,0.09126216,-10.176731,5003,0,0,1,1
7846,56981604,-0.0061754063,-0.0063315774,0.000748469,8006,0,-0.041768458,0.28530657,-10.29607,8006,0,0,1,1
7847,56989609,-7.500871e-05,-0.0006053745,0.0024803623,8005,0,-0.22672375,0.24042265,-10.297568,8005,0,0,1,1
7848,56999616,0.0009910464,-0.004534915,0.002689576,5003,0,0.026946455,0.2222228,-10.327335,5003,0,0,1,1
7849,57007622,-0.006699994,-0.0040218825,0.0013499523,8006,0,-0.1833157,0.14002001,-10.30085,8006,0,0,1,1
7850,57012625,-0.0062582344,-0.0020046532,0.0006318181,5003,0,-0.06258247,0.287117,-10.300055,5003,0,0,1,1
7851,57017628,-0.001538586,-0.0040218383,0.00083885365,5003,0,-0.07839459,0.2954919,-10.281845,5003,0,0,1,1
7852,57025634,-0.0007745102,-0.00061002374,0.0011115284,8006,0,-0.16161431,0.16441211,-10.293375,8006,0,0,1,1
7853,57030637,-0.004015941,-0.005660519,-0.0002532741,5003,0,0.029592393,0.22724356,-10.296928,5003,0,0,1,1
7854,57035641,-0.0052201897,-0.008355781,-0.00015356345,5004,0,-0.11335749,0.24496584,-10.301966,5004,0,0,1,1
7855,57043646,-0.0063373595,-0.0026278496,-0.0005321949,8005,0,-0.16086869,0.20585625,-10.308486,8005,0,0,1,1
7856,57048649,-0.0028437153,-0.005313486,0.0011247597,5003,0,-0.027877316,0.25621948,-10.290478,5003,0,0,1,1
7857,57053528,5.8148056e-05,-0.0025321993,-0.0021446985,4879,0,-0.16266872,0.20804058,-10.2732525,4879,0,0,1,1
7858,57061658,-0.004000094,-0.0032474846,-0.00048906123,8130,0,-0.049793378,0.1857574,-10.301304,8130,0,0,1,1
7859,57069664,-0.008073114,-0.0058030933,0.001818405,8006,0,-0.16386244,0.21184397,-10.2972555,8006,0,0,1,1
7860,57079545,0.0010012612,-0.0031940637,-0.00036903142,4878,0,-0.054804474,0.24169166,-10.267786,4878,0,0,1,1
7861,57087676,-0.0043320917,-0.0023516268,0.0020011077,8131,0,-0.16204575,0.112617284,-10.269787,8131,0,0,1,1
7862,57097683,0.0010576136,-0.0008800029,0.0045196475,5004,0,-0.12603495,0.28997123,-10.302929,5004,0,0,1,1
7863,57105688,0.0051378156,0.0026063768,0.0026793305,8005,0,-0.15466726,0.20555057,-10.294869,8005,0,0,1,1
7864,57110692,-0.0021372288,-0.0037096888,0.0044272873,5004,0,-0.0060789213,0.16284886,-10.307697,5004,0,0,1,1
7865,57115695,-0.0033428299,-0.005652815,0.00200417,5003,0,-0.15215495,0.16883925,-10.235897,5003,0,0,1,1
7866,57123700,-0.0030601546,-0.0014926045,0.0021667806,8005,0,-0.113896884,0.27902567,-10.254312,8005,0,0,1,1
7867,57128704,-0.00081909454,-0.0038354546,-0.0003795782,5004,0,-0.05637247,0.21001953,-10.4295845,5004,0,0,1,1
7868,57133582,-0.0021328328,-0.00215666,0.00074264937,4878,0,-0.18952344,0.12252349,-10.2067585,4878,0,0,1,1
7869,57141592,-0.0056824614,-0.0034119189,6.1540864e-05,8010,0,-0.065989494,0.2341218,-10.248308,8010,0,0,1,1
7870,57149718,-0.0033769943,-0.0052363873,4.7590118e-05,8126,0,-0.15363662,0.20746553,-10.307242,8126,0,0,1,1
7871,57159725,-0.0017177686,-0.0042622387,-0.0003196518,5003,0,0.0020616949,0.2686805,-10.283747,5003,0,0,1,1
7872,57167731,-0.0029465482,-0.0041589737,0.0021218748,8006,0,-0.19200775,0.16859525,-10.274368,8006,0,0,1,1
7873,57177737,0.004142489,-0.002919197,0.0029266442,5128,0,-0.048803706,0.25767365,-10.225672,5128,0,0,1,1
7874,57185743,-0.00060774386,-0.0025955886,0.0060127587,8006,0,-0.16645908,0.15787774,-10.278277,8006,0,0,1,1
7875,57195749,0.004503377,-0.0034400818,0.018748272,5003,0,-0.011201166,0.16736862,-10.201639,5003,0,0,1,1
7876,57203755,-0.0018678642,-0.00057657063,0.031185027,8006,0,-0.14666429,0.07611957,-10.332729,8006,0,0,1,1
7877,57208758,-0.009081595,-0.004814297,0.032764148,5003,0,-0.008967042,0.13051862,-10.284723,5003,0,0,1,1
7878,57213637,-0.009377659,-0.010383532,0.027865281,4879,0,-0.04901111,0.2297342,-10.2485485,4879,0,0,1,1
7879,57221767,-0.007491231,-0.0058137774,0.03426944,8130,0,-0.22911747,0.25290707,-10.316664,8130,0,0,1,1
7880,57226771,0.009193663,0.004460618,0.044773713,5004,0,-0.15285632,0.23850046,-10.122656,5004,0,0,1,1
7881,57231774,0.005958192,0.0015964358,0.05509466,5003,0,0.023365691,0.19637135,-10.466938,5003,0,0,1,1
7882,57239779,-0.009986571,-0.0051418985,0.046865057,8005,0,-0.106403075,0.035268128,-10.264489,8005,0,0,1,1
7883,57247785,-0.008678608,-0.0064403117,0.03951975,8006,0,-0.08516882,0.37299252,-10.223953,8006,0,0,1,1
7884,57257792,0.00547814,0.004799485,0.01663107,5004,0,-0.35060906,0.24401851,-10.366114,5004,0,0,1,1
7885,57265797,0.0013829431,-0.0029922274,0.0035302266,8005,0,0.035405885,0.17285754,-10.267037,8005,0,0,1,1
7886,57275804,-0.0027032495,-3.4332275e-05,-0.0018773796,5004,0,-0.22256091,0.26388475,-10.251232,5004,0,0,1,1
7887,57283810,-0.0016776435,-0.0047851205,-0.0014058411,8006,0,0.0049398616,0.23571426,-10.222231,8006,0,0,1,1
7888,57293816,-0.006064892,-0.0019085407,0.00054303627,5003,0,-0.09861442,0.1921053,-10.142286,5003,0,0,1,1
7889,57301697,-0.0047926493,-0.005175397,0.00075535895,7881,0,-0.08180769,0.25269097,-10.289459,7881,0,0,1,1
7890,57306825,-0.0016659385,-0.00031211972,-0.00051981583,5128,0,-0.2174712,0.16549781,-10.366571,5128,0,0,1,1
7891,57311829,-0.003816884,-0.004113302,0.0015085104,5004,0,-0.06852937,0.22472757,-10.2193165,5004,0,0,1,1
7892,57319710,-0.0027208773,-0.003472939,0.001108726,7881,0,-0.14587528,0.24276935,-10.320538,7881,0,0,1,1
7893,57324837,0.00092680013,0.000110566616,0.00021614833,5127,0,-0.12338912,0.1789287,-10.31576,5127,0,0,1,1
7894,57329841,-0.0017650799,-0.0030433089,-0.00012655137,5004,0,0.00084842,0.20187879,-10.280424,5004,0,0,1,1
7895,57337846,-0.0042945556,-0.0031897426,0.0003994512,8005,0,-0.16073067,0.16724752,-10.249374,8005,0,0,1,1
7896,57345851,-0.0015949382,-0.003851965,0.0006207446,8005,0,-0.023788167,0.24964714,-10.272143,8005,0,0,1,1
7897,57355858,-0.0054467022,-0.002124548,-0.00055962754,5003,0,-0.14400087,0.2054667,-10.261259,5003,0,0,1,1
7898,57363864,-0.0031376928,-0.004610345,0.00067758956,8006,0,-0.05337223,0.23638365,-10.247675,8006,0,0,1,1
7899,57373871,-0.0019084476,-0.00090883666,0.00026677316,5004,0,-0.07166015,0.15582368,-10.2742195,5004,0,0,1,1
7900,57381876,-0.0013656429,-0.0047616656,0.00053981406,8005,0,-0.089584455,0.19838296,-10.249501,8005,0,0,1,1
7901,57391883,-0.0046014935,-0.0036929399,0.0010709522,5127,0,-0.06917191,0.20655312,-10.294434,5127,0,0,1,1
7902,57399763,-0.0031180086,-0.00479731,2.405746e-05,7880,0,-0.14830413,0.17627384,-10.292895,7880,0,0,1,1
7903,57407771,-0.004686572,-0.002852902,0.00017490191,8008,0,-0.06779374,0.2259138,-10.256116,8008,0,0,1,1
7904,57412897,-0.0014486574,-0.0036509486,0.0007972408,5126,0,-0.13298535,0.21069056,-10.277792,5126,0,0,1,1
7905,57417901,-0.0040940903,-0.002043292,0.0029300414,5004,0,-0.1289466,0.19259626,-10.262218,5004,0,0,1,1
7906,57425906,-0.0039181034,-0.0048101097,0.00073840184,8005,0,-0.05305411,0.24767938,-10.325266,8005,0,0,1,1
7907,57435913,-0.0030762183,-0.003516227,0.0002792729,5003,0,-0.11382499,0.17601416,-10.301004,5003,0,0,1,1
7908,57443918,-0.0010241306,-0.006352439,0.0004125782,8005,0,-0.059265416,0.22111796,-10.268386,8005,0,0,1,1
7909,57453925,-0.0037353672,-0.0012991279,-0.0001603621,5003,0,-0.08102639,0.2313256,-10.2272625,5003,0,0,1,1
7910,57461931,-0.0031234324,-0.0034305898,0.00034445617,8006,0,-0.13029292,0.18316767,-10.280563,8006,0,0,1,1
7911,57469936,-0.0021725632,-0.0023325682,0.0008495156,8005,0,-0.11553125,0.21872763,-10.290381,8005,0,0,1,1
7912,57474939,-0.0022575073,-0.0039691776,0.00093158794,5003,0,-0.10209087,0.21073726,-10.30938,5003,0,0,1,1
7913,57479943,-0.0017584449,-0.0022019148,4.7892798e-05,5004,0,-0.15564094,0.18640476,-10.307978,5004,0,0,1,1
7914,57487948,-0.0032586677,-0.003551766,0.0003790185,8005,0,-0.10072413,0.1878966,-10.279307,8005,0,0,1,1
7915,57492952,-0.0032498427,-0.004434973,0.0011981432,5004,0,-0.1224458,0.19158171,-10.292147,5004,0,0,1,1
7916,57497955,-0.0034493578,-0.0016517639,0.0010781302,5003,0,-0.10760045,0.17027223,-10.239468,5003,0,0,1,1
7917,57505960,-0.0037485918,-0.003552824,0.0018756775,8005,0,-0.0849906,0.21260805,-10.242587,8005,0,0,1,1
7918,57510964,-0.005520098,-0.0045018047,0.00022624478,5004,0,-0.14160252,0.16860038,-10.272035,5004,0,0,1,1
7919,57515967,-0.00311644,-0.0020047873,0.0016707523,5003,0,-0.09659492,0.2200669,-10.286158,5003,0,0,1,1
7920,57523973,-0.0014948024,-0.0034895686,0.000386999,8006,0,-0.086355455,0.211992,-10.286194,8006,0,0,1,1
7921,57533855,-0.0033562707,-0.002875775,-0.0002099569,4879,0,-0.12881744,0.21702783,-10.283141,4879,0,0,1,1
7922,57541985,-0.0036275014,-0.003967747,-7.126293e-05,8130,0,-0.117511146,0.19576278,-10.241554,8130,0,0,1,1
7923,57549990,-0.0025036484,-0.0019932836,0.00012134434,8005,0,-0.10292797,0.2063979,-10.305404,8005,0,0,1,1
7924,57554994,-0.004088141,-0.0041818023,0.0011779619,5004,0,-0.11862005,0.16764134,-10.310101,5004,0,0,1,1
7925,57559874,-0.002270408,-0.0012422651,0.0015690023,4880,0,-0.1354663,0.18257056,-10.256483,4880,0,0,1,1
7926,57568003,-0.0030994378,-0.0037185845,0.00042892012,8129,0,-0.08257393,0.22695719,-10.298632,8129,0,0,1,1
7927,57573006,-0.001931157,-0.0023245662,0.00096528535,5003,0,-0.1590837,0.19971885,-10.3134575,5003,0,0,1,1
7928,57578010,-0.004028786,-0.0024041086,0.0009986612,5004,0,-0.10616509,0.21289001,-10.326149,5004,0,0,1,1
7929,57586015,-0.002284672,-0.0041162963,0.0014994433,8005,0,-0.14091592,0.19506322,-10.282899,8005,0,0,1,1
7930,57591018,-0.0016249417,-0.0032230765,0.00079227315,5003,0,-0.1387344,0.19803958,-10.318485,5003,0,0,1,1
7931,57596022,-0.0039223284,-0.002518952,-0.00045812922,5004,0,-0.0960268,0.21327235,-10.307734,5004,0,0,1,1
7932,57604027,-0.003999397,-0.003614202,0.00048306954,8005,0,-0.113440625,0.1666479,-10.287982,8005,0,0,1,1
7933,57612033,-0.004115805,-0.003506094,-7.838104e-05,8006,0,-0.104610264,0.21393526,-10.268389,8006,0,0,1,1
7934,57622039,-0.004342813,-0.0032222718,0.00060816086,5003,0,-0.0904838,0.17404279,-10.25522,5003,0,0,1,1
7935,57630045,-0.0036791933,-0.003526777,-0.0005613649,8006,0,-0.074686185,0.209595,-10.3066845,8006,0,0,1,1
7936,57640052,-0.0028305985,-0.0020847172,0.00031916331,5004,0,-0.14112383,0.19301969,-10.255516,5004,0,0,1,1
7937,57648057,-0.003548972,-0.0029310284,0.002299773,8005,0,-0.08291358,0.20682684,-10.331461,8005,0,0,1,1
7938,57653060,-0.0026170723,-0.0037489682,0.00076531834,5003,0,-0.14471632,0.17649725,-10.233965,5003,0,0,1,1
7939,57658064,-0.0042416155,-0.003522873,0.00015967712,5004,0,-0.09587609,0.20881669,-10.298134,5004,0,0,1,1
7940,57666069,-0.0027380062,-0.0021397618,0.00017461319,8005,0,-0.10872355,0.19407098,-10.289541,8005,0,0,1,1
7941,57671073,-0.002383992,-0.0026770532,-0.00090610195,5004,0,-0.13801432,0.24808007,-10.274187,5004,0,0,1,1
7942,57676076,-0.002044268,-0.0044216663,-0.00022681244,5003,0,-0.12724267,0.19972003,-10.289509,5003,0,0,1,1
7943,57683957,-0.0042785555,-0.0031231341,0.0005044604,7881,0,-0.123639226,0.20737776,-10.308543,7881,0,0,1,1
7944,57692087,-0.004411779,-0.0029859394,0.00020018638,8130,0,-0.11266459,0.21520932,-10.30048,8130,0,0,1,1
7945,57702094,-0.005213607,-0.0031764954,-0.0012520058,5003,0,-0.15022208,0.22941159,-10.319204,5003,0,0,1,1
7946,57710099,-0.0020840056,-0.003704652,0.000577036,8005,0,-0.111329205,0.21807118,-10.287967,8005,0,0,1,1
7947,57720106,-0.002546411,-0.0040579587,0.0007207878,5003,0,-0.13660915,0.2117518,-10.355923,5003,0,0,1,1
7948,57728112,-0.0026552714,-0.0041323155,0.0012315323,8006,0,-0.11439507,0.22848678,-10.296585,8006,0,0,1,1
7949,57738118,-0.0029368065,-0.0037289562,0.0014710112,5003,0,-0.09635349,0.19397616,-10.299812,5003,0,0,1,1
7950,57746124,-0.003845643,-0.0040556192,0.00036675762,8006,0,-0.115381785,0.19238684,-10.297861,8006,0,0,1,1
7951,57751127,-0.004148919,-0.00257051,0.000992249,5003,0,-0.10999968,0.22031552,-10.292622,5003,0,0,1,1
7952,57756131,-0.0034535045,-0.0012418032,0.001160976,5004,0,-0.11484693,0.16632181,-10.309322,5004,0,0,1,1
7953,57764136,-0.0020354353,-0.0034368334,0.000246746,8005,0,-0.12552485,0.1879361,-10.231696,8005,0,0,1,1
7954,57769139,-0.0046343654,-0.004135385,7.282756e-05,5003,0,-0.13848867,0.21672446,-10.283051,5003,0,0,1,1
7955,57774143,-0.0036356489,-0.004008636,0.0014911953,5004,0,-0.104256034,0.18319792,-10.271559,5004,0,0,1,1
7956,57782148,-0.0025593003,-0.0025197119,0.0011528616,8005,0,-0.13229561,0.19927077,-10.339163,8005,0,0,1,1
7957,57790154,-0.004417848,-0.0046337843,0.0006118547,8006,0,-0.123948105,0.2066598,-10.283966,8006,0,0,1,1
7958,57800036,-0.003952455,-0.0029764771,0.00093746843,4879,0,-0.12341097,0.21132593,-10.267818,4879,0,0,1,1
7959,57808166,-0.0032896623,-0.0035218745,-0.00030224584,8130,0,-0.11390115,0.22414076,-10.296278,8130,0,0,1,1
7960,57818173,-0.0044348687,-0.0041752756,-0.00064563705,5004,0,-0.13298526,0.19972408,-10.348169,5004,0,0,1,1
7961,57826178,-0.0034334061,-0.0027155427,0.0015979052,8005,0,-0.12540865,0.21244065,-10.253413,8005,0,0,1,1
7962,57836185,-0.0028902702,-0.0033896267,0.00085838046,5003,0,-0.14136453,0.19277334,-10.246412,5003,0,0,1,1
7963,57844191,-0.0035963205,-0.0029957294,0.0009000066,8006,0,-0.1023487,0.20256263,-10.28611,8006,0,0,1,1
7964,57849194,-0.0034094378,-0.0024244338,0.0026630927,5003,0,-0.08701644,0.20642409,-10.325188,5003,0,0,1,1
7965,57854197,-0.0041818805,-0.0041487217,-0.0012524244,5003,0,-0.1066498,0.18703026,-10.254316,5003,0,0,1,1
7966,57862203,-0.0036251917,-0.0024535507,7.5476244e-05,8006,0,-0.10401097,0.21946684,-10.28425,8006,0,0,1,1
7967,57870208,-0.0038000492,-0.0040678377,0.0017107945,8005,0,-0.12944992,0.2179768,-10.279304,8005,0,0,1,1
7968,57875212,-0.002906084,-0.0032357422,0.00011051819,5004,0,-0.101205386,0.19164056,-10.310938,5004,0,0,1,1
7969,57880215,-0.005466897,-0.0041558295,0.0008256717,5003,0,-0.11526472,0.18702903,-10.319437,5003,0,0,1,1
7970,57888220,-0.0027051345,-0.0027528554,0.00027471266,8005,0,-0.14277057,0.20570402,-10.29038,8005,0,0,1,1
7971,57898227,-0.003576085,-0.0020579398,0.00051902723,5003,0,-0.11598207,0.22916947,-10.256475,5003,0,0,1,1
7972,57906233,-0.0035449748,-0.0030574054,-0.00021940049,8006,0,-0.111588776,0.20647141,-10.269617,8006,0,0,1,1
7973,57916240,-0.0024176128,-0.0038759115,-0.00027315877,5004,0,-0.12675287,0.21624091,-10.297657,5004,0,0,1,1
7974,57924245,-0.0024833903,-0.0028378812,0.0002634572,8005,0,-0.11377665,0.22558863,-10.306708,8005,0,0,1,1
7975,57934252,-0.0032090172,-0.0029901266,0.00029289303,5004,0,-0.108806886,0.21647988,-10.283287,5004,0,0,1,1
7976,57942257,-0.0015232748,-0.003306478,0.0007452175,8005,0,-0.12421737,0.20151244,-10.28544,8005,0,0,1,1
7977,57947261,-0.002756711,-0.0033842623,-0.00012351945,5004,0,-0.101859674,0.22402401,-10.303758,5004,0,0,1,1
7978,57952141,-0.002608236,-0.005001068,-0.00010854471,4880,0,-0.085485615,0.22930826,-10.304072,4880,0,0,1,1
7979,57960270,-0.002546683,-0.002189368,0.00040536886,8129,0,-0.13288794,0.20685713,-10.287048,8129,0,0,1,1
7980,57968275,-0.0022785028,-0.004081458,0.000756955,8005,0,-0.11437557,0.19820547,-10.286416,8005,0,0,1,1
7981,57973278,-0.001957696,-0.0037222651,0.0014046293,5003,0,-0.11359074,0.19540781,-10.281128,5003,0,0,1,1
7982,57978282,-0.0041879974,-0.0024245381,0.0013708586,5004,0,-0.09922409,0.21312927,-10.299812,5004,0,0,1,1
7983,57986287,-0.004304334,-0.0031129268,0.00066801294,8005,0,-0.08871664,0.23150055,-10.290159,8005,0,0,1,1
7984,57996169,-0.0033964666,-0.0026239604,-0.00017341739,5003,0,-0.09994265,0.21097438,-10.291428,5003,0,0,1,1
7985,58004300,-0.002473686,-0.0028984994,0.0014661897,8131,0,-0.13190416,0.19960696,-10.278555,8131,0,0,1,1
7986,58014306,-0.00054113194,-0.0054417104,0.00071838475,5003,0,-0.096052244,0.22425736,-10.297947,5003,0,0,1,1
7987,58022312,-0.0038748085,-0.0026364326,0.00085387815,8006,0,-0.11269227,0.19523337,-10.307889,8006,0,0,1,1
7988,58032194,-0.0036368559,-0.0018293561,0.00058051065,4879,0,-0.09996188,0.18692142,-10.294401,4879,0,0,1,1
7989,58040324,-0.003946755,-0.003790155,0.00027663726,8130,0,-0.12058857,0.20830262,-10.284793,8130,0,0,1,1
7990,58048205,-0.0034775175,-0.0040135384,0.0012969096,7881,0,-0.08410269,0.22876985,-10.293232,7881,0,0,1,1
7991,58053333,-0.003735602,-0.0037425905,-0.00012123538,5128,0,-0.14405003,0.19396913,-10.274521,5128,0,0,1,1
7992,58058336,-0.0024441145,-0.003909081,6.2892213e-06,5003,0,-0.10114285,0.26149216,-10.296696,5003,0,0,1,1
7993,58066217,-0.0035409518,-0.00283958,0.0009899241,7881,0,-0.099737465,0.2182077,-10.272564,7881,0,0,1,1
7994,58076349,-0.002084747,-0.002883643,-0.00016012648,5004,0,-0.12364386,0.21959704,-10.267729,5004,0,0,1,1
7995,58084354,-0.0042762677,-0.0031597463,0.00083088386,8005,0,-0.13238786,0.22051783,-10.277658,8005,0,0,1,1
7996,58094361,-0.003689248,-0.0026808232,0.0001845546,5003,0,-0.11559444,0.19648528,-10.291754,5003,0,0,1,1
7997,58102366,-0.0025307422,-0.003918156,-0.0002151653,8005,0,-0.13558571,0.1953813,-10.308927,8005,0,0,1,1
7998,58112373,-0.0031358227,-0.0040022135,-0.0014849012,5003,0,-0.10209613,0.20210941,-10.245218,5003,0,0,1,1
7999,58120379,-0.0034712814,-0.0029818267,0.0013899386,8006,0,-0.1152354,0.2051076,-10.249081,8006,0,0,1,1
8000,58128384,-0.0045083202,-0.003614932,0.00055343,8005,0,-0.09653167,0.19047777,-10.257743,8005,0,0,1,1
8001,58133387,-0.004947193,-0.004321873,0.0010182613,5003,0,-0.12699574,0.18391824,-10.216734,5003,0,0,1,1
8002,58138391,-0.0027370565,-0.0028899312,-0.0010253661,5004,0,-0.120297045,0.20786047,-10.283287,5004,0,0,1,1
8003,58146396,-0.0013373457,-0.0023186207,0.0022099898,8005,0,-0.09692228,0.18934117,-10.255718,8005,0,0,1,1
8004,58151400,-0.0028038658,-0.0029234886,0.0014639888,5004,0,-0.09682894,0.14369217,-10.335953,5004,0,0,1,1
8005,58156403,-0.0017246566,-0.0028837174,-0.0007194923,5003,0,-0.09779082,0.18033409,-10.23229,5003,0,0,1,1
8006,58164409,-0.0050064735,-0.0032358018,0.00061641657,8006,0,-0.122865826,0.19508424,-10.297998,8006,0,0,1,1
8007,58174415,-0.005380269,-0.0037426949,0.0013307123,5003,0,-0.11119582,0.21839388,-10.309633,5003,0,0,1,1
8008,58182421,-1.3392419e-05,-0.0014212877,0.0011941546,8006,0,-0.17419389,0.24984498,-10.23681,8006,0,0,1,1
8009,58192428,-0.0030768178,-0.0032899976,0.003215274,5004,0,-0.0702566,0.13052881,-10.269646,5004,0,0,1,1
8010,58200433,-0.003987122,-0.003972277,0.00066122646,8005,0,-0.10236838,0.21917404,-10.278553,8005,0,0,1,1
8011,58208439,-0.0026715547,-0.0035474896,0.0012191932,8006,0,-0.14097546,0.207353,-10.292776,8006,0,0,1,1
8012,58213442,-0.002923254,-0.001205638,0.0006125078,5003,0,-0.096347034,0.17506424,-10.288792,5003,0,0,1,1
8013,58218445,-0.0040019937,-0.0034297109,0.0006050968,5003,0,-0.049661774,0.19588491,-10.271553,5003,0,0,1,1
8014,58226451,-0.0028094647,-0.003164932,0.0022308987,8006,0,-0.14321715,0.23084328,-10.276613,8006,0,0,1,1
8015,58231454,-0.0027000867,-0.0028488338,0.001324692,5003,0,-0.08895338,0.16335788,-10.264135,5003,0,0,1,1
8016,58236458,-0.0032167248,-0.0050538033,0.00027933996,5004,0,-0.0951529,0.17769396,-10.226072,5004,0,0,1,1
8017,58244463,-0.0045900345,-0.0018623172,0.0011987942,8005,0,-0.1373834,0.20690309,-10.276013,8005,0,0,1,1
8018,58249466,-0.0023306943,-0.0033628342,0.0007717223,5003,0,-0.06546552,0.25287366,-10.28017,5003,0,0,1,1
8019,58254470,-0.0019511655,-0.0050406307,0.000738899,5004,0,-0.099703744,0.14633325,-10.27874,5004,0,0,1,1
8020,58262475,-0.006021976,-0.0033458618,-0.00011390959,8005,0,-0.10223647,0.1638966,-10.27349,8005,0,0,1,1
8021,58272482,-0.002949886,-0.0018647164,-0.00013359822,5003,0,-0.13776964,0.1961263,-10.271549,5003,0,0,1,1
8022,58280488,-0.0027740335,-0.0033682436,0.00082340767,8006,0,-0.108013615,0.17667364,-10.270699,8006,0,0,1,1
8023,58288368,-0.0027406886,-0.0050482154,0.002007608,7880,0,-0.1273497,0.20578225,-10.284358,7880,0,0,1,1
8024,58293496,-0.0012798123,-0.0029195545,0.00048555803,5128,0,-0.102877736,0.17747211,-10.2554,5128,0,0,1,1
8025,58298375,-0.0019671135,-0.003946632,0.0014156931,4879,0,-0.06751427,0.19268928,-10.276907,4879,0,0,1,1
8026,58306505,-0.0031837486,-0.0039518625,0.0012799685,8130,0,-0.10911481,0.20018122,-10.259701,8130,0,0,1,1
8027,58311509,-0.008214615,-0.004199356,0.0044725635,5004,0,-0.11107692,0.21117714,-10.320805,5004,0,0,1,1
8028,58316512,-0.006485306,-0.0057864934,0.0035945254,5003,0,-0.10904257,0.17841291,-10.20116,5003,0,0,1,1
8029,58324518,-0.0022967495,-0.0038596836,0.007240043,8006,0,-0.15084907,0.24536464,-10.272869,8006,0,0,1,1
8030,58329521,-0.0023777448,-0.0025041848,0.009088075,5003,0,-0.1368178,0.23036206,-10.266533,5003,0,0,1,1
8031,58334524,-0.0019915774,-0.001259163,0.007396426,5003,0,-0.13562022,0.21145274,-10.26556,5003,0,0,1,1
8032,58342530,-0.00060828397,-0.0031360686,0.0053932522,8006,0,-0.092790134,0.21453455,-10.229176,8006,0,0,1,1
8033,58350536,-0.004897967,-0.0026865602,0.007665197,8006,0,-0.13214628,0.2212668,-10.269581,8006,0,0,1,1
8034,58360542,-0.0026099049,-0.004914269,0.009200314,5003,0,-0.12269307,0.18152827,-10.247129,5003,0,0,1,1
8035,58368548,0.00017495453,-0.0031514612,0.016858466,8006,0,-0.139136,0.18782364,-10.28726,8006,0,0,1,1
8036,58378554,0.0023435056,-0.0050207824,0.024846384,5003,0,-0.13249958,0.09413397,-10.159494,5003,0,0,1,1
8037,58386560,-0.004909847,-0.004030332,0.038258184,8006,0,-0.1031201,0.15887535,-10.267939,8006,0,0,1,1
8038,58391563,-0.016539544,-0.007917851,0.03523381,5003,0,-0.075271785,0.20547684,-10.403032,5003,0,0,1,1
8039,58396567,-0.014354498,-0.008428991,0.028727384,5004,0,-0.14161137,0.22748515,-10.195425,5004,0,0,1,1
8040,58404572,-0.0014028436,-0.0050656945,0.031053944,8005,0,-0.15863885,0.33648083,-10.277328,8005,0,0,1,1
8041,58409576,0.004926376,0.0021839887,0.027183846,5004,0,-0.23044802,0.21216828,-10.168171,5004,0,0,1,1
8042,58414579,0.01633086,0.0035941452,0.025128918,5003,0,-0.09778269,0.25239608,-10.204285,5003,0,0,1,1
8043,58422584,-0.011308028,-0.0066645737,0.007612243,8005,0,-0.017959526,0.1205545,-10.245021,8005,0,0,1,1
8044,58430590,-0.0027489737,-0.0035021452,0.00782524,8006,0,-0.20560381,0.3152522,-10.351572,8006,0,0,1,1
8045,58440597,-0.00017417595,-0.0013121665,0.0009044525,5004,0,-0.17679977,0.08241746,-10.034555,5004,0,0,1,1
8046,58448602,-0.009425013,-0.007058635,0.0011100079,8005,0,-0.077831164,0.14004387,-10.327834,8005,0,0,1,1
8047,58458609,-0.006267562,-0.002618298,0.001395894,5004,0,-0.23042601,0.19495097,-9.850027,5004,0,0,1,1
8048,58466614,-0.0011203586,-0.0030230284,-4.0589828e-05,8005,0,-0.027552038,0.23368628,-10.331844,8005,0,0,1,1
8049,58476621,-0.005813472,-0.00026012957,0.0033613804,5003,0,-0.2608325,0.18870562,-10.148197,5003,0,0,1,1
8050,58484627,-0.0025393628,-0.003772959,0.0011038485,8006,0,-0.019019358,0.21124393,-10.2909775,8006,0,0,1,1
8051,58492632,-0.0016192681,-0.0033975688,0.0011284231,8005,0,-0.20786653,0.16934058,-10.294727,8005,0,0,1,1
8052,58497635,-0.0070711593,-0.0011657774,0.0010316947,5003,0,-0.06283395,0.2392227,-10.342665,5003,0,0,1,1
8053,58502639,-0.0039089397,-0.0049405843,-0.0018248647,5004,0,-0.008959241,0.23755547,-10.177704,5004,0,0,1,1
8054,58510644,-0.004582278,-0.0027488319,-0.0005492121,8005,0,-0.19245271,0.15916513,-10.299657,8005,0,0,1,1
8055,58515648,-0.0039820373,-0.0028836727,0.00045278552,5004,0,-0.041051786,0.28016162,-10.379761,5004,0,0,1,1
8056,58520651,-0.00023281203,-0.0050477535,0.000758284,5003,0,-0.122214034,0.21480474,-10.221512,5003,0,0,1,1
8057,58528657,-0.004144907,-0.0011554062,0.00017033005,8006,0,-0.1465043,0.17967165,-10.234863,8006,0,0,1,1
8058,58538663,5.9612095e-05,-0.002437517,0.0026493757,5003,0,-0.16817309,0.21289387,-10.260298,5003,0,0,1,1
8059,58546544,-0.0054190825,-0.0011734068,0.0044413693,7881,0,-0.12501663,0.16866736,-10.279248,7881,0,0,1,1
8060,58556676,-0.002603896,-0.00476785,-0.0005701836,5126,0,-0.14055632,0.1573962,-10.389759,5126,0,0,1,1
8061,58564681,-0.00587479,-0.0024522839,0.00079536455,8005,0,-0.13011567,0.18775211,-10.25765,8005,0,0,1,1
8062,58572687,-0.0029415041,-0.0044833715,-0.0009934353,8006,0,-0.074980155,0.2134859,-10.290846,8006,0,0,1,1
8063,58577691,-0.003761962,0.0010654628,0.0020034877,5004,0,-0.2632178,0.15877885,-10.235607,5004,0,0,1,1
8064,58582694,0.0027242973,-0.0018260628,0.0009506541,5003,0,0.02362363,0.27085793,-10.296215,5003,0,0,1,1
8065,58590699,-0.01141066,-0.0038264687,0.0058437907,8005,0,-0.16297652,0.14479844,-10.365946,8005,0,0,1,1
8066,58595702,0.012364159,0.0014845729,-0.0063648825,5003,0,-0.11649341,0.19827479,-10.025606,5003,0,0,1,1
8067,58600581,-0.009106868,-0.009926677,-0.0026699156,4879,0,0.19296794,0.25787032,-10.436732,4879,0,0,1,1
8068,58608589,-0.008061014,-0.0011817366,0.0034529332,8008,0,-0.3597073,0.11321145,-10.35508,8008,0,0,1,1
8069,58613715,0.002341181,-0.0011979342,0.004425978,5126,0,0.13925028,0.28997973,-9.917242,5126,0,0,1,1
8070,58618718,-0.008090302,-0.011599004,0.008420091,5003,0,-0.06573518,0.2758485,-10.565777,5003,0,0,1,1
8071,58626723,0.0027845835,0.0011671633,-0.0023928292,8005,0,-0.20255084,0.16157717,-10.460501,8005,0,0,1,1
8072,58636730,-0.019009203,-0.0077571874,0.0015911856,5003,0,-0.26873505,0.16212922,-10.783018,5003,0,0,1,1
8073,58644736,-0.0001366511,-0.0014358163,0.0014388971,8006,0,-0.099170536,0.27339706,-10.286829,8006,0,0,1,1
8074,58654743,-0.0018908121,0.0010484159,0.0011675113,5004,0,-0.2116657,0.12683561,-10.428286,5004,0,0,1,1
8075,58662748,0.0007129945,-0.0048444713,-0.0016404404,8005,0,0.006803326,0.24975389,-10.278266,8005,0,0,1,1
8076,58670754,-0.003980417,-0.0029592812,-0.0056845313,8006,0,-0.21092542,0.16375649,-10.210928,8006,0,0,1,1
8077,58675757,-0.011992343,-0.008615851,-0.0019691535,5003,0,0.05807683,0.23420075,-10.567987,5003,0,0,1,1
8078,58680760,-0.0051399097,-0.0059459507,0.00047469165,5003,0,-0.21403643,0.17398342,-9.922672,5003,0,0,1,1
8079,58688766,0.00042962655,-3.091991e-05,0.002528358,8006,0,-0.1549522,0.27696806,-10.307102,8006,0,0,1,1
8080,58693769,0.0011710152,-0.00480102,0.0011123777,5003,0,-0.004419595,0.20689951,-10.380478,5003,0,0,1,1
8081,58698773,-0.0071456134,-0.002499342,0.0004387272,5004,0,-0.21259294,0.05732149,-10.214838,5004,0,0,1,1
8082,58706778,-0.0077187265,-0.004827633,-0.002554541,8005,0,-0.035207957,0.219945,-10.288241,8005,0,0,1,1
8083,58711782,0.00033932924,-0.0063983058,-0.0007197694,5004,0,-0.20194896,0.2590894,-10.286392,5004,0,0,1,1
8084,58716785,0.0019900054,0.0004787296,0.00219704,5003,0,-0.2704112,0.17026964,-10.272516,5003,0,0,1,1
8085,58724790,-0.0005238578,-0.0041375607,0.0019120212,8005,0,0.011928513,0.19046293,-10.28012,8005,0,0,1,1
8086,58734797,-0.001611121,-8.752942e-05,0.001711214,5003,0,-0.16052389,0.22892371,-10.224382,5003,0,0,1,1
8087,58742803,-0.002338916,-0.0032104105,0.0017182955,8006,0,-0.06705665,0.2513413,-10.277814,8006,0,0,1,1
8088,58750808,-0.003721617,-0.001385793,0.00043402752,8005,0,-0.1434411,0.16002905,-10.288375,8005,0,0,1,1
8089,58755811,-0.005067218,-0.005200386,0.0005920583,5003,0,0.001816906,0.22222877,-10.278023,5003,0,0,1,1
8090,58760690,-0.0034414567,-0.0052724634,0.0006555624,4879,0,-0.16957897,0.2133153,-10.282223,4879,0,0,1,1
8091,58768695,-0.00057972217,-0.0013371258,0.00062741013,8005,0,-0.12466136,0.23769017,-10.268132,8005,0,0,1,1
8092,58773824,-0.002595976,-0.0051342845,0.0005448356,5129,0,-0.052704062,0.19449681,-10.286839,5129,0,0,1,1
8093,58778827,-0.0020173192,-0.0037025511,0.0022237834,5003,0,-0.20026222,0.14872444,-10.291908,5003,0,0,1,1
8094,58786833,-0.0023477224,-0.0032317191,0.00013767742,8006,0,-0.08800128,0.23563512,-10.252371,8006,0,0,1,1
8095,58791836,-0.001179155,-0.0048628002,0.0007412897,5003,0,-0.17443518,0.1873877,-10.324167,5003,0,0,1,1
8096,58796839,-0.004969619,-0.0023335516,0.00094089186,5003,0,-0.16097012,0.17410022,-10.24555,5003,0,0,1,1
8097,58804845,-0.0035401245,-0.0046856403,0.0015105152,8006,0,-0.058916334,0.22878553,-10.29508,8006,0,0,1,1
8098,58814852,-0.0028392898,0.00049363077,6.8196096e-05,5127,0,-0.15032376,0.21508409,-10.302134,5127,0,0,1,1
8099,58822732,-0.0038132,-0.0049748276,0.0007038813,7880,0,-0.12227327,0.20581935,-10.319212,7880,0,0,1,1
8100,58832864,-0.004188977,-0.0031332523,0.0009984707,5003,0,-0.060886726,0.21466431,-10.279236,5003,0,0,1,1
8101,58840869,-0.0029324067,-0.004052788,-0.0006241095,8005,0,-0.1151031,0.1871882,-10.28804,8005,0,0,1,1
8102,58848875,-0.0030970422,-0.004176289,0.0005246473,8006,0,-0.104466125,0.2245574,-10.310131,8006,0,0,1,1
8103,58853878,-0.0041457005,-0.0039712936,0.0006621133,5003,0,-0.09134974,0.22327827,-10.2941475,5003,0,0,1,1
8104,58858757,-0.0027812573,-0.0014306755,0.00019326668,4879,0,-0.1403208,0.19070019,-10.282655,4879,0,0,1,1
8105,58866762,-0.0021086445,-0.0030815005,0.0006909277,8005,0,-0.0952414,0.24488923,-10.27964,8005,0,0,1,1
8106,58871765,-0.00212425,-0.002950415,-0.00024024026,5003,0,-0.13274124,0.18919039,-10.297178,5003,0,0,1,1
8107,58876771,-0.004014645,-0.002191141,0.0018289814,5006,0,-0.12487376,0.17930451,-10.270241,5006,0,0,1,1
8108,58884900,-0.0029063968,-0.0053185965,0.0003662319,8129,0,-0.094447,0.21361665,-10.21817,8129,0,0,1,1
8109,58889903,-0.003835544,-0.003655851,0.00012606569,5003,0,-0.20049387,0.19181791,-10.311548,5003,0,0,1,1
8110,58894906,-0.003549192,-0.002637446,-0.00016016094,5003,0,-0.083187774,0.20067832,-10.348413,5003,0,0,1,1
8111,58902788,-0.004696749,-0.003725201,0.0013344975,7882,0,-0.092994936,0.18474352,-10.292549,7882,0,0,1,1
8112,58910917,-0.003513906,-0.0033293662,-2.2075603e-05,8129,0,-0.14644012,0.2048309,-10.272573,8129,0,0,1,1
8113,58920924,-0.0046144575,-0.004188329,-0.00055971835,5003,0,-0.15142158,0.18320206,-10.281616,5003,0,0,1,1
8114,58928929,-0.0034851057,-0.0034019945,-0.00015963985,8005,0,-0.1307798,0.2206284,-10.280051,8005,0,0,1,1
8115,58938936,-0.003436152,-0.0016986877,0.00090459734,5003,0,-0.14926738,0.2095311,-10.26556,5003,0,0,1,1
8116,58946942,-0.0026970804,-0.0034021586,0.0015108753,8006,0,-0.10685913,0.21288979,-10.286939,8006,0,0,1,1
8117,58951945,-0.001751434,-0.0028567463,0.0015712357,5003,0,-0.13370074,0.1741007,-10.267248,5003,0,0,1,1
8118,58956948,-0.004581526,-0.0022111684,0.0021236143,5003,0,-0.12005217,0.21839339,-10.269157,5003,0,0,1,1
8119,58964954,-0.0022824705,-0.003796026,-0.00044824881,8006,0,-0.067577295,0.22018424,-10.263594,8006,0,0,1,1
8120,58972959,-0.0035665333,-0.0041053444,-0.00041581687,8005,0,-0.14531505,0.18490784,-10.298163,8005,0,0,1,1
8121,58982966,-0.0007931403,-0.002504021,-0.0003998722,5003,0,-0.08438248,0.1846298,-10.26293,5003,0,0,1,1
8122,58990972,-0.0041249655,-0.0033208576,0.0010943625,8006,0,-0.11641082,0.15900001,-10.315439,8006,0,0,1,1
8123,59000978,-0.0044923984,-0.0035086868,0.00094063603,5003,0,-0.15192668,0.24416064,-10.276136,5003,0,0,1,1
8124,59008984,-0.002572231,-0.0021619499,0.001428131,8006,0,-0.106261775,0.20750222,-10.271673,8006,0,0,1,1
8125,59018991,-0.0042681433,-0.0026442856,0.0005722083,5004,0,-0.1253218,0.20067646,-10.286633,5004,0,0,1,1
8126,59026996,-0.0016026607,-0.002178788,0.00027485468,8005,0,-0.118678406,0.22066937,-10.285741,8005,0,0,1,1
8127,59032000,-0.002963297,-0.004548028,0.00047879035,5004,0,-0.104249574,0.16955349,-10.292381,5004,0,0,1,1
8128,59037003,-0.0053808503,-0.002810046,-0.0010258318,5003,0,-0.122929946,0.16500604,-10.285446,5003,0,0,1,1
8129,59045008,-0.0042824186,-0.003589317,0.0005331787,8005,0,-0.11074703,0.19537874,-10.2948675,8005,0,0,1,1
8130,59053014,-0.0030370317,-0.0022889525,0.0008636925,8006,0,-0.113510765,0.19697021,-10.310974,8006,0,0,1,1
8131,59058017,-0.0034893898,-0.0023043603,0.0011715582,5003,0,-0.111438684,0.18942705,-10.252163,5003,0,0,1,1
8132,59063021,-0.0031028725,-0.0034295917,0.00027951645,5004,0,-0.098025076,0.1642881,-10.271804,5004,0,0,1,1
8133,59071026,-0.002697397,-0.002540901,0.0010531431,8005,0,-0.13124925,0.21782918,-10.290981,8005,0,0,1,1
8134,59081033,-0.0028899163,-0.0044680387,0.0007385083,5003,0,-0.08892874,0.21935552,-10.288317,5003,0,0,1,1
8135,59089038,-0.0032004525,-0.003210589,0.0004907976,8005,0,-0.10879952,0.18670128,-10.302355,8005,0,0,1,1
8136,59099045,-0.0027031973,-0.0031170696,0.0021970817,5003,0,-0.14590864,0.19925416,-10.316326,5003,0,0,1,1
8137,59107051,-0.004199162,-0.0037889034,0.0011867327,8006,0,-0.13065118,0.18760052,-10.24115,8006,0,0,1,1
8138,59117058,-0.0044679902,-0.0032963455,0.0013049811,5004,0,-0.15812245,0.20785785,-10.311064,5004,0,0,1,1
8139,59125063,-0.0018731355,-0.0031565577,0.0011453085,8005,0,-0.11179309,0.19792815,-10.276757,8005,0,0,1,1
8140,59133068,-0.0022311246,-0.002549231,0.0004499133,8005,0,-0.11673238,0.18909685,-10.268831,8005,0,0,1,1
8141,59138072,-0.0038221814,-0.0023776293,-0.0010124608,5004,0,-0.09443856,0.23850378,-10.290947,5004,0,0,1,1
8142,59143075,-0.0031099694,-0.0014188588,-0.0007328987,5003,0,-0.13848867,0.23635137,-10.232771,5003,0,0,1,1
8143,59151081,-0.0032417064,-0.0038177965,0.0007577701,8006,0,-0.11777808,0.20690246,-10.29397,8006,0,0,1,1
8144,59156084,-0.0038820691,-0.0030101985,0.00054552406,5003,0,-0.13154462,0.2069045,-10.290228,5003,0,0,1,1
8145,59160963,-0.0040183924,-0.0024398419,0.00039386097,4879,0,-0.112059735,0.2276219,-10.24232,4879,0,0,1,1
8146,59169093,-0.0031659305,-0.004061669,0.0013661822,8130,0,-0.12452841,0.1897362,-10.2762165,8130,0,0,1,1
8147,59179100,-0.000692524,-0.005127251,-0.00020012027,5004,0,-0.09802987,0.22988917,-10.263184,5004,0,0,1,1
8148,59187105,-0.0025510897,-0.0038806198,0.00082816154,8005,0,-0.117929935,0.1926955,-10.259099,8005,0,0,1,1
8149,59197112,-0.0045414753,-0.003083378,0.0023032974,5003,0,-0.1365778,0.21647608,-10.257427,5003,0,0,1,1
8150,59205118,-0.0031128041,-0.0040970296,0.0006544008,8006,0,-0.096533954,0.20810002,-10.30175,8006,0,0,1,1
8151,59213123,-0.0033588556,-0.004263431,0.0001503066,8005,0,-0.12676185,0.19688062,-10.27108,8005,0,0,1,1
8152,59218126,-0.0034494624,-0.0043881536,0.0009781988,5003,0,-0.103298016,0.20906022,-10.282091,5003,0,0,1,1
8153,59223130,-0.0025971346,-0.0042750686,0.001544694,5004,0,-0.07935471,0.20403114,-10.283764,5004,0,0,1,1
8154,59231135,-0.0036083122,-0.0036101043,0.00025011037,8005,0,-0.147109,0.20046653,-10.269282,8005,0,0,1,1
8155,59236139,-0.0017115549,-0.0032564849,0.0020233362,5004,0,-0.10329649,0.21911474,-10.279219,5004,0,0,1,1
8156,59241142,-0.0007996745,-0.004255101,0.0010182243,5003,0,-0.11047823,0.19277287,-10.275148,5003,0,0,1,1
8157,59249147,-0.0029363555,-0.0029871163,-0.0002764328,8005,0,-0.13154803,0.17572387,-10.267428,8005,0,0,1,1
8158,59254151,-0.004567515,-0.0019183458,-6.045634e-05,5004,0,-0.11262665,0.18295985,-10.225595,5004,0,0,1,1
8159,59259154,-0.002297338,-0.002930209,0.00017287582,5003,0,-0.12891544,0.19493186,-10.257423,5003,0,0,1,1
8160,59267160,-0.0040452294,-0.00208731,0.00012971973,8006,0,-0.11104794,0.20450842,-10.286636,8006,0,0,1,1
8161,59277167,-0.0035427287,-0.0027971864,0.00017904444,5004,0,-0.12556031,0.2061868,-10.332838,5004,0,0,1,1
8162,59285172,-0.0025681702,-0.0031732318,-0.0007402575,8005,0,-0.143665,0.20600398,-10.242646,8005,0,0,1,1
8163,59293177,-0.0022101586,-0.0035437045,0.0016561422,8005,0,-0.16297323,0.19149393,-10.241296,8005,0,0,1,1
8164,59298181,-0.0025442056,-0.0028171986,0.00018649176,5004,0,-0.09420436,0.17697412,-10.273233,5004,0,0,1,1
8165,59303184,-0.0023976043,-0.0015054494,-0.00039990942,5003,0,-0.09634919,0.19612806,-10.327581,5003,0,0,1,1
8166,59311190,-0.0034291034,-0.004159361,0.0018607501,8006,0,-0.10850362,0.22201502,-10.281851,8006,0,0,1,1
8167,59316193,-0.005772952,-0.004581183,-0.0007197419,5003,0,-0.1164599,0.23802486,-10.297649,5003,0,0,1,1
8168,59321197,-0.004620634,-0.0035093727,-0.00050655473,5004,0,-0.113113716,0.21671627,-10.269161,5004,0,0,1,1
8169,59329202,-0.0037953479,-0.003997117,0.00019626737,8005,0,-0.09473564,0.21274094,-10.29382,8005,0,0,1,1
8170,59334081,-0.0006366745,-0.0043163747,0.0035535467,4879,0,-0.13867444,0.2066894,-10.336512,4879,0,0,1,1
8171,59339209,0.0013105944,-0.0026758611,0.002939629,5128,0,-0.12736812,0.2290345,-10.29665,5128,0,0,1,1
8172,59347214,0.0029701702,-0.0029530376,0.0013858654,8005,0,-0.076180056,0.20495166,-10.2622385,8005,0,0,1,1
8173,59352218,-0.017417595,-0.005573347,-0.00023316174,5004,0,-0.10928749,0.11352848,-10.402737,5004,0,0,1,1
8174,59357221,-0.008082211,-0.0045880526,-0.0005739196,5003,0,-0.1176649,0.13794574,-10.151594,5003,0,0,1,1
8175,59365227,-0.0050133206,-0.006281957,-0.0013050712,8006,0,-0.10629946,0.31388256,-10.336128,8006,0,0,1,1
8176,59375233,-0.0047618374,0.00021392106,0.0027348006,5003,0,-0.06864933,0.15952563,-10.155357,5003,0,0,1,1
8177,59383239,-0.0011515355,-0.0063904524,0.001799087,8006,0,-0.090598986,0.21850446,-10.271259,8006,0,0,1,1
8178,59391244,0.00066549325,0.0010170192,0.0010464225,8005,0,-0.20996253,0.24221776,-10.344707,8005,0,0,1,1
8179,59396248,-0.003176812,-0.004247606,0.0012580547,5004,0,-0.02022452,0.12527364,-10.212406,5004,0,0,1,1
8180,59401251,-0.010806285,-0.0069182217,-0.00029985048,5003,0,-0.17104656,0.1372329,-10.287117,5003,0,0,1,1
8181,59409257,-0.0031295046,-0.003539145,0.0014024755,8006,0,-0.13812849,0.26795238,-10.287085,8006,0,0,1,1
8182,59414260,-0.0004668459,-0.003516227,0.0016040655,5003,0,-0.13681611,0.20283233,-10.273951,5003,0,0,1,1
8183,59419264,-0.0023050383,-0.0020748228,0.0016826419,5004,0,-0.11499215,0.10997263,-10.269497,5004,0,0,1,1
8184,59427269,-0.0038938855,-0.0056574643,0.0008197531,8005,0,-0.0626191,0.22303142,-10.291674,8005,0,0,1,1
8185,59432272,-0.003133774,-0.0029740334,0.00060605514,5003,0,-0.17631543,0.2716138,-10.260513,5003,0,0,1,1
8186,59437276,-0.0025905147,-0.000107720494,0.0017906303,5004,0,-0.12747678,0.15973985,-10.281614,5004,0,0,1,1
8187,59445281,-0.0017328224,-0.0052435542,-0.000843035,8005,0,-0.043129753,0.14895575,-10.291499,8005,0,0,1,1
8188,59450285,-0.0038618895,-0.0028105378,0.0020570855,5004,0,-0.15716651,0.17266512,-10.333567,5004,0,0,1,1
8189,59455288,-0.0032432154,-0.0009056181,0.0012446367,5003,0,-0.12580557,0.19134533,-10.27298,5003,0,0,1,1
8190,59463169,-0.0023017188,-0.004025206,-0.0002925829,7881,0,-0.06610776,0.18752192,-10.309817,7881,0,0,1,1
8191,59473176,-0.0041897334,-0.0022281855,0.0012561355,5001,0,-0.12762633,0.2374552,-10.258532,5001,0,0,1,1
8192,59481306,-0.0013742335,-0.0027914047,0.00039175153,8130,0,-0.105262294,0.1919811,-10.253923,8130,0,0,1,1
8193,59489311,-0.006038464,-0.0039636637,0.00089128077,8005,0,-0.13065016,0.17697126,-10.313125,8005,0,0,1,1
8194,59494315,-0.004301749,-0.004481435,0.00047917455,5004,0,-0.07887553,0.20953584,-10.365171,5004,0,0,1,1
8195,59499319,-0.0008988865,-0.0028435588,0.00042585097,5004,0,-0.13681579,0.24329625,-10.245943,5004,0,0,1,1
8196,59507324,-0.0009746364,-0.0027585176,0.0011260828,8005,0,-0.12701324,0.19405226,-10.309435,8005,0,0,1,1
8197,59512327,-0.0031367878,-0.004101962,0.0002726945,5003,0,-0.095154,0.19445187,-10.337404,5003,0,0,1,1
8198,59517331,-0.0039220154,-0.003842622,0.00086504826,5004,0,-0.10042623,0.14273977,-10.219607,5004,0,0,1,1
8199,59525336,-0.0039325277,-0.0027946827,-0.0005115825,8005,0,-0.09427983,0.21483336,-10.268375,8005,0,0,1,1
8200,59530339,-0.0033769906,-0.0049051493,0.00018453412,5003,0,-0.14979832,0.18550748,-10.276257,5003,0,0,1,1
8201,59535343,-0.005366925,-0.0049672276,2.0160805e-05,5004,0,-0.11837699,0.16620407,-10.234686,5004,0,0,1,1
8202,59543348,-0.0035749597,-0.004846021,-6.6413544e-05,8005,0,-0.09264038,0.23473567,-10.270625,8005,0,0,1,1
8203,59548352,-0.0013323091,-0.0023712218,0.0009715562,5004,0,-0.13466321,0.2071442,-10.318478,5004,0,0,1,1
8204,59553355,-0.002197858,-0.0032631757,0.00041250934,5003,0,-0.12077095,0.18678999,-10.294783,5003,0,0,1,1
8205,59561360,-0.0033549292,-0.0034052727,0.00088430796,8005,0,-0.094471246,0.21687345,-10.269299,8005,0,0,1,1
8206,59569366,-0.0028425008,-0.00305669,0.00077869906,8006,0,-0.11344065,0.20241548,-10.2556715,8006,0,0,1,1
8207,59579373,-0.0033625811,-0.003762618,0.0011181687,5004,0,-0.09180274,0.1944553,-10.291183,5004,0,0,1,1
8208,59587378,-0.004910696,-0.0030606836,0.002006219,8005,0,-0.09997521,0.20315908,-10.285593,8005,0,0,1,1
8209,59592382,-0.0025907233,-0.0040956438,-0.0003331825,5004,0,-0.12795451,0.21935116,-10.247618,5004,0,0,1,1
8210,59597385,-0.0038355067,-0.0042084455,0.001184755,5003,0,-0.13681206,0.19349355,-10.255753,5003,0,0,1,1
8211,59605390,-0.0029008982,-0.0033105162,0.0009658322,8005,0,-0.09323931,0.20316207,-10.271377,8005,0,0,1,1
8212,59610394,-0.0033960305,-0.00456132,0.000745157,5004,0,-0.1265201,0.20833841,-10.241869,5004,0,0,1,1
8213,59615397,-0.0005264431,-0.0038022848,0.0004457259,5003,0,-0.14639173,0.21599992,-10.221508,5003,0,0,1,1
8214,59623403,-0.0042617507,-0.0036436021,0.00076598465,8006,0,-0.087255895,0.2100434,-10.271679,8006,0,0,1,1
8215,59631408,-0.0044863443,-0.0038183478,0.000894959,8005,0,-0.14471583,0.22455971,-10.280056,8005,0,0,1,1
8216,59641415,-0.0033627711,-0.0031500459,0.00089846115,5003,0,-0.109279454,0.188474,-10.289286,5003,0,0,1,1
8217,59649421,-0.0016404203,-0.0033564118,0.0006158836,8006,0,-0.11358957,0.21109429,-10.264347,8006,0,0,1,1
8218,59659427,-0.001971133,-0.003695801,9.297719e-05,5003,0,-0.098747924,0.2121698,-10.27084,5003,0,0,1,1
8219,59667433,-0.0042378344,-0.0042425687,0.0010823596,8006,0,-0.112973675,0.2018524,-10.288056,8006,0,0,1,1
8220,59677315,-0.0045180847,-0.0030177534,-9.580004e-05,4879,0,-0.085653335,0.21328782,-10.298118,4879,0,0,1,1
8221,59685445,-0.0014673173,-0.002236545,0.0017548108,8130,0,-0.090532064,0.2215778,-10.296749,8130,0,0,1,1
8222,59690448,-0.0034427901,-0.0022845715,0.0011779999,5003,0,-0.122202784,0.21025372,-10.283045,5003,0,0,1,1
8223,59695452,-0.0044943094,-0.003076628,-0.00011328794,5004,0,-0.11694593,0.22677633,-10.296696,5004,0,0,1,1
8224,59703457,-0.004469882,-0.0031691638,0.00048318272,8005,0,-0.11343912,0.2154323,-10.284092,8005,0,0,1,1
8225,59711463,-0.0034294203,-0.0031939745,0.0016485938,8006,0,-0.11538582,0.20630527,-10.308634,8006,0,0,1,1
8226,59721470,-0.0025238954,-0.0038291812,0.0011383891,5004,0,-0.10354051,0.24664375,-10.282333,5004,0,0,1,1
8227,59729475,-0.0023182444,-0.0032854227,0.00060021505,8005,0,-0.13932717,0.19373496,-10.274366,8005,0,0,1,1
8228,59739482,-0.0016320796,-0.0038357824,2.603326e-05,5003,0,-0.11861818,0.18942252,-10.287836,5003,0,0,1,1
8229,59747487,-0.0029455868,-0.0032321063,0.00027599462,8005,0,-0.092209995,0.20099236,-10.278894,8005,0,0,1,1
8230,59757494,-0.0040290058,-0.0022111088,-0.00032007974,5003,0,-0.13585734,0.18774974,-10.311775,5003,0,0,1,1
8231,59765500,-0.0028924122,-0.004080236,-9.959284e-05,8006,0,-0.10925169,0.22755057,-10.277809,8006,0,0,1,1
8232,59773505,-0.0035292206,-0.0023990867,0.0021310989,8005,0,-0.12690885,0.20436229,-10.300855,8005,0,0,1,1
8233,59778509,-0.0030431822,-0.004075423,-0.0004067053,5004,0,-0.12939587,0.2040326,-10.293829,5004,0,0,1,1
8234,59783512,-0.0017998666,-0.00559932,-0.00033595832,5003,0,-0.086441696,0.22983016,-10.307495,5003,0,0,1,1
8235,59791517,-0.0027902757,-0.0026761142,0.00094221014,8005,0,-0.11262082,0.2159701,-10.279929,8005,0,0,1,1
8236,59796521,-0.0010593459,-0.0050871074,0.0016242736,5004,0,-0.09754806,0.21671988,-10.236841,5004,0,0,1,1
8237,59801524,-0.0041617826,-0.0034030974,-0.0005000029,5003,0,-0.09299883,0.22438034,-10.304115,5003,0,0,1,1
8238,59809530,-0.0035044812,-0.0035644919,0.0011780639,8006,0,-0.12077247,0.19657701,-10.269576,8006,0,0,1,1
8239,59819536,-0.0031636467,-0.004435241,0.0027619433,5003,0,-0.13729516,0.21671368,-10.315134,5003,0,0,1,1
8240,59827542,-0.0011532754,-0.0025782138,0.001366884,8006,0,-0.13109557,0.19418637,-10.298473,8006,0,0,1,1
8241,59835548,-0.0048378035,-0.0041555315,-0.0006212713,8006,0,-0.08411197,0.16918525,-10.333347,8006,0,0,1,1
8242,59840551,-0.011730425,-0.0047410876,0.002808589,5003,0,-0.08390369,0.12406078,-10.057728,5003,0,0,1,1
8243,59845554,-0.0031033345,-0.0058394372,7.944694e-05,5003,0,-0.12987973,0.24378711,-10.417858,5003,0,0,1,1
8244,59853560,0.0058833957,-0.002557203,0.0037833566,8006,0,-0.14232643,0.2995244,-10.253574,8006,0,0,1,1
8245,59858563,-0.0007060878,8.5905194e-05,0.012243551,5003,0,-0.13034633,0.10729921,-10.2521515,5003,0,0,1,1
8246,59863567,-0.0032067373,-0.0026951134,0.015253937,5004,0,0.013226591,0.056307852,-10.274696,5004,0,0,1,1
8247,59871572,-0.007122576,-0.0069673057,0.03188404,8005,0,-0.10252016,0.12430643,-10.263293,8005,0,0,1,1
8248,59876575,-0.0062257946,0.00025236607,0.053089026,5003,0,-0.19548364,0.12502292,-10.329744,5003,0,0,1,1
8249,59881454,-0.0009968841,-0.0037159624,0.061527144,4879,0,-0.0183372,0.17343679,-10.246649,4879,0,0,1,1
8250,59889584,-0.005265143,-0.0074366033,0.060890876,8130,0,-0.111337766,0.17589138,-10.29224,8130,0,0,1,1
8251,59894588,-0.00027363002,0.0023627132,0.0639682,5004,0,-0.2529291,0.2995583,-10.288557,5004,0,0,1,1
8252,59899591,-0.00018183514,-0.0019918084,0.04472716,5003,0,-0.043192692,0.3474334,-10.250242,5003,0,0,1,1
8253,59907597,-0.0006101653,-0.006190553,0.016937166,8006,0,-0.12077516,0.27887896,-10.263294,8006,0,0,1,1
8254,59915602,-0.003279697,-0.0019374787,0.002030618,8005,0,-0.14964645,0.26661098,-10.296667,8005,0,0,1,1
8255,59925609,-0.0049475543,-0.0042149425,0.0011248183,5003,0,-0.19594976,0.14129946,-10.242359,5003,0,0,1,1
8256,59933614,-0.0038040502,-0.0033105013,0.0011905923,8005,0,-0.07408644,0.2725938,-10.265988,8005,0,0,1,1
8257,59938618,-8.643791e-05,-0.0033433437,0.0012646464,5004,0,-0.12507659,0.2215097,-10.286869,5004,0,0,1,1
8258,59943621,-0.0017520338,-0.0016118436,0.0015442506,5003,0,-0.16290757,0.12717113,-10.306988,5003,0,0,1,1
8259,59951627,-0.0017688088,-0.0052370424,-0.00019527879,8006,0,-0.026805744,0.20555031,-10.269743,8006,0,0,1,1
8260,59956630,-0.0047880933,-0.0032960775,0.002029957,5003,0,-0.20122701,0.21336262,-10.294056,5003,0,0,1,1
8261,59961633,-0.0034294166,9.919704e-05,0.0029692473,5003,0,-0.110964686,0.20906258,-10.272026,5003,0,0,1,1
8262,59969639,-0.002967663,-0.005207911,0.0005993675,8006,0,-0.050736833,0.21154135,-10.245947,8006,0,0,1,1
8263,59977644,-0.0043867044,-0.0025325564,0.0003663469,8005,0,-0.18796504,0.2125889,-10.274966,8005,0,0,1,1
8264,59987651,-0.0024308227,-0.0053340793,-0.0011059833,5003,0,-0.15142205,0.11256685,-10.311779,5003,0,0,1,1
8265,59995657,-0.0063415985,-0.0027819425,0.0020978048,8006,0,-0.10790207,0.19612601,-10.321055,8006,0,0,1,1
8266,60005663,-0.0023642033,-0.002976954,0.00060571334,5003,0,-0.15812203,0.18966538,-10.306513,5003,0,0,1,1
8267,60013669,-0.0039103404,-0.003325373,-3.494695e-05,8006,0,-0.07077924,0.21221243,-10.268738,8006,0,0,1,1
8268,60023676,-0.002670966,-0.002816126,0.0015442321,5127,0,-0.17357582,0.2010105,-10.260972,5127,0,0,1,1
8269,60031681,-0.002705343,-0.0055119097,0.001769038,8005,0,-0.08425364,0.20824654,-10.296363,8005,0,0,1,1
8270,60036685,-0.0029629767,-0.0035624355,-0.00066581694,5004,0,-0.17320082,0.20474812,-10.27659,5004,0,0,1,1
8271,60041688,-0.004734393,-0.0013592094,0.00067225937,5003,0,-0.0965875,0.23156726,-10.290234,5003,0,0,1,1
8272,60049694,-0.0019024349,-0.004528478,0.0013668204,8006,0,-0.08700305,0.21153107,-10.284328,8006,0,0,1,1
8273,60054697,-0.0038888417,-0.0029102564,-9.376742e-05,5003,0,-0.14447632,0.17984787,-10.316328,5003,0,0,1,1
8274,60059700,-0.0035558231,-0.0026906133,-0.0005528638,5003,0,-0.07241052,0.22127354,-10.296698,5003,0,0,1,1
8275,60067581,-0.0032416207,-0.0025709567,0.0012302389,7881,0,-0.12757154,0.17224164,-10.302447,7881,0,0,1,1
8276,60075712,-0.0035230778,-0.0033155233,0.0012216212,8131,0,-0.079794556,0.20682785,-10.280357,8131,0,0,1,1
8277,60085718,-0.0024371035,-0.0027102083,-0.0001397389,5003,0,-0.15022351,0.20689857,-10.309389,5003,0,0,1,1
8278,60093725,-0.002488915,-0.0037934037,-0.00026594196,8007,0,-0.079182826,0.21094061,-10.27991,8007,0,0,1,1
8279,60103731,-0.0048540644,-0.0018050523,0.00037942315,5004,0,-0.13584763,0.22748949,-10.288086,5004,0,0,1,1
8280,60111611,-0.0038173092,-0.003068492,0.0006399202,7880,0,-0.121934496,0.1934684,-10.269782,7880,0,0,1,1
8281,60121743,-0.0035816205,-0.0048059076,0.0010990944,5128,0,-0.096481845,0.2019179,-10.299956,5128,0,0,1,1
8282,60129748,-0.0029260141,-0.003905788,0.00094442227,8005,0,-0.14800984,0.21333973,-10.287836,8005,0,0,1,1
8283,60134752,-0.0045347027,-0.0014853626,0.0013982528,5004,0,-0.11263861,0.19301349,-10.315369,5004,0,0,1,1
8284,60139755,-0.0023907162,-0.00352934,0.00046544246,5003,0,-0.06354986,0.20450746,-10.278975,5003,0,0,1,1
8285,60147761,-0.002470445,-0.0039561093,0.0009637083,8006,0,-0.13184604,0.19970404,-10.303566,8006,0,0,1,1
8286,60155766,-0.002449844,-0.0031256676,0.0009841978,8005,0,-0.087514006,0.22124945,-10.279925,8005,0,0,1,1
8287,60160769,-0.0026604235,-0.0035454181,0.0005427934,5003,0,-0.12457521,0.20833546,-10.280863,5003,0,0,1,1
8288,60165773,-0.0029297844,-0.0028835535,0.00028618844,5004,0,-0.09778801,0.20570883,-10.284489,5004,0,0,1,1
8289,60173778,-0.002422433,-0.0044060643,0.00022039049,8005,0,-0.08979664,0.22532739,-10.307981,8005,0,0,1,1
8290,60183785,-0.0045096385,-0.0030885339,-0.00029149558,5002,0,-0.09179307,0.20743944,-10.258269,5002,0,0,1,1
8291,60191666,-0.004145436,-0.00463137,0.00026216777,7881,0,-0.14376058,0.22431047,-10.276052,7881,0,0,1,1
8292,60201673,-0.0025749505,-0.004067287,-0.00053552777,4879,0,-0.0763241,0.22817959,-10.273194,4879,0,0,1,1
8293,60209803,-0.0044957176,-0.0036708415,0.00059423037,8130,0,-0.10952238,0.21515554,-10.248331,8130,0,0,1,1
8294,60219685,-0.0046241097,-0.0041980445,0.0018702521,4879,0,-0.10308331,0.20963885,-10.236332,4879,0,0,1,1
8295,60227815,-0.0030391586,-0.0030892491,-0.0005546291,8130,0,-0.13269135,0.1921749,-10.269501,8130,0,0,1,1
8296,60232819,-0.0017184652,-0.0028172433,0.00063864654,5004,0,-0.0908475,0.20426413,-10.284245,5004,0,0,1,1
8297,60237822,-0.0032963268,-0.0041686893,-0.0005792733,5003,0,-0.15166013,0.18511504,-10.274185,5003,0,0,1,1
8298,60245828,-0.0025169328,-0.00401181,0.0006428491,8006,0,-0.10653885,0.19940302,-10.251663,8006,0,0,1,1
8299,60253833,-0.0034295914,-0.003318384,0.0013878143,8005,0,-0.10425637,0.20471494,-10.274741,8005,0,0,1,1
8300,60263840,-0.0026629306,-0.003947839,0.0010348705,5003,0,-0.062414736,0.19600673,-10.245964,5003,0,0,1,1
8301,60271845,-0.0035668572,-0.0045755804,-0.00049065327,8005,0,-0.1436662,0.20436217,-10.290378,8005,0,0,1,1
8302,60281852,-0.0041132197,-0.0042751133,0.0014180648,5003,0,-0.09704285,0.19825134,-10.302956,5003,0,0,1,1
8303,60289733,-0.0026969274,-0.0029096752,-0.0006113346,7881,0,-0.119934306,0.18643615,-10.307163,7881,0,0,1,1
8304,60299864,-0.0026175454,-0.0049143434,0.00024612155,5003,0,-0.11454617,0.20331036,-10.251686,5003,0,0,1,1
8305,60307870,-0.0033007597,-0.004754558,-0.00066917157,8006,0,-0.13454019,0.22949499,-10.268385,8006,0,0,1,1
8306,60317877,-0.0045748726,-0.0042420924,-9.9925324e-05,5004,0,-0.1380105,0.17625692,-10.229177,5004,0,0,1,1
8307,60325882,-0.0037076918,-0.003322914,-0.0002779774,8005,0,-0.10670754,0.21019436,-10.264343,8005,0,0,1,1
8308,60333763,-0.0032934283,-0.0027344972,0.0015003085,7881,0,-0.10832724,0.20129669,-10.295496,7881,0,0,1,1
8309,60338770,-0.0026908293,-0.0028580877,0.0010651767,5007,0,-0.10880856,0.1994647,-10.282079,5007,0,0,1,1
8310,60343895,-0.0038361847,-0.004933849,-0.0003436082,5125,0,-0.09668322,0.17054185,-10.266703,5125,0,0,1,1
8311,60351900,-0.0037664657,-0.0034936813,-0.000103409395,8005,0,-0.12585983,0.18580434,-10.3019,8005,0,0,1,1
8312,60361907,-0.003169652,-0.0032476038,-0.00040322542,5003,0,-0.10952376,0.17197499,-10.274281,5003,0,0,1,1
8313,60369913,-0.002934374,-0.0029694438,-0.000631765,8006,0,-0.12286628,0.2067543,-10.30519,8006,0,0,1,1
8314,60377918,-0.0026053672,-0.0027071831,0.001140256,8005,0,-0.10760301,0.23084523,-10.263446,8005,0,0,1,1
8315,60387925,-0.0039424486,-0.0020050108,0.0016773692,5004,0,-0.1346601,0.19924057,-10.272755,5004,0,0,1,1
8316,60395930,-0.0027759036,-0.0035517511,0.001032453,8005,0,-0.10072159,0.23024584,-10.266439,8005,0,0,1,1
8317,60400934,-0.0026100911,-0.003083393,0.0027293488,5004,0,-0.122688375,0.20307639,-10.292862,5004,0,0,1,1
8318,60405937,-0.002743885,-0.0046082586,0.00030559953,5003,0,-0.10664383,0.23012441,-10.283289,5003,0,0,1,1
8319,60413942,-0.0044114473,-0.0027654022,0.0005328778,8005,0,-0.11164535,0.17742626,-10.3042965,8005,0,0,1,1
8320,60418946,-0.0026840195,-0.0031897726,0.00014601694,5004,0,-0.1190954,0.19756481,-10.279936,5004,0,0,1,1
8321,60423949,-0.004474845,-0.0035296232,0.0011446718,5003,0,-0.100659505,0.21551803,-10.261984,5003,0,0,1,1
8322,60431955,-0.0037749633,-0.0032564846,-0.0010692015,8006,0,-0.098776534,0.21857321,-10.277061,8006,0,0,1,1
8323,60439960,-0.0033125316,-0.0027265248,9.569106e-05,8005,0,-0.10562305,0.19786762,-10.2524805,8005,0,0,1,1
8324,60449967,-0.0030700192,-0.0019048452,0.0026961016,5004,0,-0.122207046,0.23418903,-10.25815,5004,0,0,1,1
8325,60457972,-0.0035499742,-0.002578154,0.00031693047,8005,0,-0.11104627,0.17159031,-10.271527,8005,0,0,1,1
8326,60467979,-0.0024110265,-0.0036424547,-0.00021368219,5003,0,-0.09969977,0.19037676,-10.310104,5003,0,0,1,1
8327,60475985,-0.0028052852,-0.0041386485,0.0018107145,8006,0,-0.10745589,0.16411051,-10.287691,8006,0,0,1,1
8328,60480863,-0.0016503072,-0.004017606,0.0006684721,4878,0,-0.11669271,0.18731833,-10.264541,4878,0,0,1,1
8329,60485992,-0.0043557025,-0.002124697,0.00034944434,5129,0,-0.10214626,0.19128196,-10.287048,5129,0,0,1,1
8330,60493997,-0.0042325365,-0.0038349326,0.0009987658,8005,0,-0.09099614,0.20450856,-10.296214,8005,0,0,1,1
8331,60499000,-0.0024370477,-0.0031896085,0.0017305443,5003,0,-0.1092797,0.19205767,-10.299091,5003,0,0,1,1
8332,60504004,-0.0031430386,-0.005180821,-0.0007257793,5004,0,-0.11190969,0.21456248,-10.253599,5004,0,0,1,1
8333,60512009,-0.0034605449,-0.0036111919,0.0002796468,8005,0,-0.11585082,0.20447178,-10.301564,8005,0,0,1,1
8334,60519891,-0.0024512075,-0.0036837757,0.0017455164,7882,0,-0.13399556,0.20965463,-10.308281,7882,0,0,1,1
8335,60530022,-0.003731549,-0.0021265745,0.00044389372,5004,0,-0.14911239,0.17667726,-10.251419,5004,0,0,1,1
8336,60537902,-0.0040493314,-0.0044818376,0.001182374,7880,0,-0.107833914,0.20682819,-10.321832,7880,0,0,1,1
8337,60548034,-0.0010174438,-0.00351958,0.00097627915,5004,0,-0.08269602,0.18492252,-10.254578,5004,0,0,1,1
8338,60555915,-0.0040760934,-0.003723383,0.00040812464,7881,0,-0.124493346,0.17034432,-10.288136,7881,0,0,1,1
8339,60566046,-0.0044143163,-0.003068119,0.0010243463,5003,0,-0.13253355,0.22947097,-10.284189,5003,0,0,1,1
8340,60574052,-0.0033463237,-0.0042969137,0.0012450195,8006,0,-0.10835319,0.20540586,-10.277954,8006,0,0,1,1
8341,60579055,-0.0024576373,-0.0023377389,0.00047896546,5003,0,-0.10473344,0.21887243,-10.279697,5003,0,0,1,1
8342,60584058,-0.0041614436,-0.0021375567,0.001098206,5003,0,-0.13586093,0.2018697,-10.289276,5003,0,0,1,1
8343,60592064,-0.0030673817,-0.004342526,0.0010704382,8006,0,-0.102213666,0.17413352,-10.286043,8006,0,0,1,1
8344,60597067,-0.003336355,-0.0025106817,0.00015939912,5003,0,-0.10449224,0.221984,-10.292145,5003,0,0,1,1
8345,60602071,-0.004448157,-0.0025040954,0.0013111748,5004,0,-0.10856168,0.19900376,-10.227018,5004,0,0,1,1
8346,60610076,-0.0032378212,-0.0034150777,0.0017352753,8005,0,-0.096769735,0.22585303,-10.281759,8005,0,0,1,1
8347,60618082,-0.0021267235,-0.0039389133,0.00062483735,8006,0,-0.15309241,0.1986711,-10.28619,8006,0,0,1,1
8348,60628089,-0.0031491409,-0.002898544,0.00010936707,5004,0,-0.12930161,0.20681483,-10.294958,5004,0,0,1,1
8349,60636094,-0.0016064531,-0.003485143,0.00096985116,8005,0,-0.14232327,0.21573229,-10.288131,8005,0,0,1,1
8350,60646101,-0.0020181611,-0.0049874634,0.0016974607,5004,0,-0.13058914,0.17027044,-10.294058,5004,0,0,1,1
8351,60654106,-0.0027343964,-0.003048375,0.00062883267,8005,0,-0.10969738,0.18355907,-10.274817,8005,0,0,1,1
8352,60664113,-0.0013187751,-0.002883628,-0.00016090926,5003,0,-0.11335265,0.20833853,-10.30195,5003,0,0,1,1
8353,60672119,-0.0017688348,-0.004271686,-0.00018652946,8006,0,-0.10610971,0.1992695,-10.266289,8006,0,0,1,1
8354,60677122,-0.0034726674,-0.004545614,0.0005830417,5003,0,-0.11293225,0.24637537,-10.278704,5003,0,0,1,1
8355,60682125,-0.0025904141,-0.0031860468,-0.00030580163,5003,0,-0.1196387,0.2182793,-10.23951,5003,0,0,1,1
8356,60690131,-0.0036708824,-0.0044214725,0.00041651024,8006,0,-0.12885372,0.21303782,-10.262844,8006,0,0,1,1
8357,60698136,-0.0016734636,-0.003830522,0.0008081954,8005,0,-0.1072984,0.20421036,-10.307286,8005,0,0,1,1
8358,60703140,-0.0027153157,-0.003865719,0.0002404144,5004,0,-0.15294436,0.18248358,-10.317829,5004,0,0,1,1
8359,60708143,-0.0031895752,-0.0030033141,0.0005587868,5003,0,-0.11550184,0.23012759,-10.310825,5003,0,0,1,1
8360,60716149,-0.0035788976,-0.003618434,0.0014686913,8006,0,-0.113591224,0.21288648,-10.2742195,8006,0,0,1,1
8361,60726156,-0.0048409626,-0.0035826117,0.00063883746,5004,0,-0.10784232,0.18607962,-10.277781,5004,0,0,1,1
8362,60734161,-0.0031544415,-0.004400745,0.00020431493,8005,0,-0.14291845,0.19687344,-10.276464,8005,0,0,1,1
8363,60744168,-0.0042215325,-0.0045078993,6.1136675e-06,5004,0,-0.11071546,0.21216807,-10.312258,5004,0,0,1,1
8364,60752173,-0.0025264358,-0.003597617,0.0006164466,8005,0,-0.10760526,0.20316087,-10.244441,8005,0,0,1,1
8365,60762180,-0.002990134,-0.004421726,0.0013446906,5003,0,-0.12364443,0.2219876,-10.275387,5003,0,0,1,1
8366,60770186,-0.0037292612,-0.0024699718,0.0010824404,8006,0,-0.11538582,0.23982513,-10.249985,8006,0,0,1,1
8367,60778191,-0.0031922793,-0.0036014316,0.0010420141,8005,0,-0.12122245,0.19332103,-10.298272,8005,0,0,1,1
8368,60783194,-0.002303768,-0.0026573539,0.00077898055,5003,0,-0.097550355,0.21623586,-10.294054,5003,0,0,1,1
8369,60788198,-0.0059373006,-0.001935795,7.189484e-05,5004,0,-0.11433331,0.23321015,-10.310795,5004,0,0,1,1
8370,60796203,-0.0040036663,-0.003006905,0.00015863402,8005,0,-0.110297054,0.23383673,-10.29816,8005,0,0,1,1
8371,60801207,-0.0030764677,-0.0038553777,0.00013948977,5004,0,-0.09227761,0.2121733,-10.25959,5004,0,0,1,1
8372,60806210,-0.0038889463,-0.0035344958,0.000261073,5003,0,-0.08336436,0.22449881,-10.256144,5003,0,0,1,1
8373,60814216,-0.002497144,-0.002836138,0.0005827998,8006,0,-0.10191717,0.20256206,-10.291578,8006,0,0,1,1
8374,60824223,-0.0025837682,-0.0027636737,0.0014577108,5004,0,-0.105927765,0.1858373,-10.257427,5004,0,0,1,1
8375,60832228,-0.0019107198,-0.0030900089,0.0005663493,8005,0,-0.0993748,0.19642752,-10.256414,8005,0,0,1,1
8376,60842235,-0.0030964243,-0.0034691691,-0.0001470414,5004,0,-0.09444119,0.1693126,-10.291899,5004,0,0,1,1
8377,60850242,-0.0032659213,-0.0030748101,-0.0005785837,8007,0,-0.13573514,0.17533131,-10.279013,8007,0,0,1,1
8378,60858121,-0.0027841593,-0.0024821162,0.00024723448,7879,0,-0.109260015,0.18911627,-10.2751045,7879,0,0,1,1
8379,60863249,-0.0031776389,-0.0031208545,0.0010059264,5128,0,-0.11861327,0.21895865,-10.271456,5128,0,0,1,1
8380,60868253,-0.0020846985,-0.0036226066,-0.0011453009,5004,0,-0.098268375,0.21217114,-10.23181,5004,0,0,1,1
8381,60876258,-0.0026180109,-0.0032439975,0.00018794183,8005,0,-0.09937225,0.21004482,-10.304898,8005,0,0,1,1
8382,60881262,-0.0033428445,-0.0023109317,0.0015039651,5004,0,-0.11933368,0.2073842,-10.296944,5004,0,0,1,1
8383,60886265,-0.0030364692,-0.0029833615,0.00063226046,5003,0,-0.10281228,0.21121635,-10.318718,5003,0,0,1,1
8384,60894270,-0.003512196,-0.0037568656,0.001398969,8005,0,-0.1270412,0.19044231,-10.283982,8005,0,0,1,1
8385,60899149,-0.0053834883,-0.0030569136,0.0004925176,4879,0,-0.1305965,0.20797876,-10.2739315,4879,0,0,1,1
8386,60904277,-0.002689112,-0.0036834925,0.00033590244,5128,0,-0.12010124,0.22170483,-10.279306,5128,0,0,1,1
8387,60912283,-0.0011539347,-0.0024098754,0.0013012064,8006,0,-0.1171061,0.20271069,-10.2357235,8006,0,0,1,1
8388,60922164,-0.0022366494,-0.003281742,0.0015257292,4878,0,-0.08948824,0.21227264,-10.246427,4878,0,0,1,1
8389,60930170,-0.003983084,-0.0038931966,0.00021235831,8006,0,-0.11568816,0.21019381,-10.285442,8006,0,0,1,1
8390,60938301,-0.0036734156,-0.0035490245,0.0009418625,8131,0,-0.1167741,0.2013638,-10.292061,8131,0,0,1,1
8391,60943304,-0.0048284866,-0.003589496,0.0013411809,5003,0,-0.11433728,0.22632906,-10.306744,5003,0,0,1,1
8392,60948308,-0.004268784,-0.0052470267,0.000339014,5004,0,-0.10521151,0.22222638,-10.290951,5004,0,0,1,1
8393,60956313,-0.002438489,-0.0041511506,0.00076630426,8005,0,-0.12271565,0.21737994,-10.265988,8005,0,0,1,1
8394,60961316,-0.0017248244,-0.0024505109,0.0012513604,5003,0,-0.110237755,0.1764999,-10.262943,5003,0,0,1,1
8395,60966320,-0.002970051,-0.0037357511,0.001218284,5004,0,-0.14016429,0.19325507,-10.250961,5004,0,0,1,1
8396,60974325,-0.0028142964,-0.003042355,0.0010300457,8005,0,-0.14606233,0.18604812,-10.283141,8005,0,0,1,1
8397,60979329,-0.0035356022,-0.005406931,-7.0347455e-06,5004,0,-0.13657273,0.17146972,-10.285921,5004,0,0,1,1
8398,60984332,-0.003130041,-0.0029168576,0.0021837072,5003,0,-0.0968287,0.19397616,-10.26078,5003,0,0,1,1
8399,60992338,-0.0028301515,-0.003081843,-0.00093186693,8006,0,-0.12181766,0.18490416,-10.274668,8006,0,0,1,1
8400,60997341,-0.002357345,-0.0036557615,0.00089169573,5003,0,-0.09563686,0.1779339,-10.257193,5003,0,0,1,1
8401,61002344,-0.0040619113,-0.002504021,0.0007254449,5003,0,-0.10617125,0.18774998,-10.259586,5003,0,0,1,1
8402,61010350,-0.0038818084,-0.0039714277,0.00083830854,8006,0,-0.122752786,0.20097274,-10.256226,8006,0,0,1,1
8403,61018355,-0.0032168885,-0.0027029363,0.0010245569,8005,0,-0.10655352,0.19537963,-10.2936735,8005,0,0,1,1
8404,61028362,-0.0026835427,-0.0032097995,-3.669411e-07,5003,0,-0.12508248,0.22988494,-10.307953,5003,0,0,1,1
8405,61036368,-0.002946321,-0.0043632984,-0.00025303615,8006,0,-0.10146769,0.18191183,-10.269579,8006,0,0,1,1
8406,61041371,-0.0040752664,-0.0027836263,0.00016625831,5003,0,-0.14136598,0.19468993,-10.296934,5003,0,0,1,1
8407,61046374,-0.002504252,-0.004388526,0.0002594511,5003,0,-0.10425632,0.19900122,-10.267246,5003,0,0,1,1
8408,61054380,-0.0030673554,-0.0020166188,0.0004000198,8006,0,-0.090398476,0.22351222,-10.268082,8006,0,0,1,1
8409,61059383,-0.0025479123,-0.003883034,0.00095114065,5003,0,-0.14094388,0.20935832,-10.249775,5003,0,0,1,1
8410,61064387,-0.002857305,-0.0048544556,0.00023248977,5004,0,-0.096833006,0.21624021,-10.291424,5004,0,0,1,1
8411,61072392,-0.0031734293,-0.0024189353,-0.00023697222,8005,0,-0.10807095,0.22308154,-10.2770605,8005,0,0,1,1
8412,61077396,-0.0029764362,-0.0032297075,0.0012847092,5004,0,-0.13537492,0.19517392,-10.315128,5004,0,0,1,1
8413,61082399,-0.0039954595,-0.0029634684,0.0020504533,5003,0,-0.10735663,0.20331036,-10.287832,5003,0,0,1,1
8414,61090404,-0.002659764,-0.0028529165,0.0007288302,8005,0,-0.124663904,0.2016647,-10.257466,8005,0,0,1,1
8415,61098410,-0.0031090004,-0.002299428,0.0014614209,8006,0,-0.11283925,0.1925376,-10.281701,8006,0,0,1,1
8416,61108417,-0.004747618,-0.0049473643,0.001084307,5004,0,-0.13058724,0.19014248,-10.316324,5004,0,0,1,1
8417,61116422,-0.0032174883,-0.0034188179,0.0006413313,8005,0,-0.11792979,0.20884728,-10.304452,8005,0,0,1,1
8418,61126429,-0.003028348,-0.004516512,-0.0012247073,5003,0,-0.09216328,0.22174495,-10.282145,5003,0,0,1,1
8419,61134435,-0.00325929,-0.003343895,0.00031645223,8006,0,-0.14246608,0.19657713,-10.239498,8006,0,0,1,1
8420,61139438,-0.0032559447,-0.0036625117,0.0002526166,5003,0,-0.1322634,0.18463385,-10.284246,5003,0,0,1,1
8421,61144441,-0.0029832423,-0.0023310632,0.002250079,5003,0,-0.10090095,0.21336359,-10.231565,5003,0,0,1,1
8422,61152447,-0.0032924225,-0.003368914,0.00028363196,8006,0,-0.13558654,0.23084703,-10.279453,8006,0,0,1,1
8423,61157450,-0.00299431,-0.0023902208,0.0016616868,5003,0,-0.13163817,0.2260876,-10.259968,5003,0,0,1,1
8424,61162454,-0.002816435,-0.0031169206,0.000991704,5004,0,-0.105688296,0.22055113,-10.327578,5004,0,0,1,1
8425,61170459,-0.0039954484,-0.0031485704,0.0005371179,8005,0,-0.12002564,0.22276418,-10.274964,8005,0,0,1,1
8426,61178465,-0.002772089,-0.0038557055,0.00026675453,8006,0,-0.09338927,0.19567968,-10.290826,8006,0,0,1,1
8427,61188472,-0.0033965334,-0.0026640743,-0.00043974956,5004,0,-0.093477815,0.16572317,-10.293104,5004,0,0,1,1
8428,61196477,-0.0022606736,-0.0030609965,-0.0001282962,8005,0,-0.10251268,0.21663241,-10.274816,8005,0,0,1,1
8429,61206484,-0.00204473,-0.0042885244,3.264565e-05,5004,0,-0.14040016,0.1908609,-10.29047,5004,0,0,1,1
8430,61214489,-0.0027301272,-0.003377035,0.0016401134,8005,0,-0.12675826,0.21303949,-10.269579,8005,0,0,1,1
8431,61219493,-0.0036399625,-0.003453553,-0.00029981835,5004,0,-0.1402174,0.20045398,-10.263067,5004,0,0,1,1
8432,61224496,-0.0047144815,-0.0029901713,0.0006657494,5003,0,-0.12436273,0.20522772,-10.2720375,5003,0,0,1,1
8433,61232502,-0.003570903,-0.0042841583,0.0011072165,8006,0,-0.12421484,0.19462867,-10.295763,8006,0,0,1,1
8434,61240382,-0.0021911191,-0.0028312057,0.001516132,7880,0,-0.10422484,0.19185455,-10.29474,7880,0,0,1,1
8435,61245510,-0.0039058998,-0.0036555976,0.00085821724,5128,0,-0.14126855,0.22754514,-10.285326,5128,0,0,1,1
8436,61250514,-0.0030901693,-0.0029834956,-0.0001465627,5004,0,-0.13825475,0.19589114,-10.314171,5004,0,0,1,1
8437,61258519,-0.0024888811,-0.0045838356,0.00065397,8005,0,-0.12047308,0.18610163,-10.289934,8005,0,0,1,1
8438,61268526,-0.0036137179,-0.0036009252,0.00023918647,5003,0,-0.13244072,0.1870915,-10.28368,5003,0,0,1,1
8439,61276532,-0.0012612714,-0.0030733794,0.0007917371,8006,0,-0.14112334,0.21109216,-10.235012,8006,0,0,1,1
8440,61286538,-0.00223111,-0.0040554404,0.0011517247,5003,0,-0.114787124,0.2006776,-10.259342,5003,0,0,1,1
8441,61294544,-0.0020934604,-0.0032314658,-2.4604611e-05,8006,0,-0.12765634,0.19777247,-10.286784,8006,0,0,1,1
8442,61304551,-0.0019582435,-0.0035294741,0.0015372231,5004,0,-0.1011396,0.2078571,-10.281368,5004,0,0,1,1
8443,61312556,-0.0035709215,-0.0042885095,0.00027071216,8005,0,-0.097279094,0.19283412,-10.262849,8005,0,0,1,1
8444,61320562,-0.0047649033,-0.002586618,-0.0003619613,8006,0,-0.10775344,0.21438563,-10.321052,8006,0,0,1,1
8445,61325565,-0.0035959445,-0.0038553625,0.0012049726,5003,0,-0.12101286,0.24497227,-10.250954,5003,0,0,1,1
8446,61330569,-0.003789086,-0.0031833947,0.00017297501,5004,0,-0.12172787,0.20953819,-10.284485,5004,0,0,1,1
8447,61338574,-0.0027717834,-0.0049291546,0.0010826743,8005,0,-0.1017696,0.21453293,-10.308637,8005,0,0,1,1
8448,61343577,-0.0038290543,-0.0037756711,0.00010600453,5003,0,-0.14926448,0.21121009,-10.223671,5003,0,0,1,1
8449,61348581,-0.0040152483,-0.0038626194,0.00094513176,5004,0,-0.13681076,0.21384649,-10.286877,5004,0,0,1,1
8450,61356586,-0.003924738,-0.003813997,0.00069536007,8005,0,-0.12451317,0.2166272,-10.266885,8005,0,0,1,1
8451,61366593,-0.0030435212,-0.0037692636,9.3142036e-05,5003,0,-0.12939113,0.20139065,-10.282097,5003,0,0,1,1
8452,61374599,-0.0023224503,-0.0035227686,0.000108181965,8006,0,-0.09204116,0.20316467,-10.296967,8006,0,0,1,1
8453,61384605,-0.0026305355,-0.0036827622,0.0015244284,5003,0,-0.09156078,0.19325882,-10.282814,5003,0,0,1,1
8454,61392611,-0.003520444,-0.0038720963,0.0011279354,8006,0,-0.112391576,0.18505892,-10.271075,8006,0,0,1,1
8455,61400617,-0.0028675867,-0.0039679557,0.0007869985,8006,0,-0.09444134,0.20226482,-10.281547,8006,0,0,1,1
8456,61405620,-0.002929937,-0.003542766,0.001817053,5003,0,-0.11502735,0.18798923,-10.284006,5003,0,0,1,1
8457,61410623,-0.00042665377,-0.0017315598,0.0008118877,5003,0,-0.124845594,0.20522699,-10.307705,5003,0,0,1,1
8458,61418629,-0.0032671578,-0.0026406348,0.00045008794,8006,0,-0.09757644,0.18116614,-10.260006,8006,0,0,1,1
8459,61423632,-0.0041287616,-0.00079964095,0.00052541634,5003,0,-0.09012895,0.21719918,-10.315371,5003,0,0,1,1
8460,61428636,-0.0031520724,-0.0042207837,-0.00030226912,5004,0,-0.10117046,0.21175057,-10.246563,5004,0,0,1,1
8461,61436641,-0.0036664603,-0.004795983,0.0015025315,8005,0,-0.10132037,0.20345904,-10.252968,8005,0,0,1,1
8462,61441645,-0.0048407465,-0.004088849,0.0005722847,5004,0,-0.122446276,0.22845402,-10.304359,5004,0,0,1,1
8463,61446648,-0.0050604045,-0.0041649938,0.001402491,5003,0,-0.11209095,0.18232775,-10.2775955,5003,0,0,1,1
8464,61454653,-0.0032254194,-0.003148183,-0.00034513135,8005,0,-0.08216451,0.22635294,-10.28634,8005,0,0,1,1
8465,61464660,-0.0029103458,-0.0028771162,-0.0002734796,5003,0,-0.11167174,0.19205934,-10.285917,5003,0,0,1,1
8466,61472541,-0.003855541,-0.00203529,0.0001642392,7881,0,-0.12584963,0.2077601,-10.259186,7881,0,0,1,1
8467,61480549,-0.003404595,-0.0034641773,0.0012462683,8008,0,-0.13868892,0.2260597,-10.262232,8008,0,0,1,1
8468,61485675,-0.0022112727,-0.0042796135,4.765112e-06,5126,0,-0.12200173,0.21247967,-10.2924,5126,0,0,1,1
8469,61490678,-0.0021648556,-0.0036093143,3.9916486e-05,5003,0,-0.11071726,0.20163086,-10.2603035,5003,0,0,1,1
8470,61498684,-0.0035046674,-0.0030692667,4.1721854e-05,8006,0,-0.09667779,0.1905945,-10.278406,8006,0,0,1,1
8471,61503687,-0.003988672,-0.004148662,-0.0011590598,5003,0,-0.12531817,0.20547031,-10.301483,5003,0,0,1,1
8472,61508691,-0.0044608377,-0.0039450973,0.0009754512,5004,0,-0.10140705,0.1866866,-10.304235,5004,0,0,1,1
8473,61516696,-0.003949366,-0.0030316857,0.00046239558,8005,0,-0.109101154,0.1977729,-10.2559595,8005,0,0,1,1
8474,61521699,-0.004780896,-0.0036292523,-8.736877e-05,5003,0,-0.09539304,0.19421089,-10.264135,5003,0,0,1,1
8475,61526578,-0.0060541555,-0.0027766528,0.0007420848,4879,0,-0.09489622,0.22670081,-10.236423,4879,0,0,1,1
8476,61534708,-0.0038040504,-0.003075093,0.00037101284,8130,0,-0.09920537,0.20837569,-10.2996025,8130,0,0,1,1
8477,61539712,-0.003324613,-0.003665015,0.0008167748,5004,0,-0.0862366,0.2105535,-10.289455,5004,0,0,1,1
8478,61544716,-0.0027436353,-0.0039435476,0.0015127077,5004,0,-0.119426735,0.21414648,-10.328001,5004,0,0,1,1
8479,61552721,-0.0025558209,-0.003997236,0.0011156105,8005,0,-0.10505658,0.19672956,-10.246684,8005,0,0,1,1
8480,61562728,-0.0020165183,-0.0031566322,0.0007437684,5004,0,-0.11385723,0.19969565,-10.2644615,5004,0,0,1,1
8481,61570608,-0.0029674734,-0.0036184345,0.00024438326,7880,0,-0.12575275,0.21447872,-10.296178,7880,0,0,1,1
8482,61578613,-0.0037468446,-0.0034478453,0.00031995447,8005,0,-0.104352675,0.19898827,-10.264923,8005,0,0,1,1
8483,61583742,-0.0026829354,-0.0030373186,-0.00040651156,5129,0,-0.12010067,0.20454322,-10.271198,5129,0,0,1,1
8484,61588745,-0.0034128537,-0.0020427853,0.0016414083,5003,0,-0.12541005,0.17131647,-10.284901,5003,0,0,1,1
8485,61596626,-0.0031016243,-0.003668815,0.00067723886,7881,0,-0.10956217,0.21207154,-10.259867,7881,0,0,1,1
8486,61601629,-0.004768204,-0.0044489056,0.0017081806,5003,0,-0.08046265,0.17778435,-10.269339,5003,0,0,1,1
8487,61606758,-0.0040992834,-0.0048341155,0.0017390912,5129,0,-0.120917566,0.21414056,-10.254702,5129,0,0,1,1
8488,61614763,-0.0026609972,-0.0034057794,0.0009826943,8005,0,-0.108127475,0.173237,-10.302938,8005,0,0,1,1
8489,61619642,-0.0034187178,-0.0039846753,0.001034257,4879,0,-0.11423386,0.15913664,-10.228108,4879,0,0,1,1
8490,61624770,-0.0036958158,-0.0030032692,0.0020330371,5128,0,-0.09245003,0.19738697,-10.222289,5128,0,0,1,1
8491,61632775,-0.0044986713,-0.0038265137,0.0011734926,8005,0,-0.11374015,0.21722849,-10.25117,8005,0,0,1,1
8492,61637779,-0.002557397,-0.00459449,0.0017235214,5004,0,-0.106885634,0.17242713,-10.29789,5004,0,0,1,1
8493,61642782,-0.0024319738,-0.0037457645,0.0006280865,5003,0,-0.11786469,0.15634969,-10.2685795,5003,0,0,1,1
8494,61650788,-0.003892101,-0.0037440953,0.0014408601,8006,0,-0.121241085,0.2229301,-10.255489,8006,0,0,1,1
8495,61658794,-0.0023942143,-0.00364463,0.00086482405,8006,0,-0.11884524,0.20822743,-10.272202,8006,0,0,1,1
8496,61668800,-0.002769351,-0.0042725205,0.00023271609,5003,0,-0.17084269,0.22572964,-10.2740135,5003,0,0,1,1
8497,61676805,-0.00354591,-0.0020165143,0.0004544046,8005,0,-0.12780792,0.20555611,-10.265087,8005,0,0,1,1
8498,61681809,-0.0034010892,-0.0014852583,0.0023183518,5004,0,-0.10045229,0.19325346,-10.273291,5004,0,0,1,1
8499,61686690,-0.0040180204,-0.0031653196,0.001042528,4881,0,-0.10963231,0.20783167,-10.279224,4881,0,0,1,1
8500,61694818,-0.0046715327,-0.003286913,0.0011575171,8128,0,-0.12768468,0.2217695,-10.273395,8128,0,0,1,1
8501,61699821,-0.0018516668,-0.0023045242,0.00039231498,5003,0,-0.117662504,0.22964971,-10.289516,5003,0,0,1,1
8502,61704825,-0.0016649328,-0.003049791,0.0020771257,5004,0,-0.08485649,0.2057053,-10.234688,5004,0,0,1,1
8503,61712830,-0.0032963492,-0.0035441963,0.00058212364,8005,0,-0.094587296,0.20455627,-10.264004,8005,0,0,1,1
8504,61717709,-0.0030085335,-0.0023372176,-0.00033329474,4879,0,-0.110980645,0.19677228,-10.311162,4879,0,0,1,1
8505,61722837,-0.0042789318,-0.003766939,0.0014615483,5128,0,-0.10252361,0.23084442,-10.278585,5128,0,0,1,1
8506,61730842,-0.003833145,-0.0037807224,0.000903476,8005,0,-0.11598527,0.20406008,-10.259701,8005,0,0,1,1
8507,61740849,-0.0027569905,-0.0047013164,5.941465e-05,5003,0,-0.09683252,0.20426679,-10.334286,5003,0,0,1,1
8508,61748855,-0.0016565397,-0.0039429814,0.0006372456,8006,0,-0.10775494,0.19762427,-10.2814045,8006,0,0,1,1
8509,61756860,-0.0020771583,-0.0038930327,0.0004454695,8005,0,-0.119427025,0.19612634,-10.323454,8005,0,0,1,1
8510,61766867,-0.003602527,-0.0029700398,0.0006321755,5003,0,-0.1260451,0.23204292,-10.240196,5003,0,0,1,1
8511,61774873,-0.0023736544,-0.0036127416,0.0016576601,8006,0,-0.110507704,0.19358365,-10.287199,8006,0,0,1,1
8512,61779876,-0.0032965094,-0.004082054,0.0007254302,5003,0,-0.10377249,0.19971976,-10.273706,5003,0,0,1,1
8513,61784879,-0.004716277,-0.0027665198,0.0008350853,5003,0,-0.09466779,0.19236371,-10.239866,5003,0,0,1,1
8514,61792760,-0.0019772388,-0.00342834,0.0014080605,7881,0,-0.12797466,0.19487587,-10.277573,7881,0,0,1,1
8515,61797763,-0.005193293,-0.0027038157,0.0019237932,5003,0,-0.11095798,0.23228341,-10.268204,5003,0,0,1,1
8516,61802770,-0.0044227242,-0.004774168,0.0021301592,5007,0,-0.105204105,0.21573158,-10.313203,5007,0,0,1,1
8517,61810897,-0.0026429857,-0.0031650665,-0.00036480138,8127,0,-0.093118675,0.2101279,-10.276308,8127,0,0,1,1
8518,61818903,-0.004149478,-0.0028778166,0.0005250301,8006,0,-0.10640757,0.19762245,-10.2891865,8006,0,0,1,1
8519,61828910,-0.0034226067,-0.004447192,0.00030535087,5004,0,-0.07884276,0.2192916,-10.305613,5004,0,0,1,1
8520,61836915,-0.002617981,-0.0031609235,0.0008993156,8005,0,-0.11628271,0.18131633,-10.2803545,8005,0,0,1,1
8521,61846922,-0.0019913986,-0.004514694,0.0009318413,5004,0,-0.12747581,0.20714325,-10.26461,5004,0,0,1,1
8522,61854927,-0.003974844,-0.004633844,0.00023393332,8005,0,-0.11134521,0.20525612,-10.299808,8005,0,0,1,1
8523,61864934,-0.0029102825,-0.003988683,0.0005788277,5003,0,-0.12269139,0.1812852,-10.265812,5003,0,0,1,1
8524,61872940,-0.0023930408,-0.003356278,0.0005910699,8006,0,-0.10924735,0.20286646,-10.2576065,8006,0,0,1,1
8525,61880945,-0.0032839812,-0.004222035,0.0008579478,8005,0,-0.11015065,0.21318652,-10.293526,8005,0,0,1,1
8526,61885949,-0.005420398,-0.002757296,0.00096496294,5004,0,-0.12747343,0.24832031,-10.316805,5004,0,0,1,1
8527,61890952,-0.0041951127,-0.0036759523,0.000272254,5003,0,-0.093959294,0.22533077,-10.310102,5003,0,0,1,1
8528,61898957,-0.0020685976,-0.0038221476,0.0005456465,8005,0,-0.14546043,0.19239087,-10.257608,8005,0,0,1,1
8529,61908964,-0.0031232461,-0.0022177696,0.0009717773,5003,0,-0.106407896,0.1839194,-10.255989,5003,0,0,1,1
8530,61916970,-0.0031809732,-0.002441913,0.0012373824,8006,0,-0.1141328,0.19667524,-10.252451,8006,0,0,1,1
8531,61926977,-0.003782276,-0.0037157235,-9.3313865e-05,5004,0,-0.08462396,0.21193141,-10.263899,5004,0,0,1,1
8532,61934982,-0.0018719285,-0.0035847125,0.00060421415,8005,0,-0.15004575,0.2340561,-10.27254,8005,0,0,1,1
8533,61942988,-0.002389535,-0.0027655512,0.00036320696,8006,0,-0.08665301,0.20226464,-10.284244,8006,0,0,1,1
8534,61947866,-0.004222229,-0.002565056,0.0029397306,4878,0,-0.07942676,0.19174083,-10.310945,4878,0,0,1,1
8535,61952994,-0.0029030775,-0.00205715,0.0009858732,5128,0,-0.09965831,0.2218526,-10.290321,5128,0,0,1,1
8536,61961000,-0.0028175153,-0.005715489,0.00057456736,8006,0,-0.12406607,0.18580565,-10.2392025,8006,0,0,1,1
8537,61966003,-0.0026300102,-0.0041085184,0.0012047056,5003,0,-0.083185144,0.2116872,-10.281132,5003,0,0,1,1
8538,61971007,-0.0033698045,-0.0039291084,0.0013977324,5004,0,-0.09108314,0.22438046,-10.278981,5004,0,0,1,1
8539,61979012,-0.0029379984,-0.0026320962,0.0010910648,8005,0,-0.1308018,0.18894921,-10.271971,8005,0,0,1,1
8540,61984016,-0.0025836676,-0.0044681877,0.00056535145,5004,0,-0.1210121,0.20235124,-10.320158,5004,0,0,1,1
8541,61989019,-0.0020372234,-0.0035719872,0.0013937028,5003,0,-0.11460933,0.17748335,-10.245762,5003,0,0,1,1
8542,61997024,-0.0033377332,-0.0030483005,-0.0003030137,8005,0,-0.105508946,0.19687416,-10.275269,8005,0,0,1,1
8543,62007031,-0.0018048174,-0.0029567182,0.0006187174,5003,0,-0.12915473,0.1681152,-10.262217,5003,0,0,1,1
8544,62015037,-0.0030047856,-0.0037682205,-0.000120267265,8006,0,-0.10685703,0.18670171,-10.283199,8006,0,0,1,1
8545,62023042,-0.002226729,-0.0037641076,0.00024592315,8005,0,-0.12810597,0.21812665,-10.266443,8005,0,0,1,1
8546,62028046,-0.003515784,-0.004061848,0.0010913219,5004,0,-0.13729137,0.1906243,-10.270596,5004,0,0,1,1
8547,62033049,-0.00089587644,-0.0035071373,0.00065226527,5003,0,-0.11412576,0.20303926,-10.284567,5003,0,0,1,1
8548,62041055,-0.0020602532,-0.0027694702,0.0006289631,8006,0,-0.10595809,0.19792467,-10.27931,8006,0,0,1,1
8549,62046058,-0.0026105158,-0.0034029037,0.0018505624,5003,0,-0.1190941,0.24520941,-10.379049,5003,0,0,1,1
8550,62050937,-0.0022631958,-0.0039045666,-0.0008251695,4879,0,-0.08127222,0.2166323,-10.249103,4879,0,0,1,1
8551,62058942,-0.003448665,-0.003684431,0.00034320026,8005,0,-0.13244633,0.24511953,-10.273134,8005,0,0,1,1
8552,62064070,-0.0055044997,-0.0025962887,0.0014784487,5128,0,-0.097558014,0.20967548,-10.263779,5128,0,0,1,1
8553,62069074,-0.003036704,-0.00434123,0.00028597657,5004,0,-0.13824877,0.19038337,-10.278259,5004,0,0,1,1
8554,62077079,-0.0036706028,-0.0024823842,0.0001383582,8005,0,-0.11104716,0.1823608,-10.246831,8005,0,0,1,1
8555,62082083,-0.0021445341,-0.005080655,-0.0005596699,5004,0,-0.11669689,0.2042704,-10.28927,5004,0,0,1,1
8556,62087086,-0.0032028854,-0.0036292672,0.0010254264,5003,0,-0.11742299,0.19900101,-10.272997,5003,0,0,1,1
8557,62095092,-0.0018982813,-0.004721135,-6.661052e-05,8006,0,-0.110148095,0.19732594,-10.280356,8006,0,0,1,1
8558,62103097,-0.002149511,-0.003395751,0.0013944214,8005,0,-0.13453922,0.20338388,-10.255702,8005,0,0,1,1
8559,62113104,-0.0012523159,-0.0027838498,1.2953299e-05,5004,0,-0.08055085,0.19110203,-10.3223,5004,0,0,1,1
8560,62121109,-0.004411407,-0.00418435,0.0008745107,8005,0,-0.14186926,0.19926776,-10.254168,8005,0,0,1,1
8561,62126113,-0.0029769726,-0.0048808455,0.0008920376,5004,0,-0.17464074,0.20283332,-10.311777,5004,0,0,1,1
8562,62131116,-0.0043351054,-0.0037957428,3.2841694e-05,5003,0,-0.14280236,0.17673558,-10.293106,5003,0,0,1,1
8563,62138997,-0.0033719428,-0.0039122403,0.0013046389,7881,0,-0.13435541,0.20758662,-10.279554,7881,0,0,1,1
8564,62144125,-0.0016295984,-0.0032005012,-7.3801726e-05,5128,0,-0.14626238,0.18772168,-10.259223,5128,0,0,1,1
8565,62149129,-0.005167082,-0.0035031291,0.00058598164,5004,0,-0.10784614,0.2420939,-10.318237,5004,0,0,1,1
8566,62157134,-0.0020230114,-0.0025405881,0.00054091,8005,0,-0.106408164,0.2039083,-10.28963,8005,0,0,1,1
8567,62162138,-0.0033096375,-0.0033694508,0.0015511215,5004,0,-0.09539428,0.19996016,-10.28376,5004,0,0,1,1
8568,62167141,-0.0044013783,-0.0039091855,0.0003252835,5003,0,-0.11574424,0.19396949,-10.240419,5003,0,0,1,1
8569,62175146,-0.0033057553,-0.003784999,0.001046606,8005,0,-0.110594645,0.22147347,-10.283908,8005,0,0,1,1
8570,62180150,-0.0035226047,-0.0033763647,-0.00028027873,5004,0,-0.1145479,0.22127287,-10.298138,5004,0,0,1,1
8571,62185153,-0.0043367706,-0.0034721494,0.00036518043,5003,0,-0.08384363,0.22599119,-10.3004055,5003,0,0,1,1
8572,62193159,-0.0026428883,-0.0030692667,0.000575108,8006,0,-0.12406069,0.20690337,-10.256411,8006,0,0,1,1
8573,62201164,-0.0020561218,-0.0038598177,0.00057104207,8005,0,-0.092045486,0.21618365,-10.267938,8005,0,0,1,1
8574,62211171,-0.0032428654,-0.003715694,0.0014112452,5003,0,-0.14734334,0.20809612,-10.31035,5003,0,0,1,1
8575,62219177,-0.004112046,-0.0047627985,0.0006742819,8006,0,-0.10626163,0.21737969,-10.280956,8006,0,0,1,1
8576,62224180,-0.0026103482,-0.004714474,0.00065212836,5003,0,-0.12819403,0.20785707,-10.240671,5003,0,0,1,1
8577,62229183,-0.0029898845,-0.0034736693,0.0007788289,5003,0,-0.13196814,0.22426167,-10.307106,5003,0,0,1,1
8578,62237189,-0.0029053465,-0.0041013355,0.0006702144,8006,0,-0.12825234,0.18850139,-10.283947,8006,0,0,1,1
8579,62242192,-0.0019044206,-0.0042553246,0.0022301618,5003,0,-0.1454308,0.18463576,-10.278257,5003,0,0,1,1
8580,62247196,-0.0022977442,-0.002317667,0.00049901335,5004,0,-0.10569547,0.18296275,-10.293587,5004,0,0,1,1
8581,62255201,-0.0034834405,-0.0020244417,0.0012447792,8005,0,-0.1453134,0.19103955,-10.292029,8005,0,0,1,1
8582,62260205,-0.0034505911,-0.0056673884,-0.0009420146,5004,0,-0.12810786,0.19160774,-10.241533,5004,0,0,1,1
8583,62265208,-0.0035431308,-0.0018575042,0.0001930613,5003,0,-0.14139731,0.20001818,-10.273705,5003,0,0,1,1
8584,62273214,-0.0029088892,-0.0037555993,0.00061580446,8006,0,-0.114489116,0.19224,-10.295469,8006,0,0,1,1
8585,62281219,-0.0035457534,-0.0037184951,0.0004498218,8005,0,-0.119278975,0.22306298,-10.33422,8005,0,0,1,1
8586,62291226,-0.0030101687,-0.004407838,0.0005860743,5003,0,-0.10593245,0.18032667,-10.284491,5003,0,0,1,1
8587,62299106,-0.0028457085,-0.003196836,0.0018423126,7880,0,-0.09916831,0.18985747,-10.268815,7880,0,0,1,1
8588,62309238,-0.0034898557,-0.002884239,0.0008142118,5003,0,-0.113737896,0.20537679,-10.292685,5003,0,0,1,1
8589,62317244,-0.003616508,-0.0026116818,0.0013278893,8006,0,-0.10371146,0.1887975,-10.3022,8006,0,0,1,1
8590,62322247,-0.0033057965,-0.003691703,0.0012222384,5003,0,-0.10742793,0.20540765,-10.288704,5003,0,0,1,1
8591,62327251,-0.0032893608,-0.003036812,0.0016375454,5004,0,-0.091325,0.2152876,-10.285444,5004,0,0,1,1
8592,62335256,-0.0030888093,-0.003586754,-0.00035856199,8005,0,-0.11362665,0.20469473,-10.298101,8005,0,0,1,1
8593,62340259,-0.0038955659,-0.0035625845,0.0009781921,5003,0,-0.11287291,0.19301334,-10.331648,5003,0,0,1,1
8594,62345263,-0.0028169937,-0.0055268556,0.0014577785,5004,0,-0.11669928,0.22413304,-10.322792,5004,0,0,1,1
8595,62353268,-0.004094925,-0.004188493,0.00065770483,8005,0,-0.12002564,0.1995724,-10.264042,8005,0,0,1,1
8596,62361274,-0.0024099946,-0.0027113704,0.0010736862,8006,0,-0.108052194,0.21678144,-10.279604,8006,0,0,1,1
8597,62371281,-0.0013374165,-0.0025133342,0.0016409475,5004,0,-0.10694951,0.18029487,-10.255272,5004,0,0,1,1
8598,62379286,-0.003268607,-0.0049637253,0.001225165,8005,0,-0.10743313,0.19833703,-10.3098135,8005,0,0,1,1
8599,62389168,-0.0025768578,-0.0040887296,-0.0010525477,5003,0,-0.10568456,0.21552017,-10.292385,5003,0,0,1,1
8600,62397175,-0.003514778,-0.004703835,0.00044429142,8007,0,-0.115206644,0.2172316,-10.276972,8007,0,0,1,1
8601,62407305,-0.0027568042,-0.0043816715,0.00020632707,5003,0,-0.0860567,0.19612439,-10.315853,5003,0,0,1,1
8602,62415311,-0.0035316087,-0.0033142567,0.00090024737,8006,0,-0.1078288,0.21159533,-10.275923,8006,0,0,1,1
8603,62420314,-0.0025239624,-0.0040287673,0.0015776104,5003,0,-0.08246732,0.21599704,-10.330694,5003,0,0,1,1
8604,62425318,-0.0029240847,-0.004596457,-0.00025830884,5004,0,-0.10789638,0.20711842,-10.276762,5004,0,0,1,1
8605,62433323,-0.0033008342,-0.002374321,0.0011279221,8005,0,-0.118976444,0.21228929,-10.269431,8005,0,0,1,1
8606,62438327,-0.00039333853,-0.004235238,0.0014181151,5004,0,-0.09659234,0.21766862,-10.30006,5004,0,0,1,1
8607,62443330,-0.0033893806,-0.0033095034,0.00064525055,5003,0,-0.11909889,0.19038421,-10.281372,5003,0,0,1,1
8608,62451336,-0.003691636,-0.0034728795,0.00079895253,8006,0,-0.116130754,0.20495926,-10.288282,8006,0,0,1,1
8609,62459341,-0.0037459393,-0.0032525507,-0.00019110786,8005,0,-0.09727939,0.21154298,-10.267032,8005,0,0,1,1
8610,62469348,-0.004310999,-0.0034627318,0.00075691077,5003,0,-0.12236022,0.21743894,-10.298368,5003,0,0,1,1
8611,62477354,-0.0029591469,-0.0029943585,0.0004375009,8006,0,-0.1279527,0.21602875,-10.262392,8006,0,0,1,1
8612,62487360,-0.0014320649,-0.003749192,0.0011116795,5003,0,-0.09467568,0.20307109,-10.322554,5003,0,0,1,1
8613,62495366,-0.004169788,-0.0034061223,0.0011702419,8006,0,-0.14366648,0.22291665,-10.289333,8006,0,0,1,1
8614,62505373,-0.0015050994,-0.0033797172,0.0011366156,5129,0,-0.13388029,0.19361617,-10.284189,5129,0,0,1,1
8615,62513378,-0.0023269018,-0.0037691442,0.0010183356,8005,0,-0.11256041,0.2211165,-10.262231,8005,0,0,1,1
8616,62521384,-0.003358584,-0.0034813136,0.0010367818,8006,0,-0.13394013,0.20151705,-10.288736,8006,0,0,1,1
8617,62526387,-0.0022176579,-0.0028769672,0.0009849826,5003,0,-0.13274436,0.19924217,-10.263416,5003,0,0,1,1
8618,62531390,-0.005320139,-0.0024443418,0.00051242136,5003,0,-0.09515448,0.22486225,-10.231096,5003,0,0,1,1
8619,62539396,-0.0032341478,-0.0030193476,0.00028724736,8006,0,-0.10895249,0.19583222,-10.287531,8006,0,0,1,1
8620,62549403,-0.0032227451,-0.0031630995,-0.0003133677,5004,0,-0.123644814,0.19875973,-10.251688,5004,0,0,1,1
8621,62557408,-0.0018568708,-0.0028196273,0.0011573839,8005,0,-0.10311475,0.1919382,-10.267037,8005,0,0,1,1
8622,62567415,-0.0033026375,-0.003409624,0.00034598587,5003,0,-0.104249135,0.2162366,-10.277067,5003,0,0,1,1
8623,62575421,-0.004896734,-0.003113493,0.0006980621,8006,0,-0.09845654,0.19193994,-10.2733,8006,0,0,1,1
8624,62585428,-0.0018579736,-0.0029898435,0.00076483726,5004,0,-0.094195984,0.23275918,-10.295019,5004,0,0,1,1
8625,62593433,-0.0028843135,-0.0030983686,0.0018314017,8005,0,-0.10625951,0.18894626,-10.301006,8005,0,0,1,1
8626,62601438,-0.0024851633,-0.0033522097,0.0004913348,8005,0,-0.12645812,0.20361264,-10.280952,8005,0,0,1,1
8627,62606442,-0.0033692273,-0.0021316558,0.00037922384,5004,0,-0.11143984,0.22652942,-10.285204,5004,0,0,1,1
8628,62611445,-0.0020909123,-0.0026039034,0.0004121005,5003,0,-0.08964561,0.19995762,-10.26581,5003,0,0,1,1
8629,62619451,-0.0022436716,-0.0033813117,0.00092838815,8006,0,-0.1319948,0.22770312,-10.272271,8006,0,0,1,1
8630,62624454,-0.0041881837,-0.003995359,-0.0006991783,5003,0,-0.14040048,0.20259322,-10.295017,5003,0,0,1,1
8631,62629458,-0.0027903058,-0.003575921,0.0014776071,5004,0,-0.10018436,0.18870589,-10.26725,5004,0,0,1,1
8632,62637463,-0.0032837836,-0.0031732318,-0.0003653718,8005,0,-0.12421454,0.17323352,-10.298308,8005,0,0,1,1
8633,62647470,-0.004281696,-0.0037027004,0.0005190554,5004,0,-0.087497815,0.20834202,-10.271317,5004,0,0,1,1
8634,62655475,-0.0043906453,-0.0038724241,-0.00023282178,8005,0,-0.11358971,0.19598036,-10.283194,8005,0,0,1,1
8635,62665482,-0.0030035712,-0.0034230351,0.0002662246,5003,0,-0.10832187,0.19900388,-10.299328,5003,0,0,1,1
8636,62673488,-0.004170157,-0.0033730417,-1.596892e-05,8006,0,-0.11703165,0.19133894,-10.296513,8006,0,0,1,1
8637,62681493,-0.0037785803,-0.003409147,0.0012441109,8005,0,-0.10295249,0.19428125,-10.276788,8005,0,0,1,1
8638,62686497,-0.00305656,-0.003123194,0.00034590764,5004,0,-0.13130563,0.19780332,-10.287359,5004,0,0,1,1
8639,62691500,-0.0030963533,-0.0033629984,-0.00044006808,5003,0,-0.120772146,0.21791871,-10.293581,5003,0,0,1,1
8640,62699506,-0.0035621896,-0.004042685,0.0005788591,8006,0,-0.10311128,0.21512908,-10.248634,8006,0,0,1,1
8641,62704509,-0.0032154543,-0.0026073754,0.0006054933,5003,0,-0.109368704,0.19571334,-10.264191,5003,0,0,1,1
8642,62709513,-0.0028740838,-0.0036015958,0.00050803367,5004,0,-0.102362305,0.24128482,-10.2351055,5004,0,0,1,1
8643,62717518,-0.0027596501,-0.0033772585,0.00089129613,8005,0,-0.11359061,0.2009195,-10.241599,8005,0,0,1,1
8644,62722521,-0.00490072,-0.0035161674,0.0017108142,5003,0,-0.10737051,0.21528763,-10.281132,5003,0,0,1,1
8645,62727525,-0.0045746453,-0.0039221495,0.00083162077,5004,0,-0.077197105,0.18463497,-10.259825,5004,0,0,1,1
8646,62735530,-0.004565466,-0.002594918,0.00017521762,8005,0,-0.113291524,0.20211373,-10.285439,8005,0,0,1,1
8647,62743536,-0.002035264,-0.0037349164,0.0008579728,8006,0,-0.111643195,0.2015158,-10.239357,8006,0,0,1,1
8648,62753543,-0.0033160148,-0.0027570277,0.00021274388,5004,0,-0.0985112,0.22366588,-10.309383,5004,0,0,1,1
8649,62761548,-0.0028637424,-0.0023328213,0.00031661845,8005,0,-0.11478592,0.19043751,-10.252364,8005,0,0,1,1
8650,62766551,-0.0009196513,-0.0036822855,0.0006253829,5003,0,-0.12796026,0.19157553,-10.287357,5003,0,0,1,1
8651,62771555,-0.0010724515,-0.0038757175,0.0002195565,5004,0,-0.13800786,0.16907716,-10.311539,5004,0,0,1,1
8652,62779560,-0.002996545,-0.0029611287,0.0015651638,8005,0,-0.117779195,0.2170773,-10.278262,8005,0,0,1,1
8653,62784564,-0.0032629853,-0.0039685965,0.00022599427,5004,0,-0.09372016,0.20163622,-10.254076,5004,0,0,1,1
8654,62789567,-0.003475882,-0.0021380037,0.0013778978,5003,0,-0.08749212,0.20642072,-10.289755,5003,0,0,1,1
8655,62797573,-0.0028883182,-0.0029524264,0.0008656762,8006,0,-0.096229516,0.19418305,-10.303996,8006,0,0,1,1
8656,62805578,-0.0032217128,-0.003872141,-0.00018675857,8005,0,-0.13049898,0.18969445,-10.247882,8005,0,0,1,1
8657,62815585,-0.0034497974,-0.004728034,-0.00016680686,5003,0,-0.11215006,0.2023535,-10.228462,5003,0,0,1,1
8658,62823591,-0.004711341,-0.0036976337,0.0014114155,8006,0,-0.11194255,0.1780254,-10.252968,8006,0,0,1,1
8659,62833597,-0.0021712482,-0.0038689526,5.978532e-05,5003,0,-0.14064455,0.19660968,-10.311066,5003,0,0,1,1
8660,62841603,-0.0029428003,-0.0051371153,0.000732748,8006,0,-0.12317206,0.22440967,-10.313572,8006,0,0,1,1
8661,62851610,-0.0027833357,-0.0052004457,0.002003661,5004,0,-0.14160371,0.19684687,-10.290466,5004,0,0,1,1
8662,62859615,-0.0029090305,-0.0047502066,0.000121224664,8005,0,-0.11703312,0.21303795,-10.268535,8005,0,0,1,1
8663,62864619,-0.003775619,-0.0036757141,0.0013313016,5004,0,-0.12699449,0.19421366,-10.225834,5004,0,0,1,1
8664,62869622,-0.003921859,-0.0046750903,-5.3912867e-05,5003,0,-0.10616767,0.21600617,-10.265566,5003,0,0,1,1
8665,62877628,-0.0012904219,-0.0034309626,0.00079948315,8006,0,-0.104760244,0.19208583,-10.24938,8006,0,0,1,1
8666,62885633,-0.004049189,-0.0035892127,0.0013323355,8005,0,-0.11254171,0.20959575,-10.295917,8005,0,0,1,1
8667,62890637,-0.0022712983,-0.0034361035,-0.0008326303,5004,0,-0.13801193,0.20067859,-10.31896,5004,0,0,1,1
8668,62895640,-0.0024042428,-0.004095331,0.0020174938,5003,0,-0.09060152,0.21600208,-10.257906,5003,0,0,1,1
8669,62903646,-0.0027801096,-0.0037017763,0.001352784,8006,0,-0.09787819,0.20854813,-10.266434,8006,0,0,1,1
8670,62913652,-0.001432158,-0.0045148134,9.292783e-05,5003,0,-0.10377106,0.21001658,-10.305798,5003,0,0,1,1
8671,62921658,-0.0015730262,-0.0044669807,0.0003584493,8006,0,-0.1065547,0.18655352,-10.275267,8006,0,0,1,1
8672,62931665,-0.004195053,-0.0036624968,0.0005857232,5004,0,-0.12292904,0.2191095,-10.293583,5004,0,0,1,1
8673,62939670,-0.0037155335,-0.0031728146,0.0010006743,8005,0,-0.12492606,0.21524434,-10.259212,8005,0,0,1,1
8674,62949677,-0.003049884,-0.0042884946,0.00030605352,5002,0,-0.10760452,0.22462127,-10.257422,5002,0,0,1,1
8675,62957683,-0.003358692,-0.002178952,0.0006454373,8006,0,-0.11044954,0.18939605,-10.274969,8006,0,0,1,1
8676,62962686,-0.0034824796,-0.0026239455,0.0007716813,5003,0,-0.11048301,0.21720137,-10.255512,5003,0,0,1,1
8677,62967690,-0.0026101135,-0.003908798,0.0015845359,5004,0,-0.13106927,0.21432278,-10.281372,5004,0,0,1,1
8678,62975695,-0.003582701,-0.003764361,-0.00034155973,8005,0,-0.13265464,0.2038551,-10.298665,8005,0,0,1,1
8679,62983700,-0.0023930592,-0.0029819158,0.00093713513,8005,0,-0.10775615,0.20480789,-10.280204,8005,0,0,1,1
8680,62988704,-0.0043499693,-0.002361402,0.0005410984,5004,0,-0.08590527,0.17607728,-10.254019,5004,0,0,1,1
8681,62993582,-0.0035672148,-0.0028184054,-0.0004885611,4878,0,-0.10864823,0.2220595,-10.299901,4878,0,0,1,1
8682,63001591,-0.0022439286,-0.004381284,-0.0001966441,8009,0,-0.108782485,0.21949273,-10.257373,8009,0,0,1,1
8683,63011720,-0.0034326126,-0.0039026141,0.0019472167,5129,0,-0.0871112,0.20859921,-10.265823,5129,0,0,1,1
8684,63019725,-0.002834655,-0.0031734107,0.00079054566,8005,0,-0.13259572,0.25134385,-10.26284,8005,0,0,1,1
8685,63029732,-0.0042249896,-0.0045482367,2.8752722e-05,5003,0,-0.1227469,0.19885074,-10.284851,5003,0,0,1,1
8686,63037738,-0.0031898767,-0.0029810218,-0.00038041497,8006,0,-0.12881514,0.21941656,-10.309498,8006,0,0,1,1
8687,63047744,-0.003465824,-0.0030606836,0.0012503943,5127,0,-0.11390967,0.22360463,-10.286088,5127,0,0,1,1
8688,63055625,-0.0042430684,-0.0040692682,0.001424907,7881,0,-0.13943104,0.21537906,-10.256292,7881,0,0,1,1
8689,63060629,-0.00399781,-0.003665805,0.00037584174,5004,0,-0.10649738,0.1930156,-10.284279,5004,0,0,1,1
8690,63065757,-0.0033489652,-0.0029773263,-0.000116004136,5128,0,-0.10541808,0.20421617,-10.287222,5128,0,0,1,1
8691,63073637,-0.0037315974,-0.0027932676,0.0014573756,7880,0,-0.12037006,0.18981506,-10.299962,7880,0,0,1,1
8692,63081768,-0.0016712174,-0.0030231625,0.0012769585,8131,0,-0.11992622,0.22535703,-10.26222,8131,0,0,1,1
8693,63086771,-0.003069557,-0.004248321,-0.00016701594,5003,0,-0.13130774,0.22222686,-10.27347,5003,0,0,1,1
8694,63091653,-0.005283449,-0.0030547082,0.0005395112,4882,0,-0.0934573,0.17435655,-10.250896,4882,0,0,1,1
8695,63099658,-0.00391626,-0.0043710917,0.00034469273,8005,0,-0.1108562,0.18674171,-10.266696,8005,0,0,1,1
8696,63109787,-0.0027635098,-0.0038357824,-0.0004067151,5003,0,-0.11957433,0.22605339,-10.289991,5003,0,0,1,1
8697,63117793,-0.004448797,-0.003543511,0.0003585033,8006,0,-0.11897683,0.18745145,-10.284247,8006,0,0,1,1
8698,63127799,-0.0035176163,-0.0046780556,0.001070691,5003,0,-0.13472006,0.19987002,-10.2620125,5003,0,0,1,1
8699,63135680,-0.002409689,-0.0035656542,0.0013349635,7881,0,-0.11760269,0.20502216,-10.260438,7881,0,0,1,1
8700,63145687,-0.002555482,-0.0047384654,0.00091176276,4879,0,-0.102019936,0.20336731,-10.266995,4879,0,0,1,1
8701,63153817,-0.0025212094,-0.004042893,-0.00039923145,8130,0,-0.07890929,0.19200379,-10.276585,8130,0,0,1,1
8702,63161823,-0.0033917502,-0.003112778,0.0007331946,8006,0,-0.14633954,0.20484726,-10.272691,8006,0,0,1,1
8703,63166826,-0.00402857,-0.0023110956,0.0005727727,5003,0,-0.14614935,0.22557892,-10.318481,5003,0,0,1,1
8704,63171830,-0.0039552003,-0.0029438138,0.0013176426,5004,0,-0.10736626,0.22460818,-10.27683,5004,0,0,1,1
8705,63179835,-0.0020280927,-0.0038248894,0.0002211514,8005,0,-0.12707487,0.22158666,-10.30082,8005,0,0,1,1
8706,63184838,-0.003990747,-0.0015210956,0.00031983526,5003,0,-0.12179218,0.19594665,-10.262907,5003,0,0,1,1
8707,63189842,-0.0053367913,-0.0030599236,0.00035044784,5004,0,-0.13163817,0.21938108,-10.242142,5004,0,0,1,1
8708,63197847,-0.004689682,-0.0034456996,0.0019141235,8005,0,-0.10930662,0.20478824,-10.262377,8005,0,0,1,1
8709,63207854,-0.0032960137,-0.0031738281,0.00035256892,5003,0,-0.12305221,0.20782723,-10.282385,5003,0,0,1,1
8710,63215860,-0.0040777023,-0.003966987,4.4627577e-05,8006,0,-0.14477205,0.2102897,-10.292828,8006,0,0,1,1
8711,63225744,-0.0029908943,-0.0025893748,0.0008021039,4881,0,-0.1169037,0.20050581,-10.27673,4881,0,0,1,1
8712,63233872,-0.0036034884,-0.004199371,0.00018454576,8128,0,-0.09490506,0.20523335,-10.272712,8128,0,0,1,1
8713,63241878,-0.0019976571,-0.0039103627,0.00027909502,8006,0,-0.119296506,0.22370122,-10.293901,8006,0,0,1,1
8714,63246881,-0.0027365088,-0.00217776,0.00039212406,5003,0,-0.111434855,0.21743798,-10.309866,5003,0,0,1,1
8715,63251759,2.8569251e-05,-0.0030932722,0.0013542832,4878,0,-0.096369244,0.21936765,-10.268618,4878,0,0,1,1
8716,63259765,-0.0037204213,-0.004167691,0.0004462318,8006,0,-0.12750664,0.22470734,-10.270327,8006,0,0,1,1
8717,63264771,-0.0040683784,-0.0037431568,0.00039243881,5006,0,-0.13634281,0.2023514,-10.279484,5006,0,0,1,1
8718,63269897,-0.0032733085,-0.003916487,0.0006575098,5126,0,-0.10839808,0.1853191,-10.250442,5126,0,0,1,1
8719,63277902,-0.002356056,-0.0033356694,0.00022494559,8005,0,-0.112693794,0.20915012,-10.263892,8005,0,0,1,1
8720,63287909,-0.003522694,-0.004621431,0.00017269375,5003,0,-0.1337005,0.21121201,-10.245937,5003,0,0,1,1
8721,63295915,-0.0028202347,-0.003302291,0.0005200142,8006,0,-0.10462388,0.19619882,-10.257181,8006,0,0,1,1
8722,63303921,-0.0041663237,-0.003323108,-0.0002656146,8006,0,-0.108798325,0.21169057,-10.298012,8006,0,0,1,1
8723,63313927,-0.0033303015,-0.0032006202,-0.0015582527,5003,0,-0.112841554,0.19074237,-10.321442,5003,0,0,1,1
8724,63321932,-0.0027679426,-0.003177434,0.0005249187,8005,0,-0.13468501,0.20645355,-10.303093,8005,0,0,1,1
8725,63326936,-0.0047808215,-0.0040753484,0.00041242642,5004,0,-0.10976547,0.21240222,-10.233971,5004,0,0,1,1
8726,63331821,-0.004871678,-0.0041250293,0.0012806548,4885,0,-0.10502334,0.2057947,-10.290181,4885,0,0,1,1
8727,63339822,-0.0027274042,-0.0026763976,0.0006847304,8001,0,-0.11398531,0.20966566,-10.280546,8001,0,0,1,1
8728,63344948,-0.0048941,-0.002966106,0.002351036,5126,0,-0.13054842,0.18733704,-10.29163,5126,0,0,1,1
8729,63349952,-0.0038702677,-0.004898414,0.00030013826,5004,0,-0.100957304,0.1967852,-10.30295,5004,0,0,1,1
8730,63357957,-0.0042742603,-0.0046463753,0.0009199699,8005,0,-0.12211926,0.2247078,-10.286939,8005,0,0,1,1
8731,63365963,-0.0035545044,-0.003443718,0.0016357148,8006,0,-0.10805294,0.20854847,-10.287685,8006,0,0,1,1
8732,63375970,-0.0041059107,-0.0034417063,0.0008842123,5129,0,-0.10889171,0.2012383,-10.288069,5129,0,0,1,1
8733,63383975,-0.0026178807,-0.0033977774,-0.0006739338,8005,0,-0.10101784,0.21393748,-10.289636,8005,0,0,1,1
8734,63393857,-0.0035899768,-0.0027518123,0.0016840794,4879,0,-0.10395188,0.2203178,-10.269852,4879,0,0,1,1
8735,63401987,-0.004246048,-0.0035492182,0.00018217368,8130,0,-0.13499,0.19242701,-10.257738,8130,0,0,1,1
8736,63406991,-0.0031894185,-0.0044350475,0.0030888594,5004,0,-0.13369793,0.18894368,-10.300049,5004,0,0,1,1
8737,63411994,-0.0035359636,-0.003675759,0.00058552343,5003,0,-0.13944697,0.19206342,-10.255276,5003,0,0,1,1
8738,63420000,-0.0030087493,-0.0026738197,0.00019595584,8006,0,-0.11299297,0.2317397,-10.254765,8006,0,0,1,1
8739,63425003,-0.0034560524,-0.004061967,0.001910411,5003,0,-0.12603886,0.21575662,-10.29406,5003,0,0,1,1
8740,63430007,-0.004235033,-0.003422648,6.642006e-05,5004,0,-0.103294335,0.1863153,-10.300526,5004,0,0,1,1
8741,63438012,-0.0026180109,-0.003593534,0.00063270354,8005,0,-0.115238585,0.2148322,-10.27766,8005,0,0,1,1
8742,63446018,-0.0042630956,-0.0028921214,-0.0006770026,8006,0,-0.107039906,0.22358502,-10.2687,8006,0,0,1,1
8743,63456024,-0.004707046,-0.004368365,0.001076773,5003,0,-0.12095496,0.21818933,-10.262011,5003,0,0,1,1
8744,63463905,-0.0040185265,-0.003759056,0.0012023447,7881,0,-0.10302543,0.18843147,-10.257147,7881,0,0,1,1
8745,63474037,-0.0038488135,-0.0046347827,0.00056580314,5004,0,-0.108322926,0.20259336,-10.304113,5004,0,0,1,1
8746,63482042,-0.003841307,-0.004766926,0.00064562744,8005,0,-0.11463892,0.22306399,-10.258657,8005,0,0,1,1
8747,63491924,-0.004437595,-0.0030106453,0.0015349152,4878,0,-0.087222874,0.2107685,-10.297658,4878,0,0,1,1
8748,63500054,-0.0038128644,-0.0029674917,-7.414259e-05,8130,0,-0.101399176,0.20518988,-10.276125,8130,0,0,1,1
8749,63508060,-0.0034942143,-0.0021715462,0.0017859585,8006,0,-0.12744954,0.18533808,-10.269527,8006,0,0,1,1
8750,63513063,-0.0008193143,-0.0040687025,0.0007189382,5003,0,-0.093716905,0.20762044,-10.272753,5003,0,0,1,1
8751,63518067,-0.0025969485,-0.0029435905,0.00084515195,5004,0,-0.10090133,0.19972214,-10.271074,5004,0,0,1,1
8752,63526072,-0.002409771,-0.0035520045,0.0004914913,8005,0,-0.1149386,0.22246341,-10.272125,8005,0,0,1,1
8753,63530951,-0.003961958,-0.002810851,0.0005899228,4879,0,-0.11125496,0.19947736,-10.28704,4879,0,0,1,1
8754,63536079,-0.0048737186,-0.0039286464,0.001234983,5128,0,-0.11417689,0.24360727,-10.270288,5128,0,0,1,1
8755,63544085,-0.0032089315,-0.002852872,0.00038320478,8006,0,-0.124512106,0.18191707,-10.27182,8006,0,0,1,1
8756,63554092,-0.00284186,-0.003688559,0.00094969315,5129,0,-0.11951833,0.18935412,-10.285063,5129,0,0,1,1
8757,63562097,-0.005210686,-0.0033688096,-0.0006071538,8005,0,-0.13019973,0.18251105,-10.287391,8005,0,0,1,1
8758,63572104,-0.00341611,-0.0036029518,1.9527506e-05,5003,0,-0.12173189,0.17506593,-10.278511,5003,0,0,1,1
8759,63580110,-0.0041546673,-0.0036548672,0.0015149894,8006,0,-0.11957522,0.18739407,-10.26601,8006,0,0,1,1
8760,63590116,-0.0033764134,-0.0032629967,-0.0011923467,5003,0,-0.09108103,0.23946747,-10.30364,5003,0,0,1,1
8761,63598122,-0.0035916977,-0.0042594075,0.0005743825,8006,0,-0.10745574,0.20256113,-10.268234,8006,0,0,1,1
8762,63606127,-0.0035125834,-0.0033188015,0.00022912397,8005,0,-0.092486195,0.19074468,-10.298761,8005,0,0,1,1
8763,63611131,-0.0035222843,-0.0032296926,0.00083839876,5004,0,-0.10952337,0.20355076,-10.311777,5004,0,0,1,1
8764,63616134,-0.0018515064,-0.0034561455,-0.0004926445,5003,0,-0.11143294,0.20737833,-10.273472,5003,0,0,1,1
8765,63624140,-0.0017986632,-0.0034062564,0.00079546287,8006,0,-0.12735653,0.21243891,-10.272573,8006,0,0,1,1
8766,63629143,-0.0026702732,-0.0031965824,-0.0005727969,5003,0,-0.10425344,0.20618334,-10.324232,5003,0,0,1,1
8767,63634146,-0.0031673575,-0.0036376417,0.00036912598,5003,0,-0.100688696,0.17682675,-10.282963,5003,0,0,1,1
8768,63642152,-0.003471084,-0.0042051673,0.0013732375,8006,0,-0.1257098,0.19568093,-10.24444,8006,0,0,1,1
8769,63652159,-0.0021449253,-0.0034628361,0.00041247671,5004,0,-0.10281708,0.17410219,-10.321357,5004,0,0,1,1
8770,63660164,-0.003011409,-0.0028622,0.0010955522,8005,0,-0.12919077,0.2023979,-10.291988,8005,0,0,1,1
8771,63670171,-0.0033092238,-0.004028678,-0.00011999859,5003,0,-0.15500833,0.22749549,-10.29071,5003,0,0,1,1
8772,63678177,-0.0024518296,-0.0046505476,-0.00011994549,8006,0,-0.099523865,0.20929772,-10.264046,8006,0,0,1,1
8773,63688184,-0.002558194,-0.0029037595,0.0013304022,5004,0,-0.13915114,0.21905212,-10.287588,5004,0,0,1,1
8774,63696189,-0.0026888957,-0.0034438965,0.000970256,8005,0,-0.081567235,0.21423401,-10.277362,8005,0,0,1,1
8775,63704195,-0.0026844926,-0.003035739,0.00045800276,8006,0,-0.08560499,0.19538033,-10.286339,8006,0,0,1,1
8776,63709198,-0.0027902946,-0.0033230784,-0.00089237746,5003,0,-0.10569054,0.18703312,-10.276106,5003,0,0,1,1
8777,63714201,-0.0037688576,-0.0037356766,0.0003857552,5003,0,-0.13681278,0.21001798,-10.267008,5003,0,0,1,1
8778,63722207,-0.0037372147,-0.0044256747,0.0004621416,8006,0,-0.10910366,0.19463466,-10.287235,8006,0,0,1,1
8779,63727210,-0.003410153,-0.0035484731,0.00063583325,5003,0,-0.10676776,0.2322229,-10.326807,5003,0,0,1,1
8780,63732214,-0.004374828,-0.002637297,0.00059885136,5004,0,-0.094439276,0.18535984,-10.299564,5004,0,0,1,1
8781,63740219,-0.0027761979,-0.0032106638,-0.00021570128,8005,0,-0.14097455,0.21184097,-10.276312,8005,0,0,1,1
8782,63750226,-0.0033626559,-0.0033895671,0.000105993815,5003,0,-0.09252315,0.22055313,-10.283283,5003,0,0,1,1
8783,63758232,-0.0030508637,-0.0040095747,0.002039466,8006,0,-0.1194218,0.2086971,-10.294573,8006,0,0,1,1
8784,63768239,-0.002397485,-0.0051471144,0.00018611131,5004,0,-0.13537204,0.1999614,-10.294302,5004,0,0,1,1
8785,63776244,-0.0046344846,-0.0038549749,0.0002494701,8005,0,-0.13406768,0.20875114,-10.248572,8005,0,0,1,1
8786,63786251,-0.0032962635,-0.0025373995,0.00079876644,5003,0,-0.106890276,0.18942276,-10.302685,5003,0,0,1,1
8787,63794256,-0.0018604061,-0.0033479333,0.0020107322,8005,0,-0.10266447,0.2157302,-10.250577,8005,0,0,1,1
8788,63802262,-0.0040658526,-0.0024576038,0.0013695585,8006,0,-0.09833109,0.21094416,-10.253569,8006,0,0,1,1
8789,63807265,-0.0025770776,-0.0034625381,0.00053883204,5003,0,-0.08317964,0.19612968,-10.28113,5003,0,0,1,1
8790,63812269,-0.0018117428,-0.003236726,-2.7064701e-05,5004,0,-0.14351706,0.23060587,-10.264372,5004,0,0,1,1
8791,63820274,-0.0033257452,-0.0043066735,-9.3418166e-05,8005,0,-0.09971067,0.19547643,-10.274069,8005,0,0,1,1
8792,63825278,-0.003975779,-0.002817288,-0.00084596593,5004,0,-0.11502708,0.18966472,-10.306515,5004,0,0,1,1
8793,63830281,-0.0037669276,-0.0045009106,-0.001059866,5003,0,-0.12373919,0.20509729,-10.267996,5003,0,0,1,1
8794,63838287,-0.0039328746,-0.00380595,0.00040790113,8006,0,-0.13887763,0.21184024,-10.267184,8006,0,0,1,1
8795,63848168,-0.0027836747,-0.0025039315,-7.326342e-05,5003,0,-0.12532438,0.20618404,-10.287355,5003,0,0,1,1
8796,63856175,-0.0023431557,-0.0048433696,0.0004661747,8007,0,-0.1373824,0.20984356,-10.254931,8007,0,0,1,1
8797,63866306,-0.0023442954,-0.002677232,0.000558533,5003,0,-0.118379384,0.20809832,-10.2686825,5003,0,0,1,1
8798,63874312,-0.0017176978,-0.00395073,-9.80217e-06,8006,0,-0.13426162,0.19014502,-10.283086,8006,0,0,1,1
8799,63884318,-0.0034228228,-0.0028572679,0.0009982612,5003,0,-0.11263196,0.22485673,-10.287113,5003,0,0,1,1
8800,63892324,-0.0041115955,-0.0032895652,0.0009286794,8006,0,-0.12211896,0.22859836,-10.26884,8006,0,0,1,1
8801,63900329,-0.0036039425,-0.003456041,9.6301075e-05,8005,0,-0.10550865,0.23054583,-10.258208,8005,0,0,1,1
8802,63905333,-0.0041884035,-0.003123328,0.00089841505,5004,0,-0.115264386,0.21982838,-10.274191,5004,0,0,1,1
8803,63910336,-0.0036089495,-0.0049806684,-0.0015452068,5003,0,-0.10376915,0.21120673,-10.3017235,5003,0,0,1,1
8804,63918342,-0.0026511215,-0.003681883,-0.00033200206,8006,0,-0.11016559,0.2084592,-10.3194275,8006,0,0,1,1
8805,63928349,-0.0035225302,-0.00500077,-0.00079249917,5004,0,-0.11933654,0.18679139,-10.249296,5004,0,0,1,1
8806,63936354,-0.0026223918,-0.0032357571,1.3055279e-05,8005,0,-0.121072754,0.21633197,-10.269279,8005,0,0,1,1
8807,63946361,-0.005706094,-0.0040887,0.00053217495,5004,0,-0.11502923,0.2085765,-10.316086,5004,0,0,1,1
8808,63954366,-0.0028843244,-0.0031193343,-0.0007485137,8005,0,-0.12571146,0.20809878,-10.301159,8005,0,0,1,1
8809,63962372,-0.0047400184,-0.0043631643,0.0006247258,8006,0,-0.11239172,0.2127371,-10.282146,8006,0,0,1,1
8810,63967375,-0.0022710897,-0.0032896101,0.0009852757,5003,0,-0.15836489,0.1937362,-10.258387,5003,0,0,1,1
8811,63972379,-0.003502477,-0.003496185,0.001943453,5004,0,-0.104732335,0.21624258,-10.271326,5004,0,0,1,1
8812,63980384,-0.002286993,-0.004146963,2.7223488e-05,8005,0,-0.13686043,0.19979866,-10.259065,8005,0,0,1,1
8813,63985388,-0.003771931,-0.0031242522,0.0020855824,5004,0,-0.11098482,0.1820269,-10.2758045,5004,0,0,1,1
8814,63990391,-0.0019379891,-0.0031965675,9.236857e-05,5003,0,-0.097075626,0.19063038,-10.260063,5003,0,0,1,1
8815,63998272,-0.0031387582,-0.00414899,0.0004005781,7881,0,-0.10904601,0.1836797,-10.297641,7881,0,0,1,1
8816,64003400,-0.0018323697,-0.0030276624,0.0007899767,5128,0,-0.09618724,0.18372071,-10.267811,5128,0,0,1,1
8817,64008404,-0.002930224,-0.0036491903,0.0014046519,5004,0,-0.099220745,0.20618041,-10.294783,5004,0,0,1,1
8818,64016409,-0.0028553156,-0.002840489,0.00048310586,8005,0,-0.11224382,0.19508474,-10.266738,8005,0,0,1,1
8819,64026416,-0.0029647462,-0.0047685653,-0.0014352924,5004,0,-0.113353424,0.15707558,-10.279491,5004,0,0,1,1
8820,64034421,-0.003087051,-0.002221793,0.00010164687,8005,0,-0.11619163,0.20882754,-10.3143215,8005,0,0,1,1
8821,64042302,-0.0035921037,-0.0029525456,0.0011759684,7881,0,-0.13847987,0.2115399,-10.30389,7881,0,0,1,1
8822,64052434,-0.0033161603,-0.0038021656,0.0010783498,5004,0,-0.11574379,0.18440121,-10.267009,5004,0,0,1,1
8823,64060439,-0.0037960706,-0.0032025573,0.0012613336,8005,0,-0.12122155,0.18909234,-10.285743,8005,0,0,1,1
8824,64065443,-0.0027505793,-0.0030368716,0.001431236,5004,0,-0.08222306,0.1973251,-10.27371,5004,0,0,1,1
8825,64070446,-0.003689751,-0.003114894,0.0013467572,5003,0,-0.10452431,0.2248305,-10.262699,5003,0,0,1,1
8826,64078451,-0.0041411254,-0.0037144718,0.00086641865,8005,0,-0.11403655,0.1823683,-10.269279,8005,0,0,1,1
8827,64083455,-0.0022109672,-0.0029633492,0.00087205024,5004,0,-0.1241271,0.18296036,-10.253129,5004,0,0,1,1
8828,64088458,-0.0040902533,-0.003308177,0.0005592087,5003,0,-0.1397774,0.21061093,-10.27368,5003,0,0,1,1
8829,64096464,-0.0021353513,-0.004562959,0.0013241803,8006,0,-0.13064788,0.22500837,-10.282448,8006,0,0,1,1
8830,64101467,-0.0031834245,-0.002748102,0.0010569755,5003,0,-0.11661519,0.2009803,-10.280449,5003,0,0,1,1
8831,64106471,-0.003908936,-0.0033761412,-8.044578e-05,5004,0,-0.11550601,0.20402686,-10.273949,5004,0,0,1,1
8832,64114476,-0.0041070655,-0.004897564,0.00037704498,8005,0,-0.122772485,0.20289855,-10.302068,8005,0,0,1,1
8833,64124483,-0.0029703267,-0.0036426783,-0.00015347451,5003,0,-0.12604102,0.22318995,-10.295736,5003,0,0,1,1
8834,64132489,-0.0033577904,-0.0032256097,0.00050190254,8006,0,-0.114143565,0.19914165,-10.262751,8006,0,0,1,1
8835,64140494,-0.002006717,-0.004103496,0.0009621676,8005,0,-0.121026844,0.19659783,-10.274256,8005,0,0,1,1
8836,64145498,-0.0020177849,-0.0036026835,-0.0005262331,5004,0,-0.12340774,0.20330769,-10.260065,5004,0,0,1,1
8837,64150501,-0.0037756413,-0.0040019453,-0.0004928033,5003,0,-0.13106535,0.22797118,-10.284489,5003,0,0,1,1
8838,64158507,-0.0041959616,-0.00401029,0.0009544338,8006,0,-0.12798648,0.2104383,-10.256914,8006,0,0,1,1
8839,64163510,-0.003712587,-0.0034828335,-0.0005929554,5003,0,-0.11155497,0.19170114,-10.276791,5003,0,0,1,1
8840,64168513,-0.0046805963,-0.0022443384,0.0003453493,5003,0,-0.11191484,0.22342417,-10.244982,5003,0,0,1,1
8841,64176519,-0.0036500914,-0.0038183182,0.0022726965,8006,0,-0.10282014,0.18505785,-10.256558,8006,0,0,1,1
8842,64181522,-0.004132461,-0.0038936287,6.665755e-05,5003,0,-0.1258283,0.18587193,-10.242876,5003,0,0,1,1
8843,64186526,-0.0032095425,-0.004088491,0.0015445221,5004,0,-0.1198126,0.19756022,-10.280653,5004,0,0,1,1
8844,64194531,-0.0030461885,-0.003152251,0.00033783537,8005,0,-0.08710081,0.20256431,-10.263593,8005,0,0,1,1
8845,64202537,-0.003158718,-0.00347276,0.00017140806,8006,0,-0.09354195,0.1985228,-10.284695,8006,0,0,1,1
8846,64212544,-0.004026223,-0.002955079,0.0015599245,5004,0,-0.13828155,0.20696247,-10.247347,5004,0,0,1,1
8847,64220549,-0.0034959165,-0.0043634027,1.7146578e-05,8005,0,-0.13363953,0.21258788,-10.282748,8005,0,0,1,1
8848,64230556,-0.0034895018,-0.0035095664,0.0008787122,5003,0,-0.11048086,0.19181982,-10.32518,5003,0,0,1,1
8849,64238562,-0.0018069483,-0.0037849993,0.0009282129,8006,0,-0.12840484,0.19717568,-10.262697,8006,0,0,1,1
8850,64243565,-0.003515586,-0.0036491603,0.00049901474,5003,0,-0.11334811,0.20810068,-10.27491,5003,0,0,1,1
8851,64248568,-0.0034385882,-0.0036959501,0.0010275051,5003,0,-0.08545995,0.24494332,-10.255035,5003,0,0,1,1
8852,64256574,-0.0038702078,-0.002861172,0.0003458662,8006,0,-0.096383974,0.2016682,-10.322845,8006,0,0,1,1
8853,64264579,-0.0037747433,-0.0040305103,0.00058310985,8005,0,-0.12571026,0.19687481,-10.268833,8005,0,0,1,1
8854,64269583,-0.0040154234,-0.0030033886,0.0019033444,5004,0,-0.10784399,0.22485939,-10.251209,5004,0,0,1,1
8855,64274586,-0.0020310283,-0.004581347,0.0009251765,5003,0,-0.073125,0.23778346,-10.297894,5003,0,0,1,1
8856,64282592,-0.0022353157,-0.003934577,0.0007450089,8006,0,-0.12795627,0.23533429,-10.278261,8006,0,0,1,1
8857,64292599,-0.0042482875,-0.004567772,0.0008052164,5004,0,-0.11024298,0.20786382,-10.279217,5004,0,0,1,1
8858,64300604,-0.004661012,-0.0043300837,0.0010951945,8005,0,-0.1239144,0.21483086,-10.278559,8005,0,0,1,1
8859,64310611,-0.0033972114,-0.0049951375,0.0014009881,5003,0,-0.12954235,0.2226181,-10.317617,5003,0,0,1,1
8860,64318616,-0.00351629,-0.004300773,0.0008332512,8005,0,-0.1248154,0.23608433,-10.273318,8005,0,0,1,1
8861,64328623,-0.0030096509,-0.0040617585,7.243827e-05,5003,0,-0.12364562,0.20929542,-10.33955,5003,0,0,1,1
8862,64336629,-0.0053272545,-0.004450798,0.0013365466,8006,0,-0.14725927,0.19942246,-10.264646,8006,0,0,1,1
8863,64344634,-0.0032020768,-0.0028864592,0.00032287507,8005,0,-0.17180993,0.20144229,-10.226995,8005,0,0,1,1
8864,64349638,-0.006863177,-0.0038022248,0.0021364286,5004,0,-0.11192332,0.18393832,-10.326152,5004,0,0,1,1
8865,64354641,-0.001538951,-0.0044413507,0.0003597387,5003,0,-0.14734693,0.18079802,-10.253595,5003,0,0,1,1
8866,64362647,-0.0022847615,-0.004101023,-0.00015346194,8006,0,-0.104613855,0.21318927,-10.308935,8006,0,0,1,1
8867,64367650,-0.0024572387,-0.0037958175,0.0007791463,5003,0,-0.115504,0.1973275,-10.287596,5003,0,0,1,1
8868,64372654,-0.004254777,-0.004201919,-0.0022706087,5004,0,-0.09850449,0.188954,-10.286402,5004,0,0,1,1
8869,64380659,-0.0034295057,-0.0046337247,0.0012157072,8005,0,-0.06450634,0.20435841,-10.263591,8005,0,0,1,1
8870,64390541,-0.0026171058,-0.0032111106,-0.0013416702,4878,0,-0.10397983,0.20426254,-10.280797,4878,0,0,1,1
8871,64398549,-0.001104556,-0.0036839696,0.0011910687,8008,0,-0.06206177,0.20436405,-10.252289,8008,0,0,1,1
8872,64408678,-0.0029101,-0.0036961583,0.0016242265,5003,0,-0.10018312,0.21624255,-10.276823,5003,0,0,1,1
8873,64416684,-0.0025225133,-0.003718376,0.00022133626,8006,0,-0.092342004,0.22111815,-10.288885,8006,0,0,1,1
8874,64424689,-0.003970124,-0.0040387358,-0.0003155316,8005,0,-0.13454069,0.2221633,-10.26928,8005,0,0,1,1
8875,64429693,-0.0047873408,-0.0031431764,0.0020962472,5004,0,-0.12484071,0.2193509,-10.310589,5004,0,0,1,1
8876,64434696,-0.0019844733,-0.0027173162,0.0005763972,5003,0,-0.1278899,0.20457232,-10.327461,5003,0,0,1,1
8877,64442702,-0.004165776,-0.003584981,0.00035432863,8006,0,-0.15653628,0.20495522,-10.257162,8006,0,0,1,1
8878,64447580,-0.005069814,-0.0028024164,0.0014763303,4878,0,-0.13756493,0.23928466,-10.222853,4878,0,0,1,1
8879,64452709,-0.0027500093,-0.0034594089,0.00044965371,5129,0,-0.111283354,0.20150228,-10.285145,5129,0,0,1,1
8880,64460714,-0.0039114803,-0.0045133675,0.001203533,8005,0,-0.11398077,0.21172468,-10.331525,8005,0,0,1,1
8881,64465718,-0.0049016923,-0.0038272887,0.0018061576,5004,0,-0.14097334,0.18718302,-10.281561,5004,0,0,1,1
8882,64470721,-0.0024706125,-0.0032767805,0.00061882683,5003,0,-0.13514046,0.18367797,-10.321835,5003,0,0,1,1
8883,64478727,-0.0033086387,-0.0036227107,0.0019356244,8006,0,-0.1248122,0.18251324,-10.259106,8006,0,0,1,1
8884,64488609,-0.00063587725,-0.004367456,0.0008268235,4879,0,-0.106137775,0.1974846,-10.278008,4879,0,0,1,1
8885,64496614,-0.0025668927,-0.0034598557,3.9794013e-05,8005,0,-0.095743276,0.1986113,-10.270815,8005,0,0,1,1
8886,64504744,-0.0029217002,-0.0038174388,0.00044710631,8130,0,-0.10112721,0.20064503,-10.271797,8130,0,0,1,1
8887,64509748,-0.004281178,-0.0030832884,-0.0010650046,5004,0,-0.07385436,0.19493231,-10.280413,5004,0,0,1,1
8888,64514751,-0.0014050491,-0.0023718327,0.001924475,5003,0,-0.131101,0.20151867,-10.2507515,5003,0,0,1,1
8889,64522757,-0.0027709117,-0.004011601,0.0016816813,8006,0,-0.07289158,0.2215265,-10.280207,8006,0,0,1,1
8890,64527760,-0.0035269484,-0.004017964,-0.0006827349,5003,0,-0.09778701,0.19421288,-10.302591,5003,0,0,1,1
8891,64532764,-0.0036473386,-0.0034645945,0.0008001197,5004,0,-0.08534165,0.20436008,-10.269367,5004,0,0,1,1
8892,64540769,-0.0023585407,-0.0043965727,5.2222513e-05,8005,0,-0.09784108,0.22151221,-10.2742195,8005,0,0,1,1
8893,64545773,-0.005093828,-0.0048012435,0.0005919719,5004,0,-0.11670431,0.22150537,-10.250486,5004,0,0,1,1
8894,64550776,-0.001811385,-0.005210519,-0.00027907593,5003,0,-0.13354927,0.22345531,-10.2586,5003,0,0,1,1
8895,64558782,-0.0026965735,-0.00502266,0.0016083815,8006,0,-0.11845693,0.20153424,-10.271075,8006,0,0,1,1
8896,64563785,-0.0043281615,-0.0040685236,-0.0013381797,5003,0,-0.11981336,0.23467353,-10.283289,5003,0,0,1,1
8897,64568788,-0.003969431,-0.0033696292,0.0011979793,5003,0,-0.11790561,0.19325072,-10.234928,5003,0,0,1,1
8898,64576794,-0.0022066832,-0.004191994,0.0016180826,8006,0,-0.08510302,0.20220366,-10.283873,8006,0,0,1,1
8899,64586801,-0.0030582137,-0.004360974,0.00031956285,5003,0,-0.093238354,0.21222802,-10.263741,5003,0,0,1,1
8900,64594807,-0.00532338,-0.0024609715,0.0010806781,8006,0,-0.11314788,0.19234426,-10.292456,8006,0,0,1,1
8901,64602812,-0.00443618,-0.0029234884,-0.0005070739,8005,0,-0.0884524,0.20750095,-10.272719,8005,0,0,1,1
8902,64607815,-0.0036300458,-0.0037506968,0.0017045899,5003,0,-0.10547663,0.20756304,-10.270477,5003,0,0,1,1
8903,64612819,-0.0050868876,-0.0017853826,0.0008055654,5004,0,-0.107604764,0.21241106,-10.300762,5004,0,0,1,1
8904,64620824,-0.0038171336,-0.004314512,0.0009521213,8005,0,-0.10333921,0.18791758,-10.269332,8005,0,0,1,1
8905,64625828,-0.004727885,-0.0048079193,0.00089213345,5004,0,-0.12555362,0.19876143,-10.297653,5004,0,0,1,1
8906,64630831,-0.0030978133,-0.004067853,0.00028727995,5003,0,-0.09138492,0.21477151,-10.228249,5003,0,0,1,1
8907,64638717,-0.0041036084,-0.0025573522,0.0010162765,7886,0,-0.09112776,0.19948336,-10.305304,7886,0,0,1,1
8908,64643840,-0.0028529167,-0.004235819,0.0009017433,5123,0,-0.060778085,0.21180364,-10.259233,5123,0,0,1,1
8909,64648844,-0.003082972,-0.0031232238,0.0007652645,5004,0,-0.06929873,0.22198671,-10.313215,5004,0,0,1,1
8910,64656849,-0.0033880246,-0.0036268232,-7.436564e-05,8005,0,-0.08441172,0.22755153,-10.280198,8005,0,0,1,1
8911,64666856,-0.0033113435,-0.0018031151,-0.00093209324,5003,0,-0.108137384,0.18867576,-10.254404,5003,0,0,1,1
8912,64674861,-0.004032954,-0.0037292389,0.0010337164,8005,0,-0.12153948,0.19973856,-10.282981,8005,0,0,1,1
8913,64684868,-0.003602322,-0.0033164022,0.00076537067,5003,0,-0.12819499,0.23276055,-10.2998085,5003,0,0,1,1
8914,64692749,-0.0032768024,-0.0032073853,-7.214443e-05,7881,0,-0.11683864,0.20804095,-10.256504,7881,0,0,1,1
8915,64700879,-0.0029692985,-0.0050321072,0.0005069552,8130,0,-0.14097506,0.20447075,-10.257173,8130,0,0,1,1
8916,64705883,-0.002696339,-0.0034094155,5.9526414e-05,5004,0,-0.11120204,0.21839136,-10.245707,5004,0,0,1,1
8917,64710761,-0.006049312,-0.0032616702,0.00012346357,4878,0,-0.12672672,0.18949728,-10.263826,4878,0,0,1,1
8918,64718770,-0.0030302852,-0.0034646094,0.0009784456,8009,0,-0.124361396,0.20165847,-10.288895,8009,0,0,1,1
8919,64723896,-0.0032230655,-0.0038987547,-6.489968e-05,5126,0,-0.1012993,0.18984522,-10.356089,5126,0,0,1,1
8920,64728899,-0.003070135,-0.0038889349,-0.00083913654,5003,0,-0.10545437,0.18200377,-10.265331,5003,0,0,1,1
8921,64736904,-0.0041004643,-0.005031243,0.0011159781,8005,0,-0.12552556,0.17122947,-10.282449,8005,0,0,1,1
8922,64744910,-0.0040079877,-0.0045424104,0.0002002446,8006,0,-0.12361405,0.19597825,-10.270178,8006,0,0,1,1
8923,64754916,-0.004128333,-0.0031165031,0.002289743,5003,0,-0.17081183,0.20427272,-10.295738,5003,0,0,1,1
8924,64762922,-0.003083881,-0.003680989,0.001544445,8006,0,-0.14755818,0.21737853,-10.29711,8006,0,0,1,1
8925,64772929,-0.003575642,-0.0044082254,-0.0008193311,5004,0,-0.10665311,0.21767339,-10.26054,5004,0,0,1,1
8926,64780934,-0.0034040546,-0.0035643724,0.0006747408,8005,0,-0.12496359,0.19343516,-10.2864895,8005,0,0,1,1
8927,64790941,-0.0036000647,-0.0041603744,0.0011464225,5003,0,-0.12085996,0.22276425,-10.275021,5003,0,0,1,1
8928,64798947,-0.0045501553,-0.0042249705,0.0011280447,8006,0,-0.14603525,0.23232746,-10.242611,8006,0,0,1,1
8929,64806952,-0.0038622355,-0.004817009,0.0012447383,8005,0,-0.12705901,0.22171749,-10.268681,8005,0,0,1,1
8930,64811956,-0.003376063,-0.0039355606,0.0005789888,5004,0,-0.11550409,0.23730764,-10.258631,5004,0,0,1,1
8931,64816959,-0.0014515184,-0.0044416785,0.0015310517,5003,0,-0.08533313,0.23323552,-10.277294,5003,0,0,1,1
8932,64824965,-0.0030463003,-0.00340195,0.0009369366,8006,0,-0.12421515,0.20600533,-10.274822,8006,0,0,1,1
8933,64834972,-0.0031968802,-0.0037821531,0.0016907093,5004,0,-0.09084487,0.22414503,-10.292391,5004,0,0,1,1
8934,64842977,-0.0027341247,-0.0044173147,-0.0010481067,8005,0,-0.109249644,0.19193639,-10.252968,8005,0,0,1,1
8935,64852984,-0.0037738793,-0.0041244775,-0.0016842276,5004,0,-0.11002958,0.20905185,-10.29813,5004,0,0,1,1
8936,64860989,-0.0049665044,-0.0035810468,-0.00015855905,8005,0,-0.094979994,0.20519961,-10.276812,8005,0,0,1,1
8937,64868995,-0.0034206398,-0.0046625286,0.00015895859,8006,0,-0.10940091,0.21931888,-10.261349,8006,0,0,1,1
8938,64873998,-0.0034762549,-0.0034895837,0.00044575497,5003,0,-0.10569006,0.18702954,-10.288792,5003,0,0,1,1
8939,64879002,-0.002929747,-0.0037825555,-0.00025320938,5004,0,-0.10305463,0.20618373,-10.274191,5004,0,0,1,1
8940,64887007,-0.0028372218,-0.004244715,0.0011372515,8005,0,-0.10311475,0.184254,-10.268886,8005,0,0,1,1
8941,64891886,-0.0028114505,-0.0044344068,0.0009746622,4879,0,-0.15121812,0.20521232,-10.257022,4879,0,0,1,1
8942,64897014,-0.0032021478,-0.0041424334,0.0015661309,5128,0,-0.12492139,0.21440737,-10.287659,5128,0,0,1,1
8943,64905020,-0.0027212538,-0.004460737,0.00018020673,8006,0,-0.12711176,0.20082593,-10.260193,8006,0,0,1,1
8944,64910023,-0.0037825184,-0.004341781,0.0015112187,5003,0,-0.10904162,0.1954085,-10.317047,5003,0,0,1,1
8945,64915027,-0.0050270706,-0.003222868,0.0021766815,5004,0,-0.12053675,0.19205296,-10.2732315,5004,0,0,1,1
8946,64923032,-0.0028676426,-0.0034979729,0.0003123195,8005,0,-0.1358845,0.19552948,-10.292472,8005,0,0,1,1
8947,64933039,-0.003935579,-0.0028968453,0.000139324,5004,0,-0.09514931,0.19541317,-10.234928,5004,0,0,1,1
8948,64941044,-0.002468042,-0.004367366,0.0006288907,8005,0,-0.11239187,0.18789764,-10.266883,8005,0,0,1,1
8949,64951051,-0.0024176463,-0.003103286,0.0001394325,5003,0,-0.095154,0.2255801,-10.2679615,5003,0,0,1,1
8950,64958932,-0.0028864292,-0.004492849,0.0008698774,7881,0,-0.09840791,0.19168212,-10.272943,7881,0,0,1,1
8951,64967062,-0.0040565766,-0.0030448735,-0.0006772238,8130,0,-0.12064379,0.20885715,-10.278881,8130,0,0,1,1
8952,64972066,-0.004154984,-0.0037222952,0.0005253521,5004,0,-0.114309624,0.2131271,-10.275629,5004,0,0,1,1
8953,64977069,-0.0037818959,-0.0049677193,0.00077216513,5003,0,-0.09922481,0.21025732,-10.2603,5003,0,0,1,1
8954,64985075,-0.0030964313,-0.0033979414,0.00068298634,8006,0,-0.11014884,0.20645611,-10.281856,8006,0,0,1,1
8955,64990078,-0.0031365266,-0.0027837604,0.0016110009,5003,0,-0.0908475,0.18583003,-10.281372,5003,0,0,1,1
8956,64995081,-0.0020313188,-0.002004534,0.0004986897,5003,0,-0.12005313,0.19972073,-10.300531,5003,0,0,1,1
8957,65003087,-0.0025719514,-0.004055336,1.2990553e-05,8006,0,-0.10805518,0.21109024,-10.265091,8006,0,0,1,1
8958,65008090,-0.0041684434,-0.005007535,-0.000113747556,5003,0,-0.111915566,0.20858184,-10.266287,5003,0,0,1,1
8959,65013094,-0.0034960734,-0.0040286332,0.00059882994,5004,0,-0.14088292,0.20043483,-10.278734,5004,0,0,1,1
8960,65021099,-0.0020766368,-0.0030164719,0.0005613258,8005,0,-0.1328794,0.19966213,-10.273754,8005,0,0,1,1
8961,65031106,-0.003323041,-0.0038290918,0.0009112751,5003,0,-0.10233493,0.19685063,-10.247122,5003,0,0,1,1
8962,65039112,-0.0028263219,-0.003672555,0.0010161616,8006,0,-0.13019946,0.18565562,-10.258808,8006,0,0,1,1
8963,65047117,-0.0053810473,-0.0029569564,0.0009618075,8005,0,-0.11029825,0.22246371,-10.275265,8005,0,0,1,1
8964,65052121,-0.0037358887,-0.002444297,0.0014310328,5004,0,-0.108325794,0.17866144,-10.26845,5004,0,0,1,1
8965,65057124,-0.0037555732,-0.0026640296,0.0021769064,5003,0,-0.16243236,0.24042048,-10.260784,5003,0,0,1,1
8966,65065130,-0.003899213,-0.0028460321,0.00094393635,8006,0,-0.11151699,0.17987727,-10.24506,8006,0,0,1,1
8967,65070133,-0.004614603,-0.0042021424,0.0010183589,5003,0,-0.061631348,0.20881972,-10.298607,5003,0,0,1,1
8968,65075012,-0.0025764331,-0.0027955773,-0.0010940885,4879,0,-0.10907544,0.20006183,-10.284025,4879,0,0,1,1
8969,65083142,-0.0049107485,-0.0037928224,0.00043616022,8130,0,-0.099316254,0.2026104,-10.256437,8130,0,0,1,1
8970,65088146,-0.0035561398,-0.0033830404,0.00034589414,5004,0,-0.080794625,0.22701028,-10.262939,5004,0,0,1,1
8971,65093024,-0.0048016044,-0.0035261065,0.0012538896,4878,0,-0.1171526,0.22602727,-10.26491,4878,0,0,1,1
8972,65101154,-0.0036650896,-0.0033877045,0.00030816393,8130,0,-0.13059062,0.18408364,-10.265793,8130,0,0,1,1
8973,65106158,-0.0027437173,-0.0029502064,-0.00039337715,5004,0,-0.08773394,0.20522942,-10.273228,5004,0,0,1,1
8974,65111161,-0.004281901,-0.00524047,-1.3535843e-05,5003,0,-0.122211166,0.21935317,-10.271801,5003,0,0,1,1
8975,65119167,-0.003570661,-0.003889114,0.0014815708,8006,0,-0.14501384,0.21229032,-10.240402,8006,0,0,1,1
8976,65127047,-0.0027674923,-0.0039359033,0.00039196297,7880,0,-0.13190903,0.1907293,-10.269444,7880,0,0,1,1
8977,65137179,-0.0047208034,-0.0043750703,-0.00057987636,5003,0,-0.15094039,0.20019619,-10.199968,5003,0,0,1,1
8978,65145185,-0.003995899,-0.003493905,-0.0006154133,8006,0,-0.13932514,0.21797244,-10.2570095,8006,0,0,1,1
8979,65150188,-0.0020714663,-0.0007796138,0.0014438664,5003,0,-0.2670587,0.22365128,-10.278496,5003,0,0,1,1
8980,65155192,0.007362735,0.008687392,0.0030419684,5004,0,-0.08819303,0.376406,-10.273479,5004,0,0,1,1
8981,65163197,0.0045311037,-0.0062154527,0.0113702165,8005,0,0.110262,0.18086128,-10.300557,8005,0,0,1,1
8982,65168201,-0.0065717474,0.0004981905,0.021592088,5004,0,-0.36902443,0.004106939,-10.293089,5004,0,0,1,1
8983,65173079,0.0041855196,-0.008968039,0.0643161,4878,0,-0.22702599,0.36324403,-10.260502,4878,0,0,1,1
8984,65181210,-0.0027481131,-0.0005968958,0.103905484,8131,0,-0.43292725,0.04223174,-10.284861,8131,0,0,1,1
8985,65186213,0.0040021837,-0.0026994646,0.13016023,5003,0,-0.20170793,0.21239021,-10.254982,5003,0,0,1,1
8986,65191217,-0.003998507,-0.002821356,0.1401883,5004,0,-0.1787282,0.16553041,-10.21698,5004,0,0,1,1
8987,65199222,0.02160918,0.0014395117,0.19012079,8005,0,-0.23153397,0.401176,-10.3649645,8005,0,0,1,1
8988,65204225,0.0007411167,-0.008706406,0.20720461,5003,0,0.06954417,0.2321116,-10.128368,5003,0,0,1,1
8989,65209229,0.006159347,-0.006797537,0.20592368,5004,0,0.42173582,0.5117816,-10.406349,5004,0,0,1,1
8990,65217234,-0.0048370096,-0.0033264903,0.16382049,8005,0,0.1382429,0.19985028,-10.207929,8005,0,0,1,1
8991,65225117,0.04584543,-0.014677517,0.10356394,7883,0,0.12847795,0.64984983,-10.47447,7883,0,0,1,1
8992,65235247,0.0074682496,-0.0063862954,0.0742686,5004,0,-0.21724859,-0.3124287,-10.224615,5004,0,0,1,1
8993,65243252,-0.03234118,-0.0043832357,0.058573443,8005,0,-0.123563424,-0.28522325,-10.21576,8005,0,0,1,1
8994,65248256,0.0023409836,-0.011265278,0.03599146,5004,0,-0.047998745,0.56742376,-10.447033,5004,0,0,1,1
8995,65253259,0.018649906,-0.004720658,0.04822243,5003,0,-0.23546125,0.2909244,-10.252878,5003,0,0,1,1
8996,65261265,-0.008418098,-0.0017052442,0.047312032,8006,0,-0.05410611,-0.0007442832,-10.16717,8006,0,0,1,1
8997,65266268,0.0001341626,-0.008260772,0.039163362,5003,0,-0.20561865,0.43003526,-10.454485,5003,0,0,1,1
8998,65271272,0.015865754,0.0027797222,0.047273427,5004,0,-0.11950112,0.6206055,-10.180276,5004,0,0,1,1
8999,65279277,0.04194175,-0.010080709,0.069223404,8005,0,0.5418341,1.2048604,-10.325691,8005,0,0,1,1
9000,65284281,-0.041667037,0.0083185285,0.12460003,5004,0,0.45237967,1.1911917,-9.874594,5004,0,0,1,1
9001,65289284,-0.055092596,0.004821673,0.12771796,5003,0,-0.21035373,0.84062296,-10.452114,5003,0,0,1,1
9002,65297289,0.008907302,0.005519822,0.1525298,8005,0,-0.84317905,0.30244473,-10.061044,8005,0,0,1,1
9003,65305170,0.0057175043,0.001415804,0.11362476,7881,0,-0.70352584,-0.7633604,-10.204429,7881,0,0,1,1
9004,65315302,0.016476605,0.0043628067,0.0037193035,5003,0,0.106846176,-0.3109359,-9.815718,5003,0,0,1,1
9005,65323308,0.0005344488,0.0037291646,-0.004300643,8006,0,-0.22029753,-0.30933073,-10.306924,8006,0,0,1,1
9006,65333189,0.002113372,0.0066459323,-0.04423149,4878,0,-0.15042257,0.21790917,-10.113203,4878,0,0,1,1
9007,65341320,0.0018933341,0.006604567,-0.081855424,8131,0,-0.08671583,0.33220574,-10.311392,8131,0,0,1,1
9008,65346323,-0.009192042,0.0037674906,-0.10875081,5003,0,-0.115716,0.16522014,-10.40749,5003,0,0,1,1
9009,65351327,-0.01893539,0.00044460598,-0.123923905,5004,0,-0.021648414,0.10610667,-10.127926,5004,0,0,1,1
9010,65359332,-0.015656583,0.0017668753,-0.08417319,8005,0,-0.07781832,-0.0916183,-10.289016,8005,0,0,1,1
9011,65364336,-0.016558528,0.006417543,-0.07357296,5004,0,-0.19759044,0.08204648,-10.339388,5004,0,0,1,1
9012,65369339,-0.019434802,0.006171226,-0.07292463,5003,0,-0.20505565,0.1477707,-10.296457,5003,0,0,1,1
9013,65377345,-0.015660718,0.011616915,-0.07084351,8006,0,-0.27414376,0.22412628,-10.260445,8006,0,0,1,1
9014,65385351,-0.012847811,0.00996238,-0.031695396,8006,0,-0.026206747,0.3811952,-10.30035,8006,0,0,1,1
9015,65395357,-0.011566021,0.00481914,-0.009827788,5003,0,-0.037220106,0.19875336,-10.241861,5003,0,0,1,1
9016,65403362,-0.0068394835,-0.0037522612,-0.01397883,8005,0,-0.012695432,0.20923908,-10.287613,8005,0,0,1,1
9017,65413369,-0.008509621,-0.009401321,-0.0014594574,5003,0,-0.03865146,0.26555362,-10.265572,5003,0,0,1,1
9018,65421375,0.007531192,-0.0093901,0.00078105903,8006,0,-0.07154092,0.31299704,-10.237255,8006,0,0,1,1
9019,65431382,0.024454376,-0.0048740804,-0.0011061481,5004,0,-0.134196,0.2404131,-10.224871,5004,0,0,1,1
9020,65439387,0.029710948,-0.0005557984,0.0014819027,8005,0,-0.13303807,0.2591248,-10.216615,8005,0,0,1,1
9021,65447393,0.035561632,0.0058483924,0.0073947497,8006,0,-0.20097181,0.37195435,-10.252218,8006,0,0,1,1
9022,65452396,0.040579885,0.0069431067,0.01133807,5003,0,-0.06928198,0.39460915,-10.19828,5003,0,0,1,1
9023,65457400,0.038782343,0.008561388,0.0140744625,5004,0,-0.18062887,0.2583868,-10.295494,5004,0,0,1,1
9024,65465405,0.04154754,0.0076921578,0.01403679,8005,0,-0.029164879,0.26958063,-10.231002,8005,0,0,1,1
9025,65475287,0.045101266,-0.005432561,0.013881957,4878,0,0.069294475,0.24536222,-10.296652,4878,0,0,1,1
9026,65483418,0.025359351,-0.013159409,0.025224011,8131,0,0.025316224,0.28436685,-10.253021,8131,0,0,1,1
9027,65493425,0.0050261207,-0.017916761,0.04661303,5004,0,-0.012078784,0.222935,-10.309389,5004,0,0,1,1
9028,65501430,0.007348805,-0.016035073,0.050603706,8005,0,-0.09234383,0.11441987,-10.250874,8005,0,0,1,1
9029,65511437,0.011278797,-0.011831403,0.088223465,5004,0,-0.09059894,0.17457709,-10.200939,5004,0,0,1,1
9030,65519442,-0.0014028288,-0.014250203,0.11475032,8005,0,0.03155812,0.1567726,-10.234557,8005,0,0,1,1
9031,65527448,-0.008778587,-0.019383183,0.11312827,8006,0,0.008223146,-0.094150424,-10.243855,8006,0,0,1,1
9032,65532326,-0.008777045,-0.021838559,0.09423191,4878,0,0.01051753,-0.112664394,-10.256577,4878,0,0,1,1
9033,65537455,-0.007624522,-0.01950816,0.09371792,5129,0,-0.017480724,0.057581306,-10.24518,5129,0,0,1,1
9034,65545460,-0.010060272,-0.0138284555,0.107167386,8005,0,-0.046254326,0.16306072,-10.269584,8005,0,0,1,1
9035,65550464,-0.006945074,-0.009853661,0.119142026,5004,0,-0.27137434,0.102276415,-10.185375,5004,0,0,1,1
9036,65555467,0.007927936,-0.0028768778,0.09815582,5003,0,-0.4217606,-0.04834664,-10.368307,5003,0,0,1,1
9037,65563473,-0.010779925,-0.0035376695,0.09016777,8006,0,-0.19125412,0.07985773,-10.336777,8006,0,0,1,1
9038,65573479,-0.0061935484,0.000651598,0.07876876,5003,0,-0.2840507,0.13100839,-10.303398,5003,0,0,1,1
9039,65581485,0.01240702,0.009949043,0.09711022,8006,0,-0.3300624,0.23688936,-10.266104,8006,0,0,1,1
9040,65591492,0.02813022,0.01687704,0.118670605,5004,0,-0.33146286,0.22198147,-10.297892,5004,0,0,1,1
9041,65599497,0.030169412,0.022184966,0.12731202,8005,0,-0.2318054,0.23009376,-10.248626,8005,0,0,1,1
9042,65607503,0.03942485,0.024148984,0.13780136,8006,0,-0.23079407,0.2730074,-10.198387,8006,0,0,1,1
9043,65612506,0.04925326,0.02778238,0.13220114,5003,0,-0.157085,0.15776268,-10.357586,5003,0,0,1,1
9044,65617510,0.04402031,0.022463337,0.13327628,5004,0,-0.10161567,0.24974847,-10.304365,5004,0,0,1,1
9045,65625515,0.0455213,0.014835267,0.11205607,8005,0,-0.14218898,0.20836262,-10.305161,8005,0,0,1,1
9046,65630395,0.041710194,0.0079384595,0.1143531,4880,0,-0.24213704,0.3455573,-10.3926525,4880,0,0,1,1
9047,65635522,0.027870318,0.0019403845,0.1189594,5127,0,-0.285196,0.46050104,-10.329092,5127,0,0,1,1
9048,65643528,0.011068478,-0.0054806024,0.1014846,8006,0,-0.18496345,0.29512012,-10.396656,8006,0,0,1,1
9049,65648531,0.0046071,-0.009422123,0.09600628,5003,0,-0.17559448,0.4446498,-10.3246975,5003,0,0,1,1
9050,65653535,0.014705252,-0.005613774,0.085259385,5004,0,-0.036246873,0.31058967,-10.255264,5004,0,0,1,1
9051,65661540,0.044981495,-0.010642319,0.064090624,8005,0,0.030935261,0.37360647,-10.278882,8005,0,0,1,1
9052,65669546,0.051871937,-0.014488011,0.053285085,8006,0,0.041584358,0.19523004,-10.247738,8006,0,0,1,1
9053,65679553,0.07002648,-0.013682784,0.00427169,5004,0,0.08011305,0.1192779,-10.195652,5004,0,0,1,1
9054,65687558,0.06841151,-0.01819492,-0.01904052,8005,0,0.05310009,0.13133435,-10.283946,8005,0,0,1,1
9055,65692561,0.06525331,-0.018263318,-0.0290689,5003,0,-0.021887973,0.13411108,-10.271311,5003,0,0,1,1
9056,65697565,0.061374605,-0.017038539,0.006447954,5004,0,-0.1935544,0.19636148,-10.268452,5004,0,0,1,1
9057,65705570,0.034618508,-0.009545549,0.0701904,8005,0,-0.26157486,0.30581397,-10.361027,8005,0,0,1,1
9058,65710574,0.01314835,-0.012697787,0.09941578,5004,0,-0.10666578,0.28732678,-10.220324,5004,0,0,1,1
9059,65715577,-0.03383179,-0.025302127,0.025648708,5003,0,-0.050359022,-0.30976647,-10.461729,5003,0,0,1,1
9060,65723583,-0.02940119,-0.02508241,-0.021346604,8006,0,0.03264065,-0.26669043,-10.227601,8006,0,0,1,1
9061,65731588,-0.10617372,-0.029530568,-0.05578192,8005,0,-0.04102672,-0.12663834,-10.52299,8005,0,0,1,1
9062,65741595,-0.12532471,-0.023994245,-0.06806118,5003,0,-0.08923692,-0.11648423,-10.358215,5003,0,0,1,1
9063,65749601,-0.1160458,-0.023373827,-0.083667375,8006,0,-0.0879947,0.025542557,-10.239963,8006,0,0,1,1
9064,65759608,-0.114050925,-0.025773592,-0.10655316,5004,0,0.04586315,-0.054069694,-10.29451,5004,0,0,1,1
9065,65767613,-0.10836326,-0.029485127,-0.116840675,8005,0,0.056399044,-0.035810888,-10.236352,8005,0,0,1,1
9066,65777620,-0.10951206,-0.035898678,-0.17225607,5003,0,0.23621966,-0.032028735,-10.1899185,5003,0,0,1,1
9067,65785625,-0.09099661,-0.034967683,-0.21666029,8005,0,0.18972348,-0.050775528,-10.220504,8005,0,0,1,1
9068,65790629,-0.06825244,-0.027321981,-0.2586659,5004,0,0.22231114,-0.024611533,-10.203543,5004,0,0,1,1
9069,65795632,-0.044580385,-0.027446432,-0.25612512,5003,0,-0.17081064,0.065877795,-10.175552,5003,0,0,1,1
9070,65803638,-0.01310017,-0.020564161,-0.26221916,8006,0,0.030205794,0.053528246,-10.189672,8006,0,0,1,1
9071,65811643,0.0318532,-0.012682661,-0.30025268,8005,0,0.19092731,0.10679986,-10.168876,8005,0,0,1,1
9072,65816647,0.043308593,-0.013129413,-0.27232963,5004,0,-0.50789845,0.38069946,-10.271555,5004,0,0,1,1
