,RPM_sp,RPM_mes
0,1000.0,0.24135904904198077
1,1000.0,1.1960736515355694
2,1000.0,3.0735813307951667
3,1000.0,5.831968278491466
4,1000.0,9.430291673578365
5,1000.0,13.82857701443689
6,1000.0,18.987814632103724
7,1000.0,24.869955423537625
8,1000.0,31.437905842937287
9,1000.0,38.65552218818858
10,1000.0,46.48760421858828
11,1000.0,54.89988813906633
12,1000.0,63.85903898520939
13,1000.0,73.33264244247663
14,1000.0,83.28919613209358
15,1000.0,93.69810039521325
16,1000.0,104.52964860604507
17,1000.0,115.75501704377342
18,1000.0,127.34625435221675
19,1000.0,139.27627061531885
20,1000.0,151.5188260757136
21,1000.0,164.04851952276547
22,1000.0,176.8407763756597
23,1000.0,189.8718364862992
24,1000.0,203.11874168596
25,1000.0,216.55932309886313
26,1000.0,230.1721882450403
27,1000.0,243.93670795410083
28,1000.0,257.8330031107515
29,1000.0,271.8419312521772
30,1000.0,285.94507303665864
31,1000.0,300.1247186020878
32,1000.0,314.363853832334
33,1000.0,328.6461465487253
34,1000.0,342.95593264323014
35,1000.0,357.2782021692604
36,1000.0,371.5985854053657
37,1000.0,385.9033389064522
38,1000.0,400.17933155653355
39,1000.0,414.41403063641434
40,1000.0,428.59548791910584
41,1000.0,442.7123258051948
42,1000.0,456.75372350981297
43,1000.0,470.70940331230156
44,1000.0,484.5696168791208
45,1000.0,498.3251316700262
46,1000.0,511.9672174370167
47,1000.0,525.4876328250579
48,1000.0,538.8786120830933
49,1000.0,552.132851893382
50,1000.0,565.2434983267334
51,1000.0,578.2041339307646
52,1000.0,591.0087649578638
53,1000.0,603.6518087391199
54,1000.0,616.1280812100638
55,1000.0,628.4327845936683
56,1000.0,640.5614952456639
57,1000.0,652.5101516668507
58,1000.0,664.2750426867237
59,1000.0,675.8527958223741
60,1000.0,687.2403658162881
61,1000.0,698.4350233563365
62,1000.0,709.4343439809267
63,1000.0,720.2361971719818
64,1000.0,730.8387356381157
65,1000.0,741.2403847900844
66,1000.0,751.4398324103183
67,1000.0,761.4360185180772
68,1000.0,771.2281254315078
69,1000.0,780.8155680276452
70,1000.0,790.1979842011574
71,1000.0,799.3752255224082
72,1000.0,808.3473480951968
73,1000.0,817.1146036143217
74,1000.0,825.67743062292
75,1000.0,834.0364459693399
76,1000.0,842.1924364631238
77,1000.0,850.1463507295061
78,1000.0,857.8992912616602
79,1000.0,865.4525066697768
80,1000.0,872.8073841259024
81,1000.0,879.9654420033245
82,1000.0,886.9283227091547
83,1000.0,893.6977857086365
84,1000.0,900.2757007395771
85,1000.0,906.6640412151949
86,1000.0,912.8648778135627
87,1000.0,918.8803722517271
88,1000.0,924.7127712424895
89,1000.0,930.3644006317454
90,1000.0,935.8376597141951
91,1000.0,941.1350157251626
92,1000.0,946.2589985061882
93,1000.0,951.2121953419909
94,1000.0,955.9972459663418
95,1000.0,960.6168377343259
96,1000.0,965.0737009584254
97,1000.0,969.3706044058061
98,1000.0,973.5103509541508
99,1000.0,977.4957734033416
100,1000.0,981.329730440264
101,1000.0,985.0151027539731
102,1000.0,988.5547892984382
103,1000.0,991.9517037000621
104,1000.0,995.2087708071509
105,1000.0,998.3289233784964
106,1000.0,1001.3150989082242
107,1000.0,1004.1702365840505
108,1000.0,1006.8972743760863
109,1000.0,1009.4991462533278
110,1000.0,1011.97877952497
111,1000.0,1014.3390923036869
112,1000.0,1016.582991088027
113,1000.0,1018.7133684610817
114,1000.0,1020.7331009025953
115,1000.0,1022.6450467116996
116,1000.0,1024.4520440374708
117,1000.0,1026.156909014526
118,1000.0,1027.762434000891
119,1000.0,1029.271385915401
120,1000.0,1030.6865046719104
121,1000.0,1032.0105017076178
122,1000.0,1033.2460586028371
123,1000.0,1034.3958257895738
124,1000.0,1035.4624213462926
125,1000.0,1036.4484298762952
126,1000.0,1037.3564014671592
127,1000.0,1038.188850728717
128,1000.0,1038.948255907093
129,1000.0,1039.637058072348
130,1000.0,1040.2576603773173
131,1000.0,1040.8124273852627
132,1000.0,1041.3036844639987
133,1000.0,1041.7337172441885
134,1000.0,1042.1047711395433
135,1000.0,1042.4190509267005
136,1000.0,1042.6787203825893
137,1000.0,1042.8859019771394
138,1000.0,1043.0426766192218
139,1000.0,1043.1510834537548
140,1000.0,1043.213119707948
141,1000.0,1043.2307405846955
142,1000.0,1043.2058592011754
143,1000.0,1043.1403465707472
144,1000.0,1043.0360316262847
145,1000.0,1042.8947012831222
146,1000.0,1042.7181005398284
147,1000.0,1042.5079326150708
148,1000.0,1042.2658591188674
149,1000.0,1041.9935002565676
150,1000.0,1041.6924350639415
151,1000.0,1041.3642016718002
152,1000.0,1041.010297598608
153,1000.0,1040.6321800695873
154,1000.0,1040.2312663608561
155,1000.0,1039.8089341671803
156,1000.0,1039.3665219919567
157,1000.0,1038.9053295580866
158,1000.0,1038.426618238434
159,1000.0,1037.9316115046022
160,1000.0,1037.4214953927994
161,1000.0,1036.8974189856012
162,1000.0,1036.3604949084533
163,1000.0,1035.8117998397956
164,1000.0,1035.2523750337232
165,1000.0,1034.6832268541325
166,1000.0,1034.1053273193425
167,1000.0,1033.5196146562039
168,1000.0,1032.9269938627554
169,1000.0,1032.3283372785072
170,1000.0,1031.7244851614723
171,1000.0,1031.116246271095
172,1000.0,1030.5043984562571
173,1000.0,1029.8896892475748
174,1000.0,1029.2728364532245
175,1000.0,1028.654528757574
176,1000.0,1028.0354263219147
177,1000.0,1027.4161613866256
178,1000.0,1026.797338874127
179,1000.0,1026.1795369920037
180,1000.0,1025.563307835711
181,1000.0,1024.949177990299
182,1000.0,1024.3376491306167
183,1000.0,1023.7291986194833
184,1000.0,1023.1242801033354
185,1000.0,1022.5233241048876
186,1000.0,1021.926738612362
187,1000.0,1021.3349096648681
188,1000.0,1020.7482019335341
189,1000.0,1020.1669592980144
190,1000.0,1019.5915054180165
191,1000.0,1019.0221442995128
192,1000.0,1018.4591608553213
193,1000.0,1017.902821459759
194,1000.0,1017.3533744970892
195,1000.0,1016.8110509035042
196,1000.0,1016.2760647023999
197,1000.0,1015.748613532718
198,1000.0,1015.2288791701466
199,1000.0,1014.7170280409856
200,1000.0,1014.2132117285008
201,1000.0,1013.717567471604
202,1000.0,1013.2302186557098
203,1000.0,1012.7512752956376
204,1000.0,1012.2808345104359
205,1000.0,1011.8189809900229
206,1000.0,1011.3657874535478
207,1000.0,1010.9213150993914
208,1000.0,1010.4856140467325
209,1000.0,1010.0587237686226
210,1000.0,1009.640673516519
211,1000.0,1009.2314827362371
212,1000.0,1008.831161475294
213,1000.0,1008.4397107816236
214,1000.0,1008.0571230936536
215,1000.0,1007.6833826217434
216,1000.0,1007.3184657209894
217,1000.0,1006.9623412554137
218,1000.0,1006.6149709535583
219,1000.0,1006.2763097555159
220,1000.0,1005.9463061514323
221,1000.0,1005.6249025115281
222,1000.0,1005.3120354076858
223,1000.0,1005.0076359266592
224,1000.0,1004.7116299749692
225,1000.0,1004.4239385755498
226,1000.0,1004.144478156218
227,1000.0,1003.873160830045
228,1000.0,1003.6098946677074
229,1000.0,1003.3545839619076
230,1000.0,1003.1071294839494
231,1000.0,1002.8674287325642
232,1000.0,1002.6353761750836
233,1000.0,1002.4108634810575
234,1000.0,1002.1937797484219
235,1000.0,1001.9840117223202
236,1000.0,1001.7814440066883
237,1000.0,1001.5859592687099
238,1000.0,1001.3974384362587
239,1000.0,1001.2157608884386
240,1000.0,1001.0408046393397
241,1000.0,1000.8724465151263
242,1000.0,1000.7105623245758
243,1000.0,1000.5550270231898
244,1000.0,1000.4057148709969
245,1000.0,1000.262499584169
246,1000.0,1000.125254480574
247,1000.0,999.9938526193889
248,1000.0,999.8681669348944
249,1000.0,999.748070364576
250,1000.0,999.6334359716564
251,1000.0,999.5241370621795
252,1000.0,999.4200472967746
253,1000.0,999.3210407972186
254,1000.0,999.2269922479252
255,1000.0,999.1377769924775
256,1000.0,999.0532711253313
257,1000.0,998.9733515788082
258,1000.0,998.8978962054985
259,1000.0,998.8267838561956
260,1000.0,998.7598944534793
261,1000.0,998.6971090610672
262,1000.0,998.6383099490504
263,1000.0,998.5833806551295
264,1000.0,998.5322060419661
265,1000.0,998.4846723507625
266,1000.0,998.440667251182
267,1000.0,998.4000798877219
268,1000.0,998.3628009226452
269,1000.0,998.3287225755839
270,1000.0,998.297738659916
271,1000.0,998.2697446160236
272,1000.0,998.2446375415346
273,1000.0,998.2223162186515
274,1000.0,998.2026811386643
275,1000.0,998.1856345237495
276,1000.0,998.1710803461508
277,1000.0,998.1589243448358
278,1000.0,998.1490740397237
279,1000.0,998.1414387435757
280,1000.0,998.1359295716369
281,1000.0,998.1324594491199
282,1000.0,998.1309431166153
283,1000.0,998.1312971335145
284,1000.0,998.1334398795282
285,1000.0,998.1372915543807
286,1000.0,998.1427741757614
287,1000.0,998.1498115756091
288,1000.0,998.1583293948073
289,1000.0,998.1682550763627
290,1000.0,998.1795178571411
291,1000.0,998.19204875823
292,1000.0,998.2057805739973
293,1000.0,998.2206478599145
294,1000.0,998.2365869192074
295,1000.0,998.2535357884007
296,1000.0,998.2714342218169
297,1000.0,998.2902236750904
298,1000.0,998.3098472877558
299,1000.0,998.3302498649668
300,1000.0,998.3513778584016
301,1000.0,998.3731793464085
302,1000.0,998.3956040134439
303,1000.0,998.4186031288529
304,1000.0,998.4421295250427
305,1000.0,998.4661375750948
306,1000.0,998.4905831698626
307,1000.0,998.5154236945993
308,1000.0,998.5406180051588
309,1000.0,998.5661264038102
310,1000.0,998.5919106147088
311,1000.0,998.6179337590577
312,1000.0,998.6441603300023
313,1000.0,998.6705561672895
314,1000.0,998.6970884317299
315,1000.0,998.7237255794923
316,1000.0,998.7504373362668
317,1000.0,998.7771946713231
318,1000.0,998.8039697714968
319,1000.0,998.8307360151302
320,1000.0,998.8574679459958
321,1000.0,998.8841412472267
322,1000.0,998.9107327152807
323,1000.0,998.937220233961
324,1000.0,998.9635827485159
325,1000.0,998.9898002398394
326,1000.0,999.0158536987927
327,1000.0,999.0417251006673
328,1000.0,999.0673973798068
329,1000.0,999.0928544044057
330,1000.0,999.1180809515017
331,1000.0,999.1430626821782
332,1000.0,999.1677861169896
333,1000.0,999.192238611626
334,1000.0,999.2164083328275
335,1000.0,999.2402842345646
336,1000.0,999.2638560344909
337,1000.0,999.2871141906845
338,1000.0,999.310049878683
339,1000.0,999.3326549688251
340,1000.0,999.3549220039059
341,1000.0,999.376844177154
342,1000.0,999.3984153105372
343,1000.0,999.4196298334045
344,1000.0,999.4404827614696
345,1000.0,999.4609696761415
346,1000.0,999.4810867042078
347,1000.0,999.5008304978734
348,1000.0,999.52019821516
349,1000.0,999.5391875006693
350,1000.0,999.5577964667114
351,1000.0,999.5760236748026
352,1000.0,999.5938681175335
353,1000.0,999.6113292008083
354,1000.0,999.628406726458
355,1000.0,999.6451008752252
356,1000.0,999.6614121901245
357,1000.0,999.6773415601742
358,1000.0,999.692890204503
359,1000.0,999.7080596568268
360,1000.0,999.7228517502978
361,1000.0,999.737268602722
362,1000.0,999.7513126021445
363,1000.0,999.7649863928006
364,1000.0,999.7782928614297
365,1000.0,999.7912351239502
366,1000.0,999.8038165124917
367,1000.0,999.8160405627829
368,1000.0,999.8279110018896
369,1000.0,999.8394317363022
370,1000.0,999.8506068403673
371,1000.0,999.8614405450589
372,1000.0,999.8719372270882
373,1000.0,999.8821013983442
374,1000.0,999.8919376956635
375,1000.0,999.9014508709248
376,1000.0,999.910645781461
377,1000.0,999.9195273807875
378,1000.0,999.9281007096401
379,1000.0,999.9363708873184
380,1000.0,999.9443431033288
381,1000.0,999.9520226093241
382,1000.0,999.9594147113323
383,1000.0,999.9665247622713
384,1000.0,999.9733581547429
385,1000.0,999.9799203141024
386,1000.0,999.9862166917977
387,1000.0,999.9922527589719
388,1000.0,999.9980340003252
389,1000.0,1000.0035659082314
390,1000.0,1000.0088539771012
391,1000.0,1000.0139036979897
392,1000.0,1000.0187205534405
393,1000.0,1000.0233100125629
394,1000.0,1000.0276775263352
395,1000.0,1000.0318285231306
396,1000.0,1000.0357684044583
397,1000.0,1000.0395025409164
398,1000.0,1000.0430362683499
399,1000.0,1000.0463748842097
400,1000.0,1000.0495236441071
401,1000.0,1000.0524877585573
402,1000.0,1000.0552723899091
403,1000.0,1000.0578826494543
404,1000.0,1000.0603235947117
405,1000.0,1000.0626002268805
406,1000.0,1000.0647174884606
407,1000.0,1000.0666802610309
408,1000.0,1000.0684933631841
409,1000.0,1000.0701615486116
410,1000.0,1000.071689504335
411,1000.0,1000.073081849078
412,1000.0,1000.0743431317751
413,1000.0,1000.0754778302131
414,1000.0,1000.0764903497995
415,1000.0,1000.0773850224549
416,1000.0,1000.0781661056242
417,1000.0,1000.078837781403
418,1000.0,1000.0794041557741
419,1000.0,1000.0798692579513
420,1000.0,1000.0802370398252
421,1000.0,1000.0805113755086
422,1000.0,1000.080696060976
423,1000.0,1000.080794813794
424,1000.0,1000.08081127294
425,1000.0,1000.0807489987042
426,1000.0,1000.0806114726718
427,1000.0,1000.0804020977816
428,1000.0,1000.0801241984592
429,1000.0,1000.0797810208184
430,1000.0,1000.079375732931
431,1000.0,1000.0789114251597
432,1000.0,1000.0783911105513
433,1000.0,1000.0778177252872
434,1000.0,1000.0771941291902
435,1000.0,1000.0765231062804
436,1000.0,1000.075807365383
437,1000.0,1000.0750495407791
438,1000.0,1000.0742521929034
439,1000.0,1000.0734178090803
440,1000.0,1000.0725488043003
441,1000.0,1000.0716475220315
442,1000.0,1000.0707162350656
443,1000.0,1000.0697571463944
444,1000.0,1000.0687723901168
445,1000.0,1000.067764032372
446,1000.0,1000.066734072298
447,1000.0,1000.0656844430133
448,1000.0,1000.0646170126196
449,1000.0,1000.0635335852237
450,1000.0,1000.0624359019765
451,1000.0,1000.061325642128
452,1000.0,1000.0602044240962
453,1000.0,1000.0590738065478
454,1000.0,1000.0579352894903
455,1000.0,1000.056790315373
456,1000.0,1000.0556402701953
457,1000.0,1000.0544864846223
458,1000.0,1000.053330235104
459,1000.0,1000.0521727449996
460,1000.0,1000.0510151857031
461,1000.0,1000.0498586777712
462,1000.0,1000.04870429205
463,1000.0,1000.0475530508019
464,1000.0,1000.0464059288294
465,1000.0,1000.0452638545971
466,1000.0,1000.0441277113487
467,1000.0,1000.0429983382191
468,1000.0,1000.0418765313417
469,1000.0,1000.0407630449478
470,1000.0,1000.0396585924599
471,1000.0,1000.038563847576
472,1000.0,1000.0374794453456
473,1000.0,1000.0364059832364
474,1000.0,1000.0353440221897
475,1000.0,1000.0342940876676
476,1000.0,1000.0332566706862
477,1000.0,1000.0322322288391
478,1000.0,1000.031221187308
479,1000.0,1000.0302239398605
480,1000.0,1000.0292408498354
481,1000.0,1000.0282722511139
482,1000.0,1000.0273184490771
483,1000.0,1000.0263797215507
484,1000.0,1000.0254563197335
485,1000.0,1000.0245484691119
486,1000.0,1000.0236563703601
487,1000.0,1000.0227802002241
488,1000.0,1000.0219201123914
489,1000.0,1000.0210762383439
490,1000.0,1000.0202486881967
491,1000.0,1000.0194375515201
492,1000.0,1000.0186428981457
493,1000.0,1000.0178647789567
494,1000.0,1000.0171032266627
495,1000.0,1000.0163582565576
496,1000.0,1000.0156298672615
497,1000.0,1000.0149180414467
498,1000.0,1000.0142227465476
499,1000.0,1000.0135439354543
500,1000.0,1000.0128815471901
501,1000.0,1000.0122355075728
502,1000.0,1000.0116057298602
503,1000.0,1000.01099211538
504,1000.0,1000.0103945541431
505,1000.0,1000.009812925442
506,1000.0,1000.0092470984325
507,1000.0,1000.0086969327012
508,1000.0,1000.0081622788164
509,1000.0,1000.0076429788643
510,1000.0,1000.0071388669706
511,1000.0,1000.0066497698061
512,1000.0,1000.006175507078
513,1000.0,1000.0057158920064
514,1000.0,1000.0052707317872
515,1000.0,1000.0048398280393
516,1000.0,1000.0044229772391
517,1000.0,1000.0040199711399
518,1000.0,1000.0036305971786
519,1000.0,1000.0032546388684
520,1000.0,1000.0028918761782
521,1000.0,1000.002542085899
522,1000.0,1000.0022050419977
523,1000.0,1000.001880515958
524,1000.0,1000.0015682771087
525,1000.0,1000.0012680929407
526,1000.0,1000.0009797294102
527,1000.0,1000.0007029512325
528,1000.0,1000.0004375221624
529,1000.0,1000.0001832052642
530,1000.0,999.9999397631706
531,1000.0,999.9997069583302
532,1000.0,999.9994845532453
533,1000.0,999.999272310699
534,1000.0,999.999069993971
535,1000.0,999.9988773670459
536,1000.0,999.9986941948093
537,1000.0,999.9985202432364
538,1000.0,999.9983552795701
539,1000.0,999.998199072491
540,1000.0,999.9980513922781
541,1000.0,999.9979120109608
542,1000.0,999.9977807024634
543,1000.0,999.9976572427408
544,1000.0,999.9975414099067
545,1000.0,999.9974329843537
546,1000.0,999.9973317488666
547,1000.0,999.9972374887278
548,1000.0,999.9971499918166
549,1000.0,999.9970690487007
550,1000.0,999.9969944527217
551,1000.0,999.9969260000738
552,1000.0,999.9968634898772
553,1000.0,999.9968067242444
554,1000.0,999.9967555083413
555,1000.0,999.9967096504428
556,1000.0,999.9966689619827
557,1000.0,999.9966332575982
558,1000.0,999.9966023551702
559,1000.0,999.9965760758577
560,1000.0,999.9965542441278
561,1000.0,999.9965366877823
562,1000.0,999.9965232379782
563,1000.0,999.9965137292452
564,1000.0,999.9965079994988
565,1000.0,999.99650589005
566,1000.0,999.9965072456105
567,1000.0,999.9965119142948
568,1000.0,999.9965197476196
569,1000.0,999.9965306004987
570,1000.0,999.9965443312356
571,1000.0,999.9965608015129
572,1000.0,999.9965798763794
573,1000.0,999.9966014242336
574,1000.0,999.9966253168054
575,1000.0,999.9966514291353
576,1000.0,999.996679639551
577,1000.0,999.9967098296418
578,1000.0,999.9967418842319
579,1000.0,999.9967756913505
580,1000.0,999.9968111422005
581,1000.0,999.9968481311257
582,1000.0,999.9968865555767
583,1000.0,999.9969263160745
584,1000.0,999.9969673161729
585,1000.0,999.9970094624208
586,1000.0,999.9970526643211
587,1000.0,999.9970968342903
588,1000.0,999.9971418876165
589,1000.0,999.997187742416
590,1000.0,999.9972343195898
591,1000.0,999.9972815427789
592,1000.0,999.997329338319
593,1000.0,999.9973776351941
594,1000.0,999.9974263649906
595,1000.0,999.9974754618498
596,1000.0,999.9975248624206
597,1000.0,999.9975745058117
598,1000.0,999.9976243335435
599,1000.0,999.9976742894999
600,1000.0,999.9977243198791
601,1000.0,999.9977743731462
602,1000.0,999.9978243999832
603,1000.0,999.9978743532408
604,1000.0,999.9979241878899
605,1000.0,999.9979738609726
606,1000.0,999.9980233315539
607,1000.0,999.9980725606729
608,1000.0,999.998121511295
609,1000.0,999.9981701482643
610,1000.0,999.998218438255
611,1000.0,999.9982663497245
612,1000.0,999.9983138528667
613,1000.0,999.9983609195644
614,1000.0,999.9984075233443
615,1000.0,999.99845363933
616,1000.0,999.9984992441971
617,1000.0,999.9985443161285
618,1000.0,999.9985888347694
619,1000.0,999.9986327811839
620,1000.0,999.9986761378116
621,1000.0,999.9987188884242
622,1000.0,999.9987610180838
623,1000.0,999.9988025131013
624,1000.0,999.9988433609952
625,1000.0,999.9988835504512
626,1000.0,999.998923071282
627,1000.0,999.9989619143889
628,1000.0,999.9990000717228
629,1000.0,999.9990375362462
630,1000.0,999.9990743018966
631,1000.0,999.9991103635496
632,1000.0,999.999145716983
633,1000.0,999.999180358842
634,1000.0,999.9992142866043
635,1000.0,999.9992474985471
636,1000.0,999.9992799937132
637,1000.0,999.9993117718792
638,1000.0,999.9993428335233
639,1000.0,999.999373179795
640,1000.0,999.9994028124844
641,1000.0,999.9994317339924
642,1000.0,999.9994599473026
643,1000.0,999.9994874559526
644,1000.0,999.9995142640065
645,1000.0,999.9995403760282
646,1000.0,999.9995657970552
647,1000.0,999.999590532573
648,1000.0,999.999614588491
649,1000.0,999.9996379711175
650,1000.0,999.9996606871371
651,1000.0,999.9996827435868
652,1000.0,999.9997041478355
653,1000.0,999.9997249075607
654,1000.0,999.999745030729
655,1000.0,999.999764525575
656,1000.0,999.9997834005823
657,1000.0,999.9998016644643
658,1000.0,999.9998193261456
659,1000.0,999.9998363947443
660,1000.0,999.9998528795551
661,1000.0,999.9998687900322
662,1000.0,999.9998841357735
663,1000.0,999.9998989265049
664,1000.0,999.9999131720657
665,1000.0,999.9999268823938
666,1000.0,999.9999400675117
667,1000.0,999.9999527375141
668,1000.0,999.9999649025538
669,1000.0,999.9999765728298
670,1000.0,999.999987758576
671,1000.0,999.9999984700493
672,1000.0,1000.0000087175183
673,1000.0,1000.000018511254
674,1000.0,1000.0000278615186
675,1000.0,1000.0000367785565
676,1000.0,1000.0000452725855
677,1000.0,1000.0000533537874
678,1000.0,1000.0000610323004
679,1000.0,1000.0000683182109
680,1000.0,1000.0000752215457
681,1000.0,1000.0000817522655
682,1000.0,1000.0000879202578
683,1000.0,1000.0000937353306
684,1000.0,1000.0000992072063
685,1000.0,1000.0001043455163
686,1000.0,1000.0001091597954
687,1000.0,1000.0001136594769
688,1000.0,1000.0001178538879
689,1000.0,1000.0001217522448
690,1000.0,1000.0001253636494
691,1000.0,1000.0001286970852
692,1000.0,1000.0001317614134
693,1000.0,1000.00013456537
694,1000.0,1000.0001371175626
695,1000.0,1000.0001394264682
696,1000.0,1000.00014150043
697,1000.0,1000.0001433476556
698,1000.0,1000.0001449762145
699,1000.0,1000.0001463940371
700,1000.0,1000.0001476089122
701,1000.0,1000.0001486284865
702,1000.0,1000.0001494602626
703,1000.0,1000.0001501115986
704,1000.0,1000.0001505897069
705,1000.0,1000.0001509016537
706,1000.0,1000.0001510543588
707,1000.0,1000.0001510545947
708,1000.0,1000.0001509089869
709,1000.0,1000.0001506240139
710,1000.0,1000.0001502060071
711,1000.0,1000.000149661151
712,1000.0,1000.0001489954841
713,1000.0,1000.0001482148991
714,1000.0,1000.0001473251436
715,1000.0,1000.0001463318208
716,1000.0,1000.0001452403902
717,1000.0,1000.000144056169
718,1000.0,1000.0001427843329
719,1000.0,1000.000141429917
720,1000.0,1000.0001399978177
721,1000.0,1000.0001384927933
722,1000.0,1000.0001369194661
723,1000.0,1000.000135282323
724,1000.0,1000.0001335857178
725,1000.0,1000.0001318338725
726,1000.0,1000.0001300308788
727,1000.0,1000.0001281807002
728,1000.0,1000.0001262871735
729,1000.0,1000.0001243540105
730,1000.0,1000.0001223847999
731,1000.0,1000.0001203830093
732,1000.0,1000.0001183519871
733,1000.0,1000.0001162949644
734,1000.0,1000.0001142150572
735,1000.0,1000.0001121152679
736,1000.0,1000.0001099984878
737,1000.0,1000.0001078674989
738,1000.0,1000.0001057249758
739,1000.0,1000.0001035734882
740,1000.0,1000.0001014155029
741,1000.0,1000.0000992533857
742,1000.0,1000.0000970894034
743,1000.0,1000.0000949257263
744,1000.0,1000.0000927644302
745,1000.0,1000.000090607498
746,1000.0,1000.0000884568225
747,1000.0,1000.0000863142081
748,1000.0,1000.0000841813733
749,1000.0,1000.000082059952
750,1000.0,1000.0000799514964
751,1000.0,1000.0000778574786
752,1000.0,1000.0000757792926
753,1000.0,1000.0000737182569
754,1000.0,1000.000071675616
755,1000.0,1000.0000696525426
756,1000.0,1000.0000676501395
757,1000.0,1000.0000656694417
758,1000.0,1000.0000637114183
759,1000.0,1000.0000617769743
760,1000.0,1000.0000598669526
761,1000.0,1000.0000579821358
762,1000.0,1000.0000561232483
763,1000.0,1000.0000542909579
764,1000.0,1000.0000524858777
765,1000.0,1000.0000507085681
766,1000.0,1000.000048959538
767,1000.0,1000.0000472392472
768,1000.0,1000.0000455481077
769,1000.0,1000.0000438864852
770,1000.0,1000.0000422547012
771,1000.0,1000.0000406530344
772,1000.0,1000.0000390817223
773,1000.0,1000.0000375409629
774,1000.0,1000.0000360309159
775,1000.0,1000.0000345517046
776,1000.0,1000.0000331034172
777,1000.0,1000.0000316861078
778,1000.0,1000.0000302997986
779,1000.0,1000.0000289444808
780,1000.0,1000.0000276201163
781,1000.0,1000.0000263266384
782,1000.0,1000.0000250639536
783,1000.0,1000.0000238319429
784,1000.0,1000.0000226304628
785,1000.0,1000.0000214593464
786,1000.0,1000.0000203184048
787,1000.0,1000.0000192074285
788,1000.0,1000.0000181261877
789,1000.0,1000.000017074434
790,1000.0,1000.0000160519015
791,1000.0,1000.0000150583076
792,1000.0,1000.0000140933537
793,1000.0,1000.0000131567272
794,1000.0,1000.000012248101
795,1000.0,1000.0000113671359
796,1000.0,1000.0000105134802
797,1000.0,1000.0000096867714
798,1000.0,1000.0000088866364
799,1000.0,1000.0000081126927
800,1000.0,1000.0000073645497
801,1000.0,1000.0000066418082
802,1000.0,1000.0000059440623
803,1000.0,1000.0000052708994
804,1000.0,1000.0000046219009
805,1000.0,1000.0000039966434
806,1000.0,1000.0000033946989
807,1000.0,1000.0000028156355
808,1000.0,1000.0000022590181
809,1000.0,1000.0000017244082
810,1000.0,1000.0000012113659
811,1000.0,1000.0000007194491
812,1000.0,1000.0000002482146
813,1000.0,999.9999997972188
814,1000.0,999.9999993660176
815,1000.0,999.999998954167
816,1000.0,999.9999985612238
817,1000.0,999.9999981867458
818,1000.0,999.9999978302918
819,1000.0,999.9999974914228
820,1000.0,999.9999971697019
821,1000.0,999.9999968646945
822,1000.0,999.9999965759686
823,1000.0,999.9999963030955
824,1000.0,999.9999960456497
825,1000.0,999.9999958032095
826,1000.0,999.9999955753566
827,1000.0,999.9999953616771
828,1000.0,999.9999951617614
829,1000.0,999.9999949752043
830,1000.0,999.9999948016057
831,1000.0,999.9999946405698
832,1000.0,999.9999944917062
833,1000.0,999.9999943546296
834,1000.0,999.9999942289604
835,1000.0,999.999994114324
836,1000.0,999.9999940103515
837,1000.0,999.9999939166802
838,1000.0,999.9999938329526
839,1000.0,999.9999937588174
840,1000.0,999.9999936939295
841,1000.0,999.9999936379496
842,1000.0,999.9999935905448
843,1000.0,999.9999935513881
844,1000.0,999.9999935201588
845,1000.0,999.9999934965425
846,1000.0,999.9999934802313
847,1000.0,999.9999934709234
848,1000.0,999.9999934683234
849,1000.0,999.9999934721424
850,1000.0,999.9999934820977
851,1000.0,999.9999934979131
852,1000.0,999.9999935193187
853,1000.0,999.9999935460506
854,1000.0,999.9999935778519
855,1000.0,999.9999936144716
856,1000.0,999.999993655665
857,1000.0,999.9999937011935
858,1000.0,999.9999937508247
859,1000.0,999.9999938043323
860,1000.0,999.9999938614965
861,1000.0,999.999993922103
862,1000.0,999.9999939859439
863,1000.0,999.9999940528166
864,1000.0,999.999994122525
865,1000.0,999.9999941948786
866,1000.0,999.9999942696926
867,1000.0,999.9999943467878
868,1000.0,999.9999944259908
869,1000.0,999.9999945071335
870,1000.0,999.999994590053
871,1000.0,999.9999946745922
872,1000.0,999.9999947605992
873,1000.0,999.999994847927
874,1000.0,999.9999949364342
875,1000.0,999.9999950259838
876,1000.0,999.9999951164442
877,1000.0,999.9999952076885
878,1000.0,999.9999952995943
879,1000.0,999.9999953920443
880,1000.0,999.9999954849255
881,1000.0,999.9999955781296
882,1000.0,999.9999956715527
883,1000.0,999.9999957650949
884,1000.0,999.9999958586607
885,1000.0,999.9999959521588
886,1000.0,999.9999960455018
887,1000.0,999.9999961386065
888,1000.0,999.9999962313934
889,1000.0,999.9999963237865
890,1000.0,999.9999964157137
891,1000.0,999.9999965071066
892,1000.0,999.9999965979001
893,1000.0,999.9999966880326
894,1000.0,999.999996777446
895,1000.0,999.9999968660849
896,1000.0,999.9999969538975
897,1000.0,999.999997040835
898,1000.0,999.9999971268513
899,1000.0,999.9999972119039
900,1000.0,999.9999972959522
901,1000.0,999.9999973789587
902,1000.0,999.9999974608887
903,1000.0,999.9999975417098
904,1000.0,999.9999976213921
905,1000.0,999.9999976999084
906,1000.0,999.9999977772333
907,1000.0,999.999997853344
908,1000.0,999.9999979282197
909,1000.0,999.999998001842
910,1000.0,999.999998074194
911,1000.0,999.9999981452611
912,1000.0,999.9999982150307
913,1000.0,999.9999982834918
914,1000.0,999.9999983506351
915,1000.0,999.9999984164531
916,1000.0,999.9999984809397
917,1000.0,999.9999985440907
918,1000.0,999.9999986059031
919,1000.0,999.9999986663755
920,1000.0,999.9999987255076
921,1000.0,999.9999987833006
922,1000.0,999.999998839757
923,1000.0,999.9999988948804
924,1000.0,999.9999989486754
925,1000.0,999.9999990011479
926,1000.0,999.9999990523046
927,1000.0,999.9999991021533
928,1000.0,999.9999991507027
929,1000.0,999.9999991979624
930,1000.0,999.999999243943
931,1000.0,999.9999992886555
932,1000.0,999.9999993321119
933,1000.0,999.9999993743247
934,1000.0,999.9999994153073
935,1000.0,999.9999994550735
936,1000.0,999.9999994936378
937,1000.0,999.9999995310152
938,1000.0,999.9999995672213
939,1000.0,999.9999996022719
940,1000.0,999.9999996361835
941,1000.0,999.9999996689727
942,1000.0,999.9999997006568
943,1000.0,999.9999997312531
944,1000.0,999.9999997607792
945,1000.0,999.9999997892535
946,1000.0,999.999999816694
947,1000.0,999.9999998431191
948,1000.0,999.9999998685474
949,1000.0,999.9999998929977
950,1000.0,999.9999999164888
951,1000.0,999.9999999390399
952,1000.0,999.9999999606698
953,1000.0,999.9999999813978
954,1000.0,1000.000000001243
955,1000.0,1000.0000000202249
956,1000.0,1000.0000000383624
957,1000.0,1000.0000000556748
958,1000.0,1000.0000000721813
959,1000.0,1000.0000000879007
960,1000.0,1000.0000001028523
961,1000.0,1000.0000001170548
962,1000.0,1000.0000001305274
963,1000.0,1000.0000001432885
964,1000.0,1000.0000001553568
965,1000.0,1000.000000166751
966,1000.0,1000.000000177489
967,1000.0,1000.0000001875893
968,1000.0,1000.0000001970697
969,1000.0,1000.0000002059478
970,1000.0,1000.0000002142415
971,1000.0,1000.000000221968
972,1000.0,1000.0000002291446
973,1000.0,1000.0000002357882
974,1000.0,1000.0000002419157
975,1000.0,1000.0000002475435
976,1000.0,1000.0000002526879
977,1000.0,1000.0000002573648
978,1000.0,1000.0000002615901
979,1000.0,1000.0000002653794
980,1000.0,1000.0000002687481
981,1000.0,1000.0000002717109
982,1000.0,1000.0000002742828
983,1000.0,1000.0000002764782
984,1000.0,1000.0000002783114
985,1000.0,1000.0000002797964
986,1000.0,1000.0000002809469
987,1000.0,1000.0000002817762
988,1000.0,1000.0000002822976
989,1000.0,1000.0000002825238
990,1000.0,1000.0000002824676
991,1000.0,1000.0000002821412
992,1000.0,1000.0000002815567
993,1000.0,1000.0000002807259
994,1000.0,1000.0000002796602
995,1000.0,1000.000000278371
996,1000.0,1000.0000002768691
997,1000.0,1000.0000002751652
998,1000.0,1000.00000027327
999,1000.0,1000.0000002711934
1000,2000.0,1000.2413593179873
1001,2000.0,1001.1960739180711
1002,2000.0,1003.0735815947685
1003,2000.0,1005.8319685397593
1004,2000.0,1009.4302919320061
1005,2000.0,1013.8285772698987
1006,2000.0,1018.987814884482
1007,2000.0,1024.8699556727227
1008,2000.0,1031.4379060888275
1009,2000.0,1038.6555224306899
1010,2000.0,1046.4876044576138
1011,2000.0,1054.8998883745364
1012,2000.0,1063.8590392170515
1013,2000.0,1073.3326426706246
1014,2000.0,1083.289196356488
1015,2000.0,1093.6981006158005
1016,2000.0,1104.529648822778
1017,2000.0,1115.7550172566102
1018,2000.0,1127.3462545611217
1019,2000.0,1139.276270820261
1020,2000.0,1151.5188262766676
1021,2000.0,1164.0485197197106
1022,2000.0,1176.8407765685804
1023,2000.0,1189.871836675184
1024,2000.0,1203.1187418708023
1025,2000.0,1216.5593232796602
1026,2000.0,1230.1721884217936
1027,2000.0,1243.9367081268156
1028,2000.0,1257.8330032794368
1029,2000.0,1271.8419314168452
1030,2000.0,1285.9450731973252
1031,2000.0,1300.1247187587717
1032,2000.0,1314.363853985057
1033,2000.0,1328.646146697512
1034,2000.0,1342.955932788108
1035,2000.0,1357.2782023102593
1036,2000.0,1371.5985855425183
1037,2000.0,1385.903339039793
1038,2000.0,1400.1793316860999
1039,2000.0,1414.4140307622451
1040,2000.0,1428.595488041242
1041,2000.0,1442.7123259236791
1042,2000.0,1456.75372362469
1043,2000.0,1470.7094034236177
1044,2000.0,1484.5696169869234
1045,2000.0,1498.3251317743639
1046,2000.0,1511.9672175379392
1047,2000.0,1525.4876329226163
1048,2000.0,1538.8786121773398
1049,2000.0,1552.1328519843696
1050,2000.0,1565.243498414516
1051,2000.0,1578.2041340153967
1052,2000.0,1591.0087650394007
1053,2000.0,1603.6518088176176
1054,2000.0,1616.1280812855787
1055,2000.0,1628.432784666257
1056,2000.0,1640.5614953153836
1057,2000.0,1652.510151733759
1058,2000.0,1664.2750427508781
1059,2000.0,1675.8527958838324
1060,2000.0,1687.240365875108
1061,2000.0,1698.435023412576
1062,2000.0,1709.4343440346438
1063,2000.0,1720.2361972232345
1064,2000.0,1730.838735686962
1065,2000.0,1741.2403848365818
1066,2000.0,1751.439832454524
1067,2000.0,1761.4360185600483
1068,2000.0,1771.2281254713012
1069,2000.0,1780.8155680653172
1070,2000.0,1790.197984236764
1071,2000.0,1799.3752255560048
1072,2000.0,1808.3473481268386
1073,2000.0,1817.1146036440632
1074,2000.0,1825.6774306508153
1075,2000.0,1834.0364459954424
1076,2000.0,1842.1924364874862
1077,2000.0,1850.1463507521805
1078,2000.0,1857.8992912826982
1079,2000.0,1865.4525066892293
1080,2000.0,1872.8073841438195
1081,2000.0,1879.9654420197558
1082,2000.0,1886.9283227241492
1083,2000.0,1893.6977857222423
1084,2000.0,1900.2757007518414
1085,2000.0,1906.6640412261643
1086,2000.0,1912.864877823283
1087,2000.0,1918.8803722602433
1088,2000.0,1924.712771249846
1089,2000.0,1930.3644006379852
1090,2000.0,1935.8376597193608
1091,2000.0,1941.1350157292961
1092,2000.0,1946.2589985093302
1093,2000.0,1951.2121953441815
1094,2000.0,1955.9972459676203
1095,2000.0,1960.616837734731
1096,2000.0,1965.0737009579946
1097,2000.0,1969.3706044045762
1098,2000.0,1973.5103509521575
1099,2000.0,1977.4957734006205
1100,2000.0,1981.3297304368496
1101,2000.0,1985.0151027498987
1102,2000.0,1988.5547892937363
1103,2000.0,1991.9517036947648
1104,2000.0,1995.2087708012891
1105,2000.0,1998.3289233721002
1106,2000.0,2001.315098901323
1107,2000.0,2004.1702365766726
1108,2000.0,2006.8972743682593
1109,2000.0,2009.499146245079
1110,2000.0,2011.9787795163254
1111,2000.0,2014.3390922946721
1112,2000.0,2016.5829910786672
1113,2000.0,2018.713368451401
1114,2000.0,2020.7331008926171
1115,2000.0,2022.6450467014465
1116,2000.0,2024.4520440269653
1117,2000.0,2026.156909003789
1118,2000.0,2027.7624339899432
1119,2000.0,2029.2713859042624
1120,2000.0,2030.6865046606001
1121,2000.0,2032.0105016961545
1122,2000.0,2033.2460585912388
1123,2000.0,2034.3958257778577
1124,2000.0,2035.462421334475
1125,2000.0,2036.4484298643927
1126,2000.0,2037.356401455187
1127,2000.0,2038.1888507166902
1128,2000.0,2038.9482558950256
1129,2000.0,2039.6370580602536
1130,2000.0,2040.257660365209
1131,2000.0,2040.8124273731528
1132,2000.0,2041.3036844518992
1133,2000.0,2041.7337172321108
1134,2000.0,2042.1047711274985
1135,2000.0,2042.4190509146988
1136,2000.0,2042.6787203706406
1137,2000.0,2042.8859019652532
1138,2000.0,2043.0426766074072
1139,2000.0,2043.1510834420203
1140,2000.0,2043.2131196963016
1141,2000.0,2043.230740573145
1142,2000.0,2043.2058591897278
1143,2000.0,2043.140346559409
1144,2000.0,2043.0360316150623
1145,2000.0,2042.8947012720214
1146,2000.0,2042.7181005288548
1147,2000.0,2042.5079326042298
1148,2000.0,2042.2658591081642
1149,2000.0,2041.9935002460068
1150,2000.0,2041.6924350535273
1151,2000.0,2041.3642016615368
1152,2000.0,2041.0102975884988
1153,2000.0,2040.6321800596356
1154,2000.0,2040.231266351065
1155,2000.0,2039.8089341575524
1156,2000.0,2039.3665219824943
1157,2000.0,2038.9053295487922
1158,2000.0,2038.4266182293097
1159,2000.0,2037.9316114956498
1160,2000.0,2037.4214953840203
1161,2000.0,2036.8974189769963
1162,2000.0,2036.3604949000232
1163,2000.0,2035.8117998315413
1164,2000.0,2035.2523750256448
1165,2000.0,2034.6832268462306
1166,2000.0,2034.1053273116172
1167,2000.0,2033.5196146486555
1168,2000.0,2032.9269938553841
1169,2000.0,2032.3283372713124
1170,2000.0,2031.7244851544533
1171,2000.0,2031.116246264251
1172,2000.0,2030.5043984495878
1173,2000.0,2029.8896892410792
1174,2000.0,2029.2728364469015
1175,2000.0,2028.6545287514225
1176,2000.0,2028.0354263159334
1177,2000.0,2027.4161613808133
1178,2000.0,2026.7973388684825
1179,2000.0,2026.1795369865254
1180,2000.0,2025.5633078303972
1181,2000.0,2024.9491779851478
1182,2000.0,2024.3376491256263
1183,2000.0,2023.7291986146518
1184,2000.0,2023.1242800986608
1185,2000.0,2022.5233241003677
1186,2000.0,2021.9267386079948
1187,2000.0,2021.3349096606514
1188,2000.0,2020.7482019294657
1189,2000.0,2020.166959294092
1190,2000.0,2019.5915054142376
1191,2000.0,2019.022144295875
1192,2000.0,2018.4591608518224
1193,2000.0,2017.9028214563964
1194,2000.0,2017.3533744938602
1195,2000.0,2016.811050900406
1196,2000.0,2016.27606469943
1197,2000.0,2015.7486135298739
1198,2000.0,2015.2288791674257
1199,2000.0,2014.7170280383853
1200,2000.0,2014.2132117260182
1201,2000.0,2013.7175674692364
1202,2000.0,2013.2302186534546
1203,2000.0,2012.7512752934922
1204,2000.0,2012.2808345083977
1205,2000.0,2011.8189809880892
1206,2000.0,2011.365787451716
1207,2000.0,2010.9213150976586
1208,2000.0,2010.485614045096
1209,2000.0,2010.05872376708
1210,2000.0,2009.6406735150676
1211,2000.0,2009.2314827348748
1212,2000.0,2008.8311614740182
1213,2000.0,2008.439710780432
1214,2000.0,2008.0571230925439
1215,2000.0,2007.6833826207132
1216,2000.0,2007.3184657200366
1217,2000.0,2006.9623412545357
1218,2000.0,2006.6149709527529
1219,2000.0,2006.2763097547804
1220,2000.0,2005.946306150765
1221,2000.0,2005.6249025109269
1222,2000.0,2005.3120354071482
1223,2000.0,2005.007635926183
1224,2000.0,2004.7116299745521
1225,2000.0,2004.42393857519
1226,2000.0,2004.1444781559137
1227,2000.0,2003.873160829794
1228,2000.0,2003.6098946675077
1229,2000.0,2003.354583961757
1230,2000.0,2003.1071294838464
1231,2000.0,2002.8674287325068
1232,2000.0,2002.63537617507
1233,2000.0,2002.4108634810857
1234,2000.0,2002.1937797484902
1235,2000.0,2001.984011722427
1236,2000.0,2001.7814440068319
1237,2000.0,2001.5859592688887
1238,2000.0,2001.3974384364712
1239,2000.0,2001.2157608886837
1240,2000.0,2001.0408046396158
1241,2000.0,2000.8724465154316
1242,2000.0,2000.7105623249092
1243,2000.0,2000.55502702355
1244,2000.0,2000.4057148713825
1245,2000.0,2000.2624995845783
1246,2000.0,2000.1252544810056
1247,2000.0,1999.9938526198416
1248,2000.0,1999.868166935367
1249,2000.0,1999.7480703650679
1250,2000.0,1999.633435972166
1251,2000.0,1999.5241370627057
1252,2000.0,1999.420047297316
1253,2000.0,1999.321040797774
1254,2000.0,1999.2269922484934
1255,2000.0,1999.1377769930575
1256,2000.0,1999.0532711259223
1257,2000.0,1998.9733515794092
1258,2000.0,1998.8978962061087
1259,2000.0,1998.8267838568142
1260,2000.0,1998.7598944541055
1261,2000.0,1998.6971090617
1262,2000.0,1998.638309949689
1263,2000.0,1998.583380655773
1264,2000.0,1998.5322060426136
1265,2000.0,1998.4846723514133
1266,2000.0,1998.440667251836
1267,2000.0,1998.4000798883783
1268,2000.0,1998.3628009233034
1269,2000.0,1998.3287225762433
1270,2000.0,1998.297738660576
1271,2000.0,1998.2697446166837
1272,2000.0,1998.2446375421944
1273,2000.0,1998.2223162193102
1274,2000.0,1998.2026811393214
1275,2000.0,1998.1856345244048
1276,2000.0,1998.171080346804
1277,2000.0,1998.1589243454864
1278,2000.0,1998.1490740403715
1279,2000.0,1998.14143874422
1280,2000.0,1998.1359295722773
1281,2000.0,1998.132459449756
1282,2000.0,1998.1309431172467
1283,2000.0,1998.131297134141
1284,2000.0,1998.1334398801498
1285,2000.0,1998.1372915549969
1286,2000.0,1998.1427741763719
1287,2000.0,1998.1498115762133
1288,2000.0,1998.158329395405
1289,2000.0,1998.168255076954
1290,2000.0,1998.1795178577258
1291,2000.0,1998.1920487588081
1292,2000.0,1998.2057805745687
1293,2000.0,1998.220647860479
1294,2000.0,1998.2365869197645
1295,2000.0,1998.2535357889503
1296,2000.0,1998.271434222359
1297,2000.0,1998.290223675625
1298,2000.0,1998.3098472882825
1299,2000.0,1998.3302498654855
1300,2000.0,1998.351377858912
1301,2000.0,1998.3731793469103
1302,2000.0,1998.395604013937
1303,2000.0,1998.4186031293373
1304,2000.0,1998.4421295255186
1305,2000.0,1998.4661375755622
1306,2000.0,1998.4905831703218
1307,2000.0,1998.5154236950502
1308,2000.0,1998.5406180056013
1309,2000.0,1998.5661264042449
1310,2000.0,1998.5919106151355
1311,2000.0,1998.6179337594765
1312,2000.0,1998.6441603304133
1313,2000.0,1998.670556167693
1314,2000.0,1998.6970884321256
1315,2000.0,1998.7237255798807
1316,2000.0,1998.7504373366478
1317,2000.0,1998.7771946716966
1318,2000.0,1998.803969771863
1319,2000.0,1998.8307360154893
1320,2000.0,1998.8574679463477
1321,2000.0,1998.8841412475713
1322,2000.0,1998.910732715618
1323,2000.0,1998.937220234291
1324,2000.0,1998.9635827488387
1325,2000.0,1998.989800240155
1326,2000.0,1999.0158536991014
1327,2000.0,1999.0417251009692
1328,2000.0,1999.0673973801022
1329,2000.0,1999.0928544046944
1330,2000.0,1999.1180809517843
1331,2000.0,1999.1430626824547
1332,2000.0,1999.16778611726
1333,2000.0,1999.1922386118902
1334,2000.0,1999.2164083330858
1335,2000.0,1999.240284234817
1336,2000.0,1999.2638560347375
1337,2000.0,1999.2871141909254
1338,2000.0,1999.3100498789186
1339,2000.0,1999.3326549690555
1340,2000.0,1999.3549220041316
1341,2000.0,1999.376844177375
1342,2000.0,1999.3984153107538
1343,2000.0,1999.4196298336165
1344,2000.0,1999.440482761677
1345,2000.0,1999.4609696763448
1346,2000.0,1999.4810867044068
1347,2000.0,1999.5008304980684
1348,2000.0,1999.520198215351
1349,2000.0,1999.539187500856
1350,2000.0,1999.5577964668942
1351,2000.0,1999.5760236749816
1352,2000.0,1999.5938681177086
1353,2000.0,1999.6113292009795
1354,2000.0,1999.6284067266251
1355,2000.0,1999.6451008753886
1356,2000.0,1999.661412190284
1357,2000.0,1999.67734156033
1358,2000.0,1999.6928902046552
1359,2000.0,1999.7080596569756
1360,2000.0,1999.7228517504434
1361,2000.0,1999.7372686028646
1362,2000.0,1999.7513126022839
1363,2000.0,1999.7649863929366
1364,2000.0,1999.7782928615625
1365,2000.0,1999.7912351240798
1366,2000.0,1999.8038165126186
1367,2000.0,1999.8160405629071
1368,2000.0,1999.8279110020112
1369,2000.0,1999.8394317364214
1370,2000.0,1999.850606840484
1371,2000.0,1999.8614405451735
1372,2000.0,1999.8719372272005
1373,2000.0,1999.8821013984543
1374,2000.0,1999.891937695772
1375,2000.0,1999.9014508710313
1376,2000.0,1999.9106457815656
1377,2000.0,1999.91952738089
1378,2000.0,1999.9281007097409
1379,2000.0,1999.9363708874175
1380,2000.0,1999.9443431034263
1381,2000.0,1999.9520226094198
1382,2000.0,1999.9594147114265
1383,2000.0,1999.9665247623639
1384,2000.0,1999.9733581548342
1385,2000.0,1999.9799203141927
1386,2000.0,1999.986216691887
1387,2000.0,1999.9922527590602
1388,2000.0,1999.9980340004126
1389,2000.0,2000.0035659083183
1390,2000.0,2000.0088539771875
1391,2000.0,2000.0139036980756
1392,2000.0,2000.0187205535262
1393,2000.0,2000.0233100126484
1394,2000.0,2000.0276775264203
1395,2000.0,2000.0318285232152
1396,2000.0,2000.035768404542
1397,2000.0,2000.0395025409991
1398,2000.0,2000.043036268432
1399,2000.0,2000.0463748842915
1400,2000.0,2000.0495236441886
1401,2000.0,2000.0524877586386
1402,2000.0,2000.0552723899903
1403,2000.0,2000.0578826495353
1404,2000.0,2000.0603235947922
1405,2000.0,2000.062600226961
1406,2000.0,2000.064717488541
1407,2000.0,2000.066680261111
1408,2000.0,2000.068493363264
1409,2000.0,2000.0701615486912
1410,2000.0,2000.0716895044143
1411,2000.0,2000.073081849157
1412,2000.0,2000.074343131854
1413,2000.0,2000.0754778302917
1414,2000.0,2000.076490349878
1415,2000.0,2000.0773850225335
1416,2000.0,2000.0781661057028
1417,2000.0,2000.0788377814818
1418,2000.0,2000.0794041558531
1419,2000.0,2000.0798692580308
1420,2000.0,2000.0802370399053
1421,2000.0,2000.0805113755894
1422,2000.0,2000.0806960610573
1423,2000.0,2000.0807948138756
1424,2000.0,2000.080811273022
1425,2000.0,2000.0807489987865
1426,2000.0,2000.0806114727545
1427,2000.0,2000.080402097865
1428,2000.0,2000.0801241985434
1429,2000.0,2000.0797810209033
1430,2000.0,2000.0793757330164
1431,2000.0,2000.0789114252457
1432,2000.0,2000.0783911106375
1433,2000.0,2000.0778177253737
1434,2000.0,2000.0771941292767
1435,2000.0,2000.076523106367
1436,2000.0,2000.0758073654692
1437,2000.0,2000.075049540865
1438,2000.0,2000.074252192989
1439,2000.0,2000.0734178091654
1440,2000.0,2000.072548804385
1441,2000.0,2000.0716475221159
1442,2000.0,2000.0707162351496
1443,2000.0,2000.069757146478
1444,2000.0,2000.0687723902
1445,2000.0,2000.0677640324548
1446,2000.0,2000.0667340723803
1447,2000.0,2000.0656844430953
1448,2000.0,2000.0646170127013
1449,2000.0,2000.0635335853053
1450,2000.0,2000.062435902058
1451,2000.0,2000.0613256422093
1452,2000.0,2000.0602044241773
1453,2000.0,2000.0590738066285
1454,2000.0,2000.0579352895709
1455,2000.0,2000.0567903154533
1456,2000.0,2000.0556402702757
1457,2000.0,2000.0544864847027
1458,2000.0,2000.0533302351846
1459,2000.0,2000.0521727450803
1460,2000.0,2000.0510151857839
1461,2000.0,2000.0498586778517
1462,2000.0,2000.0487042921302
1463,2000.0,2000.0475530508816
1464,2000.0,2000.0464059289086
1465,2000.0,2000.0452638546758
1466,2000.0,2000.0441277114269
1467,2000.0,2000.0429983382967
1468,2000.0,2000.0418765314184
1469,2000.0,2000.0407630450238
1470,2000.0,2000.0396585925353
1471,2000.0,2000.0385638476507
1472,2000.0,2000.03747944542
1473,2000.0,2000.0364059833105
1474,2000.0,2000.0353440222636
1475,2000.0,2000.0342940877415
1476,2000.0,2000.03325667076
1477,2000.0,2000.0322322289128
1478,2000.0,2000.0312211873816
1479,2000.0,2000.030223939934
1480,2000.0,2000.029240849909
1481,2000.0,2000.0282722511872
1482,2000.0,2000.0273184491502
1483,2000.0,2000.026379721624
1484,2000.0,2000.0254563198066
1485,2000.0,2000.024548469185
1486,2000.0,2000.023656370433
1487,2000.0,2000.0227802002967
1488,2000.0,2000.0219201124635
1489,2000.0,2000.0210762384156
1490,2000.0,2000.0202486882683
1491,2000.0,2000.0194375515919
1492,2000.0,2000.0186428982174
1493,2000.0,2000.0178647790285
1494,2000.0,2000.0171032267347
1495,2000.0,2000.0163582566297
1496,2000.0,2000.0156298673337
1497,2000.0,2000.0149180415192
1498,2000.0,2000.0142227466204
1499,2000.0,2000.0135439355277
1500,2000.0,2000.012881547264
1501,2000.0,2000.0122355076473
1502,2000.0,2000.0116057299358
1503,2000.0,2000.0109921154565
1504,2000.0,2000.0103945542203
1505,2000.0,2000.00981292552
1506,2000.0,2000.0092470985114
1507,2000.0,2000.008696932781
1508,2000.0,2000.0081622788973
1509,2000.0,2000.0076429789467
1510,2000.0,2000.0071388670542
1511,2000.0,2000.0066497698908
1512,2000.0,2000.0061755071636
1513,2000.0,2000.0057158920927
1514,2000.0,2000.0052707318741
1515,2000.0,2000.0048398281267
1516,2000.0,2000.0044229773268
1517,2000.0,2000.0040199712282
1518,2000.0,2000.0036305972676
1519,2000.0,2000.003254638958
1520,2000.0,2000.0028918762682
1521,2000.0,2000.0025420859893
1522,2000.0,2000.0022050420882
1523,2000.0,2000.001880516049
1524,2000.0,2000.0015682772
1525,2000.0,2000.0012680930324
1526,2000.0,2000.0009797295027
1527,2000.0,2000.0007029513256
1528,2000.0,2000.000437522256
1529,2000.0,2000.0001832053583
1530,2000.0,1999.999939763265
1531,2000.0,1999.9997069584251
1532,2000.0,1999.9994845533408
1533,2000.0,1999.999272310795
1534,2000.0,1999.9990699940677
1535,2000.0,1999.9988773671432
1536,2000.0,1999.9986941949073
1537,2000.0,1999.998520243335
1538,2000.0,1999.9983552796693
1539,2000.0,1999.998199072591
1540,2000.0,1999.9980513923788
1541,2000.0,1999.9979120110625
1542,2000.0,1999.9977807025657
1543,2000.0,1999.9976572428438
1544,2000.0,1999.9975414100104
1545,2000.0,1999.9974329844579
1546,2000.0,1999.997331748971
1547,2000.0,1999.9972374888325
1548,2000.0,1999.9971499919218
1549,2000.0,1999.9970690488062
1550,2000.0,1999.9969944528273
1551,2000.0,1999.9969260001797
1552,2000.0,1999.996863489983
1553,2000.0,1999.9968067243506
1554,2000.0,1999.996755508448
1555,2000.0,1999.99670965055
1556,2000.0,1999.9966689620903
1557,2000.0,1999.9966332577062
1558,2000.0,1999.9966023552784
1559,2000.0,1999.9965760759658
1560,2000.0,1999.9965542442358
1561,2000.0,1999.9965366878898
1562,2000.0,1999.9965232380853
1563,2000.0,1999.9965137293518
1564,2000.0,1999.996507999605
1565,2000.0,1999.9965058901555
1566,2000.0,1999.9965072457153
1567,2000.0,1999.9965119143992
1568,2000.0,1999.9965197477238
1569,2000.0,1999.9965306006025
1570,2000.0,1999.996544331339
1571,2000.0,1999.9965608016162
1572,2000.0,1999.9965798764824
1573,2000.0,1999.9966014243366
1574,2000.0,1999.9966253169086
1575,2000.0,1999.9966514292387
1576,2000.0,1999.9966796396545
1577,2000.0,1999.996709829746
1578,2000.0,1999.9967418843364
1579,2000.0,1999.9967756914552
1580,2000.0,1999.9968111423052
1581,2000.0,1999.9968481312303
1582,2000.0,1999.996886555681
1583,2000.0,1999.9969263161784
1584,2000.0,1999.9969673162766
1585,2000.0,1999.9970094625241
1586,2000.0,1999.9970526644238
1587,2000.0,1999.9970968343923
1588,2000.0,1999.9971418877178
1589,2000.0,1999.9971877425166
1590,2000.0,1999.99723431969
1591,2000.0,1999.9972815428791
1592,2000.0,1999.9973293384194
1593,2000.0,1999.9973776352947
1594,2000.0,1999.9974263650915
1595,2000.0,1999.9974754619511
1596,2000.0,1999.9975248625226
1597,2000.0,1999.9975745059144
1598,2000.0,1999.9976243336469
1599,2000.0,1999.9976742896038
1600,2000.0,1999.9977243199835
1601,2000.0,1999.9977743732506
1602,2000.0,1999.9978244000877
1603,2000.0,1999.9978743533452
1604,2000.0,1999.9979241879942
1605,2000.0,1999.9979738610766
1606,2000.0,1999.9980233316576
1607,2000.0,1999.9980725607766
1608,2000.0,1999.998121511399
1609,2000.0,1999.9981701483682
1610,2000.0,1999.9982184383587
1611,2000.0,1999.998266349828
1612,2000.0,1999.9983138529699
1613,2000.0,1999.9983609196674
1614,2000.0,1999.9984075234472
1615,2000.0,1999.998453639433
1616,2000.0,1999.9984992442999
1617,2000.0,1999.9985443162313
1618,2000.0,1999.9985888348724
1619,2000.0,1999.9986327812871
1620,2000.0,1999.998676137915
1621,2000.0,1999.9987188885277
1622,2000.0,1999.9987610181877
1623,2000.0,1999.9988025132056
1624,2000.0,1999.9988433611
1625,2000.0,1999.9988835505562
1626,2000.0,1999.9989230713875
1627,2000.0,1999.9989619144949
1628,2000.0,1999.9990000718292
1629,2000.0,1999.999037536353
1630,2000.0,1999.9990743020037
1631,2000.0,1999.9991103636569
1632,2000.0,1999.9991457170904
1633,2000.0,1999.9991803589494
1634,2000.0,1999.9992142867118
1635,2000.0,1999.9992474986543
1636,2000.0,1999.9992799938202
1637,2000.0,1999.9993117719862
1638,2000.0,1999.9993428336304
1639,2000.0,1999.999373179902
1640,2000.0,1999.9994028125911
1641,2000.0,1999.9994317340988
1642,2000.0,1999.999459947409
1643,2000.0,1999.9994874560587
1644,2000.0,1999.9995142641123
1645,2000.0,1999.9995403761336
1646,2000.0,1999.9995657971601
1647,2000.0,1999.9995905326775
1648,2000.0,1999.999614588595
1649,2000.0,1999.999637971221
1650,2000.0,1999.9996606872398
1651,2000.0,1999.999682743689
1652,2000.0,1999.9997041479369
1653,2000.0,1999.9997249076614
1654,2000.0,1999.9997450308288
1655,2000.0,1999.999764525674
1656,2000.0,1999.9997834006806
1657,2000.0,1999.999801664562
1658,2000.0,1999.9998193262427
1659,2000.0,1999.999836394841
1660,2000.0,1999.9998528796514
1661,2000.0,1999.9998687901282
1662,2000.0,1999.9998841358693
1663,2000.0,1999.9998989266005
1664,2000.0,1999.999913172161
1665,2000.0,1999.999926882489
1666,2000.0,1999.9999400676072
1667,2000.0,1999.9999527376096
1668,2000.0,1999.9999649026495
1669,2000.0,1999.999976572926
1670,2000.0,1999.999987758673
1671,2000.0,1999.9999984701467
1672,2000.0,2000.0000087176163
1673,2000.0,2000.0000185113527
1674,2000.0,2000.0000278616183
1675,2000.0,2000.0000367786574
1676,2000.0,2000.0000452726874
1677,2000.0,2000.0000533538903
1678,2000.0,2000.0000610324041
1679,2000.0,2000.0000683183155
1680,2000.0,2000.000075221651
1681,2000.0,2000.0000817523714
1682,2000.0,2000.0000879203642
1683,2000.0,2000.0000937354373
1684,2000.0,2000.0000992073135
1685,2000.0,2000.0001043456239
1686,2000.0,2000.0001091599033
1687,2000.0,2000.0001136595854
1688,2000.0,2000.0001178539972
1689,2000.0,2000.000121752355
1690,2000.0,2000.0001253637608
1691,2000.0,2000.0001286971976
1692,2000.0,2000.0001317615267
1693,2000.0,2000.0001345654844
1694,2000.0,2000.0001371176782
1695,2000.0,2000.0001394265848
1696,2000.0,2000.000141500548
1697,2000.0,2000.0001433477748
1698,2000.0,2000.0001449763352
1699,2000.0,2000.000146394159
1700,2000.0,2000.0001476090354
1701,2000.0,2000.0001486286108
1702,2000.0,2000.0001494603878
1703,2000.0,2000.0001501117247
1704,2000.0,2000.0001505898338
1705,2000.0,2000.0001509017811
1706,2000.0,2000.0001510544867
1707,2000.0,2000.000151054723
1708,2000.0,2000.0001509091153
1709,2000.0,2000.0001506241426
1710,2000.0,2000.0001502061361
1711,2000.0,2000.0001496612806
1712,2000.0,2000.0001489956144
1713,2000.0,2000.00014821503
1714,2000.0,2000.0001473252753
1715,2000.0,2000.000146331953
1716,2000.0,2000.0001452405227
1717,2000.0,2000.0001440563017
1718,2000.0,2000.0001427844657
1719,2000.0,2000.00014143005
1720,2000.0,2000.0001399979508
1721,2000.0,2000.0001384929265
1722,2000.0,2000.0001369195993
1723,2000.0,2000.000135282456
1724,2000.0,2000.0001335858508
1725,2000.0,2000.0001318340055
1726,2000.0,2000.000130031012
1727,2000.0,2000.0001281808336
1728,2000.0,2000.0001262873068
1729,2000.0,2000.0001243541435
1730,2000.0,2000.0001223849324
1731,2000.0,2000.0001203831416
1732,2000.0,2000.0001183521194
1733,2000.0,2000.0001162950969
1734,2000.0,2000.0001142151896
1735,2000.0,2000.0001121154003
1736,2000.0,2000.0001099986202
1737,2000.0,2000.0001078676312
1738,2000.0,2000.0001057251081
1739,2000.0,2000.0001035736207
1740,2000.0,2000.0001014156355
1741,2000.0,2000.0000992535186
1742,2000.0,2000.0000970895367
1743,2000.0,2000.00009492586
1744,2000.0,2000.000092764564
1745,2000.0,2000.000090607632
1746,2000.0,2000.000088456957
1747,2000.0,2000.0000863143428
1748,2000.0,2000.000084181508
1749,2000.0,2000.0000820600867
1750,2000.0,2000.0000799516308
1751,2000.0,2000.0000778576127
1752,2000.0,2000.0000757794267
1753,2000.0,2000.0000737183907
1754,2000.0,2000.0000716757497
1755,2000.0,2000.0000696526763
1756,2000.0,2000.0000676502734
1757,2000.0,2000.0000656695756
1758,2000.0,2000.0000637115522
1759,2000.0,2000.000061777108
1760,2000.0,2000.000059867086
1761,2000.0,2000.000057982269
1762,2000.0,2000.000056123381
1763,2000.0,2000.00005429109
1764,2000.0,2000.000052486009
1765,2000.0,2000.0000507086986
1766,2000.0,2000.0000489596675
1767,2000.0,2000.0000472393758
1768,2000.0,2000.000045548235
1769,2000.0,2000.0000438866114
1770,2000.0,2000.0000422548264
1771,2000.0,2000.000040653159
1772,2000.0,2000.0000390818464
1773,2000.0,2000.0000375410862
1774,2000.0,2000.0000360310385
1775,2000.0,2000.0000345518265
1776,2000.0,2000.0000331035383
1777,2000.0,2000.000031686228
1778,2000.0,2000.0000302999183
1779,2000.0,2000.0000289446002
1780,2000.0,2000.0000276202352
1781,2000.0,2000.0000263267568
1782,2000.0,2000.0000250640717
1783,2000.0,2000.0000238320608
1784,2000.0,2000.0000226305806
1785,2000.0,2000.000021459464
1786,2000.0,2000.0000203185225
1787,2000.0,2000.000019207546
1788,2000.0,2000.0000181263051
1789,2000.0,2000.0000170745516
1790,2000.0,2000.0000160520194
1791,2000.0,2000.0000150584256
1792,2000.0,2000.000014093472
1793,2000.0,2000.0000131568456
1794,2000.0,2000.00001224822
1795,2000.0,2000.000011367255
1796,2000.0,2000.0000105135994
1797,2000.0,2000.0000096868905
1798,2000.0,2000.0000088867557
1799,2000.0,2000.0000081128123
1800,2000.0,2000.0000073646697
1801,2000.0,2000.0000066419286
1802,2000.0,2000.000005944183
1803,2000.0,2000.0000052710202
1804,2000.0,2000.0000046220223
1805,2000.0,2000.0000039967656
1806,2000.0,2000.0000033948218
1807,2000.0,2000.000002815759
1808,2000.0,2000.0000022591416
1809,2000.0,2000.0000017245318
1810,2000.0,2000.0000012114892
1811,2000.0,2000.0000007195724
1812,2000.0,2000.0000002483378
1813,2000.0,1999.9999997973418
1814,2000.0,1999.9999993661404
1815,2000.0,1999.9999989542896
1816,2000.0,1999.999998561346
1817,2000.0,1999.9999981868677
1818,2000.0,1999.9999978304133
1819,2000.0,1999.9999974915438
1820,2000.0,1999.9999971698223
1821,2000.0,1999.9999968648144
1822,2000.0,1999.9999965760878
1823,2000.0,1999.9999963032142
1824,2000.0,1999.9999960457678
1825,2000.0,1999.9999958033272
1826,2000.0,1999.999995575474
1827,2000.0,1999.9999953617944
1828,2000.0,1999.9999951618786
1829,2000.0,1999.9999949753217
1830,2000.0,1999.9999948017232
1831,2000.0,1999.9999946406874
1832,2000.0,1999.9999944918238
1833,2000.0,1999.9999943547475
1834,2000.0,1999.9999942290783
1835,2000.0,1999.999994114442
1836,2000.0,1999.9999940104697
1837,2000.0,1999.9999939167985
1838,2000.0,1999.9999938330714
1839,2000.0,1999.9999937589369
1840,2000.0,1999.9999936940494
1841,2000.0,1999.99999363807
1842,2000.0,1999.9999935906653
1843,2000.0,1999.9999935515086
1844,2000.0,1999.9999935202793
1845,2000.0,1999.9999934966634
1846,2000.0,1999.9999934803527
1847,2000.0,1999.9999934710454
1848,2000.0,1999.999993468446
1849,2000.0,1999.9999934722657
1850,2000.0,1999.9999934822217
1851,2000.0,1999.9999934980376
1852,2000.0,1999.9999935194435
1853,2000.0,1999.9999935461758
1854,2000.0,1999.9999935779774
1855,2000.0,1999.999993614597
1856,2000.0,1999.9999936557901
1857,2000.0,1999.999993701318
1858,2000.0,1999.9999937509488
1859,2000.0,1999.9999938044562
1860,2000.0,1999.99999386162
1861,2000.0,1999.9999939222262
1862,2000.0,1999.9999939860668
1863,2000.0,1999.9999940529392
1864,2000.0,1999.9999941226474
1865,2000.0,1999.999994195001
1866,2000.0,1999.9999942698148
1867,2000.0,1999.9999943469102
1868,2000.0,1999.9999944261133
1869,2000.0,1999.9999945072561
1870,2000.0,1999.999994590176
1871,2000.0,1999.9999946747153
1872,2000.0,1999.9999947607223
1873,2000.0,1999.9999948480504
1874,2000.0,1999.9999949365576
1875,2000.0,1999.9999950261072
1876,2000.0,1999.9999951165676
1877,2000.0,1999.9999952078117
1878,2000.0,1999.9999952997175
1879,2000.0,1999.9999953921674
1880,2000.0,1999.9999954850484
1881,2000.0,1999.9999955782523
1882,2000.0,1999.9999956716752
1883,2000.0,1999.9999957652174
1884,2000.0,1999.9999958587832
1885,2000.0,1999.9999959522813
1886,2000.0,1999.9999960456246
1887,2000.0,1999.9999961387296
1888,2000.0,1999.9999962315167
1889,2000.0,1999.9999963239102
1890,2000.0,1999.9999964158378
1891,2000.0,1999.999996507231
1892,2000.0,1999.9999965980248
1893,2000.0,1999.999996688158
1894,2000.0,1999.999996777572
1895,2000.0,1999.9999968662119
1896,2000.0,1999.9999969540254
1897,2000.0,1999.9999970409638
1898,2000.0,1999.999997126981
1899,2000.0,1999.9999972120343
1900,2000.0,1999.999997296083
1901,2000.0,1999.9999973790898
1902,2000.0,1999.9999974610203
1903,2000.0,1999.9999975418416
1904,2000.0,1999.999997621524
1905,2000.0,1999.9999977000405
1906,2000.0,1999.9999977773657
1907,2000.0,1999.9999978534765
1908,2000.0,1999.9999979283523
1909,2000.0,1999.9999980019743
1910,2000.0,1999.9999980743264
1911,2000.0,1999.9999981453939
1912,2000.0,1999.999998215164
1913,2000.0,1999.9999982836252
1914,2000.0,1999.999998350769
1915,2000.0,1999.9999984165875
1916,2000.0,1999.9999984810745
1917,2000.0,1999.999998544226
1918,2000.0,1999.9999986060388
1919,2000.0,1999.9999986665116
1920,2000.0,1999.9999987256442
1921,2000.0,1999.9999987834376
1922,2000.0,1999.9999988398945
1923,2000.0,1999.9999988950183
1924,2000.0,1999.9999989488135
1925,2000.0,1999.9999990012861
1926,2000.0,1999.9999990524427
1927,2000.0,1999.9999991022912
1928,2000.0,1999.9999991508405
1929,2000.0,1999.9999991980999
1930,2000.0,1999.99999924408
1931,2000.0,1999.9999992887922
1932,2000.0,1999.9999993322479
1933,2000.0,1999.9999993744598
1934,2000.0,1999.9999994154414
1935,2000.0,1999.9999994552068
1936,2000.0,1999.9999994937702
1937,2000.0,1999.9999995311468
1938,2000.0,1999.999999567352
1939,2000.0,1999.9999996024017
1940,2000.0,1999.9999996363124
1941,2000.0,1999.9999996691008
1942,2000.0,1999.999999700784
1943,2000.0,1999.9999997313794
1944,2000.0,1999.9999997609045
1945,2000.0,1999.9999997893776
1946,2000.0,1999.9999998168169
1947,2000.0,1999.9999998432409
1948,2000.0,1999.999999868668
1949,2000.0,1999.9999998931175
1950,2000.0,1999.999999916608
1951,2000.0,1999.9999999391584
1952,2000.0,1999.999999960788
1953,2000.0,1999.9999999815159
1954,2000.0,2000.000000001361
1955,2000.0,2000.0000000203424
1956,2000.0,2000.0000000384794
1957,2000.0,2000.0000000557914
1958,2000.0,2000.000000072297
1959,2000.0,2000.000000088016
1960,2000.0,2000.000000102967
1961,2000.0,2000.0000001171693
1962,2000.0,2000.0000001306414
1963,2000.0,2000.0000001434023
1964,2000.0,2000.0000001554704
1965,2000.0,2000.000000166864
1966,2000.0,2000.0000001776016
1967,2000.0,2000.0000001877015
1968,2000.0,2000.0000001971816
1969,2000.0,2000.0000002060597
1970,2000.0,2000.0000002143533
1971,2000.0,2000.0000002220797
1972,2000.0,2000.0000002292563
1973,2000.0,2000.0000002359002
1974,2000.0,2000.000000242028
1975,2000.0,2000.0000002476559
1976,2000.0,2000.0000002528002
1977,2000.0,2000.0000002574773
1978,2000.0,2000.0000002617028
1979,2000.0,2000.0000002654922
1980,2000.0,2000.000000268861
1981,2000.0,2000.000000271824
1982,2000.0,2000.0000002743961
1983,2000.0,2000.0000002765917
1984,2000.0,2000.0000002784252
1985,2000.0,2000.0000002799106
1986,2000.0,2000.0000002810618
1987,2000.0,2000.0000002818917
1988,2000.0,2000.0000002824136
1989,2000.0,2000.0000002826403
1990,2000.0,2000.0000002825846
1991,2000.0,2000.0000002822585
1992,2000.0,2000.0000002816744
1993,2000.0,2000.0000002808438
1994,2000.0,2000.0000002797783
1995,2000.0,2000.000000278489
1996,2000.0,2000.000000276987
1997,2000.0,2000.0000002752831
1998,2000.0,2000.000000273388
1999,2000.0,2000.0000002713116
2000,3000.0,2000.2413593181054
2001,3000.0,2001.196073918189
2002,3000.0,2003.073581594886
2003,3000.0,2005.8319685398762
2004,3000.0,2009.4302919321221
2005,3000.0,2013.8285772700135
2006,3000.0,2018.9878148845953
2007,3000.0,2024.8699556728343
2008,3000.0,2031.437906088937
2009,3000.0,2038.6555224307972
2010,3000.0,2046.487604457719
2011,3000.0,2054.89988837464
2012,3000.0,2063.859039217153
2013,3000.0,2073.332642670725
2014,3000.0,2083.289196356587
2015,3000.0,2093.698100615899
2016,3000.0,2104.5296488228755
2017,3000.0,2115.755017256707
2018,3000.0,2127.3462545612174
2019,3000.0,2139.276270820356
2020,3000.0,2151.518826276762
2021,3000.0,2164.048519719805
2022,3000.0,2176.8407765686748
2023,3000.0,2189.8718366752787
2024,3000.0,2203.1187418708973
2025,3000.0,2216.559323279756
2026,3000.0,2230.1721884218905
2027,3000.0,2243.936708126914
2028,3000.0,2257.8330032795366
2029,3000.0,2271.841931416947
2030,3000.0,2285.945073197429
2031,3000.0,2300.124718758878
2032,3000.0,2314.3638539851663
2033,3000.0,2328.6461466976243
2034,3000.0,2342.9559327882234
2035,3000.0,2357.2782023103778
2036,3000.0,2371.5985855426397
2037,3000.0,2385.9033390399177
2038,3000.0,2400.179331686227
2039,3000.0,2414.414030762375
2040,3000.0,2428.5954880413747
2041,3000.0,2442.7123259238138
2042,3000.0,2456.7537236248263
2043,3000.0,2470.709403423755
2044,3000.0,2484.569616987061
2045,3000.0,2498.3251317745026
2046,3000.0,2511.9672175380792
2047,3000.0,2525.4876329227577
2048,3000.0,2538.878612177483
2049,3000.0,2552.132851984514
2050,3000.0,2565.243498414662
2051,3000.0,2578.2041340155442
2052,3000.0,2591.0087650395494
2053,3000.0,2603.6518088177677
2054,3000.0,2616.1280812857303
2055,3000.0,2628.43278466641
2056,3000.0,2640.561495315538
2057,3000.0,2652.5101517339144
2058,3000.0,2664.275042751035
2059,3000.0,2675.85279588399
2060,3000.0,2687.2403658752664
2061,3000.0,2698.4350234127355
2062,3000.0,2709.4343440348043
2063,3000.0,2720.2361972233957
2064,3000.0,2730.8387356871235
2065,3000.0,2741.240384836743
2066,3000.0,2751.4398324546855
2067,3000.0,2761.43601856021
2068,3000.0,2771.2281254714626
2069,3000.0,2780.815568065478
2070,3000.0,2790.1979842369246
2071,3000.0,2799.3752255561653
2072,3000.0,2808.347348126999
2073,3000.0,2817.114603644223
2074,3000.0,2825.6774306509737
2075,3000.0,2834.0364459955995
2076,3000.0,2842.1924364876427
2077,3000.0,2850.1463507523367
2078,3000.0,2857.8992912828544
2079,3000.0,2865.4525066893857
2080,3000.0,2872.8073841439764
2081,3000.0,2879.9654420199126
2082,3000.0,2886.928322724306
2083,3000.0,2893.6977857223987
2084,3000.0,2900.275700751998
2085,3000.0,2906.6640412263214
2086,3000.0,2912.8648778234406
2087,3000.0,2918.880372260401
2088,3000.0,2924.7127712500037
2089,3000.0,2930.3644006381433
2090,3000.0,2935.8376597195197
2091,3000.0,2941.1350157294555
2092,3000.0,2946.2589985094896
2093,3000.0,2951.2121953443416
2094,3000.0,2955.997245967781
2095,3000.0,2960.6168377348927
2096,3000.0,2965.0737009581567
2097,3000.0,2969.3706044047385
2098,3000.0,2973.5103509523206
2099,3000.0,2977.4957734007835
2100,3000.0,2981.3297304370126
2101,3000.0,2985.015102750062
2102,3000.0,2988.5547892939003
2103,3000.0,2991.9517036949296
2104,3000.0,2995.208770801455
2105,3000.0,2998.3289233722676
2106,3000.0,3001.315098901492
2107,3000.0,3004.1702365768433
2108,3000.0,3006.897274368432
2109,3000.0,3009.499146245254
2110,3000.0,3011.978779516503
2111,3000.0,3014.339092294852
2112,3000.0,3016.5829910788493
2113,3000.0,3018.713368451585
2114,3000.0,3020.733100892803
2115,3000.0,3022.6450467016343
2116,3000.0,3024.452044027155
2117,3000.0,3026.15690900398
2118,3000.0,3027.7624339901363
2119,3000.0,3029.2713859044575
2120,3000.0,3030.6865046607973
2121,3000.0,3032.010501696353
2122,3000.0,3033.246058591439
2123,3000.0,3034.39582577806
2124,3000.0,3035.462421334679
2125,3000.0,3036.448429864599
2126,3000.0,3037.356401455395
2127,3000.0,3038.188850716899
2128,3000.0,3038.948255895236
2129,3000.0,3039.637058060465
2130,3000.0,3040.2576603654206
2131,3000.0,3040.8124273733647
2132,3000.0,3041.303684452111
2133,3000.0,3041.7337172323228
2134,3000.0,3042.1047711277106
2135,3000.0,3042.4190509149107
2136,3000.0,3042.6787203708523
2137,3000.0,3042.8859019654647
2138,3000.0,3043.0426766076184
2139,3000.0,3043.1510834422315
2140,3000.0,3043.2131196965124
2141,3000.0,3043.230740573355
2142,3000.0,3043.205859189937
2143,3000.0,3043.1403465596177
2144,3000.0,3043.0360316152705
2145,3000.0,3042.8947012722297
2146,3000.0,3042.7181005290627
2147,3000.0,3042.5079326044374
2148,3000.0,3042.2658591083714
2149,3000.0,3041.9935002462134
2150,3000.0,3041.6924350537333
2151,3000.0,3041.364201661742
2152,3000.0,3041.010297588703
2153,3000.0,3040.632180059839
2154,3000.0,3040.231266351267
2155,3000.0,3039.808934157754
2156,3000.0,3039.3665219826953
2157,3000.0,3038.9053295489925
2158,3000.0,3038.4266182295096
2159,3000.0,3037.931611495849
2160,3000.0,3037.421495384219
2161,3000.0,3036.8974189771943
2162,3000.0,3036.360494900221
2163,3000.0,3035.8117998317384
2164,3000.0,3035.252375025841
2165,3000.0,3034.683226846426
2166,3000.0,3034.105327311811
2167,3000.0,3033.5196146488474
2168,3000.0,3032.926993855574
2169,3000.0,3032.3283372715
2170,3000.0,3031.7244851546384
2171,3000.0,3031.116246264434
2172,3000.0,3030.5043984497684
2173,3000.0,3029.8896892412577
2174,3000.0,3029.272836447078
2175,3000.0,3028.6545287515974
2176,3000.0,3028.035426316106
2177,3000.0,3027.4161613809842
2178,3000.0,3026.797338868652
2179,3000.0,3026.1795369866936
2180,3000.0,3025.5633078305646
2181,3000.0,3024.9491779853147
2182,3000.0,3024.337649125793
2183,3000.0,3023.729198614818
2184,3000.0,3023.1242800988257
2185,3000.0,3022.523324100531
2186,3000.0,3021.9267386081574
2187,3000.0,3021.334909660813
2188,3000.0,3020.7482019296267
2189,3000.0,3020.1669592942526
2190,3000.0,3019.5915054143975
2191,3000.0,3019.0221442960337
2192,3000.0,3018.4591608519795
2193,3000.0,3017.9028214565515
2194,3000.0,3017.3533744940137
2195,3000.0,3016.811050900558
2196,3000.0,3016.2760646995803
2197,3000.0,3015.748613530023
2198,3000.0,3015.228879167573
2199,3000.0,3014.7170280385308
2200,3000.0,3014.213211726162
2201,3000.0,3013.717567469379
2202,3000.0,3013.230218653596
2203,3000.0,3012.751275293632
2204,3000.0,3012.2808345085355
2205,3000.0,3011.8189809882247
2206,3000.0,3011.36578745185
2207,3000.0,3010.921315097791
2208,3000.0,3010.4856140452275
2209,3000.0,3010.0587237672107
2210,3000.0,3009.6406735151977
2211,3000.0,3009.2314827350046
2212,3000.0,3008.8311614741474
2213,3000.0,3008.4397107805607
2214,3000.0,3008.057123092672
2215,3000.0,3007.683382620841
2216,3000.0,3007.3184657201637
2217,3000.0,3006.9623412546625
2218,3000.0,3006.6149709528795
2219,3000.0,3006.276309754907
2220,3000.0,3005.9463061508905
2221,3000.0,3005.624902511052
2222,3000.0,3005.3120354072726
2223,3000.0,3005.007635926307
2224,3000.0,3004.7116299746763
2225,3000.0,3004.4239385753135
2226,3000.0,3004.1444781560367
2227,3000.0,3003.8731608299167
2228,3000.0,3003.60989466763
2229,3000.0,3003.3545839618796
2230,3000.0,3003.1071294839685
2231,3000.0,3002.8674287326285
2232,3000.0,3002.635376175191
2233,3000.0,3002.410863481207
2234,3000.0,3002.193779748611
2235,3000.0,3001.984011722548
2236,3000.0,3001.7814440069533
2237,3000.0,3001.58595926901
2238,3000.0,3001.3974384365924
2239,3000.0,3001.215760888805
2240,3000.0,3001.040804639737
2241,3000.0,3000.8724465155524
2242,3000.0,3000.710562325029
2243,3000.0,3000.5550270236695
2244,3000.0,3000.4057148715015
2245,3000.0,3000.2624995846963
2246,3000.0,3000.1252544811227
2247,3000.0,2999.9938526199576
2248,3000.0,2999.868166935482
2249,3000.0,2999.7480703651813
2250,3000.0,2999.6334359722787
2251,3000.0,2999.5241370628178
2252,3000.0,2999.420047297428
2253,3000.0,2999.3210407978863
2254,3000.0,2999.226992248606
2255,3000.0,2999.137776993171
2256,3000.0,2999.053271126036
2257,3000.0,2998.9733515795233
2258,3000.0,2998.8978962062224
2259,3000.0,2998.8267838569277
2260,3000.0,2998.7598944542187
2261,3000.0,2998.6971090618135
2262,3000.0,2998.638309949803
2263,3000.0,2998.583380655888
2264,3000.0,2998.53220604273
2265,3000.0,2998.4846723515316
2266,3000.0,2998.4406672519553
2267,3000.0,2998.4000798884986
2268,3000.0,2998.362800923425
2269,3000.0,2998.3287225763656
2270,3000.0,2998.2977386606995
2271,3000.0,2998.269744616808
2272,3000.0,2998.24463754232
2273,3000.0,2998.2223162194373
2274,3000.0,2998.2026811394494
2275,3000.0,2998.1856345245333
2276,3000.0,2998.1710803469327
2277,3000.0,2998.158924345616
2278,3000.0,2998.1490740405015
2279,3000.0,2998.14143874435
2280,3000.0,2998.1359295724073
2281,3000.0,2998.132459449886
2282,3000.0,2998.1309431173763
2283,3000.0,2998.1312971342704
2284,3000.0,2998.1334398802787
2285,3000.0,2998.137291555125
2286,3000.0,2998.142774176499
2287,3000.0,2998.1498115763397
2288,3000.0,2998.1583293955305
2289,3000.0,2998.1682550770784
2290,3000.0,2998.1795178578495
2291,3000.0,2998.1920487589305
2292,3000.0,2998.20578057469
2293,3000.0,2998.220647860599
2294,3000.0,2998.2365869198834
2295,3000.0,2998.2535357890683
2296,3000.0,2998.271434222476
2297,3000.0,2998.290223675741
2298,3000.0,2998.309847288398
2299,3000.0,2998.3302498656008
2300,3000.0,2998.3513778590273
2301,3000.0,2998.3731793470256
2302,3000.0,2998.395604014053
2303,3000.0,2998.4186031294544
2304,3000.0,2998.442129525636
2305,3000.0,2998.46613757568
2306,3000.0,2998.49058317044
2307,3000.0,2998.515423695169
2308,3000.0,2998.5406180057207
2309,3000.0,2998.566126404365
2310,3000.0,2998.591910615257
2311,3000.0,2998.617933759599
2312,3000.0,2998.6441603305366
2313,3000.0,2998.670556167817
2314,3000.0,2998.6970884322495
2315,3000.0,2998.7237255800046
2316,3000.0,2998.750437336772
2317,3000.0,2998.777194671821
2318,3000.0,2998.803969771987
2319,3000.0,2998.830736015613
2320,3000.0,2998.8574679464714
2321,3000.0,2998.884141247695
2322,3000.0,2998.9107327157417
2323,3000.0,2998.937220234415
2324,3000.0,2998.963582748963
2325,3000.0,2998.9898002402797
2326,3000.0,2999.0158536992267
2327,3000.0,2999.041725101095
2328,3000.0,2999.0673973802277
2329,3000.0,2999.0928544048197
2330,3000.0,2999.1180809519087
2331,3000.0,2999.143062682578
2332,3000.0,2999.167786117383
2333,3000.0,2999.1922386120127
2334,3000.0,2999.2164083332077
2335,3000.0,2999.240284234938
2336,3000.0,2999.263856034858
2337,3000.0,2999.2871141910446
2338,3000.0,2999.310049879037
2339,3000.0,2999.3326549691724
2340,3000.0,2999.354922004247
2341,3000.0,2999.3768441774887
2342,3000.0,2999.398415310866
2343,3000.0,2999.419629833727
2344,3000.0,2999.4404827617864
2345,3000.0,2999.4609696764533
2346,3000.0,2999.481086704515
2347,3000.0,2999.5008304981757
2348,3000.0,2999.5201982154576
2349,3000.0,2999.5391875009623
2350,3000.0,2999.5577964669997
2351,3000.0,2999.5760236750866
2352,3000.0,2999.593868117813
2353,3000.0,2999.611329201084
2354,3000.0,2999.6284067267297
2355,3000.0,2999.6451008754934
2356,3000.0,2999.6614121903895
2357,3000.0,2999.6773415604366
2358,3000.0,2999.692890204763
2359,3000.0,2999.7080596570845
2360,3000.0,2999.722851750553
2361,3000.0,2999.7372686029753
2362,3000.0,2999.751312602396
2363,3000.0,2999.76498639305
2364,3000.0,2999.7782928616775
2365,3000.0,2999.791235124196
2366,3000.0,2999.803816512736
2367,3000.0,2999.816040563025
2368,3000.0,2999.8279110021294
2369,3000.0,2999.8394317365396
2370,3000.0,2999.850606840602
2371,3000.0,2999.8614405452904
2372,3000.0,2999.871937227317
2373,3000.0,2999.8821013985703
2374,3000.0,2999.891937695887
2375,3000.0,2999.9014508711457
2376,3000.0,2999.9106457816797
2377,3000.0,2999.919527381004
2378,3000.0,2999.9281007098543
2379,3000.0,2999.9363708875303
2380,3000.0,2999.9443431035384
2381,3000.0,2999.952022609531
2382,3000.0,2999.959414711537
2383,3000.0,2999.9665247624744
2384,3000.0,2999.973358154944
2385,3000.0,2999.9799203143016
2386,3000.0,2999.9862166919947
2387,3000.0,2999.992252759167
2388,3000.0,2999.998034000518
2389,3000.0,3000.003565908422
2390,3000.0,3000.00885397729
2391,3000.0,3000.013903698177
2392,3000.0,3000.018720553626
2393,3000.0,3000.0233100127466
2394,3000.0,3000.0276775265174
2395,3000.0,3000.031828523312
2396,3000.0,3000.0357684046385
2397,3000.0,3000.0395025410953
2398,3000.0,3000.0430362685274
2399,3000.0,3000.046374884386
2400,3000.0,3000.049523644282
2401,3000.0,3000.052487758731
2402,3000.0,3000.0552723900814
2403,3000.0,3000.0578826496258
2404,3000.0,3000.060323594882
2405,3000.0,3000.06260022705
2406,3000.0,3000.0647174886294
2407,3000.0,3000.0666802611986
2408,3000.0,3000.0684933633506
2409,3000.0,3000.070161548777
2410,3000.0,3000.0716895044993
2411,3000.0,3000.0730818492416
2412,3000.0,3000.074343131938
2413,3000.0,3000.075477830375
2414,3000.0,3000.0764903499603
2415,3000.0,3000.0773850226146
2416,3000.0,3000.0781661057836
2417,3000.0,3000.078837781562
2418,3000.0,3000.0794041559334
2419,3000.0,3000.079869258111
2420,3000.0,3000.0802370399856
2421,3000.0,3000.0805113756696
2422,3000.0,3000.080696061137
2423,3000.0,3000.080794813955
2424,3000.0,3000.0808112731006
2425,3000.0,3000.0807489988647
2426,3000.0,3000.080611472832
2427,3000.0,3000.080402097942
2428,3000.0,3000.0801241986205
2429,3000.0,3000.07978102098
2430,3000.0,3000.079375733093
2431,3000.0,3000.0789114253216
2432,3000.0,3000.078391110713
2433,3000.0,3000.0778177254483
2434,3000.0,3000.077194129351
2435,3000.0,3000.0765231064415
2436,3000.0,3000.075807365544
2437,3000.0,3000.0750495409397
2438,3000.0,3000.0742521930633
2439,3000.0,3000.07341780924
2440,3000.0,3000.0725488044595
2441,3000.0,3000.0716475221907
2442,3000.0,3000.0707162352246
2443,3000.0,3000.069757146554
2444,3000.0,3000.068772390277
2445,3000.0,3000.067764032533
2446,3000.0,3000.06673407246
2447,3000.0,3000.065684443176
2448,3000.0,3000.064617012783
2449,3000.0,3000.0635335853876
2450,3000.0,3000.062435902141
2451,3000.0,3000.0613256422926
2452,3000.0,3000.0602044242614
2453,3000.0,3000.0590738067135
2454,3000.0,3000.057935289656
2455,3000.0,3000.056790315539
2456,3000.0,3000.055640270361
2457,3000.0,3000.0544864847875
2458,3000.0,3000.053330235269
2459,3000.0,3000.052172745165
2460,3000.0,3000.0510151858693
2461,3000.0,3000.049858677938
2462,3000.0,3000.048704292218
2463,3000.0,3000.0475530509707
2464,3000.0,3000.046405928999
2465,3000.0,3000.0452638547667
2466,3000.0,3000.0441277115187
2467,3000.0,3000.042998338389
2468,3000.0,3000.0418765315117
2469,3000.0,3000.0407630451173
2470,3000.0,3000.039658592629
2471,3000.0,3000.0385638477455
2472,3000.0,3000.037479445515
2473,3000.0,3000.036405983406
2474,3000.0,3000.03534402236
2475,3000.0,3000.0342940878386
2476,3000.0,3000.033256670858
2477,3000.0,3000.0322322290112
2478,3000.0,3000.0312211874802
2479,3000.0,3000.030223940033
2480,3000.0,3000.0292408500077
2481,3000.0,3000.0282722512857
2482,3000.0,3000.027318449249
2483,3000.0,3000.0263797217226
2484,3000.0,3000.025456319906
2485,3000.0,3000.024548469285
2486,3000.0,3000.023656370534
2487,3000.0,3000.0227802003983
2488,3000.0,3000.021920112566
2489,3000.0,3000.021076238519
2490,3000.0,3000.0202486883727
2491,3000.0,3000.019437551697
2492,3000.0,3000.018642898324
2493,3000.0,3000.0178647791363
2494,3000.0,3000.017103226844
2495,3000.0,3000.0163582567407
2496,3000.0,3000.015629867446
2497,3000.0,3000.014918041633
2498,3000.0,3000.0142227467354
2499,3000.0,3000.0135439356436
2500,3000.0,3000.0128815473804
2501,3000.0,3000.012235507764
2502,3000.0,3000.011605730053
2503,3000.0,3000.0109921155745
2504,3000.0,3000.010394554339
2505,3000.0,3000.0098129256394
2506,3000.0,3000.009247098631
2507,3000.0,3000.008696932901
2508,3000.0,3000.008162279017
2509,3000.0,3000.007642979066
2510,3000.0,3000.0071388671736
2511,3000.0,3000.00664977001
2512,3000.0,3000.0061755072825
2513,3000.0,3000.005715892211
2514,3000.0,3000.005270731992
2515,3000.0,3000.0048398282447
2516,3000.0,3000.004422977445
2517,3000.0,3000.004019971346
2518,3000.0,3000.003630597386
2519,3000.0,3000.0032546390767
2520,3000.0,3000.0028918763874
2521,3000.0,3000.002542086109
2522,3000.0,3000.002205042208
2523,3000.0,3000.001880516169
2524,3000.0,3000.0015682773205
2525,3000.0,3000.001268093153
2526,3000.0,3000.000979729624
2527,3000.0,3000.0007029514477
2528,3000.0,3000.000437522379
2529,3000.0,3000.0001832054822
2530,3000.0,2999.99993976339
2531,3000.0,2999.999706958551
2532,3000.0,2999.999484553467
2533,3000.0,2999.9992723109212
2534,3000.0,2999.999069994194
2535,3000.0,2999.9988773672694
2536,3000.0,2999.9986941950333
2537,3000.0,2999.9985202434614
2538,3000.0,2999.9983552797958
2539,3000.0,2999.998199072717
2540,3000.0,2999.998051392504
2541,3000.0,2999.9979120111866
2542,3000.0,2999.9977807026894
2543,3000.0,2999.997657242967
2544,3000.0,2999.997541410133
2545,3000.0,2999.997432984581
2546,3000.0,2999.9973317490944
2547,3000.0,2999.9972374889567
2548,3000.0,2999.997149992046
2549,3000.0,2999.9970690489313
2550,3000.0,2999.9969944529535
2551,3000.0,2999.9969260003063
2552,3000.0,2999.99686349011
2553,3000.0,2999.9968067244777
2554,3000.0,2999.996755508575
2555,3000.0,2999.9967096506766
2556,3000.0,2999.9966689622165
2557,3000.0,2999.9966332578324
2558,3000.0,2999.996602355405
2559,3000.0,2999.996576076092
2560,3000.0,2999.996554244362
2561,3000.0,2999.9965366880165
2562,3000.0,2999.9965232382124
2563,3000.0,2999.996513729479
2564,3000.0,2999.996507999732
2565,3000.0,2999.996505890282
2566,3000.0,2999.9965072458413
2567,3000.0,2999.9965119145245
2568,3000.0,2999.996519747848
2569,3000.0,2999.9965306007266
2570,3000.0,2999.996544331463
2571,3000.0,2999.9965608017405
2572,3000.0,2999.9965798766075
2573,3000.0,2999.996601424462
2574,3000.0,2999.996625317034
2575,3000.0,2999.9966514293646
2576,3000.0,2999.9966796397807
2577,3000.0,2999.9967098298716
2578,3000.0,2999.996741884462
2579,3000.0,2999.996775691581
2580,3000.0,2999.9968111424314
2581,3000.0,2999.9968481313567
2582,3000.0,2999.9968865558076
2583,3000.0,2999.9969263163052
2584,3000.0,2999.9969673164037
2585,3000.0,2999.997009462651
2586,3000.0,2999.9970526645507
2587,3000.0,2999.9970968345197
2588,3000.0,2999.9971418878454
2589,3000.0,2999.9971877426447
2590,3000.0,2999.9972343198187
2591,3000.0,2999.9972815430083
2592,3000.0,2999.997329338549
2593,3000.0,2999.997377635425
2594,3000.0,2999.9974263652225
2595,3000.0,2999.9974754620825
2596,3000.0,2999.997524862654
2597,3000.0,2999.9975745060456
2598,3000.0,2999.997624333778
2599,3000.0,2999.9976742897343
2600,3000.0,2999.9977243201133
2601,3000.0,2999.99777437338
2602,3000.0,2999.9978244002164
2603,3000.0,2999.997874353474
2604,3000.0,2999.997924188123
2605,3000.0,2999.9979738612055
2606,3000.0,2999.9980233317865
2607,3000.0,2999.9980725609053
2608,3000.0,2999.9981215115276
2609,3000.0,2999.9981701484976
2610,3000.0,2999.998218438489
2611,3000.0,2999.9982663499595
2612,3000.0,2999.9983138531024
2613,3000.0,2999.998360919801
2614,3000.0,2999.998407523582
2615,3000.0,2999.9984536395687
2616,3000.0,2999.998499244437
2617,3000.0,2999.9985443163696
2618,3000.0,2999.998588835011
2619,3000.0,2999.998632781426
2620,3000.0,2999.9986761380537
2621,3000.0,2999.9987188886666
2622,3000.0,2999.9987610183266
2623,3000.0,2999.9988025133443
2624,3000.0,2999.998843361239
2625,3000.0,2999.9988835506956
2626,3000.0,2999.9989230715273
2627,3000.0,2999.9989619146354
2628,3000.0,2999.9990000719704
2629,3000.0,2999.9990375364946
2630,3000.0,2999.999074302146
2631,3000.0,2999.9991103637994
2632,3000.0,2999.999145717233
2633,3000.0,2999.9991803590924
2634,3000.0,2999.999214286855
2635,3000.0,2999.9992474987976
2636,3000.0,2999.9992799939637
2637,3000.0,2999.9993117721297
2638,3000.0,2999.999342833774
2639,3000.0,2999.999373180046
2640,3000.0,2999.9994028127358
2641,3000.0,2999.9994317342444
2642,3000.0,2999.999459947555
2643,3000.0,2999.999487456205
2644,3000.0,2999.999514264259
2645,3000.0,2999.999540376281
2646,3000.0,2999.9995657973086
2647,3000.0,2999.9995905328274
2648,3000.0,2999.999614588746
2649,3000.0,2999.999637971374
2650,3000.0,2999.9996606873947
2651,3000.0,2999.9996827438454
2652,3000.0,2999.9997041480947
2653,3000.0,2999.99972490782
2654,3000.0,2999.9997450309884
2655,3000.0,2999.999764525834
2656,3000.0,2999.999783400841
2657,3000.0,2999.999801664723
2658,3000.0,2999.999819326404
2659,3000.0,2999.999836395003
2660,3000.0,2999.9998528798137
2661,3000.0,2999.9998687902907
2662,3000.0,2999.999884136032
2663,3000.0,2999.9998989267633
2664,3000.0,2999.999913172324
2665,3000.0,2999.999926882652
2666,3000.0,2999.9999400677693
2667,3000.0,2999.9999527377713
2668,3000.0,2999.999964902811
2669,3000.0,2999.999976573087
2670,3000.0,2999.9999877588334
2671,3000.0,2999.9999984703063
2672,3000.0,3000.000008717775
2673,3000.0,3000.0000185115105
2674,3000.0,3000.000027861775
2675,3000.0,3000.000036778813
2676,3000.0,3000.0000452728423
2677,3000.0,3000.000053354044
2678,3000.0,3000.000061032557
2679,3000.0,3000.0000683184667
2680,3000.0,3000.0000752218007
2681,3000.0,3000.0000817525197
2682,3000.0,3000.0000879205113
2683,3000.0,3000.000093735583
2684,3000.0,3000.0000992074574
2685,3000.0,3000.0001043457664
2686,3000.0,3000.0001091600443
2687,3000.0,3000.0001136597243
2688,3000.0,3000.0001178541343
2689,3000.0,3000.00012175249
2690,3000.0,3000.000125363894
2691,3000.0,3000.0001286973293
2692,3000.0,3000.000131761657
2693,3000.0,3000.0001345656137
2694,3000.0,3000.0001371178064
2695,3000.0,3000.0001394267115
2696,3000.0,3000.0001415006727
2697,3000.0,3000.0001433478974
2698,3000.0,3000.000144976456
2699,3000.0,3000.0001463942776
2700,3000.0,3000.0001476091525
2701,3000.0,3000.000148628726
2702,3000.0,3000.0001494605012
2703,3000.0,3000.000150111836
2704,3000.0,3000.000150589943
2705,3000.0,3000.000150901889
2706,3000.0,3000.000151054593
2707,3000.0,3000.0001510548277
2708,3000.0,3000.0001509092185
2709,3000.0,3000.0001506242443
2710,3000.0,3000.0001502062364
2711,3000.0,3000.0001496613795
2712,3000.0,3000.0001489957117
2713,3000.0,3000.000148215126
2714,3000.0,3000.0001473253697
2715,3000.0,3000.000146332046
2716,3000.0,3000.000145240614
2717,3000.0,3000.0001440563915
2718,3000.0,3000.0001427845536
2719,3000.0,3000.0001414301364
2720,3000.0,3000.000139998035
2721,3000.0,3000.000138493009
2722,3000.0,3000.0001369196802
2723,3000.0,3000.000135282535
2724,3000.0,3000.000133585928
2725,3000.0,3000.00013183408
2726,3000.0,3000.0001300310837
2727,3000.0,3000.0001281809027
2728,3000.0,3000.000126287374
2729,3000.0,3000.0001243542088
2730,3000.0,3000.0001223849963
2731,3000.0,3000.0001203832044
2732,3000.0,3000.0001183521813
2733,3000.0,3000.0001162951585
2734,3000.0,3000.000114215251
2735,3000.0,3000.000112115461
2736,3000.0,3000.0001099986803
2737,3000.0,3000.0001078676905
2738,3000.0,3000.000105725167
2739,3000.0,3000.000103573679
2740,3000.0,3000.0001014156937
2741,3000.0,3000.000099253577
2742,3000.0,3000.000097089595
2743,3000.0,3000.000094925918
2744,3000.0,3000.000092764622
2745,3000.0,3000.00009060769
2746,3000.0,3000.0000884570145
2747,3000.0,3000.0000863144
2748,3000.0,3000.0000841815654
2749,3000.0,3000.0000820601445
2750,3000.0,3000.0000799516893
2751,3000.0,3000.0000778576723
2752,3000.0,3000.0000757794874
2753,3000.0,3000.0000737184523
2754,3000.0,3000.0000716758123
2755,3000.0,3000.0000696527395
2756,3000.0,3000.000067650337
2757,3000.0,3000.0000656696393
2758,3000.0,3000.000063711616
2759,3000.0,3000.0000617771716
2760,3000.0,3000.00005986715
2761,3000.0,3000.0000579823336
2762,3000.0,3000.0000561234465
2763,3000.0,3000.000054291156
2764,3000.0,3000.0000524860766
2765,3000.0,3000.000050708768
2766,3000.0,3000.0000489597387
2767,3000.0,3000.0000472394486
2768,3000.0,3000.0000455483096
2769,3000.0,3000.0000438866878
2770,3000.0,3000.000042254904
2771,3000.0,3000.0000406532376
2772,3000.0,3000.000039081926
2773,3000.0,3000.0000375411664
2774,3000.0,3000.0000360311196
2775,3000.0,3000.000034551909
2776,3000.0,3000.000033103622
2777,3000.0,3000.0000316863134
2778,3000.0,3000.000030300005
2779,3000.0,3000.0000289446884
2780,3000.0,3000.000027620325
2781,3000.0,3000.0000263268485
2782,3000.0,3000.000025064165
2783,3000.0,3000.0000238321554
2784,3000.0,3000.0000226306756
2785,3000.0,3000.0000214595593
2786,3000.0,3000.0000203186178
2787,3000.0,3000.000019207641
2788,3000.0,3000.0000181263995
2789,3000.0,3000.000017074645
2790,3000.0,3000.000016052111
2791,3000.0,3000.000015058515
2792,3000.0,3000.00001409356
2793,3000.0,3000.000013156932
2794,3000.0,3000.000012248304
2795,3000.0,3000.0000113673373
2796,3000.0,3000.00001051368
2797,3000.0,3000.0000096869703
2798,3000.0,3000.0000088868346
2799,3000.0,3000.00000811289
2800,3000.0,3000.0000073647466
2801,3000.0,3000.0000066420052
2802,3000.0,3000.0000059442596
2803,3000.0,3000.0000052710966
2804,3000.0,3000.000004622098
2805,3000.0,3000.000003996841
2806,3000.0,3000.0000033948972
2807,3000.0,3000.0000028158347
2808,3000.0,3000.000002259218
2809,3000.0,3000.000001724609
2810,3000.0,3000.0000012115675
2811,3000.0,3000.000000719652
2812,3000.0,3000.0000002484185
2813,3000.0,2999.9999997974237
2814,3000.0,2999.9999993662236
2815,3000.0,2999.999998954374
2816,3000.0,2999.9999985614313
2817,3000.0,2999.9999981869537
2818,3000.0,2999.9999978305004
2819,3000.0,2999.9999974916327
2820,3000.0,2999.9999971699135
2821,3000.0,2999.9999968649076
2822,3000.0,2999.999996576183
2823,3000.0,2999.999996303311
2824,3000.0,2999.9999960458663
2825,3000.0,2999.999995803427
2826,3000.0,2999.9999955755743
2827,3000.0,2999.999995361895
2828,3000.0,2999.9999951619793
2829,3000.0,2999.9999949754224
2830,3000.0,2999.999994801824
2831,3000.0,2999.9999946407884
2832,3000.0,2999.999994491925
2833,3000.0,2999.9999943548487
2834,3000.0,2999.9999942291793
2835,3000.0,2999.9999941145425
2836,3000.0,2999.9999940105695
2837,3000.0,2999.999993916898
2838,3000.0,2999.9999938331703
2839,3000.0,2999.999993759035
2840,3000.0,2999.999993694147
2841,3000.0,2999.999993638167
2842,3000.0,2999.999993590762
2843,3000.0,2999.9999935516057
2844,3000.0,2999.9999935203764
2845,3000.0,2999.9999934967605
2846,3000.0,2999.9999934804496
2847,3000.0,2999.9999934711423
2848,3000.0,2999.9999934685425
2849,3000.0,2999.9999934723614
2850,3000.0,2999.9999934823168
2851,3000.0,2999.9999934981324
2852,3000.0,2999.9999935195383
2853,3000.0,2999.999993546271
2854,3000.0,2999.9999935780734
2855,3000.0,2999.999993614694
2856,3000.0,2999.9999936558884
2857,3000.0,2999.9999937014177
2858,3000.0,2999.9999937510493
2859,3000.0,2999.999993804557
2860,3000.0,2999.9999938617216
2861,3000.0,2999.9999939223285
2862,3000.0,2999.999993986169
2863,3000.0,2999.9999940530415
2864,3000.0,2999.9999941227497
2865,3000.0,2999.9999941951028
2866,3000.0,2999.9999942699164
2867,3000.0,2999.999994347011
2868,3000.0,2999.9999944262136
2869,3000.0,2999.999994507356
2870,3000.0,2999.999994590275
2871,3000.0,2999.9999946748135
2872,3000.0,2999.9999947608194
2873,3000.0,2999.9999948481463
2874,3000.0,2999.999994936652
2875,3000.0,2999.9999950262004
2876,3000.0,2999.9999951166596
2877,3000.0,2999.9999952079033
2878,3000.0,2999.9999952998087
2879,3000.0,2999.999995392258
2880,3000.0,2999.9999954851387
2881,3000.0,2999.999995578342
2882,3000.0,2999.999995671764
2883,3000.0,2999.999995765305
2884,3000.0,2999.999995858869
2885,3000.0,2999.999995952365
2886,3000.0,2999.9999960457067
2887,3000.0,2999.99999613881
2888,3000.0,2999.9999962315956
2889,3000.0,2999.999996323988
2890,3000.0,2999.9999964159147
2891,3000.0,2999.999996507307
2892,3000.0,2999.9999965981
2893,3000.0,2999.9999966882324
2894,3000.0,2999.9999967776453
2895,3000.0,2999.9999968662837
2896,3000.0,2999.999996954096
2897,3000.0,2999.999997041033
2898,3000.0,2999.9999971270495
2899,3000.0,2999.9999972121022
2900,3000.0,2999.9999972961505
2901,3000.0,2999.9999973791564
2902,3000.0,2999.9999974610855
2903,3000.0,2999.999997541906
2904,3000.0,2999.9999976215877
2905,3000.0,2999.999997700103
2906,3000.0,2999.999997777427
2907,3000.0,2999.999997853537
2908,3000.0,2999.999997928412
2909,3000.0,2999.9999980020334
2910,3000.0,2999.999998074384
2911,3000.0,2999.9999981454503
2912,3000.0,2999.999998215219
2913,3000.0,2999.9999982836794
2914,3000.0,2999.999998350822
2915,3000.0,2999.9999984166393
2916,3000.0,2999.999998481125
2917,3000.0,2999.999998544276
2918,3000.0,2999.999998606088
2919,3000.0,2999.99999866656
2920,3000.0,2999.999998725692
2921,3000.0,2999.999998783485
2922,3000.0,2999.9999988399413
2923,3000.0,2999.9999988950644
2924,3000.0,2999.9999989488592
2925,3000.0,2999.999999001331
2926,3000.0,2999.999999052488
2927,3000.0,2999.999999102337
2928,3000.0,2999.999999150886
2929,3000.0,2999.999999198146
2930,3000.0,2999.9999992441267
2931,3000.0,2999.9999992888397
2932,3000.0,2999.9999993322967
2933,3000.0,2999.99999937451
2934,3000.0,2999.999999415493
2935,3000.0,2999.99999945526
2936,3000.0,2999.9999994938253
2937,3000.0,2999.9999995312037
2938,3000.0,2999.99999956741
2939,3000.0,2999.9999996024612
2940,3000.0,2999.999999636373
2941,3000.0,2999.999999669163
2942,3000.0,2999.9999997008476
2943,3000.0,2999.999999731445
2944,3000.0,2999.999999760972
2945,3000.0,2999.9999997894474
2946,3000.0,2999.9999998168887
2947,3000.0,2999.9999998433145
2948,3000.0,2999.9999998687435
2949,3000.0,2999.9999998931944
2950,3000.0,2999.999999916686
2951,3000.0,2999.9999999392385
2952,3000.0,2999.9999999608694
2953,3000.0,2999.999999981599
2954,3000.0,3000.000000001446
2955,3000.0,3000.00000002043
2956,3000.0,3000.000000038569
2957,3000.0,3000.000000055883
2958,3000.0,3000.0000000723912
2959,3000.0,3000.0000000881128
2960,3000.0,3000.0000001030667
2961,3000.0,3000.000000117271
2962,3000.0,3000.000000130746
2963,3000.0,3000.0000001435087
2964,3000.0,3000.0000001555786
2965,3000.0,3000.0000001669746
2966,3000.0,3000.0000001777144
2967,3000.0,3000.0000001878157
2968,3000.0,3000.000000197297
2969,3000.0,3000.0000002061765
2970,3000.0,3000.000000214471
2971,3000.0,3000.0000002221987
2972,3000.0,3000.0000002293764
2973,3000.0,3000.000000236021
2974,3000.0,3000.0000002421502
2975,3000.0,3000.0000002477796
2976,3000.0,3000.000000252925
2977,3000.0,3000.000000257603
2978,3000.0,3000.000000261829
2979,3000.0,3000.000000265619
2980,3000.0,3000.000000268988
2981,3000.0,3000.000000271951
2982,3000.0,3000.0000002745237
2983,3000.0,3000.0000002767197
2984,3000.0,3000.0000002785537
2985,3000.0,3000.0000002800393
2986,3000.0,3000.0000002811908
2987,3000.0,3000.0000002820207
2988,3000.0,3000.0000002825427
2989,3000.0,3000.000000282769
2990,3000.0,3000.000000282713
2991,3000.0,3000.0000002823863
2992,3000.0,3000.000000281802
2993,3000.0,3000.0000002809707
2994,3000.0,3000.0000002799043
2995,3000.0,3000.000000278614
2996,3000.0,3000.000000277111
2997,3000.0,3000.000000275407
2998,3000.0,3000.000000273511
2999,3000.0,3000.0000002714332
3000,4000.0,3000.241359318226
3001,4000.0,3001.196073918309
3002,4000.0,3003.073581595006
3003,4000.0,3005.831968539996
3004,4000.0,3009.4302919322417
3005,4000.0,3013.828577270133
3006,4000.0,3018.9878148847147
3007,4000.0,3024.869955672954
3008,4000.0,3031.437906089057
3009,4000.0,3038.6555224309172
3010,4000.0,3046.487604457839
3011,4000.0,3054.89988837476
3012,4000.0,3063.8590392172728
3013,4000.0,3073.3326426708436
3014,4000.0,3083.2891963567045
3015,4000.0,3093.6981006160145
3016,4000.0,3104.5296488229897
3017,4000.0,3115.75501725682
3018,4000.0,3127.3462545613293
3019,4000.0,3139.2762708204673
3020,4000.0,3151.5188262768725
3021,4000.0,3164.048519719914
3022,4000.0,3176.840776568783
3023,4000.0,3189.871836675386
3024,4000.0,3203.1187418710037
3025,4000.0,3216.5593232798615
3026,4000.0,3230.172188421994
3027,4000.0,3243.936708127016
3028,4000.0,3257.8330032796375
3029,4000.0,3271.8419314170465
3030,4000.0,3285.945073197527
3031,4000.0,3300.1247187589743
3032,4000.0,3314.3638539852604
3033,4000.0,3328.6461466977166
3034,4000.0,3342.9559327883135
3035,4000.0,3357.278202310466
3036,4000.0,3371.5985855427266
3037,4000.0,3385.903339040003
3038,4000.0,3400.1793316863113
3039,4000.0,3414.414030762458
3040,4000.0,3428.595488041456
3041,4000.0,3442.712325923894
3042,4000.0,3456.753723624905
3043,4000.0,3470.709403423832
3044,4000.0,3484.569616987137
3045,4000.0,3498.3251317745767
3046,4000.0,3511.967217538151
3047,4000.0,3525.4876329228277
3048,4000.0,3538.8786121775515
3049,4000.0,3552.132851984582
3050,4000.0,3565.243498414729
3051,4000.0,3578.20413401561
3052,4000.0,3591.008765039615
3053,4000.0,3603.6518088178327
3054,4000.0,3616.128081285795
3055,4000.0,3628.432784666474
3056,4000.0,3640.561495315602
3057,4000.0,3652.510151733978
3058,4000.0,3664.2750427510987
3059,4000.0,3675.8527958840536
3060,4000.0,3687.24036587533
3061,4000.0,3698.435023412799
3062,4000.0,3709.434344034868
3063,4000.0,3720.2361972234594
3064,4000.0,3730.838735687187
3065,4000.0,3741.2403848368067
3066,4000.0,3751.439832454749
3067,4000.0,3761.436018560274
3068,4000.0,3771.228125471527
3069,4000.0,3780.815568065543
3070,4000.0,3790.197984236989
3071,4000.0,3799.3752255562295
3072,4000.0,3808.3473481270626
3073,4000.0,3817.1146036442865
3074,4000.0,3825.6774306510374
3075,4000.0,3834.036445995663
3076,4000.0,3842.1924364877063
3077,4000.0,3850.1463507524004
3078,4000.0,3857.899291282918
3079,4000.0,3865.45250668945
3080,4000.0,3872.8073841440414
3081,4000.0,3879.9654420199786
3082,4000.0,3886.9283227243727
3083,4000.0,3893.6977857224665
3084,4000.0,3900.2757007520663
3085,4000.0,3906.6640412263896
3086,4000.0,3912.864877823509
3087,4000.0,3918.8803722604694
3088,4000.0,3924.7127712500724
3089,4000.0,3930.364400638212
3090,4000.0,3935.8376597195875
3091,4000.0,3941.135015729523
3092,4000.0,3946.258998509557
3093,4000.0,3951.212195344408
3094,4000.0,3955.997245967847
3095,4000.0,3960.616837734958
3096,4000.0,3965.0737009582217
3097,4000.0,3969.370604404803
3098,4000.0,3973.5103509523847
3099,4000.0,3977.495773400847
3100,4000.0,3981.3297304370763
3101,4000.0,3985.0151027501256
3102,4000.0,3988.554789293964
3103,4000.0,3991.9517036949933
3104,4000.0,3995.2087708015188
3105,4000.0,3998.3289233723312
3106,4000.0,4001.3150989015558
3107,4000.0,4004.170236576907
3108,4000.0,4006.8972743684963
3109,4000.0,4009.4991462453186
3110,4000.0,4011.978779516568
3111,4000.0,4014.3390922949175
3112,4000.0,4016.5829910789153
3113,4000.0,4018.7133684516516
3114,4000.0,4020.73310089287
3115,4000.0,4022.6450467017016
3116,4000.0,4024.4520440272227
3117,4000.0,4026.1569090040484
3118,4000.0,4027.762433990204
3119,4000.0,4029.271385904525
3120,4000.0,4030.6865046608636
3121,4000.0,4032.0105016964185
3122,4000.0,4033.246058591503
3123,4000.0,4034.395825778122
3124,4000.0,4035.4624213347392
3125,4000.0,4036.448429864657
3126,4000.0,4037.356401455452
3127,4000.0,4038.188850716956
3128,4000.0,4038.948255895292
3129,4000.0,4039.6370580605208
3130,4000.0,4040.257660365477
3131,4000.0,4040.812427373422
3132,4000.0,4041.30368445217
3133,4000.0,4041.733717232383
3134,4000.0,4042.1047711277715
3135,4000.0,4042.4190509149726
3136,4000.0,4042.678720370915
3137,4000.0,4042.8859019655283
3138,4000.0,4043.042676607683
3139,4000.0,4043.151083442297
3140,4000.0,4043.213119696579
3141,4000.0,4043.2307405734223
3142,4000.0,4043.205859190005
3143,4000.0,4043.140346559686
3144,4000.0,4043.0360316153387
3145,4000.0,4042.894701272297
3146,4000.0,4042.7181005291295
3147,4000.0,4042.507932604504
3148,4000.0,4042.265859108438
3149,4000.0,4041.99350024628
3150,4000.0,4041.6924350538
3151,4000.0,4041.3642016618096
3152,4000.0,4041.0102975887717
3153,4000.0,4040.632180059908
3154,4000.0,4040.231266351337
3155,4000.0,4039.808934157824
3156,4000.0,4039.366521982766
3157,4000.0,4038.9053295490635
3158,4000.0,4038.4266182295805
3159,4000.0,4037.9316114959206
3160,4000.0,4037.421495384291
3161,4000.0,4036.897418977267
3162,4000.0,4036.3604949002943
3163,4000.0,4035.8117998318126
3164,4000.0,4035.2523750259165
3165,4000.0,4034.6832268465023
3166,4000.0,4034.1053273118887
3167,4000.0,4033.519614648926
3168,4000.0,4032.926993855653
3169,4000.0,4032.3283372715805
3170,4000.0,4031.7244851547207
3171,4000.0,4031.116246264518
3172,4000.0,4030.504398449854
3173,4000.0,4029.8896892413445
3174,4000.0,4029.2728364471664
3175,4000.0,4028.654528751687
3176,4000.0,4028.0354263161976
3177,4000.0,4027.416161381077
3178,4000.0,4026.7973388687456
3179,4000.0,4026.1795369867873
3180,4000.0,4025.563307830658
3181,4000.0,4024.949177985407
3182,4000.0,4024.337649125884
3183,4000.0,4023.729198614908
3184,4000.0,4023.1242800989153
3185,4000.0,4022.5233241006204
3186,4000.0,4021.926738608245
3187,4000.0,4021.3349096608995
3188,4000.0,4020.7482019297113
3189,4000.0,4020.1669592943354
3190,4000.0,4019.5915054144784
3191,4000.0,4019.022144296113
3192,4000.0,4018.459160852057
3193,4000.0,4017.902821456628
3194,4000.0,4017.353374494089
3195,4000.0,4016.811050900633
3196,4000.0,4016.276064699655
3197,4000.0,4015.7486135300965
3198,4000.0,4015.228879167646
3199,4000.0,4014.717028038603
3200,4000.0,4014.213211726234
3201,4000.0,4013.71756746945
3202,4000.0,4013.2302186536663
3203,4000.0,4012.7512752937023
3204,4000.0,4012.2808345086064
3205,4000.0,4011.8189809882965
3206,4000.0,4011.3657874519217
3207,4000.0,4010.9213150978626
3208,4000.0,4010.485614045298
3209,4000.0,4010.05872376728
3210,4000.0,4009.640673515266
3211,4000.0,4009.231482735071
3212,4000.0,4008.8311614742124
3213,4000.0,4008.4397107806244
3214,4000.0,4008.0571230927344
3215,4000.0,4007.6833826209017
3216,4000.0,4007.3184657202232
3217,4000.0,4006.9623412547207
3218,4000.0,4006.6149709529363
3219,4000.0,4006.2763097549623
3220,4000.0,4005.9463061509455
3221,4000.0,4005.624902511106
3222,4000.0,4005.3120354073267
3223,4000.0,4005.0076359263608
3224,4000.0,4004.7116299747295
3225,4000.0,4004.4239385753667
3226,4000.0,4004.1444781560895
3227,4000.0,4003.8731608299695
3228,4000.0,4003.6098946676834
3229,4000.0,4003.354583961933
3230,4000.0,4003.107129484022
3231,4000.0,4002.867428732683
3232,4000.0,4002.635376175246
3233,4000.0,4002.410863481262
3234,4000.0,4002.1937797486667
3235,4000.0,4001.9840117226036
3236,4000.0,4001.7814440070083
3237,4000.0,4001.585959269065
3238,4000.0,4001.397438436647
3239,4000.0,4001.2157608888588
3240,4000.0,4001.0408046397906
3241,4000.0,4000.8724465156065
3242,4000.0,4000.710562325084
3243,4000.0,4000.555027023725
3244,4000.0,4000.405714871558
3245,4000.0,4000.2624995847546
3246,4000.0,4000.125254481183
3247,4000.0,3999.993852620021
3248,4000.0,3999.868166935548
3249,4000.0,3999.7480703652504
3250,4000.0,3999.63343597235
3251,4000.0,3999.524137062892
3252,4000.0,3999.420047297504
3253,4000.0,3999.321040797964
3254,4000.0,3999.2269922486853
3255,4000.0,3999.1377769932515
3256,4000.0,3999.053271126118
3257,4000.0,3998.9733515796065
3258,4000.0,3998.897896206307
3259,4000.0,3998.8267838570137
3260,4000.0,3998.759894454306
3261,4000.0,3998.697109061902
3262,4000.0,3998.6383099498926
3263,4000.0,3998.5833806559776
3264,4000.0,3998.5322060428193
3265,4000.0,3998.4846723516202
3266,4000.0,3998.4406672520436
3267,4000.0,3998.4000798885863
3268,4000.0,3998.362800923512
3269,4000.0,3998.3287225764525
3270,4000.0,3998.2977386607854
3271,4000.0,3998.269744616893
3272,4000.0,3998.2446375424042
3273,4000.0,3998.2223162195205
3274,4000.0,3998.2026811395326
3275,4000.0,3998.1856345246165
3276,4000.0,3998.1710803470155
3277,4000.0,3998.1589243456983
3278,4000.0,3998.1490740405834
3279,4000.0,3998.1414387444315
3280,4000.0,3998.1359295724887
3281,4000.0,3998.1324594499674
3282,4000.0,3998.1309431174577
3283,4000.0,3998.131297134352
3284,4000.0,3998.1334398803597
3285,4000.0,3998.1372915552065
3286,4000.0,3998.142774176581
3287,4000.0,3998.149811576422
3288,4000.0,3998.1583293956132
3289,4000.0,3998.1682550771616
3290,4000.0,3998.179517857933
3291,4000.0,3998.1920487590146
3292,4000.0,3998.2057805747745
3293,4000.0,3998.220647860684
3294,4000.0,3998.236586919969
3295,4000.0,3998.2535357891543
3296,4000.0,3998.271434222562
3297,4000.0,3998.2902236758277
3298,4000.0,3998.309847288485
3299,4000.0,3998.3302498656876
3300,4000.0,3998.351377859114
3301,4000.0,3998.373179347113
3302,4000.0,3998.3956040141397
3303,4000.0,3998.41860312954
3304,4000.0,3998.4421295257207
3305,4000.0,3998.4661375757637
3306,4000.0,3998.4905831705228
3307,4000.0,3998.515423695251
3308,4000.0,3998.5406180058017
3309,4000.0,3998.566126404445
3310,4000.0,3998.591910615336
3311,4000.0,3998.6179337596773
3312,4000.0,3998.6441603306143
3313,4000.0,3998.6705561678946
3314,4000.0,3998.697088432328
3315,4000.0,3998.7237255800837
3316,4000.0,3998.7504373368515
3317,4000.0,3998.777194671901
3318,4000.0,3998.8039697720674
3319,4000.0,3998.8307360156937
3320,4000.0,3998.857467946552
3321,4000.0,3998.8841412477755
3322,4000.0,3998.910732715822
3323,4000.0,3998.937220234495
3324,4000.0,3998.9635827490424
3325,4000.0,3998.989800240359
3326,4000.0,3999.0158536993054
3327,4000.0,3999.041725101173
3328,4000.0,3999.0673973803064
3329,4000.0,3999.092854404899
3330,4000.0,3999.1180809519883
3331,4000.0,3999.143062682658
3332,4000.0,3999.1677861174635
3333,4000.0,3999.192238612093
3334,4000.0,3999.216408333288
3335,4000.0,3999.2402842350193
3336,4000.0,3999.26385603494
3337,4000.0,3999.287114191128
3338,4000.0,3999.310049879121
3339,4000.0,3999.3326549692574
3340,4000.0,3999.354922004333
3341,4000.0,3999.3768441775755
3342,4000.0,3999.3984153109536
3343,4000.0,3999.4196298338156
3344,4000.0,3999.440482761875
3345,4000.0,3999.460969676541
3346,4000.0,3999.4810867046017
3347,4000.0,3999.5008304982616
3348,4000.0,3999.520198215543
3349,4000.0,3999.5391875010473
3350,4000.0,3999.5577964670842
3351,4000.0,3999.5760236751707
3352,4000.0,3999.593868117897
3353,4000.0,3999.6113292011673
3354,4000.0,3999.6284067268125
3355,4000.0,3999.6451008755757
3356,4000.0,3999.6614121904713
3357,4000.0,3999.677341560518
3358,4000.0,3999.692890204844
3359,4000.0,3999.708059657165
3360,4000.0,3999.7228517506333
3361,4000.0,3999.737268603055
3362,4000.0,3999.7513126024746
3363,4000.0,3999.7649863931283
3364,4000.0,3999.7782928617553
3365,4000.0,3999.7912351242735
3366,4000.0,3999.8038165128132
3367,4000.0,3999.816040563103
3368,4000.0,3999.8279110022086
3369,4000.0,3999.8394317366206
3370,4000.0,3999.8506068406855
3371,4000.0,3999.861440545377
3372,4000.0,3999.8719372274063
3373,4000.0,3999.8821013986626
3374,4000.0,3999.8919376959825
3375,4000.0,3999.901450871245
3376,4000.0,3999.910645781782
3377,4000.0,3999.9195273811097
3378,4000.0,3999.928100709963
3379,4000.0,3999.936370887642
3380,4000.0,3999.9443431036534
3381,4000.0,3999.9520226096497
3382,4000.0,3999.959414711659
3383,4000.0,3999.9665247625994
3384,4000.0,3999.973358155072
3385,4000.0,3999.979920314433
3386,4000.0,3999.9862166921293
3387,4000.0,3999.992252759304
3388,4000.0,3999.9980340006578
3389,4000.0,4000.0035659085647
3390,4000.0,4000.0088539774356
3391,4000.0,4000.013903698325
3392,4000.0,4000.018720553777
3393,4000.0,4000.0233100129003
3394,4000.0,4000.027677526674
3395,4000.0,4000.0318285234703
3396,4000.0,4000.035768404799
3397,4000.0,4000.0395025412577
3398,4000.0,4000.043036268691
3399,4000.0,4000.046374884551
3400,4000.0,4000.049523644448
3401,4000.0,4000.0524877588978
3402,4000.0,4000.0552723902492
3403,4000.0,4000.0578826497945
3404,4000.0,4000.0603235950516
3405,4000.0,4000.0626002272206
3406,4000.0,4000.064717488801
3407,4000.0,4000.066680261371
3408,4000.0,4000.0684933635243
3409,4000.0,4000.0701615489525
3410,4000.0,4000.071689504677
3411,4000.0,4000.073081849421
3412,4000.0,4000.074343132119
3413,4000.0,4000.075477830557
3414,4000.0,4000.0764903501436
3415,4000.0,4000.0773850227997
3416,4000.0,4000.07816610597
3417,4000.0,4000.07883778175
3418,4000.0,4000.079404156122
3419,4000.0,4000.0798692583007
3420,4000.0,4000.080237040176
3421,4000.0,4000.080511375861
3422,4000.0,4000.0806960613295
3423,4000.0,4000.0807948141482
3424,4000.0,4000.080811273295
3425,4000.0,4000.080748999059
3426,4000.0,4000.0806114730267
3427,4000.0,4000.0804020981363
3428,4000.0,4000.0801241988133
3429,4000.0,4000.079781021172
3430,4000.0,4000.079375733284
3431,4000.0,4000.078911425512
3432,4000.0,4000.078391110903
3433,4000.0,4000.077817725638
3434,4000.0,4000.0771941295397
3435,4000.0,4000.0765231066293
3436,4000.0,4000.0758073657307
3437,4000.0,4000.0750495411257
3438,4000.0,4000.0742521932484
3439,4000.0,4000.073417809424
3440,4000.0,4000.072548804643
3441,4000.0,4000.071647522373
3442,4000.0,4000.070716235406
3443,4000.0,4000.069757146734
3444,4000.0,4000.0687723904553
3445,4000.0,4000.0677640327094
3446,4000.0,4000.066734072634
3447,4000.0,4000.0656844433483
3448,4000.0,4000.064617012954
3449,4000.0,4000.0635335855577
3450,4000.0,4000.06243590231
3451,4000.0,4000.061325642461
3452,4000.0,4000.060204424428
3453,4000.0,4000.059073806878
3454,4000.0,4000.057935289819
3455,4000.0,4000.0567903157
3456,4000.0,4000.055640270521
3457,4000.0,4000.054486484947
3458,4000.0,4000.053330235428
3459,4000.0,4000.0521727453224
3460,4000.0,4000.051015186025
3461,4000.0,4000.0498586780923
3462,4000.0,4000.0487042923705
3463,4000.0,4000.0475530511217
3464,4000.0,4000.0464059291485
3465,4000.0,4000.0452638549154
3466,4000.0,4000.0441277116656
3467,4000.0,4000.0429983385347
3468,4000.0,4000.041876531656
3469,4000.0,4000.04076304526
3470,4000.0,4000.0396585927706
3471,4000.0,4000.0385638478856
3472,4000.0,4000.0374794456548
3473,4000.0,4000.036405983545
3474,4000.0,4000.035344022498
3475,4000.0,4000.0342940879755
3476,4000.0,4000.0332566709935
3477,4000.0,4000.0322322291463
3478,4000.0,4000.0312211876153
3479,4000.0,4000.0302239401676
3480,4000.0,4000.0292408501423
3481,4000.0,4000.0282722514203
3482,4000.0,4000.0273184493826
3483,4000.0,4000.026379721856
3484,4000.0,4000.0254563200383
3485,4000.0,4000.024548469417
3486,4000.0,4000.023656370666
3487,4000.0,4000.02278020053
3488,4000.0,4000.0219201126974
3489,4000.0,4000.02107623865
3490,4000.0,4000.020248688503
3491,4000.0,4000.019437551827
3492,4000.0,4000.0186428984534
3493,4000.0,4000.0178647792654
3494,4000.0,4000.0171032269727
3495,4000.0,4000.0163582568694
3496,4000.0,4000.0156298675747
3497,4000.0,4000.0149180417616
3498,4000.0,4000.014222746864
3499,4000.0,4000.0135439357723
3500,4000.0,4000.012881547509
3501,4000.0,4000.012235507893
3502,4000.0,4000.011605730181
3503,4000.0,4000.0109921157014
3504,4000.0,4000.010394554465
3505,4000.0,4000.0098129257644
3506,4000.0,4000.009247098755
3507,4000.0,4000.008696933024
3508,4000.0,4000.0081622791395
3509,4000.0,4000.0076429791875
3510,4000.0,4000.007138867294
3511,4000.0,4000.0066497701296
3512,4000.0,4000.006175507401
3513,4000.0,4000.0057158923296
3514,4000.0,4000.00527073211
3515,4000.0,4000.004839828362
3516,4000.0,4000.0044229775617
3517,4000.0,4000.004019971462
3518,4000.0,4000.0036305975004
3519,4000.0,4000.0032546391894
3520,4000.0,4000.002891876499
3521,4000.0,4000.0025420862194
3522,4000.0,4000.002205042318
3523,4000.0,4000.001880516278
3524,4000.0,4000.001568277429
3525,4000.0,4000.0012680932614
3526,4000.0,4000.0009797297307
3527,4000.0,4000.000702951553
3528,4000.0,4000.000437522483
3529,4000.0,4000.000183205585
3530,4000.0,3999.9999397634915
3531,4000.0,3999.9997069586516
3532,4000.0,3999.9994845535675
3533,4000.0,3999.9992723110213
3534,4000.0,3999.999069994293
3535,4000.0,3999.9988773673686
3536,4000.0,3999.998694195132
3537,4000.0,3999.998520243559
3538,4000.0,3999.9983552798935
3539,4000.0,3999.998199072815
3540,4000.0,3999.9980513926034
3541,4000.0,3999.997912011287
3542,4000.0,3999.997780702791
3543,4000.0,3999.997657243069
3544,4000.0,3999.997541410236
3545,4000.0,3999.9974329846837
3546,4000.0,3999.997331749197
3547,4000.0,3999.997237489059
3548,4000.0,3999.997149992148
3549,4000.0,3999.9970690490327
3550,4000.0,3999.9969944530544
3551,4000.0,3999.9969260004077
3552,4000.0,3999.996863490212
3553,4000.0,3999.99680672458
3554,4000.0,3999.996755508678
3555,4000.0,3999.99670965078
3556,4000.0,3999.99666896232
3557,4000.0,3999.9966332579365
3558,4000.0,3999.9966023555094
3559,4000.0,3999.996576076197
3560,4000.0,3999.9965542444675
3561,4000.0,3999.9965366881224
3562,4000.0,3999.996523238319
3563,4000.0,3999.996513729586
3564,4000.0,3999.996507999839
3565,4000.0,3999.9965058903904
3566,4000.0,3999.996507245951
3567,4000.0,3999.996511914635
3568,4000.0,3999.99651974796
3569,4000.0,3999.996530600839
3570,4000.0,3999.996544331575
3571,4000.0,3999.996560801851
3572,4000.0,3999.996579876716
3573,4000.0,3999.996601424569
3574,4000.0,3999.996625317139
3575,4000.0,3999.996651429468
3576,4000.0,3999.996679639882
3577,4000.0,3999.996709829972
3578,4000.0,3999.9967418845617
3579,4000.0,3999.99677569168
3580,4000.0,3999.996811142529
3581,4000.0,3999.996848131453
3582,4000.0,3999.996886555903
3583,4000.0,3999.9969263163994
3584,4000.0,3999.996967316497
3585,4000.0,3999.997009462744
3586,4000.0,3999.9970526646434
3587,4000.0,3999.997096834612
3588,4000.0,3999.9971418879377
3589,4000.0,3999.9971877427365
3590,4000.0,3999.9972343199097
3591,4000.0,3999.9972815430983
3592,4000.0,3999.9973293386374
3593,4000.0,3999.9973776355114
3594,4000.0,3999.997426365307
3595,4000.0,3999.9974754621653
3596,4000.0,3999.9975248627356
3597,4000.0,3999.9975745061265
3598,4000.0,3999.997624333858
3599,4000.0,3999.9976742898134
3600,4000.0,3999.9977243201924
3601,4000.0,3999.9977743734594
3602,4000.0,3999.9978244002964
3603,4000.0,3999.997874353554
3604,4000.0,3999.997924188203
3605,4000.0,3999.9979738612856
3606,4000.0,3999.9980233318665
3607,4000.0,3999.998072560985
3608,4000.0,3999.9981215116068
3609,4000.0,3999.998170148576
3610,4000.0,3999.998218438566
3611,4000.0,3999.998266350035
3612,4000.0,3999.9983138531766
3613,4000.0,3999.9983609198734
3614,4000.0,3999.998407523652
3615,4000.0,3999.998453639636
3616,4000.0,3999.998499244501
3617,4000.0,3999.998544316431
3618,4000.0,3999.998588835071
3619,4000.0,3999.9986327814845
3620,4000.0,3999.998676138111
3621,4000.0,3999.998718888722
3622,4000.0,3999.9987610183807
3623,4000.0,3999.9988025133975
3624,4000.0,3999.9988433612907
3625,4000.0,3999.9988835507456
3626,4000.0,3999.998923071575
3627,4000.0,3999.9989619146804
3628,4000.0,3999.9990000720127
3629,4000.0,3999.999037536534
3630,4000.0,3999.9990743021826
3631,4000.0,3999.999110363834
3632,4000.0,3999.9991457172664
3633,4000.0,3999.9991803591247
3634,4000.0,3999.999214286887
3635,4000.0,3999.99924749883
3636,4000.0,3999.999279993996
3637,4000.0,3999.9993117721615
3638,4000.0,3999.9993428338057
3639,4000.0,3999.9993731800773
3640,4000.0,3999.999402812766
3641,4000.0,3999.9994317342735
3642,4000.0,3999.999459947583
3643,4000.0,3999.9994874562326
3644,4000.0,3999.999514264286
3645,4000.0,3999.999540376307
3646,4000.0,3999.999565797333
3647,4000.0,3999.9995905328506
3648,4000.0,3999.9996145887685
3649,4000.0,3999.9996379713953
3650,4000.0,3999.999660687415
3651,4000.0,3999.999682743866
3652,4000.0,3999.999704148115
3653,4000.0,3999.9997249078415
3654,4000.0,3999.9997450310107
3655,4000.0,3999.9997645258572
3656,4000.0,3999.999783400865
3657,4000.0,3999.999801664748
3658,4000.0,3999.99981932643
3659,4000.0,3999.9998363950303
3660,4000.0,3999.999852879843
3661,4000.0,3999.9998687903217
3662,4000.0,3999.9998841360643
3663,4000.0,3999.9998989267974
3664,4000.0,3999.99991317236
3665,4000.0,3999.9999268826896
3666,4000.0,3999.99994006781
3667,4000.0,3999.9999527378145
3668,4000.0,3999.999964902856
3669,4000.0,3999.999976573134
3670,4000.0,3999.9999877588825
3671,4000.0,3999.9999984703577
3672,4000.0,4000.000008717829
3673,4000.0,4000.000018511567
3674,4000.0,4000.0000278618336
3675,4000.0,4000.000036778874
3676,4000.0,4000.0000452729055
3677,4000.0,4000.0000533541097
3678,4000.0,4000.0000610326247
3679,4000.0,4000.0000683185367
3680,4000.0,4000.000075221873
3681,4000.0,4000.0000817525947
3682,4000.0,4000.0000879205886
3683,4000.0,4000.000093735663
3684,4000.0,4000.0000992075406
3685,4000.0,4000.0001043458524
3686,4000.0,4000.000109160133
3687,4000.0,4000.000113659816
3688,4000.0,4000.0001178542284
3689,4000.0,4000.000121752587
3690,4000.0,4000.000125363993
3691,4000.0,4000.0001286974302
3692,4000.0,4000.0001317617593
3693,4000.0,4000.000134565717
3694,4000.0,4000.0001371179105
3695,4000.0,4000.0001394268165
3696,4000.0,4000.0001415007787
3697,4000.0,4000.0001433480043
3698,4000.0,4000.0001449765637
3699,4000.0,4000.000146394387
3700,4000.0,4000.000147609262
3701,4000.0,4000.000148628836
3702,4000.0,4000.000149460612
3703,4000.0,4000.000150111948
3704,4000.0,4000.000150590056
3705,4000.0,4000.0001509020026
3706,4000.0,4000.000151054707
3707,4000.0,4000.0001510549428
3708,4000.0,4000.000150909334
3709,4000.0,4000.00015062436
3710,4000.0,4000.0001502063515
3711,4000.0,4000.0001496614946
3712,4000.0,4000.000148995827
3713,4000.0,4000.0001482152416
3714,4000.0,4000.0001473254856
3715,4000.0,4000.000146332163
3716,4000.0,4000.0001452407323
3717,4000.0,4000.0001440565115
3718,4000.0,4000.000142784676
3719,4000.0,4000.000141430261
3720,4000.0,4000.000139998162
3721,4000.0,4000.0001384931375
3722,4000.0,4000.00013691981
3723,4000.0,4000.000135282666
3724,4000.0,4000.0001335860607
3725,4000.0,4000.000131834215
3726,4000.0,4000.0001300312215
3727,4000.0,4000.000128181043
3728,4000.0,4000.0001262875157
3729,4000.0,4000.000124354352
3730,4000.0,4000.0001223851405
3731,4000.0,4000.000120383349
3732,4000.0,4000.0001183523264
3733,4000.0,4000.0001162953035
3734,4000.0,4000.000114215396
3735,4000.0,4000.000112115606
3736,4000.0,4000.0001099988253
3737,4000.0,4000.0001078678356
3738,4000.0,4000.000105725312
3739,4000.0,4000.000103573824
3740,4000.0,4000.000101415839
3741,4000.0,4000.000099253722
3742,4000.0,4000.00009708974
3743,4000.0,4000.000094926063
3744,4000.0,4000.000092764767
3745,4000.0,4000.000090607835
3746,4000.0,4000.0000884571596
3747,4000.0,4000.000086314545
3748,4000.0,4000.0000841817105
3749,4000.0,4000.0000820602895
3750,4000.0,4000.0000799518343
3751,4000.0,4000.0000778578174
3752,4000.0,4000.0000757796324
3753,4000.0,4000.0000737185974
3754,4000.0,4000.0000716759573
3755,4000.0,4000.0000696528846
3756,4000.0,4000.000067650482
3757,4000.0,4000.0000656697844
3758,4000.0,4000.000063711761
3759,4000.0,4000.0000617773167
3760,4000.0,4000.0000598672946
3761,4000.0,4000.0000579824778
3762,4000.0,4000.00005612359
3763,4000.0,4000.0000542912994
3764,4000.0,4000.0000524862194
3765,4000.0,4000.00005070891
3766,4000.0,4000.00004895988
3767,4000.0,4000.0000472395895
3768,4000.0,4000.00004554845
3769,4000.0,4000.000043886828
3770,4000.0,4000.000042255044
3771,4000.0,4000.000040653377
3772,4000.0,4000.000039082064
3773,4000.0,4000.000037541304
3774,4000.0,4000.0000360312565
3775,4000.0,4000.0000345520443
3776,4000.0,4000.000033103756
3777,4000.0,4000.0000316864457
3778,4000.0,4000.0000303001357
3779,4000.0,4000.000028944817
3780,4000.0,4000.0000276204523
3781,4000.0,4000.0000263269744
3782,4000.0,4000.0000250642897
3783,4000.0,4000.0000238322787
3784,4000.0,4000.0000226307984
3785,4000.0,4000.0000214596826
3786,4000.0,4000.000020318741
3787,4000.0,4000.000019207765
3788,4000.0,4000.0000181265245
3789,4000.0,4000.0000170747708
3790,4000.0,4000.0000160522377
3791,4000.0,4000.000015058643
3792,4000.0,4000.0000140936886
3793,4000.0,4000.0000131570614
3794,4000.0,4000.000012248435
3795,4000.0,4000.0000113674687
3796,4000.0,4000.0000105138124
3797,4000.0,4000.0000096871026
3798,4000.0,4000.000008886967
3799,4000.0,4000.000008113023
3800,4000.0,4000.0000073648794
3801,4000.0,4000.000006642137
3802,4000.0,4000.000005944391
3803,4000.0,4000.0000052712276
3804,4000.0,4000.000004622229
3805,4000.0,4000.000003996971
3806,4000.0,4000.0000033950255
3807,4000.0,4000.0000028159616
3808,4000.0,4000.000002259344
3809,4000.0,4000.0000017247344
3810,4000.0,4000.0000012116925
3811,4000.0,4000.0000007197764
3812,4000.0,4000.0000002485426
3813,4000.0,3999.9999997975474
3814,4000.0,3999.999999366347
3815,4000.0,3999.9999989544963
3816,4000.0,3999.9999985615527
3817,4000.0,3999.9999981870737
3818,4000.0,3999.999997830619
3819,4000.0,3999.9999974917496
3820,4000.0,3999.999997170028
3821,4000.0,3999.9999968650204
3822,4000.0,3999.9999965762945
3823,4000.0,3999.9999963034215
3824,4000.0,3999.9999960459763
3825,4000.0,3999.999995803537
3826,4000.0,3999.999995575685
3827,4000.0,3999.9999953620063
3828,4000.0,3999.999995162091
3829,4000.0,3999.999994975535
3830,4000.0,3999.9999948019376
3831,4000.0,3999.9999946409025
3832,4000.0,3999.99999449204
3833,4000.0,3999.999994354965
3834,4000.0,3999.9999942292975
3835,4000.0,3999.999994114662
3836,4000.0,3999.999994010691
3837,4000.0,3999.999993917021
3838,4000.0,3999.9999938332953
3839,4000.0,3999.999993759162
3840,4000.0,3999.999993694276
3841,4000.0,3999.9999936382974
3842,4000.0,3999.9999935908936
3843,4000.0,3999.999993551738
3844,4000.0,3999.99999352051
3845,4000.0,3999.999993496895
3846,4000.0,3999.9999934805855
3847,4000.0,3999.999993471279
3848,4000.0,3999.9999934686807
3849,4000.0,3999.9999934725015
3850,4000.0,3999.9999934824586
3851,4000.0,3999.999993498276
3852,4000.0,3999.9999935196834
3853,4000.0,3999.9999935464175
3854,4000.0,3999.999993578221
3855,4000.0,3999.9999936148433
3856,4000.0,3999.9999936560394
3857,4000.0,3999.9999937015705
3858,4000.0,3999.9999937512043
3859,4000.0,3999.999993804715
3860,4000.0,3999.9999938618816
3861,4000.0,3999.999993922491
3862,4000.0,3999.9999939863346
3863,4000.0,3999.99999405321
3864,4000.0,3999.9999941229203
3865,4000.0,3999.9999941952756
3866,4000.0,3999.999994270091
3867,4000.0,3999.9999943471876
3868,4000.0,3999.9999944263914
3869,4000.0,3999.9999945075347
3870,4000.0,3999.999994590455
3871,4000.0,3999.9999946749954
3872,4000.0,3999.9999947610036
3873,4000.0,3999.999994848333
3874,4000.0,3999.9999949368407
3875,4000.0,3999.9999950263905
3876,4000.0,3999.999995116851
3877,4000.0,3999.9999952080952
3878,4000.0,3999.999995300001
3879,4000.0,3999.999995392451
3880,4000.0,3999.999995485332
3881,4000.0,3999.9999955785356
3882,4000.0,3999.9999956719585
3883,4000.0,3999.9999957655004
3884,4000.0,3999.999995859066
3885,4000.0,3999.999995952564
3886,4000.0,3999.9999960459063
3887,4000.0,3999.99999613901
3888,4000.0,3999.9999962317956
3889,4000.0,3999.9999963241876
3890,4000.0,3999.9999964161134
3891,4000.0,3999.9999965075044
3892,4000.0,3999.9999965982965
3893,4000.0,3999.9999966884275
3894,4000.0,3999.999996777839
3895,4000.0,3999.999996866476
3896,4000.0,3999.9999969542873
3897,4000.0,3999.9999970412237
3898,4000.0,3999.999997127239
3899,4000.0,3999.999997212291
3900,4000.0,3999.9999972963383
3901,4000.0,3999.9999973793438
3902,4000.0,3999.9999974612724
3903,4000.0,3999.9999975420924
3904,4000.0,3999.9999976217737
3905,4000.0,3999.9999977002885
3906,4000.0,3999.9999977776115
3907,4000.0,3999.9999978537203
3908,4000.0,3999.9999979285944
3909,4000.0,3999.9999980022153
3910,4000.0,3999.9999980745665
3911,4000.0,3999.999998145633
3912,4000.0,3999.9999982154022
3913,4000.0,3999.9999982838626
3914,4000.0,3999.9999983510047
3915,4000.0,3999.9999984168217
3916,4000.0,3999.999998481307
3917,4000.0,3999.999998544457
3918,4000.0,3999.999998606268
3919,4000.0,3999.9999986667385
3920,4000.0,3999.999998725869
3921,4000.0,3999.9999987836604
3922,4000.0,3999.999998840115
3923,4000.0,3999.999998895237
3924,4000.0,3999.9999989490307
3925,4000.0,3999.9999990015017
3926,4000.0,3999.9999990526567
3927,4000.0,3999.999999102504
3928,4000.0,3999.9999991510517
3929,4000.0,3999.99999919831
3930,4000.0,3999.999999244289
3931,4000.0,3999.999999289
3932,4000.0,3999.999999332454
3933,4000.0,3999.999999374665
3934,4000.0,3999.9999994156456
3935,4000.0,3999.99999945541
3936,4000.0,3999.999999493972
3937,4000.0,3999.9999995313474
3938,4000.0,3999.9999995675507
3939,4000.0,3999.9999996025986
3940,4000.0,3999.9999996365073
3941,4000.0,3999.9999996692936
3942,4000.0,3999.999999700975
3943,4000.0,3999.999999731568
3944,4000.0,3999.999999761091
3945,4000.0,3999.999999789562
3946,4000.0,3999.9999998169997
3947,4000.0,3999.9999998434223
3948,4000.0,3999.999999868848
3949,4000.0,3999.999999893296
3950,4000.0,3999.9999999167844
3951,4000.0,3999.999999939333
3952,4000.0,3999.9999999609613
3953,4000.0,3999.999999981688
3954,4000.0,4000.000000001532
3955,4000.0,4000.000000020513
3956,4000.0,4000.000000038651
3957,4000.0,4000.0000000559635
3958,4000.0,4000.0000000724704
3959,4000.0,4000.0000000881905
3960,4000.0,4000.0000001031426
3961,4000.0,4000.000000117346
3962,4000.0,4000.00000013082
3963,4000.0,4000.0000001435824
3964,4000.0,4000.0000001556523
3965,4000.0,4000.000000167048
3966,4000.0,4000.0000001777867
3967,4000.0,4000.0000001878875
3968,4000.0,4000.000000197369
3969,4000.0,4000.000000206248
3970,4000.0,4000.0000002145425
3971,4000.0,4000.00000022227
3972,4000.0,4000.0000002294473
3973,4000.0,4000.000000236092
3974,4000.0,4000.0000002422203
3975,4000.0,4000.0000002478487
3976,4000.0,4000.0000002529937
3977,4000.0,4000.0000002576717
3978,4000.0,4000.000000261898
3979,4000.0,4000.000000265689
3980,4000.0,4000.000000269059
3981,4000.0,4000.0000002720235
3982,4000.0,4000.000000274597
3983,4000.0,4000.0000002767943
3984,4000.0,4000.000000278629
3985,4000.0,4000.000000280116
3986,4000.0,4000.0000002812685
3987,4000.0,4000.0000002821
3988,4000.0,4000.000000282623
3989,4000.0,4000.000000282851
3990,4000.0,4000.000000282796
3991,4000.0,4000.000000282471
3992,4000.0,4000.000000281888
3993,4000.0,4000.000000281058
3994,4000.0,4000.0000002799934
3995,4000.0,4000.000000278705
3996,4000.0,4000.0000002772044
3997,4000.0,4000.000000275502
3998,4000.0,4000.0000002736074
3999,4000.0,4000.0000002715315
4000,5000.0,4000.2413593183255
4001,5000.0,4001.196073918409
4002,5000.0,4003.073581595106
4003,5000.0,4005.8319685400957
4004,5000.0,4009.4302919323413
4005,5000.0,4013.8285772702325
4006,5000.0,4018.9878148848143
4007,5000.0,4024.8699556730535
4008,5000.0,4031.437906089157
4009,5000.0,4038.655522431018
4010,5000.0,4046.4876044579405
4011,5000.0,4054.8998883748613
4012,5000.0,4063.8590392173737
4013,5000.0,4073.3326426709436
4014,5000.0,4083.2891963568036
4015,5000.0,4093.698100616113
4016,5000.0,4104.529648823088
4017,5000.0,4115.755017256916
4018,5000.0,4127.346254561423
4019,5000.0,4139.276270820557
4020,5000.0,4151.518826276959
4021,5000.0,4164.048519719997
4022,5000.0,4176.840776568862
4023,5000.0,4189.87183667546
4024,5000.0,4203.118741871072
4025,5000.0,4216.559323279925
4026,5000.0,4230.172188422052
4027,5000.0,4243.9367081270675
4028,5000.0,4257.833003279682
4029,5000.0,4271.841931417083
4030,5000.0,4285.945073197557
4031,5000.0,4300.124718758996
4032,5000.0,4314.363853985275
4033,5000.0,4328.6461466977225
4034,5000.0,4342.955932788313
4035,5000.0,4357.278202310457
4036,5000.0,4371.59858554271
4037,5000.0,4385.903339039978
4038,5000.0,4400.179331686278
4039,5000.0,4414.414030762415
4040,5000.0,4428.595488041403
4041,5000.0,4442.7123259238315
4042,5000.0,4456.7537236248345
4043,5000.0,4470.709403423755
4044,5000.0,4484.569616987054
4045,5000.0,4498.325131774489
4046,5000.0,4511.967217538059
4047,5000.0,4525.487632922732
4048,5000.0,4538.87861217745
4049,5000.0,4552.132851984476
4050,5000.0,4565.2434984146175
4051,5000.0,4578.204134015494
4052,5000.0,4591.0087650394935
4053,5000.0,4603.651808817706
4054,5000.0,4616.128081285664
4055,5000.0,4628.432784666339
4056,5000.0,4640.561495315463
4057,5000.0,4652.510151733834
4058,5000.0,4664.275042750949
4059,5000.0,4675.852795883899
4060,5000.0,4687.24036587517
4061,5000.0,4698.435023412633
4062,5000.0,4709.434344034696
4063,5000.0,4720.23619722328
4064,5000.0,4730.838735687002
4065,5000.0,4741.240384836616
4066,5000.0,4751.439832454553
4067,5000.0,4761.436018560072
4068,5000.0,4771.228125471319
4069,5000.0,4780.815568065329
4070,5000.0,4790.197984236771
4071,5000.0,4799.3752255560075
4072,5000.0,4808.347348126837
4073,5000.0,4817.114603644057
4074,5000.0,4825.677430650805
4075,5000.0,4834.036445995427
4076,5000.0,4842.192436487467
4077,5000.0,4850.146350752158
4078,5000.0,4857.899291282671
4079,5000.0,4865.452506689197
4080,5000.0,4872.807384143784
4081,5000.0,4879.965442019716
4082,5000.0,4886.928322724106
4083,5000.0,4893.697785722196
4084,5000.0,4900.275700751794
4085,5000.0,4906.664041226115
4086,5000.0,4912.864877823233
4087,5000.0,4918.880372260192
4088,5000.0,4924.712771249795
4089,5000.0,4930.3644006379345
4090,5000.0,4935.837659719309
4091,5000.0,4941.135015729244
4092,5000.0,4946.258998509278
4093,5000.0,4951.21219534413
4094,5000.0,4955.997245967569
4095,5000.0,4960.616837734679
4096,5000.0,4965.0737009579425
4097,5000.0,4969.370604404523
4098,5000.0,4973.510350952103
4099,5000.0,4977.495773400566
4100,5000.0,4981.329730436794
4101,5000.0,4985.015102749842
4102,5000.0,4988.554789293678
4103,5000.0,4991.9517036947045
4104,5000.0,4995.208770801226
4105,5000.0,4998.328923372034
4106,5000.0,5001.315098901255
4107,5000.0,5004.170236576602
4108,5000.0,5006.897274368187
4109,5000.0,5009.499146245004
4110,5000.0,5011.978779516249
4111,5000.0,5014.339092294595
4112,5000.0,5016.582991078588
4113,5000.0,5018.71336845132
4114,5000.0,5020.733100892535
4115,5000.0,5022.645046701363
4116,5000.0,5024.452044026881
4117,5000.0,5026.156909003704
4118,5000.0,5027.762433989857
4119,5000.0,5029.271385904175
4120,5000.0,5030.686504660512
4121,5000.0,5032.010501696065
4122,5000.0,5033.246058591148
4123,5000.0,5034.395825777766
4124,5000.0,5035.462421334383
4125,5000.0,5036.4484298643
4126,5000.0,5037.356401455094
4127,5000.0,5038.188850716597
4128,5000.0,5038.948255894933
4129,5000.0,5039.6370580601615
4130,5000.0,5040.257660365117
4131,5000.0,5040.81242737306
4132,5000.0,5041.3036844518065
4133,5000.0,5041.733717232018
4134,5000.0,5042.104771127404
4135,5000.0,5042.419050914604
4136,5000.0,5042.678720370545
4137,5000.0,5042.885901965157
4138,5000.0,5043.04267660731
4139,5000.0,5043.151083441922
4140,5000.0,5043.213119696203
4141,5000.0,5043.230740573045
4142,5000.0,5043.205859189627
4143,5000.0,5043.140346559307
4144,5000.0,5043.036031614959
4145,5000.0,5042.894701271918
4146,5000.0,5042.718100528751
4147,5000.0,5042.507932604125
4148,5000.0,5042.265859108058
4149,5000.0,5041.9935002459
4150,5000.0,5041.69243505342
4151,5000.0,5041.364201661429
4152,5000.0,5041.010297588392
4153,5000.0,5040.632180059529
4154,5000.0,5040.231266350957
4155,5000.0,5039.808934157443
4156,5000.0,5039.366521982384
4157,5000.0,5038.905329548682
4158,5000.0,5038.426618229199
4159,5000.0,5037.93161149554
4160,5000.0,5037.421495383911
4161,5000.0,5036.897418976887
4162,5000.0,5036.360494899914
4163,5000.0,5035.811799831432
4164,5000.0,5035.252375025535
4165,5000.0,5034.683226846121
4166,5000.0,5034.1053273115085
4167,5000.0,5033.519614648547
4168,5000.0,5032.926993855274
4169,5000.0,5032.328337271202
4170,5000.0,5031.724485154343
4171,5000.0,5031.116246264141
4172,5000.0,5030.504398449479
4173,5000.0,5029.889689240971
4174,5000.0,5029.272836446795
4175,5000.0,5028.654528751317
4176,5000.0,5028.03542631583
4177,5000.0,5027.416161380712
4178,5000.0,5026.797338868384
4179,5000.0,5026.179536986429
4180,5000.0,5025.5633078303035
4181,5000.0,5024.949177985057
4182,5000.0,5024.337649125538
4183,5000.0,5023.729198614564
4184,5000.0,5023.124280098574
4185,5000.0,5022.523324100282
4186,5000.0,5021.926738607908
4187,5000.0,5021.334909660564
4188,5000.0,5020.748201929378
4189,5000.0,5020.166959294003
4190,5000.0,5019.591505414148
4191,5000.0,5019.022144295784
4192,5000.0,5018.4591608517285
4193,5000.0,5017.9028214562995
4194,5000.0,5017.353374493761
4195,5000.0,5016.8110509003045
4196,5000.0,5016.2760646993265
4197,5000.0,5015.748613529769
4198,5000.0,5015.228879167318
4199,5000.0,5014.717028038276
4200,5000.0,5014.213211725908
4201,5000.0,5013.717567469126
4202,5000.0,5013.230218653344
4203,5000.0,5012.751275293383
4204,5000.0,5012.2808345082885
4205,5000.0,5011.81898098798
4206,5000.0,5011.365787451606
4207,5000.0,5010.921315097548
4208,5000.0,5010.485614044986
4209,5000.0,5010.05872376697
4210,5000.0,5009.6406735149585
4211,5000.0,5009.231482734767
4212,5000.0,5008.831161473913
4213,5000.0,5008.43971078033
4214,5000.0,5008.057123092443
4215,5000.0,5007.683382620614
4216,5000.0,5007.318465719939
4217,5000.0,5006.96234125444
4218,5000.0,5006.614970952659
4219,5000.0,5006.2763097546895
4220,5000.0,5005.946306150678
4221,5000.0,5005.624902510843
4222,5000.0,5005.312035407068
4223,5000.0,5005.007635926106
4224,5000.0,5004.711629974478
4225,5000.0,5004.423938575118
4226,5000.0,5004.144478155843
4227,5000.0,5003.873160829724
4228,5000.0,5003.609894667438
4229,5000.0,5003.354583961688
4230,5000.0,5003.107129483778
4231,5000.0,5002.86742873244
4232,5000.0,5002.635376175004
4233,5000.0,5002.41086348102
4234,5000.0,5002.193779748425
4235,5000.0,5001.984011722364
4236,5000.0,5001.781444006771
4237,5000.0,5001.585959268831
4238,5000.0,5001.3974384364155
4239,5000.0,5001.21576088863
4240,5000.0,5001.040804639565
4241,5000.0,5000.872446515383
4242,5000.0,5000.710562324861
4243,5000.0,5000.555027023503
4244,5000.0,5000.4057148713355
4245,5000.0,5000.262499584532
4246,5000.0,5000.1252544809595
4247,5000.0,4999.993852619796
4248,5000.0,4999.868166935321
4249,5000.0,4999.748070365021
4250,5000.0,4999.633435972118
4251,5000.0,4999.524137062656
4252,5000.0,4999.420047297266
4253,5000.0,4999.321040797724
4254,5000.0,4999.226992248442
4255,5000.0,4999.137776993004
4256,5000.0,4999.053271125867
4257,5000.0,4998.9733515793505
4258,5000.0,4998.897896206047
4259,5000.0,4998.82678385675
4260,5000.0,4998.759894454039
4261,5000.0,4998.697109061631
4262,5000.0,4998.638309949618
4263,5000.0,4998.583380655699
4264,5000.0,4998.532206042537
4265,5000.0,4998.484672351334
4266,5000.0,4998.440667251754
4267,5000.0,4998.400079888295
4268,5000.0,4998.362800923218
4269,5000.0,4998.328722576155
4270,5000.0,4998.297738660486
4271,5000.0,4998.269744616591
4272,5000.0,4998.2446375421
4273,5000.0,4998.222316219213
4274,5000.0,4998.202681139222
4275,5000.0,4998.185634524302
4276,5000.0,4998.171080346698
4277,5000.0,4998.158924345377
4278,5000.0,4998.149074040259
4279,5000.0,4998.141438744104
4280,5000.0,4998.135929572158
4281,5000.0,4998.132459449634
4282,5000.0,4998.130943117121
4283,5000.0,4998.131297134013
4284,5000.0,4998.133439880018
4285,5000.0,4998.137291554863
4286,5000.0,4998.142774176235
4287,5000.0,4998.149811576076
4288,5000.0,4998.158329395267
4289,5000.0,4998.1682550768155
4290,5000.0,4998.179517857586
4291,5000.0,4998.192048758666
4292,5000.0,4998.205780574424
4293,5000.0,4998.220647860333
4294,5000.0,4998.236586919617
4295,5000.0,4998.253535788802
4296,5000.0,4998.27143422221
4297,5000.0,4998.290223675475
4298,5000.0,4998.309847288133
4299,5000.0,4998.330249865337
4300,5000.0,4998.351377858764
4301,5000.0,4998.373179346764
4302,5000.0,4998.395604013793
4303,5000.0,4998.418603129196
4304,5000.0,4998.44212952538
4305,5000.0,4998.466137575426
4306,5000.0,4998.490583170187
4307,5000.0,4998.515423694917
4308,5000.0,4998.540618005471
4309,5000.0,4998.5661264041155
4310,5000.0,4998.591910615008
4311,5000.0,4998.61793375935
4312,5000.0,4998.644160330287
4313,5000.0,4998.670556167566
4314,5000.0,4998.697088431997
4315,5000.0,4998.723725579751
4316,5000.0,4998.750437336517
4317,5000.0,4998.777194671566
4318,5000.0,4998.803969771731
4319,5000.0,4998.830736015358
4320,5000.0,4998.857467946216
4321,5000.0,4998.88414124744
4322,5000.0,4998.910732715488
4323,5000.0,4998.937220234161
4324,5000.0,4998.963582748708
4325,5000.0,4998.989800240024
4326,5000.0,4999.01585369897
4327,5000.0,4999.0417251008375
4328,5000.0,4999.06739737997
4329,5000.0,4999.092854404562
4330,5000.0,4999.118080951652
4331,5000.0,4999.143062682321
4332,5000.0,4999.1677861171265
4333,5000.0,4999.192238611756
4334,5000.0,4999.216408332951
4335,5000.0,4999.240284234682
4336,5000.0,4999.263856034603
4337,5000.0,4999.287114190792
4338,5000.0,4999.310049878786
4339,5000.0,4999.3326549689245
4340,5000.0,4999.354922004001
4341,5000.0,4999.376844177245
4342,5000.0,4999.398415310624
4343,5000.0,4999.419629833487
4344,5000.0,4999.440482761548
4345,5000.0,4999.460969676215
4346,5000.0,4999.481086704276
4347,5000.0,4999.5008304979365
4348,5000.0,4999.520198215218
4349,5000.0,4999.539187500723
4350,5000.0,4999.557796466759
4351,5000.0,4999.576023674844
4352,5000.0,4999.593868117569
4353,5000.0,4999.6113292008395
4354,5000.0,4999.628406726485
4355,5000.0,4999.645100875247
4356,5000.0,4999.661412190141
4357,5000.0,4999.677341560185
4358,5000.0,4999.692890204508
4359,5000.0,4999.708059656828
4360,5000.0,4999.722851750294
4361,5000.0,4999.737268602712
4362,5000.0,4999.751312602129
4363,5000.0,4999.764986392779
4364,5000.0,4999.778292861403
4365,5000.0,4999.791235123919
4366,5000.0,4999.803816512457
4367,5000.0,4999.816040562745
4368,5000.0,4999.827911001848
4369,5000.0,4999.839431736259
4370,5000.0,4999.850606840323
4371,5000.0,4999.8614405450135
4372,5000.0,4999.8719372270425
4373,5000.0,4999.882101398298
4374,5000.0,4999.891937695617
4375,5000.0,4999.901450870878
4376,5000.0,4999.910645781414
4377,5000.0,4999.919527380741
4378,5000.0,4999.928100709593
4379,5000.0,4999.936370887272
4380,5000.0,4999.944343103281
4381,5000.0,4999.952022609276
4382,5000.0,4999.959414711285
4383,5000.0,4999.966524762225
4384,5000.0,4999.973358154699
4385,5000.0,4999.979920314061
4386,5000.0,4999.986216691758
4387,5000.0,4999.992252758934
4388,5000.0,4999.998034000289
4389,5000.0,5000.003565908197
4390,5000.0,5000.008853977068
4391,5000.0,5000.013903697957
4392,5000.0,5000.018720553409
4393,5000.0,5000.023310012533
4394,5000.0,5000.027677526307
4395,5000.0,5000.031828523104
4396,5000.0,5000.035768404433
4397,5000.0,5000.039502540892
4398,5000.0,5000.0430362683255
4399,5000.0,5000.046374884186
4400,5000.0,5000.049523644083
4401,5000.0,5000.052487758533
4402,5000.0,5000.0552723898845
4403,5000.0,5000.057882649429
4404,5000.0,5000.060323594686
4405,5000.0,5000.062600226855
4406,5000.0,5000.064717488434
4407,5000.0,5000.066680261004
4408,5000.0,5000.0684933631555
4409,5000.0,5000.070161548581
4410,5000.0,5000.071689504302
4411,5000.0,5000.073081849043
4412,5000.0,5000.074343131737
4413,5000.0,5000.0754778301725
4414,5000.0,5000.076490349757
4415,5000.0,5000.0773850224095
4416,5000.0,5000.078166105578
4417,5000.0,5000.078837781356
4418,5000.0,5000.0794041557265
4419,5000.0,5000.079869257903
4420,5000.0,5000.080237039777
4421,5000.0,5000.0805113754595
4422,5000.0,5000.080696060925
4423,5000.0,5000.080794813741
4424,5000.0,5000.080811272885
4425,5000.0,5000.080748998646
4426,5000.0,5000.080611472612
4427,5000.0,5000.08040209772
4428,5000.0,5000.080124198395
4429,5000.0,5000.079781020751
4430,5000.0,5000.079375732861
4431,5000.0,5000.0789114250865
4432,5000.0,5000.078391110475
4433,5000.0,5000.077817725208
4434,5000.0,5000.077194129107
4435,5000.0,5000.076523106194
4436,5000.0,5000.075807365293
4437,5000.0,5000.0750495406855
4438,5000.0,5000.074252192805
4439,5000.0,5000.073417808977
4440,5000.0,5000.072548804192
4441,5000.0,5000.071647521918
4442,5000.0,5000.070716234946
4443,5000.0,5000.069757146271
4444,5000.0,5000.068772389989
4445,5000.0,5000.067764032241
4446,5000.0,5000.066734072164
4447,5000.0,5000.065684442875
4448,5000.0,5000.064617012477
4449,5000.0,5000.063533585078
4450,5000.0,5000.062435901828
4451,5000.0,5000.061325641977
4452,5000.0,5000.060204423944
4453,5000.0,5000.059073806393
4454,5000.0,5000.057935289333
4455,5000.0,5000.056790315214
4456,5000.0,5000.055640270036
4457,5000.0,5000.054486484462
4458,5000.0,5000.053330234943
4459,5000.0,5000.052172744837
4460,5000.0,5000.051015185539
4461,5000.0,5000.049858677605
4462,5000.0,5000.048704291882
4463,5000.0,5000.047553050633
4464,5000.0,5000.046405928659
4465,5000.0,5000.045263854426
4466,5000.0,5000.044127711176
4467,5000.0,5000.042998338045
4468,5000.0,5000.041876531167
4469,5000.0,5000.040763044772
4470,5000.0,5000.039658592283
4471,5000.0,5000.038563847397
4472,5000.0,5000.037479445165
4473,5000.0,5000.036405983055
4474,5000.0,5000.035344022009
4475,5000.0,5000.034294087488
4476,5000.0,5000.033256670507
4477,5000.0,5000.032232228661
4478,5000.0,5000.0312211871305
4479,5000.0,5000.030223939684
4480,5000.0,5000.029240849661
4481,5000.0,5000.028272250941
4482,5000.0,5000.027318448906
4483,5000.0,5000.026379721382
4484,5000.0,5000.025456319568
4485,5000.0,5000.024548468949
4486,5000.0,5000.0236563702
4487,5000.0,5000.022780200065
4488,5000.0,5000.021920112234
4489,5000.0,5000.021076238188
4490,5000.0,5000.020248688043
4491,5000.0,5000.019437551369
4492,5000.0,5000.018642897998
4493,5000.0,5000.017864778812
4494,5000.0,5000.017103226522
4495,5000.0,5000.016358256421
4496,5000.0,5000.01562986713
4497,5000.0,5000.01491804132
4498,5000.0,5000.014222746425
4499,5000.0,5000.013543935335
4500,5000.0,5000.012881547074
4501,5000.0,5000.01223550746
4502,5000.0,5000.01160572975
4503,5000.0,5000.0109921152725
4504,5000.0,5000.010394554039
4505,5000.0,5000.00981292534
4506,5000.0,5000.0092470983345
4507,5000.0,5000.008696932607
4508,5000.0,5000.008162278726
4509,5000.0,5000.007642978778
4510,5000.0,5000.0071388668875
4511,5000.0,5000.006649769727
4512,5000.0,5000.006175507002
4513,5000.0,5000.0057158919335
4514,5000.0,5000.005270731718
4515,5000.0,5000.004839827974
4516,5000.0,5000.004422977177
4517,5000.0,5000.00401997108
4518,5000.0,5000.0036305971225
4519,5000.0,5000.003254638816
4520,5000.0,5000.002891876128
4521,5000.0,5000.002542085851
4522,5000.0,5000.002205041952
4523,5000.0,5000.001880515915
4524,5000.0,5000.001568277068
4525,5000.0,5000.001268092902
4526,5000.0,5000.000979729374
4527,5000.0,5000.000702951199
4528,5000.0,5000.000437522131
4529,5000.0,5000.000183205235
4530,5000.0,4999.999939763144
4531,5000.0,4999.999706958306
4532,5000.0,4999.999484553224
4533,5000.0,4999.99927231068
4534,5000.0,4999.999069993954
4535,5000.0,4999.998877367031
4536,5000.0,4999.9986941947955
4537,5000.0,4999.9985202432235
4538,5000.0,4999.998355279558
4539,5000.0,4999.998199072481
4540,5000.0,4999.998051392268
4541,5000.0,4999.997912010952
4542,5000.0,4999.997780702456
4543,5000.0,4999.997657242734
4544,5000.0,4999.9975414099
4545,5000.0,4999.997432984347
4546,5000.0,4999.99733174886
4547,5000.0,4999.997237488721
4548,5000.0,4999.99714999181
4549,5000.0,4999.997069048694
4550,5000.0,4999.996994452716
4551,5000.0,4999.996926000068
4552,5000.0,4999.9968634898705
4553,5000.0,4999.996806724238
4554,5000.0,4999.996755508336
4555,5000.0,4999.996709650439
4556,5000.0,4999.9966689619805
4557,5000.0,4999.996633257599
4558,5000.0,4999.996602355173
4559,5000.0,4999.996576075864
4560,5000.0,4999.996554244138
4561,5000.0,4999.996536687796
4562,5000.0,4999.996523237995
4563,5000.0,4999.996513729265
4564,5000.0,4999.996507999523
4565,5000.0,4999.996505890077
4566,5000.0,4999.99650724564
4567,5000.0,4999.996511914326
4568,5000.0,4999.996519747652
4569,5000.0,4999.996530600532
4570,5000.0,4999.996544331269
4571,5000.0,4999.996560801546
4572,5000.0,4999.996579876413
4573,5000.0,4999.996601424268
4574,5000.0,4999.99662531684
4575,5000.0,4999.996651429171
4576,5000.0,4999.996679639587
4577,5000.0,4999.996709829678
4578,5000.0,4999.99674188427
4579,5000.0,4999.99677569139
4580,5000.0,4999.996811142242
4581,5000.0,4999.996848131169
4582,5000.0,4999.996886555621
4583,5000.0,4999.99692631612
4584,5000.0,4999.9969673162195
4585,5000.0,4999.997009462469
4586,5000.0,4999.99705266437
4587,5000.0,4999.99709683434
4588,5000.0,4999.997141887666
4589,5000.0,4999.997187742464
4590,5000.0,4999.997234319637
4591,5000.0,4999.997281542825
4592,5000.0,4999.997329338364
4593,5000.0,4999.997377635237
4594,5000.0,4999.997426365033
4595,5000.0,4999.997475461891
4596,5000.0,4999.99752486246
4597,5000.0,4999.997574505849
4598,5000.0,4999.9976243335805
4599,5000.0,4999.997674289537
4600,5000.0,4999.997724319916
4601,5000.0,4999.997774373183
4602,5000.0,4999.997824400019
4603,5000.0,4999.9978743532765
4604,5000.0,4999.997924187925
4605,5000.0,4999.997973861005
4606,5000.0,4999.998023331585
4607,5000.0,4999.998072560701
4608,5000.0,4999.998121511321
4609,5000.0,4999.998170148288
4610,5000.0,4999.998218438278
4611,5000.0,4999.998266349747
4612,5000.0,4999.998313852888
4613,5000.0,4999.998360919584
4614,5000.0,4999.998407523363
4615,5000.0,4999.998453639348
4616,5000.0,4999.998499244213
4617,5000.0,4999.998544316142
4618,5000.0,4999.99858883478
4619,5000.0,4999.998632781191
4620,5000.0,4999.998676137816
4621,5000.0,4999.998718888425
4622,5000.0,4999.998761018082
4623,5000.0,4999.998802513098
4624,5000.0,4999.998843360989
4625,5000.0,4999.998883550442
4626,5000.0,4999.998923071271
4627,5000.0,4999.998961914376
4628,5000.0,4999.99900007171
4629,5000.0,4999.999037536234
4630,5000.0,4999.999074301885
4631,5000.0,4999.999110363539
4632,5000.0,4999.999145716974
4633,5000.0,4999.999180358835
4634,5000.0,4999.999214286598
4635,5000.0,4999.999247498541
4636,5000.0,4999.999279993707
4637,5000.0,4999.999311771873
4638,5000.0,4999.9993428335165
4639,5000.0,4999.999373179787
4640,5000.0,4999.999402812474
4641,5000.0,4999.99943173398
4642,5000.0,4999.9994599472875
4643,5000.0,4999.999487455936
4644,5000.0,4999.999514263989
4645,5000.0,4999.99954037601
4646,5000.0,4999.999565797037
4647,5000.0,4999.999590532553
4648,5000.0,4999.99961458847
4649,5000.0,4999.999637971096
4650,5000.0,4999.999660687115
4651,5000.0,4999.999682743563
4652,5000.0,4999.999704147811
4653,5000.0,4999.999724907534
4654,5000.0,4999.999745030701
4655,5000.0,4999.999764525545
4656,5000.0,4999.999783400551
4657,5000.0,4999.999801664432
4658,5000.0,4999.999819326113
4659,5000.0,4999.999836394711
4660,5000.0,4999.999852879521
4661,5000.0,4999.999868789998
4662,5000.0,4999.999884135739
4663,5000.0,4999.9998989264695
4664,5000.0,4999.999913172029
4665,5000.0,4999.999926882356
4666,5000.0,4999.999940067472
4667,5000.0,4999.999952737474
4668,5000.0,4999.999964902512
4669,5000.0,4999.999976572786
4670,5000.0,4999.999987758531
4671,5000.0,4999.9999984700025
4672,5000.0,5000.000008717471
4673,5000.0,5000.000018511207
4674,5000.0,5000.000027861472
4675,5000.0,5000.000036778511
4676,5000.0,5000.000045272541
4677,5000.0,5000.000053353744
4678,5000.0,5000.000061032259
4679,5000.0,5000.000068318171
4680,5000.0,5000.000075221507
4681,5000.0,5000.00008175223
4682,5000.0,5000.000087920223
4683,5000.0,5000.000093735298
4684,5000.0,5000.000099207175
4685,5000.0,5000.000104345486
4686,5000.0,5000.000109159767
4687,5000.0,5000.000113659449
4688,5000.0,5000.0001178538605
4689,5000.0,5000.000121752218
4690,5000.0,5000.000125363623
4691,5000.0,5000.000128697059
4692,5000.0,5000.000131761388
4693,5000.0,5000.000134565345
4694,5000.0,5000.000137117539
4695,5000.0,5000.0001394264455
4696,5000.0,5000.000141500407
4697,5000.0,5000.000143347633
4698,5000.0,5000.000144976191
4699,5000.0,5000.000146394013
4700,5000.0,5000.000147608887
4701,5000.0,5000.000148628461
4702,5000.0,5000.000149460237
4703,5000.0,5000.000150111572
4704,5000.0,5000.000150589679
4705,5000.0,5000.000150901626
4706,5000.0,5000.00015105433
4707,5000.0,5000.000151054564
4708,5000.0,5000.000150908956
4709,5000.0,5000.000150623981
4710,5000.0,5000.000150205973
4711,5000.0,5000.000149661116
4712,5000.0,5000.0001489954475
4713,5000.0,5000.00014821486
4714,5000.0,5000.000147325101
4715,5000.0,5000.000146331775
4716,5000.0,5000.00014524034
4717,5000.0,5000.000144056115
4718,5000.0,5000.000142784274
4719,5000.0,5000.000141429854
4720,5000.0,5000.000139997751
4721,5000.0,5000.000138492723
4722,5000.0,5000.000136919392
4723,5000.0,5000.0001352822455
4724,5000.0,5000.000133585637
4725,5000.0,5000.000131833787
4726,5000.0,5000.000130030789
4727,5000.0,5000.000128180606
4728,5000.0,5000.000126287076
4729,5000.0,5000.000124353908
4730,5000.0,5000.000122384693
4731,5000.0,5000.000120382898
4732,5000.0,5000.000118351872
4733,5000.0,5000.000116294846
4734,5000.0,5000.000114214936
4735,5000.0,5000.000112115145
4736,5000.0,5000.000109998365
4737,5000.0,5000.000107867375
4738,5000.0,5000.000105724851
4739,5000.0,5000.000103573363
4740,5000.0,5000.000101415378
4741,5000.0,5000.0000992532605
4742,5000.0,5000.000097089278
4743,5000.0,5000.0000949256
4744,5000.0,5000.000092764303
4745,5000.0,5000.00009060737
4746,5000.0,5000.000088456694
4747,5000.0,5000.00008631408
4748,5000.0,5000.000084181246
4749,5000.0,5000.000082059826
4750,5000.0,5000.000079951371
4751,5000.0,5000.000077857353
4752,5000.0,5000.000075779167
4753,5000.0,5000.000073718131
4754,5000.0,5000.00007167549
4755,5000.0,5000.000069652417
4756,5000.0,5000.000067650013
4757,5000.0,5000.000065669315
4758,5000.0,5000.000063711291
4759,5000.0,5000.000061776846
4760,5000.0,5000.000059866824
4761,5000.0,5000.000057982006
4762,5000.0,5000.000056123118
4763,5000.0,5000.000054290827
4764,5000.0,5000.000052485746
4765,5000.0,5000.000050708436
4766,5000.0,5000.000048959405
4767,5000.0,5000.000047239114
4768,5000.0,5000.000045547974
4769,5000.0,5000.000043886352
4770,5000.0,5000.000042254567
4771,5000.0,5000.0000406529
4772,5000.0,5000.000039081588
4773,5000.0,5000.000037540828
4774,5000.0,5000.00003603078
4775,5000.0,5000.000034551568
4776,5000.0,5000.00003310328
4777,5000.0,5000.00003168597
4778,5000.0,5000.00003029966
4779,5000.0,5000.0000289443415
4780,5000.0,5000.000027619977
4781,5000.0,5000.000026326498
4782,5000.0,5000.000025063813
4783,5000.0,5000.0000238318025
4784,5000.0,5000.000022630323
4785,5000.0,5000.000021459206
4786,5000.0,5000.000020318264
4787,5000.0,5000.000019207287
4788,5000.0,5000.000018126045
4789,5000.0,5000.000017074291
4790,5000.0,5000.0000160517575
4791,5000.0,5000.000015058163
4792,5000.0,5000.000014093208
4793,5000.0,5000.00001315658
4794,5000.0,5000.000012247953
4795,5000.0,5000.0000113669885
4796,5000.0,5000.000010513334
4797,5000.0,5000.000009686627
4798,5000.0,5000.000008886494
4799,5000.0,5000.000008112552
4800,5000.0,5000.000007364411
4801,5000.0,5000.000006641672
4802,5000.0,5000.000005943929
4803,5000.0,5000.000005270769
4804,5000.0,5000.000004621774
4805,5000.0,5000.000003996519
4806,5000.0,5000.000003394577
4807,5000.0,5000.000002815516
4808,5000.0,5000.000002258901
4809,5000.0,5000.000001724293
4810,5000.0,5000.000001211252
4811,5000.0,5000.000000719338
4812,5000.0,5000.000000248105
4813,5000.0,4999.99999979711
4814,5000.0,4999.999999365909
4815,5000.0,4999.999998954058
4816,5000.0,4999.999998561114
4817,5000.0,4999.999998186634
4818,5000.0,4999.999997830179
4819,5000.0,4999.999997491311
4820,5000.0,4999.99999716959
4821,5000.0,4999.9999968645825
4822,5000.0,4999.999996575857
4823,5000.0,4999.999996302985
4824,5000.0,4999.999996045542
4825,5000.0,4999.999995803104
4826,5000.0,4999.999995575254
4827,5000.0,4999.999995361578
4828,5000.0,4999.999995161666
4829,5000.0,4999.999994975114
4830,5000.0,4999.999994801519
4831,5000.0,4999.999994640488
4832,5000.0,4999.999994491629
4833,5000.0,4999.999994354557
4834,5000.0,4999.999994228892
4835,5000.0,4999.99999411426
4836,5000.0,4999.999994010292
4837,5000.0,4999.9999939166255
4838,5000.0,4999.999993832903
4839,5000.0,4999.999993758773
4840,5000.0,4999.999993693889
4841,5000.0,4999.9999936379145
4842,5000.0,4999.999993590515
4843,5000.0,4999.999993551363
4844,5000.0,4999.999993520139
4845,5000.0,4999.999993496527
4846,5000.0,4999.99999348022
4847,5000.0,4999.999993470917
4848,5000.0,4999.999993468322
4849,5000.0,4999.999993472145
4850,5000.0,4999.999993482105
4851,5000.0,4999.999993497926
4852,5000.0,4999.999993519336
4853,5000.0,4999.999993546073
4854,5000.0,4999.999993577878
4855,5000.0,4999.999993614501
4856,5000.0,4999.999993655698
4857,5000.0,4999.999993701229
4858,5000.0,4999.999993750862
4859,5000.0,4999.999993804371
4860,5000.0,4999.999993861536
4861,5000.0,4999.999993922142
4862,5000.0,4999.999993985981
4863,5000.0,4999.999994052851
4864,5000.0,4999.999994122557
4865,5000.0,4999.999994194907
4866,5000.0,4999.999994269718
4867,5000.0,4999.999994346809
4868,5000.0,4999.999994426009
4869,5000.0,4999.999994507148
4870,5000.0,4999.999994590064
4871,5000.0,4999.999994674599
4872,5000.0,4999.999994760604
4873,5000.0,4999.999994847929
4874,5000.0,4999.999994936434
4875,5000.0,4999.999995025981
4876,5000.0,4999.999995116438
4877,5000.0,4999.999995207679
4878,5000.0,4999.99999529958
4879,5000.0,4999.999995392027
4880,5000.0,4999.9999954849045
4881,5000.0,4999.999995578105
4882,5000.0,4999.999995671525
4883,5000.0,4999.9999957650625
4884,5000.0,4999.999995858624
4885,5000.0,4999.999995952117
4886,5000.0,4999.999996045456
4887,5000.0,4999.999996138557
4888,5000.0,4999.999996231341
4889,5000.0,4999.9999963237315
4890,5000.0,4999.999996415656
4891,5000.0,4999.9999965070465
4892,5000.0,4999.999996597838
4893,5000.0,4999.999996687969
4894,5000.0,4999.999996777381
4895,5000.0,4999.999996866019
4896,5000.0,4999.99999695383
4897,5000.0,4999.999997040767
4898,5000.0,4999.999997126783
4899,5000.0,4999.999997211833
4900,5000.0,4999.9999972958785
4901,5000.0,4999.999997378883
4902,5000.0,4999.999997460811
4903,5000.0,4999.99999754163
4904,5000.0,4999.99999762131
4905,5000.0,4999.999997699825
4906,5000.0,4999.999997777149
4907,5000.0,4999.999997853259
4908,5000.0,4999.999997928134
4909,5000.0,4999.9999980017565
4910,5000.0,4999.9999980741095
4911,5000.0,4999.999998145178
4912,5000.0,4999.999998214949
4913,5000.0,4999.9999982834115
4914,5000.0,4999.999998350556
4915,5000.0,4999.999998416376
4916,5000.0,4999.999998480865
4917,5000.0,4999.999998544017
4918,5000.0,4999.999998605831
4919,5000.0,4999.999998666304
4920,5000.0,4999.999998725438
4921,5000.0,4999.999998783233
4922,5000.0,4999.999998839692
4923,5000.0,4999.9999988948175
4924,5000.0,4999.999998948614
4925,5000.0,4999.999999001087
4926,5000.0,4999.999999052246
4927,5000.0,4999.999999102095
4928,5000.0,4999.999999150645
4929,5000.0,4999.999999197904
4930,5000.0,4999.999999243883
4931,5000.0,4999.999999288594
4932,5000.0,4999.99999933205
4933,5000.0,4999.999999374261
4934,5000.0,4999.999999415243
4935,5000.0,4999.999999455009
4936,5000.0,4999.999999493573
4937,5000.0,4999.999999530952
4938,5000.0,4999.999999567159
4939,5000.0,4999.999999602211
4940,5000.0,4999.999999636124
4941,5000.0,4999.999999668916
4942,5000.0,4999.9999997006025
4943,5000.0,4999.999999731202
4944,5000.0,4999.999999760731
4945,5000.0,4999.999999789207
4946,5000.0,4999.9999998166495
4947,5000.0,4999.999999843077
4948,5000.0,4999.999999868508
4949,5000.0,4999.999999892961
4950,5000.0,4999.999999916454
4951,5000.0,4999.9999999390075
4952,5000.0,4999.999999960641
4953,5000.0,4999.999999981371
4954,5000.0,5000.000000001218
4955,5000.0,5000.000000020202
4956,5000.0,5000.000000038342
4957,5000.0,5000.0000000556565
4958,5000.0,5000.000000072166
4959,5000.0,5000.000000087888
4960,5000.0,5000.000000102843
4961,5000.0,5000.000000117049
4962,5000.0,5000.000000130525
4963,5000.0,5000.00000014329
4964,5000.0,5000.000000155362
4965,5000.0,5000.000000166759
4966,5000.0,5000.0000001775
4967,5000.0,5000.000000187603
4968,5000.0,5000.0000001970875
4969,5000.0,5000.000000205969
4970,5000.0,5000.000000214265
4971,5000.0,5000.000000221995
4972,5000.0,5000.0000002291745
4973,5000.0,5000.000000235822
4974,5000.0,5000.000000241953
4975,5000.0,5000.0000002475845
4976,5000.0,5000.000000252732
4977,5000.0,5000.000000257412
4978,5000.0,5000.000000261639
4979,5000.0,5000.000000265431
4980,5000.0,5000.000000268801
4981,5000.0,5000.000000271766
4982,5000.0,5000.000000274339
4983,5000.0,5000.000000276536
4984,5000.0,5000.000000278372
4985,5000.0,5000.000000279859
4986,5000.0,5000.000000281011
4987,5000.0,5000.000000281842
4988,5000.0,5000.000000282364
4989,5000.0,5000.000000282592
4990,5000.0,5000.000000282536
4991,5000.0,5000.00000028221
4992,5000.0,5000.000000281624
4993,5000.0,5000.000000280793
4994,5000.0,5000.000000279727
4995,5000.0,5000.000000278437
4996,5000.0,5000.000000276936
4997,5000.0,5000.000000275232
4998,5000.0,5000.000000273338
4999,5000.0,5000.000000271261
5000,1000.0,4999.0345640728465
5001,1000.0,4995.215705660464
5002,1000.0,4987.705674940865
5003,1000.0,4976.672127147376
5004,1000.0,4962.278833564192
5005,1000.0,4944.685692197796
5006,1000.0,4924.04874172405
5007,1000.0,4900.520178555126
5008,1000.0,4874.248376874239
5009,1000.0,4845.377911489851
5010,1000.0,4814.049583364783
5011,1000.0,4780.400447679322
5012,1000.0,4744.563844291127
5013,1000.0,4706.66943045837
5014,1000.0,4666.8432156961535
5015,1000.0,4625.207598639873
5016,1000.0,4581.881405792698
5017,1000.0,4536.979932037896
5018,1000.0,4490.614982800199
5019,1000.0,4442.894917743836
5020,1000.0,4393.9246958982785
5021,1000.0,4343.805922106071
5022,1000.0,4292.636894690479
5023,1000.0,4240.512654243894
5024,1000.0,4187.525033441218
5025,1000.0,4133.76270778557
5026,1000.0,4079.311247196826
5027,1000.0,4024.253168356554
5028,1000.0,3968.6679877259294
5029,1000.0,3912.632275156217
5030,1000.0,3856.2197080142964
5031,1000.0,3799.5011257486035
5032,1000.0,3742.5445848236636
5033,1000.0,3685.4154139541674
5034,1000.0,3628.176269572244
5035,1000.0,3570.8871914642486
5036,1000.0,3513.605658515985
5037,1000.0,3456.3866445078315
5038,1000.0,3399.282673903735
5039,1000.0,3342.34387758048
5040,1000.0,3285.6180484460224
5041,1000.0,3229.1506968980175
5042,1000.0,3172.9851060759393
5043,1000.0,3117.1623868624247
5044,1000.0,3061.7215325916345
5045,1000.0,3006.699473424548
5046,1000.0,2952.1311303531706
5047,1000.0,2898.0494687976416
5048,1000.0,2844.485551762187
5049,1000.0,2791.468592517772
5050,1000.0,2739.0260067811596
5051,1000.0,2687.1834643618827
5052,1000.0,2635.9649402503883
5053,1000.0,2585.3927651223225
5054,1000.0,2535.487675235562
5055,1000.0,2486.268861698216
5056,1000.0,2437.7540190873624
5057,1000.0,2389.9593933998012
5058,1000.0,2342.8998293175523
5059,1000.0,2296.588816772252
5060,1000.0,2251.0385367939552
5061,1000.0,2206.259906631179
5062,1000.0,2162.2626241302933
5063,1000.0,2119.055211363605
5064,1000.0,2076.6450574966593
5065,1000.0,2035.0384608864329
5066,1000.0,1994.2406704032028
5067,1000.0,1954.2559259699306
5068,1000.0,1915.0874983140284
5069,1000.0,1876.7377279273553
5070,1000.0,1839.2080632312395
5071,1000.0,1802.4990979442246
5072,1000.0,1766.6106076511137
5073,1000.0,1731.541585572712
5074,1000.0,1697.2902775364707
5075,1000.0,1663.854216148997
5076,1000.0,1631.2302541721197
5077,1000.0,1599.4145971049015
5078,1000.0,1568.4028349746484
5079,1000.0,1538.1899733405962
5080,1000.0,1508.770463514558
5081,1000.0,1480.1382320033836
5082,1000.0,1452.2867091786247
5083,1000.0,1425.2088571793074
5084,1000.0,1398.897197054202
5085,1000.0,1373.3438351504344
5086,1000.0,1348.5404887557129
5087,1000.0,1324.4785110018502
5088,1000.0,1301.1489150376399
5089,1000.0,1278.542397479499
5090,1000.0,1256.6493611486255
5091,1000.0,1235.4599371037223
5092,1000.0,1214.964005978628
5093,1000.0,1195.1512186344646
5094,1000.0,1176.0110161361479
5095,1000.0,1157.5326490633367
5096,1000.0,1139.705196166102
5097,1000.0,1122.5175823757793
5098,1000.0,1105.9585961816365
5099,1000.0,1090.0169063841438
5100,1000.0,1074.6810782357584
5101,1000.0,1059.9395889802597
5102,1000.0,1045.7808428017695
5103,1000.0,1032.1931851946756
5104,1000.0,1019.1649167657539
5105,1000.0,1006.6843064798361
5106,1000.0,994.7396043604189
5107,1000.0,983.3190536566372
5108,1000.0,972.4109024880456
5109,1000.0,962.003414978659
5110,1000.0,952.0848818916963
5111,1000.0,942.6436307764606
5112,1000.0,933.6680356387567
5113,1000.0,925.1465261462188
5114,1000.0,917.0675963798689
5115,1000.0,909.419813143179
5116,1000.0,902.1918238398422
5117,1000.0,895.3723639313911
5118,1000.0,888.9502639857208
5119,1000.0,882.91445632749
5120,1000.0,877.2539813012812
5121,1000.0,871.9579931582989
5122,1000.0,867.0157655772858
5123,1000.0,862.4166968302201
5124,1000.0,858.1503146032427
5125,1000.0,854.2062804831448
5126,1000.0,850.5743941196164
5127,1000.0,847.2445970733273
5128,1000.0,844.2069763597796
5129,1000.0,841.4517676987289
5130,1000.0,838.9693584788341
5131,1000.0,836.7502904470475
5132,1000.0,834.7852621321102
5133,1000.0,833.0651310113698
5134,1000.0,831.5809154299795
5135,1000.0,830.3237962813906
5136,1000.0,829.2851184578852
5137,1000.0,828.4563920797442
5138,1000.0,827.829293511483
5139,1000.0,827.3956661734275
5140,1000.0,827.1475211567397
5141,1000.0,827.0770376498419
5142,1000.0,827.176563184022
5143,1000.0,827.4386137058419
5144,1000.0,827.8558734838047
5145,1000.0,828.4211948565741
5146,1000.0,829.1275978298739
5147,1000.0,829.9682695290339
5148,1000.0,830.9365635139811
5149,1000.0,832.0259989633183
5150,1000.0,833.2302597339651
5151,1000.0,834.5431933026763
5152,1000.0,835.9588095955943
5153,1000.0,837.4712797118302
5154,1000.0,839.0749345469111
5155,1000.0,840.7642633217736
5156,1000.0,842.5339120228294
5157,1000.0,844.3786817584729
5158,1000.0,846.2935270372477
5159,1000.0,848.2735539727406
5160,1000.0,850.3140184201189
5161,1000.0,852.4103240490808
5162,1000.0,854.558020357843
5163,1000.0,856.752800632645
5164,1000.0,858.9904998571074
5165,1000.0,861.2670925756426
5166,1000.0,863.5786907149759
5167,1000.0,865.9215413677028
5168,1000.0,868.292024541669
5169,1000.0,870.6866508788341
5170,1000.0,873.102059347146
5171,1000.0,875.535014908827
5172,1000.0,877.9824061683483
5173,1000.0,880.4412430032468
5174,1000.0,882.9086541808153
5175,1000.0,885.3818849635835
5176,1000.0,887.858294706386
5177,1000.0,890.3353544477051
5178,1000.0,892.8106444978606
5179,1000.0,895.2818520265138
5180,1000.0,897.7467686518432
5181,1000.0,900.2032880336483
5182,1000.0,902.6494034725321
5183,1000.0,905.0832055172191
5184,1000.0,907.5028795819626
5185,1000.0,909.906703575904
5186,1000.0,912.2930455461544
5187,1000.0,914.6603613362762
5188,1000.0,917.0071922617561
5189,1000.0,919.3321628039771
5190,1000.0,921.6339783241091
5191,1000.0,923.9114227982623
5192,1000.0,926.1633565751645
5193,1000.0,928.3887141575482
5194,1000.0,930.5865020083601
5195,1000.0,932.7557963828312
5196,1000.0,934.8957411873776
5197,1000.0,937.0055458662318
5198,1000.0,939.0844833166424
5199,1000.0,941.1318878334095
5200,1000.0,943.1471530834693
5201,1000.0,945.1297301111754
5202,1000.0,947.0791253748683
5203,1000.0,948.9948988152707
5204,1000.0,950.8766619561889
5205,1000.0,952.7240760379501
5206,1000.0,954.5368501839569
5207,1000.0,956.3147396006868
5208,1000.0,958.0575438114248
5209,1000.0,959.765104923964
5210,1000.0,961.4373059324753
5211,1000.0,963.074069053697
5212,1000.0,964.6753540975612
5213,1000.0,966.2411568723327
5214,1000.0,967.7715076243003
5215,1000.0,969.2664695120267
5216,1000.0,970.7261371151259
5217,1000.0,972.1506349775095
5218,1000.0,973.5401161850094
5219,1000.0,974.8947609772562
5220,1000.0,976.2147753936646
5221,1000.0,977.5003899533526
5222,1000.0,978.7518583687919
5223,1000.0,979.9694562929659
5224,1000.0,981.1534800997915
5225,1000.0,982.3042456975328
5226,1000.0,983.422087374921
5227,1000.0,984.5073566796727
5228,1000.0,985.5604213290807
5229,1000.0,986.5816641523359
5230,1000.0,987.5714820642229
5231,1000.0,988.5302850698159
5232,1000.0,989.4584952997892
5233,1000.0,990.3565460759429
5234,1000.0,991.2248810065331
5235,1000.0,992.063953110985
5236,1000.0,992.8742239735566
5237,1000.0,993.6561629255126
5238,1000.0,994.4102462553584
5239,1000.0,995.1369564466777
5240,1000.0,995.8367814431103
5241,1000.0,996.5102139400001
5242,1000.0,997.1577507022363
5243,1000.0,997.7798919078126
5244,1000.0,998.3771405166153
5245,1000.0,998.9500016639574
5246,1000.0,999.498982078366
5247,1000.0,1000.0245895231335
5248,1000.0,1000.5273322611375
5249,1000.0,1001.0077185424351
5250,1000.0,1001.4662561141366
5251,1000.0,1001.9034517520652
5252,1000.0,1002.319810813705
5253,1000.0,1002.7158368119469
5254,1000.0,1003.0920310091382
5255,1000.0,1003.4488920309458
5256,1000.0,1003.786915499546
5257,1000.0,1004.106593685653
5258,1000.0,1004.4084151789052
5259,1000.0,1004.6928645761295
5260,1000.0,1004.9604221870064
5261,1000.0,1005.2115637566657
5262,1000.0,1005.4467602047431
5263,1000.0,1005.6664773804362
5264,1000.0,1005.8711758330985
5265,1000.0,1006.061310597921
5266,1000.0,1006.2373309962494
5267,1000.0,1006.3996804500963
5268,1000.0,1006.5487963104082
5269,1000.0,1006.6851096986577
5270,1000.0,1006.8090453613332
5271,1000.0,1006.9210215369067
5272,1000.0,1007.0214498348653
5273,1000.0,1007.1107351264003
5274,1000.0,1007.1892754463512
5275,1000.0,1007.2574619060114
5276,1000.0,1007.3156786164068
5277,1000.0,1007.364302621667
5278,1000.0,1007.4037038421149
5279,1000.0,1007.4342450267062
5280,1000.0,1007.4562817144604
5281,1000.0,1007.470162204527
5282,1000.0,1007.4762275345437
5283,1000.0,1007.4748114669445
5284,1000.0,1007.4662404828875
5285,1000.0,1007.4508337834751
5286,1000.0,1007.4289032979501
5287,1000.0,1007.4007536985567
5288,1000.0,1007.3666824217614
5289,1000.0,1007.3269796955367
5290,1000.0,1007.2819285724196
5291,1000.0,1007.2318049680606
5292,1000.0,1007.1768777049873
5293,1000.0,1007.1174085613146
5294,1000.0,1007.0536523241391
5295,1000.0,1006.9858568473619
5296,1000.0,1006.914263113693
5297,1000.0,1006.8391053005945
5298,1000.0,1006.7606108499282
5299,1000.0,1006.6790005410795
5300,1000.0,1006.5944885673356
5301,1000.0,1006.5072826153034
5302,1000.0,1006.4175839471577
5303,1000.0,1006.3255874855171
5304,1000.0,1006.231481900753
5305,1000.0,1006.13544970054
5306,1000.0,1006.0376673214643
5307,1000.0,1005.9383052225128
5308,1000.0,1005.8375279802702
5309,1000.0,1005.7354943856589
5310,1000.0,1005.6323575420588
5311,1000.0,1005.528264964657
5312,1000.0,1005.4233586808726
5313,1000.0,1005.3177753317171
5314,1000.0,1005.2116462739493
5315,1000.0,1005.1050976828931
5316,1000.0,1004.9982506557891
5317,1000.0,1004.8912213155583
5318,1000.0,1004.7841209148579
5319,1000.0,1004.6770559403183
5320,1000.0,1004.5701282168503
5321,1000.0,1004.4634350119218
5322,1000.0,1004.357069139701
5323,1000.0,1004.2511190649751
5324,1000.0,1004.1456690067507
5325,1000.0,1004.0407990414521
5326,1000.0,1003.936585205634
5327,1000.0,1003.8330995981304
5328,1000.0,1003.7304104815676
5329,1000.0,1003.6285823831676
5330,1000.0,1003.5276761947786
5331,1000.0,1003.4277492720674
5332,1000.0,1003.3288555328163
5333,1000.0,1003.231045554266
5334,1000.0,1003.1343666694545
5335,1000.0,1003.0388630625013
5336,1000.0,1002.9445758627904
5337,1000.0,1002.8515432380108
5338,1000.0,1002.7598004860116
5339,1000.0,1002.6693801254378
5340,1000.0,1002.5803119851087
5341,1000.0,1002.4926232921106
5342,1000.0,1002.4063387585721
5343,1000.0,1002.3214806670976
5344,1000.0,1002.2380689548322
5345,1000.0,1002.1561212961394
5346,1000.0,1002.0756531838695
5347,1000.0,1001.9966780092026
5348,1000.0,1001.9192071400516
5349,1000.0,1001.8432499980106
5350,1000.0,1001.7688141338389
5351,1000.0,1001.6959053014708
5352,1000.0,1001.6245275305442
5353,1000.0,1001.5546831974415
5354,1000.0,1001.4863730948396
5355,1000.0,1001.4195964997672
5356,1000.0,1001.354351240167
5357,1000.0,1001.2906337599646
5358,1000.0,1001.2284391826462
5359,1000.0,1001.1677613733473
5360,1000.0,1001.1085929994598
5361,1000.0,1001.0509255897598
5362,1000.0,1000.9947495920667
5363,1000.0,1000.9400544294396
5364,1000.0,1000.8868285549205
5365,1000.0,1000.8350595048358
5366,1000.0,1000.7847339506667
5367,1000.0,1000.7358377494991
5368,1000.0,1000.688355993069
5369,1000.0,1000.6422730554148
5370,1000.0,1000.597572639151
5371,1000.0,1000.554237820381
5372,1000.0,1000.5122510922607
5373,1000.0,1000.471594407234
5374,1000.0,1000.4322492179531
5375,1000.0,1000.3941965169048
5376,1000.0,1000.3574168747571
5377,1000.0,1000.3218904774484
5378,1000.0,1000.2875971620356
5379,1000.0,1000.2545164513208
5380,1000.0,1000.2226275872777
5381,1000.0,1000.1919095632951
5382,1000.0,1000.1623411552611
5383,1000.0,1000.1339009515043
5384,1000.0,1000.106567381617
5385,1000.0,1000.0803187441774
5386,1000.0,1000.0551332333946
5387,1000.0,1000.0309889646966
5388,1000.0,1000.0078639992814
5389,1000.0,999.9857363676545
5390,1000.0,999.9645840921726
5391,1000.0,999.9443852086159
5392,1000.0,999.92511778681
5393,1000.0,999.906759950318
5394,1000.0,999.8892898952262
5395,1000.0,999.8726859080423
5396,1000.0,999.8569263827295
5397,1000.0,999.8419898368957
5398,1000.0,999.8278549271603
5399,1000.0,999.8145004637191
5400,1000.0,999.8019054241282
5401,1000.0,999.790048966326
5402,1000.0,999.778910440917
5403,1000.0,999.7684694027344
5404,1000.0,999.7587056217037
5405,1000.0,999.749599093027
5406,1000.0,999.7411300467056
5407,1000.0,999.733278956424
5408,1000.0,999.7260265478112
5409,1000.0,999.7193538061009
5410,1000.0,999.713241983207
5411,1000.0,999.707672604235
5412,1000.0,999.7026274734463
5413,1000.0,999.6980886796943
5414,1000.0,999.6940386013486
5415,1000.0,999.6904599107266
5416,1000.0,999.6873355780486
5417,1000.0,999.6846488749326
5418,1000.0,999.6823833774469
5419,1000.0,999.6805229687368
5420,1000.0,999.6790518412394
5421,1000.0,999.6779544985039
5422,1000.0,999.6772157566335
5423,1000.0,999.6768207453609
5424,1000.0,999.6767549087764
5425,1000.0,999.6770040057193
5426,1000.0,999.6775541098491
5427,1000.0,999.6783916094097
5428,1000.0,999.6795032066999
5429,1000.0,999.6808759172637
5430,1000.0,999.682497068814
5431,1000.0,999.6843542999003
5432,1000.0,999.686435558336
5433,1000.0,999.6887290993939
5434,1000.0,999.691223483784
5435,1000.0,999.6939075754245
5436,1000.0,999.6967705390166
5437,1000.0,999.6998018374342
5438,1000.0,999.7029912289395
5439,1000.0,999.7063287642342
5440,1000.0,999.7098047833564
5441,1000.0,999.7134099124333
5442,1000.0,999.717135060299
5443,1000.0,999.7209714149856
5444,1000.0,999.7249104400977
5445,1000.0,999.7289438710787
5446,1000.0,999.7330637113765
5447,1000.0,999.7372622285168
5448,1000.0,999.7415319500928
5449,1000.0,999.745865659678
5450,1000.0,999.7502563926685
5451,1000.0,999.7546974320642
5452,1000.0,999.7591823041935
5453,1000.0,999.7637047743891
5454,1000.0,999.768258842621
5455,1000.0,999.7728387390922
5456,1000.0,999.7774389198045
5457,1000.0,999.7820540620984
5458,1000.0,999.7866790601732
5459,1000.0,999.7913090205925
5460,1000.0,999.7959392577795
5461,1000.0,999.8005652895084
5462,1000.0,999.8051828323944
5463,1000.0,999.8097877973884
5464,1000.0,999.8143762852794
5465,1000.0,999.8189445822096
5466,1000.0,999.8234891552046
5467,1000.0,999.8280066477241
5468,1000.0,999.8324938752353
5469,1000.0,999.8369478208122
5470,1000.0,999.841365630765
5471,1000.0,999.8457446103016
5472,1000.0,999.8500822192236
5473,1000.0,999.8543760676613
5474,1000.0,999.8586239118478
5475,1000.0,999.8628236499361
5476,1000.0,999.8669733178612
5477,1000.0,999.8710710852487
5478,1000.0,999.8751152513722
5479,1000.0,999.8791042411613
5480,1000.0,999.8830366012613
5481,1000.0,999.8869109961477
5482,1000.0,999.8907262042944
5483,1000.0,999.8944811143996
5484,1000.0,999.8981747216682
5485,1000.0,999.9018061241538
5486,1000.0,999.9053745191603
5487,1000.0,999.9088791997035
5488,1000.0,999.9123195510343
5489,1000.0,999.9156950472241
5490,1000.0,999.9190052478124
5491,1000.0,999.9222497945187
5492,1000.0,999.9254284080165
5493,1000.0,999.9285408847721
5494,1000.0,999.9315870939477
5495,1000.0,999.9345669743677
5496,1000.0,999.9374805315517
5497,1000.0,999.9403278348102
5498,1000.0,999.9431090144055
5499,1000.0,999.9458242587775
5500,1000.0,999.9484738118334
5501,1000.0,999.9510579703018
5502,1000.0,999.9535770811509
5503,1000.0,999.9560315390704
5504,1000.0,999.9584217840164
5505,1000.0,999.9607482988197
5506,1000.0,999.9630116068562
5507,1000.0,999.9652122697801
5508,1000.0,999.9673508853181
5509,1000.0,999.9694280851247
5510,1000.0,999.971444532698
5511,1000.0,999.973400921355
5512,1000.0,999.9752979722673
5513,1000.0,999.9771364325533
5514,1000.0,999.97891707343
5515,1000.0,999.9806406884214
5516,1000.0,999.9823080916226
5517,1000.0,999.9839201160198
5518,1000.0,999.9854776118655
5519,1000.0,999.9869814451072
5520,1000.0,999.9884324958692
5521,1000.0,999.9898316569872
5522,1000.0,999.9911798325937
5523,1000.0,999.9924779367539
5524,1000.0,999.9937268921519
5525,1000.0,999.9949276288256
5526,1000.0,999.9960810829489
5527,1000.0,999.997188195661
5528,1000.0,999.9982499119427
5529,1000.0,999.9992671795367
5530,1000.0,1000.0002409479125
5531,1000.0,1000.0011721672751
5532,1000.0,1000.0020617876152
5533,1000.0,1000.0029107578018
5534,1000.0,1000.0037200247147
5535,1000.0,1000.0044905324162
5536,1000.0,1000.0052232213634
5537,1000.0,1000.005919027656
5538,1000.0,1000.0065788823217
5539,1000.0,1000.0072037106386
5540,1000.0,1000.007794431491
5541,1000.0,1000.0083519567609
5542,1000.0,1000.008877190751
5543,1000.0,1000.009371029642
5544,1000.0,1000.0098343609792
5545,1000.0,1000.010268063192
5546,1000.0,1000.0106730051415
5547,1000.0,1000.0110500456972
5548,1000.0,1000.0114000333425
5549,1000.0,1000.0117238058068
5550,1000.0,1000.0120221897239
5551,1000.0,1000.012296000316
5552,1000.0,1000.012546041103
5553,1000.0,1000.0127731036345
5554,1000.0,1000.0129779672467
5555,1000.0,1000.0131613988402
5556,1000.0,1000.0133241526803
5557,1000.0,1000.0134669702177
5558,1000.0,1000.0135905799297
5559,1000.0,1000.0136956971803
5560,1000.0,1000.0137830241001
5561,1000.0,1000.0138532494828
5562,1000.0,1000.0139070487002
5563,1000.0,1000.0139450836332
5564,1000.0,1000.0139680026194
5565,1000.0,1000.0139764404156
5566,1000.0,1000.0139710181747
5567,1000.0,1000.0139523434381
5568,1000.0,1000.0139210101396
5569,1000.0,1000.0138775986242
5570,1000.0,1000.0138226756777
5571,1000.0,1000.0137567945693
5572,1000.0,1000.0136804951044
5573,1000.0,1000.0135943036886
5574,1000.0,1000.0134987334021
5575,1000.0,1000.0133942840831
5576,1000.0,1000.0132814424211
5577,1000.0,1000.0131606820577
5578,1000.0,1000.0130324636971
5579,1000.0,1000.012897235223
5580,1000.0,1000.0127554318237
5581,1000.0,1000.0126074761233
5582,1000.0,1000.0124537783199
5583,1000.0,1000.0122947363296
5584,1000.0,1000.0121307359361
5585,1000.0,1000.0119621509452
5586,1000.0,1000.011789343345
5587,1000.0,1000.011612663469
5588,1000.0,1000.0114324501653
5589,1000.0,1000.0112490309682
5590,1000.0,1000.0110627222736
5591,1000.0,1000.0108738295175
5592,1000.0,1000.0106826473578
5593,1000.0,1000.0104894598577
5594,1000.0,1000.010294540672
5595,1000.0,1000.0100981532354
5596,1000.0,1000.0099005509521
5597,1000.0,1000.0097019773874
5598,1000.0,1000.0095026664598
5599,1000.0,1000.0093028426343
5600,1000.0,1000.0091027211168
5601,1000.0,1000.0089025080484
5602,1000.0,1000.0087024007004
5603,1000.0,1000.0085025876695
5604,1000.0,1000.0083032490725
5605,1000.0,1000.0081045567408
5606,1000.0,1000.0079066744152
5607,1000.0,1000.0077097579383
5608,1000.0,1000.0075139554483
5609,1000.0,1000.0073194075702
5610,1000.0,1000.0071262476068
5611,1000.0,1000.0069346017281
5612,1000.0,1000.0067445891592
5613,1000.0,1000.0065563223677
5614,1000.0,1000.006369907248
5615,1000.0,1000.0061854433051
5616,1000.0,1000.0060030238363
5617,1000.0,1000.0058227361105
5618,1000.0,1000.0056446615464
5619,1000.0,1000.0054688758876
5620,1000.0,1000.0052954493765
5621,1000.0,1000.0051244469255
5622,1000.0,1000.0049559282858
5623,1000.0,1000.0047899482142
5624,1000.0,1000.004626556637
5625,1000.0,1000.004465798812
5626,1000.0,1000.0043077154874
5627,1000.0,1000.0041523430584
5628,1000.0,1000.0039997137219
5629,1000.0,1000.0038498556268
5630,1000.0,1000.0037027930235
5631,1000.0,1000.0035585464101
5632,1000.0,1000.0034171326748
5633,1000.0,1000.0032785652372
5634,1000.0,1000.0031428541856
5635,1000.0,1000.0030100064122
5636,1000.0,1000.0028800257454
5637,1000.0,1000.0027529130796
5638,1000.0,1000.0026286665011
5639,1000.0,1000.0025072814124
5640,1000.0,1000.002388750653
5641,1000.0,1000.0022730646184
5642,1000.0,1000.0021602113748
5643,1000.0,1000.0020501767722
5644,1000.0,1000.0019429445541
5645,1000.0,1000.001838496465
5646,1000.0,1000.001736812355
5647,1000.0,1000.0016378702812
5648,1000.0,1000.0015416466069
5649,1000.0,1000.0014481160985
5650,1000.0,1000.0013572520185
5651,1000.0,1000.0012690262172
5652,1000.0,1000.0011834092212
5653,1000.0,1000.001100370319
5654,1000.0,1000.001019877645
5655,1000.0,1000.00094189826
5656,1000.0,1000.0008663982297
5657,1000.0,1000.0007933427012
5658,1000.0,1000.0007226959757
5659,1000.0,1000.0006544215805
5660,1000.0,1000.0005884823373
5661,1000.0,1000.0005248404291
5662,1000.0,1000.0004634574643
5663,1000.0,1000.000404294539
5664,1000.0,1000.0003473122964
5665,1000.0,1000.0002924709847
5666,1000.0,1000.0002397305129
5667,1000.0,1000.0001890505036
5668,1000.0,1000.0001403903451
5669,1000.0,1000.0000937092403
5670,1000.0,1000.0000489662546
5671,1000.0,1000.0000061203608
5672,1000.0,999.9999651304834
5673,1000.0,999.9999259555398
5674,1000.0,999.9998885544805
5675,1000.0,999.9998528863274
5676,1000.0,999.9998189102099
5677,1000.0,999.9997865854002
5678,1000.0,999.9997558713462
5679,1000.0,999.9997267277029
5680,1000.0,999.9996991143621
5681,1000.0,999.9996729914816
5682,1000.0,999.9996483195114
5683,1000.0,999.9996250592196
5684,1000.0,999.9996031717162
5685,1000.0,999.9995826184759
5686,1000.0,999.9995633613592
5687,1000.0,999.9995453626328
5688,1000.0,999.9995285849884
5689,1000.0,999.9995129915599
5690,1000.0,999.99949854594
5691,1000.0,999.9994852121956
5692,1000.0,999.9994729548816
5693,1000.0,999.999461739054
5694,1000.0,999.9994515302817
5695,1000.0,999.9994422946578
5696,1000.0,999.9994339988092
5697,1000.0,999.9994266099058
5698,1000.0,999.9994200956686
5699,1000.0,999.999414424377
5700,1000.0,999.999409564875
5701,1000.0,999.9994054865766
5702,1000.0,999.9994021594711
5703,1000.0,999.9993995541263
5704,1000.0,999.9993976416924
5705,1000.0,999.9993963939046
5706,1000.0,999.9993957830844
5707,1000.0,999.9993957821413
5708,1000.0,999.9993963645729
5709,1000.0,999.9993975044658
5710,1000.0,999.9993991764942
5711,1000.0,999.9994013559192
5712,1000.0,999.9994040185871
5713,1000.0,999.9994071409274
5714,1000.0,999.9994106999499
5715,1000.0,999.999414673242
5716,1000.0,999.999419038965
5717,1000.0,999.9994237758508
5718,1000.0,999.9994288631966
5719,1000.0,999.9994342808614
5720,1000.0,999.9994400092601
5721,1000.0,999.9994460293591
5722,1000.0,999.9994523226701
5723,1000.0,999.9994588712447
5724,1000.0,999.9994656576675
5725,1000.0,999.999472665051
5726,1000.0,999.9994798770279
5727,1000.0,999.9994872777443
5728,1000.0,999.9994948518535
5729,1000.0,999.9995025845081
5730,1000.0,999.999510461353
5731,1000.0,999.9995184685175
5732,1000.0,999.9995265926082
5733,1000.0,999.9995348207005
5734,1000.0,999.9995431403314
5735,1000.0,999.9995515394907
5736,1000.0,999.9995600066134
5737,1000.0,999.9995685305717
5738,1000.0,999.9995771006663
5739,1000.0,999.9995857066187
5740,1000.0,999.9995943385621
5741,1000.0,999.9996029870334
5742,1000.0,999.9996116429647
5743,1000.0,999.9996202976753
5744,1000.0,999.9996289428625
5745,1000.0,999.9996375705937
5746,1000.0,999.9996461732981
5747,1000.0,999.9996547437578
5748,1000.0,999.9996632750998
5749,1000.0,999.9996717607877
5750,1000.0,999.999680194613
5751,1000.0,999.9996885706871
5752,1000.0,999.9996968834331
5753,1000.0,999.9997051275774
5754,1000.0,999.9997132981422
5755,1000.0,999.9997213904368
5756,1000.0,999.9997294000498
5757,1000.0,999.9997373228416
5758,1000.0,999.9997451549361
5759,1000.0,999.9997528927134
5760,1000.0,999.9997605328018
5761,1000.0,999.9997680720704
5762,1000.0,999.9997755076218
5763,1000.0,999.9997828367847
5764,1000.0,999.9997900571063
5765,1000.0,999.9997971663458
5766,1000.0,999.9998041624671
5767,1000.0,999.9998110436314
5768,1000.0,999.9998178081912
5769,1000.0,999.9998244546829
5770,1000.0,999.9998309818203
5771,1000.0,999.9998373884887
5772,1000.0,999.9998436737379
5773,1000.0,999.9998498367764
5774,1000.0,999.9998558769651
5775,1000.0,999.9998617938111
5776,1000.0,999.9998675869622
5777,1000.0,999.9998732562008
5778,1000.0,999.9998788014382
5779,1000.0,999.9998842227095
5780,1000.0,999.999889520168
5781,1000.0,999.9998946940799
5782,1000.0,999.9998997448188
5783,1000.0,999.9999046728611
5784,1000.0,999.9999094787813
5785,1000.0,999.9999141632464
5786,1000.0,999.999918727012
5787,1000.0,999.999923170917
5788,1000.0,999.99992749588
5789,1000.0,999.9999317028942
5790,1000.0,999.9999357930235
5791,1000.0,999.9999397673987
5792,1000.0,999.9999436272129
5793,1000.0,999.9999473737183
5794,1000.0,999.9999510082218
5795,1000.0,999.9999545320817
5796,1000.0,999.9999579467042
5797,1000.0,999.9999612535395
5798,1000.0,999.9999644540792
5799,1000.0,999.9999675498526
5800,1000.0,999.9999705424237
5801,1000.0,999.9999734333883
5802,1000.0,999.9999762243706
5803,1000.0,999.9999789170212
5804,1000.0,999.9999815130134
5805,1000.0,999.9999840140415
5806,1000.0,999.9999864218178
5807,1000.0,999.99998873807
5808,1000.0,999.9999909645392
5809,1000.0,999.9999931029774
5810,1000.0,999.9999951551459
5811,1000.0,999.9999971228124
5812,1000.0,999.9999990077492
5813,1000.0,1000.0000008117316
5814,1000.0,1000.0000025365359
5815,1000.0,1000.0000041839378
5816,1000.0,1000.0000057557104
5817,1000.0,1000.0000072536228
5818,1000.0,1000.0000086794388
5819,1000.0,1000.0000100349146
5820,1000.0,1000.0000113217985
5821,1000.0,1000.0000125418288
5822,1000.0,1000.0000136967328
5823,1000.0,1000.0000147882257
5824,1000.0,1000.0000158180094
5825,1000.0,1000.0000167877712
5826,1000.0,1000.0000176991833
5827,1000.0,1000.0000185539014
5828,1000.0,1000.0000193535642
5829,1000.0,1000.0000200997921
5830,1000.0,1000.0000207941868
5831,1000.0,1000.0000214383304
5832,1000.0,1000.0000220337846
5833,1000.0,1000.0000225820905
5834,1000.0,1000.0000230847677
5835,1000.0,1000.0000235433135
5836,1000.0,1000.0000239592033
5837,1000.0,1000.0000243338891
5838,1000.0,1000.0000246687997
5839,1000.0,1000.0000249653405
5840,1000.0,1000.0000252248924
5841,1000.0,1000.0000254488122
5842,1000.0,1000.000025638432
5843,1000.0,1000.0000257950594
5844,1000.0,1000.0000259199769
5845,1000.0,1000.0000260144419
5846,1000.0,1000.0000260796867
5847,1000.0,1000.000026116918
5848,1000.0,1000.0000261273171
5849,1000.0,1000.0000261120404
5850,1000.0,1000.000026072218
5851,1000.0,1000.0000260089553
5852,1000.0,1000.0000259233319
5853,1000.0,1000.0000258164023
5854,1000.0,1000.0000256891956
5855,1000.0,1000.0000255427157
5856,1000.0,1000.0000253779416
5857,1000.0,1000.0000251958273
5858,1000.0,1000.0000249973023
5859,1000.0,1000.0000247832711
5860,1000.0,1000.0000245546144
5861,1000.0,1000.0000243121884
5862,1000.0,1000.0000240568256
5863,1000.0,1000.0000237893347
5864,1000.0,1000.000023510501
5865,1000.0,1000.0000232210866
5866,1000.0,1000.0000229218308
5867,1000.0,1000.00002261345
5868,1000.0,1000.0000222966386
5869,1000.0,1000.0000219720687
5870,1000.0,1000.0000216403909
5871,1000.0,1000.0000213022342
5872,1000.0,1000.0000209582068
5873,1000.0,1000.0000206088959
5874,1000.0,1000.0000202548682
5875,1000.0,1000.0000198966707
5876,1000.0,1000.0000195348301
5877,1000.0,1000.0000191698543
5878,1000.0,1000.0000188022319
5879,1000.0,1000.0000184324329
5880,1000.0,1000.0000180609086
5881,1000.0,1000.0000176880927
5882,1000.0,1000.0000173144015
5883,1000.0,1000.0000169402336
5884,1000.0,1000.0000165659712
5885,1000.0,1000.0000161919796
5886,1000.0,1000.0000158186081
5887,1000.0,1000.00001544619
5888,1000.0,1000.0000150750436
5889,1000.0,1000.000014705472
5890,1000.0,1000.0000143377637
5891,1000.0,1000.0000139721924
5892,1000.0,1000.0000136090184
5893,1000.0,1000.0000132484882
5894,1000.0,1000.0000128908349
5895,1000.0,1000.0000125362786
5896,1000.0,1000.0000121850272
5897,1000.0,1000.0000118372761
5898,1000.0,1000.000011493209
5899,1000.0,1000.0000111529978
5900,1000.0,1000.0000108168036
5901,1000.0,1000.0000104847765
5902,1000.0,1000.0000101570558
5903,1000.0,1000.000009833771
5904,1000.0,1000.0000095150411
5905,1000.0,1000.0000092009761
5906,1000.0,1000.0000088916763
5907,1000.0,1000.0000085872333
5908,1000.0,1000.0000082877301
5909,1000.0,1000.0000079932411
5910,1000.0,1000.0000077038326
5911,1000.0,1000.0000074195633
5912,1000.0,1000.0000071404843
5913,1000.0,1000.0000068666394
5914,1000.0,1000.0000065980656
5915,1000.0,1000.0000063347932
5916,1000.0,1000.0000060768457
5917,1000.0,1000.0000058242409
5918,1000.0,1000.0000055769907
5919,1000.0,1000.000005335101
5920,1000.0,1000.0000050985724
5921,1000.0,1000.0000048674002
5922,1000.0,1000.0000046415747
5923,1000.0,1000.0000044210818
5924,1000.0,1000.0000042059025
5925,1000.0,1000.0000039960138
5926,1000.0,1000.0000037913882
5927,1000.0,1000.0000035919946
5928,1000.0,1000.0000033977983
5929,1000.0,1000.0000032087607
5930,1000.0,1000.0000030248402
5931,1000.0,1000.0000028459922
5932,1000.0,1000.0000026721688
5933,1000.0,1000.0000025033195
5934,1000.0,1000.000002339391
5935,1000.0,1000.0000021803279
5936,1000.0,1000.0000020260723
5937,1000.0,1000.000001876564
5938,1000.0,1000.0000017317413
5939,1000.0,1000.0000015915404
5940,1000.0,1000.0000014558956
5941,1000.0,1000.0000013247401
5942,1000.0,1000.0000011980052
5943,1000.0,1000.0000010756212
5944,1000.0,1000.0000009575172
5945,1000.0,1000.0000008436211
5946,1000.0,1000.0000007338602
5947,1000.0,1000.0000006281608
5948,1000.0,1000.0000005264483
5949,1000.0,1000.0000004286477
5950,1000.0,1000.0000003346835
5951,1000.0,1000.0000002444797
5952,1000.0,1000.0000001579599
5953,1000.0,1000.0000000750475
5954,1000.0,999.9999999956658
5955,1000.0,999.999999919738
5956,1000.0,999.9999998471873
5957,1000.0,999.9999997779369
5958,1000.0,999.9999997119104
5959,1000.0,999.9999996490313
5960,1000.0,999.9999995892238
5961,1000.0,999.9999995324118
5962,1000.0,999.9999994785204
5963,1000.0,999.9999994274743
5964,1000.0,999.9999993791994
5965,1000.0,999.9999993336219
5966,1000.0,999.9999992906685
5967,1000.0,999.9999992502667
5968,1000.0,999.9999992123445
5969,1000.0,999.9999991768309
5970,1000.0,999.9999991436554
5971,1000.0,999.9999991127485
5972,1000.0,999.9999990840414
5973,1000.0,999.9999990574662
5974,1000.0,999.9999990329559
5975,1000.0,999.9999990104444
5976,1000.0,999.9999989898668
5977,1000.0,999.9999989711587
5978,1000.0,999.999998954257
5979,1000.0,999.9999989390994
5980,1000.0,999.9999989256248
5981,1000.0,999.9999989137731
5982,1000.0,999.9999989034851
5983,1000.0,999.9999988947028
5984,1000.0,999.9999988873693
5985,1000.0,999.9999988814288
5986,1000.0,999.9999988768267
5987,1000.0,999.9999988735091
5988,1000.0,999.9999988714234
5989,1000.0,999.999998870518
5990,1000.0,999.9999988707424
5991,1000.0,999.9999988720473
5992,1000.0,999.9999988743845
5993,1000.0,999.999998877707
5994,1000.0,999.9999988819687
5995,1000.0,999.9999988871248
5996,1000.0,999.9999988931313
5997,1000.0,999.9999988999455
5998,1000.0,999.9999989075257
5999,1000.0,999.9999989158313
6000,2000.0,1000.2413579738646
6001,2000.0,1001.1960725859971
6002,2000.0,1003.0735802755056
6003,2000.0,1005.8319672340244
6004,2000.0,1009.430290640472
6005,2000.0,1013.8285759931949
6006,2000.0,1018.9878136231966
6007,2000.0,1024.8699544274034
6008,2000.0,1031.4379048599826
6009,2000.0,1038.6555212187898
6010,2000.0,1046.4876032630923
6011,2000.0,1054.8998871977915
6012,2000.0,1063.8590380584467
6013,2000.0,1073.3326415304903
6014,2000.0,1083.289195235122
6015,2000.0,1093.6980995134697
6016,2000.0,1104.5296477397192
6017,2000.0,1115.755016193032
6018,2000.0,1127.3462535172039
6019,2000.0,1139.2762697961575
6020,2000.0,1151.5188252725059
6021,2000.0,1164.0485187355937
6022,2000.0,1176.840775604587
6023,2000.0,1189.8718357313703
6024,2000.0,1203.1187409472025
6025,2000.0,1216.5593223762876
6026,2000.0,1230.1721875386415
6027,2000.0,1243.9367072638581
6028,2000.0,1257.8330024366292
6029,2000.0,1271.8419305941254
6030,2000.0,1285.9450723946147
6031,2000.0,1300.1247179759762
6032,2000.0,1314.3638532220668
6033,2000.0,1328.6461459542036
6034,2000.0,1342.9559320643436
6035,2000.0,1357.2782016058889
6036,2000.0,1371.598584857379
6037,2000.0,1385.9033383737108
6038,2000.0,1400.1793310388896
6039,2000.0,1414.4140301337115
6040,2000.0,1428.5954874311803
6041,2000.0,1442.7123253318757
6042,2000.0,1456.7537230509229
6043,2000.0,1470.7094028676568
6044,2000.0,1484.5696164485316
6045,2000.0,1498.3251312532977
6046,2000.0,1511.9672170339488
6047,2000.0,1525.4876324354464
6048,2000.0,1538.8786117067298
6049,2000.0,1552.1328515300543
6050,2000.0,1565.2434979762259
6051,2000.0,1578.2041335928586
6052,2000.0,1591.0087646323384
6053,2000.0,1603.6518084257514
6054,2000.0,1616.1280809086263
6055,2000.0,1628.4327843039346
6056,2000.0,1640.561494967405
6057,2000.0,1652.5101513998368
6058,2000.0,1664.275042430724
6059,2000.0,1675.852795577157
6060,2000.0,1687.2403655816217
6061,2000.0,1698.435023131989
6062,2000.0,1709.4343437666666
6063,2000.0,1720.2361969675778
6064,2000.0,1730.8387354433369
6065,2000.0,1741.2403846047007
6066,2000.0,1751.4398322341005
6067,2000.0,1761.4360183507972
6068,2000.0,1771.2281252729388
6069,2000.0,1780.8155678775618
6070,2000.0,1790.1979840593356
6071,2000.0,1799.375225388626
6072,2000.0,1808.347347969234
6073,2000.0,1817.1146034959602
6074,2000.0,1825.6774305119436
6075,2000.0,1834.0364458655347
6076,2000.0,1842.1924363662786
6077,2000.0,1850.1463506394116
6078,2000.0,1857.8992911781097
6079,2000.0,1865.4525065925668
6080,2000.0,1872.8073840548323
6081,2000.0,1879.9654419381961
6082,2000.0,1886.9283226497732
6083,2000.0,1893.6977856548099
6084,2000.0,1900.275700691116
6085,2000.0,1906.6640411719131
6086,2000.0,1912.864877775277
6087,2000.0,1918.8803722182572
6088,2000.0,1924.7127712136587
6089,2000.0,1930.3644006073798
6090,2000.0,1935.8376596941243
6091,2000.0,1941.1350157092197
6092,2000.0,1946.258998494209
6093,2000.0,1951.212195333815
6094,2000.0,1955.9972459618123
6095,2000.0,1960.6168377332885
6096,2000.0,1965.0737009607292
6097,2000.0,1969.370604411304
6098,2000.0,1973.5103509626986
6099,2000.0,1977.4957734147988
6100,2000.0,1981.3297304544933
6101,2000.0,1985.0151027708405
6102,2000.0,1988.554789317813
6103,2000.0,1991.9517037218166
6104,2000.0,1995.208770831161
6105,2000.0,1998.3289234046408
6106,2000.0,2001.315098936385
6107,2000.0,2004.170236614113
6108,2000.0,2006.897274407939
6109,2000.0,2009.499146286862
6110,2000.0,2011.9787795600805
6111,2000.0,2014.3390923402715
6112,2000.0,2016.5829911259866
6113,2000.0,2018.7133685003203
6114,2000.0,2020.7331009430195
6115,2000.0,2022.6450467532193
6116,2000.0,2024.4520440799986
6117,2000.0,2026.1569090579771
6118,2000.0,2027.7624340451835
6119,2000.0,2029.2713859604555
6120,2000.0,2030.6865047176505
6121,2000.0,2032.0105017539695
6122,2000.0,2033.2460586497298
6123,2000.0,2034.3958258369391
6124,2000.0,2035.4624213940644
6125,2000.0,2036.4484299244102
6126,2000.0,2037.3564015155562
6127,2000.0,2038.1888507773374
6128,2000.0,2038.9482559558803
6129,2000.0,2039.637058121248
6130,2000.0,2040.2576604262779
6131,2000.0,2040.8124274342342
6132,2000.0,2041.3036845129336
6133,2000.0,2041.7337172930413
6134,2000.0,2042.1047711882707
6135,2000.0,2042.419050975261
6136,2000.0,2042.6787204309433
6137,2000.0,2042.8859020252494
6138,2000.0,2043.042676667052
6139,2000.0,2043.1510835012718
6140,2000.0,2043.2131197551196
6141,2000.0,2043.2307406314912
6142,2000.0,2043.2058592475667
6143,2000.0,2043.140346616707
6144,2000.0,2043.0360316717874
6145,2000.0,2042.8947013281438
6146,2000.0,2042.7181005843468
6147,2000.0,2042.507932659065
6148,2000.0,2042.265859162318
6149,2000.0,2041.9935002994564
6150,2000.0,2041.6924351062514
6151,2000.0,2041.3642017135157
6152,2000.0,2041.0102976397152
6153,2000.0,2040.632180110073
6154,2000.0,2040.2312664007086
6155,2000.0,2039.8089342063886
6156,2000.0,2039.3665220305113
6157,2000.0,2038.905329595979
6158,2000.0,2038.4266182756567
6159,2000.0,2037.9316115411486
6160,2000.0,2037.4214954286638
6161,2000.0,2036.8974190207784
6162,2000.0,2036.360494942939
6163,2000.0,2035.8117998735872
6164,2000.0,2035.252375066818
6165,2000.0,2034.6832268865294
6166,2000.0,2034.1053273510404
6167,2000.0,2033.519614687203
6168,2000.0,2032.9269938930565
6169,2000.0,2032.3283373081115
6170,2000.0,2031.7244851903813
6171,2000.0,2031.1162462993113
6172,2000.0,2030.5043984837841
6173,2000.0,2029.8896892744158
6174,2000.0,2029.2728364793838
6175,2000.0,2028.6545287830563
6176,2000.0,2028.035426346725
6177,2000.0,2027.4161614107695
6178,2000.0,2026.7973388976104
6179,2000.0,2026.1795370148327
6180,2000.0,2025.5633078578924
6181,2000.0,2024.9491780118396
6182,2000.0,2024.3376491515241
6183,2000.0,2023.729198639765
6184,2000.0,2023.1242801229992
6185,2000.0,2022.5233241239414
6186,2000.0,2021.926738630814
6187,2000.0,2021.334909682727
6188,2000.0,2020.7482019508084
6189,2000.0,2020.166959314713
6190,2000.0,2019.5915054341485
6191,2000.0,2019.0221443150874
6192,2000.0,2018.459160870348
6193,2000.0,2017.9028214742468
6194,2000.0,2017.3533745110476
6195,2000.0,2016.811050916943
6196,2000.0,2016.2760647153286
6197,2000.0,2015.7486135451466
6198,2000.0,2015.2288791820847
6199,2000.0,2014.717028052443
6200,2000.0,2014.2132117394876
6201,2000.0,2013.7175674821299
6202,2000.0,2013.2302186657848
6203,2000.0,2012.7512753052717
6204,2000.0,2012.2808345196393
6205,2000.0,2011.8189809988053
6206,2000.0,2011.3657874619196
6207,2000.0,2010.9213151073625
6208,2000.0,2010.485614054313
6209,2000.0,2010.0587237758223
6210,2000.0,2009.6406735233477
6211,2000.0,2009.2314827427047
6212,2000.0,2008.8311614814102
6213,2000.0,2008.4397107873979
6214,2000.0,2008.0571230990954
6215,2000.0,2007.683382626862
6216,2000.0,2007.318465725794
6217,2000.0,2006.9623412599135
6218,2000.0,2006.6149709577624
6219,2000.0,2006.276309759433
6220,2000.0,2005.9463061550712
6221,2000.0,2005.6249025148975
6222,2000.0,2005.312035410794
6223,2000.0,2005.0076359295144
6224,2000.0,2004.71162997758
6225,2000.0,2004.4239385779244
6226,2000.0,2004.1444781583648
6227,2000.0,2003.8731608319715
6228,2000.0,2003.6098946694217
6229,2000.0,2003.354583963417
6230,2000.0,2003.1071294852618
6231,2000.0,2002.867428733687
6232,2000.0,2002.6353761760236
6233,2000.0,2002.410863481822
6234,2000.0,2002.1937797490177
6235,2000.0,2001.9840117227545
6236,2000.0,2001.7814440069676
6237,2000.0,2001.5859592688405
6238,2000.0,2001.3974384362468
6239,2000.0,2001.2157608882908
6240,2000.0,2001.0408046390623
6241,2000.0,2000.8724465147252
6242,2000.0,2000.710562324057
6243,2000.0,2000.5550270225592
6244,2000.0,2000.40571487026
6245,2000.0,2000.262499583331
6246,2000.0,2000.1252544796403
6247,2000.0,1999.9938526183644
6248,2000.0,1999.868166933784
6249,2000.0,1999.7480703633848
6250,2000.0,1999.6334359703892
6251,2000.0,1999.5241370608412
6252,2000.0,1999.4200472953698
6253,2000.0,1999.3210407957522
6254,2000.0,1999.2269922464013
6255,2000.0,1999.1377769909
6256,2000.0,1999.0532711237042
6257,2000.0,1998.9733515771356
6258,2000.0,1998.8978962037843
6259,2000.0,1998.8267838544432
6260,2000.0,1998.7598944516922
6261,2000.0,1998.6971090592488
6262,2000.0,1998.6383099472039
6263,2000.0,1998.583380653258
6264,2000.0,1998.5322060400727
6265,2000.0,1998.48467234885
6266,2000.0,1998.4406672492532
6267,2000.0,1998.4000798857794
6268,2000.0,1998.3628009206916
6269,2000.0,1998.328722573622
6270,2000.0,1998.297738657948
6271,2000.0,1998.2697446140517
6272,2000.0,1998.244637539561
6273,2000.0,1998.2223162166779
6274,2000.0,1998.2026811366925
6275,2000.0,1998.1856345217814
6276,2000.0,1998.171080344188
6277,2000.0,1998.1589243428803
6278,2000.0,1998.149074037777
6279,2000.0,1998.1414387416394
6280,2000.0,1998.1359295697123
6281,2000.0,1998.1324594472087
6282,2000.0,1998.130943114719
6283,2000.0,1998.1312971316347
6284,2000.0,1998.1334398776658
6285,2000.0,1998.1372915525367
6286,2000.0,1998.1427741739367
6287,2000.0,1998.1498115738045
6288,2000.0,1998.1583293930237
6289,2000.0,1998.168255074601
6290,2000.0,1998.179517855402
6291,2000.0,1998.1920487565146
6292,2000.0,1998.2057805723064
6293,2000.0,1998.2206478582484
6294,2000.0,1998.2365869175667
6295,2000.0,1998.2535357867862
6296,2000.0,1998.271434220229
6297,2000.0,1998.2902236735295
6298,2000.0,1998.3098472862223
6299,2000.0,1998.330249863461
6300,2000.0,1998.3513778569236
6301,2000.0,1998.3731793449583
6302,2000.0,1998.3956040120217
6303,2000.0,1998.418603127459
6304,2000.0,1998.4421295236775
6305,2000.0,1998.4661375737583
6306,2000.0,1998.4905831685548
6307,2000.0,1998.5154236933206
6308,2000.0,1998.540618003909
6309,2000.0,1998.5661264025896
6310,2000.0,1998.5919106135173
6311,2000.0,1998.6179337578951
6312,2000.0,1998.6441603288686
6313,2000.0,1998.6705561661847
6314,2000.0,1998.6970884306538
6315,2000.0,1998.7237255784448
6316,2000.0,1998.7504373352474
6317,2000.0,1998.7771946703317
6318,2000.0,1998.803969770533
6319,2000.0,1998.8307360141941
6320,2000.0,1998.857467945087
6321,2000.0,1998.8841412463446
6322,2000.0,1998.9107327144252
6323,2000.0,1998.937220233132
6324,2000.0,1998.963582747713
6325,2000.0,1998.9898002390626
6326,2000.0,1999.0158536980418
6327,2000.0,1999.0417250999424
6328,2000.0,1999.0673973791074
6329,2000.0,1999.0928544037317
6330,2000.0,1999.1180809508533
6331,2000.0,1999.1430626815547
6332,2000.0,1999.1677861163907
6333,2000.0,1999.1922386110512
6334,2000.0,1999.2164083322764
6335,2000.0,1999.2402842340368
6336,2000.0,1999.263856033986
6337,2000.0,1999.287114190202
6338,2000.0,1999.3100498782221
6339,2000.0,1999.3326549683857
6340,2000.0,1999.3549220034877
6341,2000.0,1999.3768441767565
6342,2000.0,1999.39841531016
6343,2000.0,1999.419629833047
6344,2000.0,1999.4404827611318
6345,2000.0,1999.460969675823
6346,2000.0,1999.481086703908
6347,2000.0,1999.5008304975918
6348,2000.0,1999.5201982148963
6349,2000.0,1999.539187500423
6350,2000.0,1999.557796466482
6351,2000.0,1999.5760236745896
6352,2000.0,1999.5938681173366
6353,2000.0,1999.6113292006273
6354,2000.0,1999.6284067262925
6355,2000.0,1999.6451008750748
6356,2000.0,1999.6614121899888
6357,2000.0,1999.677341560053
6358,2000.0,1999.6928902043958
6359,2000.0,1999.708059656733
6360,2000.0,1999.7228517502167
6361,2000.0,1999.737268602653
6362,2000.0,1999.7513126020874
6363,2000.0,1999.7649863927552
6364,2000.0,1999.7782928613956
6365,2000.0,1999.7912351239272
6366,2000.0,1999.80381651248
6367,2000.0,1999.8160405627816
6368,2000.0,1999.8279110018984
6369,2000.0,1999.8394317363209
6370,2000.0,1999.8506068403954
6371,2000.0,1999.861440545096
6372,2000.0,1999.871937227134
6373,2000.0,1999.8821013983982
6374,2000.0,1999.8919376957256
6375,2000.0,1999.9014508709945
6376,2000.0,1999.910645781538
6377,2000.0,1999.9195273808716
6378,2000.0,1999.9281007097309
6379,2000.0,1999.9363708874155
6380,2000.0,1999.9443431034322
6381,2000.0,1999.9520226094335
6382,2000.0,1999.9594147114472
6383,2000.0,1999.9665247623914
6384,2000.0,1999.973358154868
6385,2000.0,1999.9799203142327
6386,2000.0,1999.9862166919327
6387,2000.0,1999.9922527591116
6388,2000.0,1999.9980340004695
6389,2000.0,2000.0035659083799
6390,2000.0,2000.0088539772537
6391,2000.0,2000.013903698146
6392,2000.0,2000.0187205536004
6393,2000.0,2000.0233100127261
6394,2000.0,2000.0276775265017
6395,2000.0,2000.0318285233
6396,2000.0,2000.0357684046303
6397,2000.0,2000.0395025410908
6398,2000.0,2000.0430362685267
6399,2000.0,2000.0463748843888
6400,2000.0,2000.049523644288
6401,2000.0,2000.05248775874
6402,2000.0,2000.0552723900935
6403,2000.0,2000.0578826496403
6404,2000.0,2000.060323594899
6405,2000.0,2000.0626002270692
6406,2000.0,2000.0647174886506
6407,2000.0,2000.0666802612218
6408,2000.0,2000.0684933633756
6409,2000.0,2000.070161548804
6410,2000.0,2000.0716895045282
6411,2000.0,2000.073081849272
6412,2000.0,2000.07434313197
6413,2000.0,2000.0754778304085
6414,2000.0,2000.0764903499953
6415,2000.0,2000.077385022651
6416,2000.0,2000.0781661058209
6417,2000.0,2000.0788377816
6418,2000.0,2000.0794041559716
6419,2000.0,2000.079869258149
6420,2000.0,2000.0802370400236
6421,2000.0,2000.0805113757074
6422,2000.0,2000.0806960611749
6423,2000.0,2000.080794813993
6424,2000.0,2000.080811273139
6425,2000.0,2000.0807489989033
6426,2000.0,2000.0806114728707
6427,2000.0,2000.0804020979801
6428,2000.0,2000.080124198657
6429,2000.0,2000.0797810210152
6430,2000.0,2000.0793757331267
6431,2000.0,2000.0789114253541
6432,2000.0,2000.078391110744
6433,2000.0,2000.0778177254783
6434,2000.0,2000.0771941293797
6435,2000.0,2000.0765231064684
6436,2000.0,2000.075807365569
6437,2000.0,2000.0750495409636
6438,2000.0,2000.0742521930863
6439,2000.0,2000.0734178092616
6440,2000.0,2000.07254880448
6441,2000.0,2000.0716475222098
6442,2000.0,2000.0707162352426
6443,2000.0,2000.06975714657
6444,2000.0,2000.068772390291
6445,2000.0,2000.067764032545
6446,2000.0,2000.0667340724697
6447,2000.0,2000.0656844431835
6448,2000.0,2000.0646170127884
6449,2000.0,2000.063533585391
6450,2000.0,2000.0624359021424
6451,2000.0,2000.0613256422926
6452,2000.0,2000.0602044242594
6453,2000.0,2000.0590738067094
6454,2000.0,2000.0579352896505
6455,2000.0,2000.0567903155318
6456,2000.0,2000.0556402703528
6457,2000.0,2000.0544864847782
6458,2000.0,2000.0533302352583
6459,2000.0,2000.0521727451521
6460,2000.0,2000.0510151858539
6461,2000.0,2000.0498586779204
6462,2000.0,2000.0487042921977
6463,2000.0,2000.0475530509482
6464,2000.0,2000.0464059289745
6465,2000.0,2000.045263854741
6466,2000.0,2000.0441277114917
6467,2000.0,2000.0429983383613
6468,2000.0,2000.041876531483
6469,2000.0,2000.0407630450882
6470,2000.0,2000.0396585925994
6471,2000.0,2000.0385638477148
6472,2000.0,2000.0374794454838
6473,2000.0,2000.0364059833737
6474,2000.0,2000.0353440223264
6475,2000.0,2000.0342940878033
6476,2000.0,2000.033256670821
6477,2000.0,2000.0322322289728
6478,2000.0,2000.0312211874407
6479,2000.0,2000.030223939992
6480,2000.0,2000.0292408499656
6481,2000.0,2000.0282722512427
6482,2000.0,2000.0273184492048
6483,2000.0,2000.0263797216771
6484,2000.0,2000.0254563198584
6485,2000.0,2000.0245484692355
6486,2000.0,2000.0236563704825
6487,2000.0,2000.0227802003456
6488,2000.0,2000.0219201125117
6489,2000.0,2000.0210762384631
6490,2000.0,2000.020248688315
6491,2000.0,2000.0194375516373
6492,2000.0,2000.018642898262
6493,2000.0,2000.0178647790724
6494,2000.0,2000.0171032267779
6495,2000.0,2000.0163582566722
6496,2000.0,2000.0156298673755
6497,2000.0,2000.0149180415603
6498,2000.0,2000.0142227466608
6499,2000.0,2000.0135439355672
6500,2000.0,2000.0128815473026
6501,2000.0,2000.0122355076849
6502,2000.0,2000.011605729972
6503,2000.0,2000.0109921154915
6504,2000.0,2000.0103945542544
6505,2000.0,2000.009812925553
6506,2000.0,2000.0092470985433
6507,2000.0,2000.0086969328117
6508,2000.0,2000.0081622789269
6509,2000.0,2000.0076429789751
6510,2000.0,2000.007138867082
6511,2000.0,2000.0066497699177
6512,2000.0,2000.0061755071897
6513,2000.0,2000.0057158921184
6514,2000.0,2000.0052707318991
6515,2000.0,2000.0048398281513
6516,2000.0,2000.0044229773512
6517,2000.0,2000.0040199712519
6518,2000.0,2000.0036305972906
6519,2000.0,2000.0032546389805
6520,2000.0,2000.0028918762905
6521,2000.0,2000.0025420860113
6522,2000.0,2000.00220504211
6523,2000.0,2000.0018805160705
6524,2000.0,2000.0015682772214
6525,2000.0,2000.001268093053
6526,2000.0,2000.0009797295227
6527,2000.0,2000.000702951345
6528,2000.0,2000.0004375222748
6529,2000.0,2000.0001832053763
6530,2000.0,1999.9999397632823
6531,2000.0,1999.9997069584417
6532,2000.0,1999.9994845533565
6533,2000.0,1999.9992723108096
6534,2000.0,1999.9990699940809
6535,2000.0,1999.9988773671548
6536,2000.0,1999.9986941949173
6537,2000.0,1999.9985202433434
6538,2000.0,1999.9983552796762
6539,2000.0,1999.998199072596
6540,2000.0,1999.998051392382
6541,2000.0,1999.9979120110636
6542,2000.0,1999.997780702565
6543,2000.0,1999.9976572428413
6544,2000.0,1999.997541410006
6545,2000.0,1999.997432984452
6546,2000.0,1999.9973317489637
6547,2000.0,1999.9972374888237
6548,2000.0,1999.997149991911
6549,2000.0,1999.997069048794
6550,2000.0,1999.9969944528139
6551,2000.0,1999.9969260001649
6552,2000.0,1999.9968634899674
6553,2000.0,1999.9968067243337
6554,2000.0,1999.9967555084302
6555,2000.0,1999.9967096505313
6556,2000.0,1999.996668962071
6557,2000.0,1999.9966332576864
6558,2000.0,1999.9966023552581
6559,2000.0,1999.996576075945
6560,2000.0,1999.9965542442146
6561,2000.0,1999.9965366878682
6562,2000.0,1999.9965232380632
6563,2000.0,1999.996513729329
6564,2000.0,1999.9965079995816
6565,2000.0,1999.9965058901319
6566,2000.0,1999.9965072456914
6567,2000.0,1999.996511914375
6568,2000.0,1999.9965197476993
6569,2000.0,1999.996530600578
6570,2000.0,1999.9965443313145
6571,2000.0,1999.9965608015916
6572,2000.0,1999.996579876458
6573,2000.0,1999.9966014243123
6574,2000.0,1999.996625316884
6575,2000.0,1999.9966514292141
6576,2000.0,1999.99667963963
6577,2000.0,1999.996709829721
6578,2000.0,1999.9967418843116
6579,2000.0,1999.9967756914307
6580,2000.0,1999.996811142281
6581,2000.0,1999.996848131207
6582,2000.0,1999.9968865556584
6583,2000.0,1999.9969263161565
6584,2000.0,1999.9969673162552
6585,2000.0,1999.9970094625032
6586,2000.0,1999.9970526644033
6587,2000.0,1999.9970968343723
6588,2000.0,1999.9971418876985
6589,2000.0,1999.9971877424982
6590,2000.0,1999.997234319672
6591,2000.0,1999.9972815428612
6592,2000.0,1999.9973293384014
6593,2000.0,1999.9973776352767
6594,2000.0,1999.9974263650736
6595,2000.0,1999.9974754619334
6596,2000.0,1999.9975248625046
6597,2000.0,1999.9975745058962
6598,2000.0,1999.9976243336284
6599,2000.0,1999.9976742895853
6600,2000.0,1999.9977243199653
6601,2000.0,1999.997774373233
6602,2000.0,1999.9978244000706
6603,2000.0,1999.997874353329
6604,2000.0,1999.9979241879792
6605,2000.0,1999.997973861063
6606,2000.0,1999.9980233316453
6607,2000.0,1999.9980725607654
6608,2000.0,1999.998121511389
6609,2000.0,1999.9981701483593
6610,2000.0,1999.998218438351
6611,2000.0,1999.9982663498213
6612,2000.0,1999.998313852964
6613,2000.0,1999.9983609196622
6614,2000.0,1999.9984075234424
6615,2000.0,1999.9984536394284
6616,2000.0,1999.9984992442958
6617,2000.0,1999.9985443162275
6618,2000.0,1999.998588834869
6619,2000.0,1999.9986327812842
6620,2000.0,1999.9986761379123
6621,2000.0,1999.9987188885257
6622,2000.0,1999.998761018186
6623,2000.0,1999.9988025132045
6624,2000.0,1999.998843361099
6625,2000.0,1999.9988835505555
6626,2000.0,1999.998923071387
6627,2000.0,1999.9989619144947
6628,2000.0,1999.9990000718292
6629,2000.0,1999.9990375363532
6630,2000.0,1999.9990743020041
6631,2000.0,1999.9991103636576
6632,2000.0,1999.9991457170913
6633,2000.0,1999.9991803589505
6634,2000.0,1999.9992142867131
6635,2000.0,1999.9992474986561
6636,2000.0,1999.9992799938225
6637,2000.0,1999.9993117719885
6638,2000.0,1999.9993428336327
6639,2000.0,1999.9993731799045
6640,2000.0,1999.9994028125939
6641,2000.0,1999.999431734102
6642,2000.0,1999.9994599474126
6643,2000.0,1999.999487456063
6644,2000.0,1999.9995142641174
6645,2000.0,1999.9995403761395
6646,2000.0,1999.9995657971667
6647,2000.0,1999.999590532685
6648,2000.0,1999.9996145886034
6649,2000.0,1999.9996379712302
6650,2000.0,1999.9996606872496
6651,2000.0,1999.9996827436994
6652,2000.0,1999.9997041479478
6653,2000.0,1999.9997249076728
6654,2000.0,1999.9997450308406
6655,2000.0,1999.9997645256863
6656,2000.0,1999.9997834006933
6657,2000.0,1999.9998016645752
6658,2000.0,1999.9998193262566
6659,2000.0,1999.9998363948555
6660,2000.0,1999.9998528796664
6661,2000.0,1999.9998687901434
6662,2000.0,1999.9998841358845
6663,2000.0,1999.999898926616
6664,2000.0,1999.999913172177
6665,2000.0,1999.9999268825052
6666,2000.0,1999.9999400676234
6667,2000.0,1999.999952737626
6668,2000.0,1999.999964902666
6669,2000.0,1999.9999765729426
6670,2000.0,1999.9999877586893
6671,2000.0,1999.999998470163
6672,2000.0,2000.000008717633
6673,2000.0,2000.0000185113693
6674,2000.0,2000.0000278616346
6675,2000.0,2000.0000367786733
6676,2000.0,2000.0000452727031
6677,2000.0,2000.000053353906
6678,2000.0,2000.00006103242
6679,2000.0,2000.0000683183314
6680,2000.0,2000.0000752216672
6681,2000.0,2000.000081752388
6682,2000.0,2000.0000879203815
6683,2000.0,2000.000093735455
6684,2000.0,2000.0000992073315
6685,2000.0,2000.0001043456423
6686,2000.0,2000.000109159922
6687,2000.0,2000.000113659604
6688,2000.0,2000.0001178540156
6689,2000.0,2000.0001217523732
6690,2000.0,2000.0001253637786
6691,2000.0,2000.0001286972154
6692,2000.0,2000.0001317615447
6693,2000.0,2000.0001345655023
6694,2000.0,2000.000137117696
6695,2000.0,2000.0001394266026
6696,2000.0,2000.0001415005652
6697,2000.0,2000.0001433477914
6698,2000.0,2000.0001449763513
6699,2000.0,2000.0001463941749
6700,2000.0,2000.0001476090508
6701,2000.0,2000.000148628626
6702,2000.0,2000.000149460403
6703,2000.0,2000.0001501117397
6704,2000.0,2000.0001505898488
6705,2000.0,2000.0001509017964
6706,2000.0,2000.0001510545023
6707,2000.0,2000.0001510547393
6708,2000.0,2000.0001509091321
6709,2000.0,2000.0001506241597
6710,2000.0,2000.0001502061532
6711,2000.0,2000.0001496612974
6712,2000.0,2000.000148995631
6713,2000.0,2000.0001482150462
6714,2000.0,2000.0001473252908
6715,2000.0,2000.000146331968
6716,2000.0,2000.0001452405374
6717,2000.0,2000.0001440563165
6718,2000.0,2000.0001427844804
6719,2000.0,2000.0001414300646
6720,2000.0,2000.0001399979653
6721,2000.0,2000.0001384929412
6722,2000.0,2000.000136919614
6723,2000.0,2000.000135282471
6724,2000.0,2000.0001335858658
6725,2000.0,2000.0001318340203
6726,2000.0,2000.0001300310262
6727,2000.0,2000.0001281808472
6728,2000.0,2000.0001262873202
6729,2000.0,2000.0001243541567
6730,2000.0,2000.0001223849456
6731,2000.0,2000.0001203831544
6732,2000.0,2000.0001183521315
6733,2000.0,2000.0001162951085
6734,2000.0,2000.0001142152007
6735,2000.0,2000.000112115411
6736,2000.0,2000.0001099986305
6737,2000.0,2000.000107867641
6738,2000.0,2000.0001057251175
6739,2000.0,2000.0001035736295
6740,2000.0,2000.000101415644
6741,2000.0,2000.0000992535265
6742,2000.0,2000.000097089544
6743,2000.0,2000.0000949258667
6744,2000.0,2000.0000927645701
6745,2000.0,2000.0000906076373
6746,2000.0,2000.000088456961
6747,2000.0,2000.000086314346
6748,2000.0,2000.0000841815101
6749,2000.0,2000.0000820600878
6750,2000.0,2000.000079951631
6751,2000.0,2000.0000778576123
6752,2000.0,2000.0000757794255
6753,2000.0,2000.0000737183889
6754,2000.0,2000.0000716757472
6755,2000.0,2000.0000696526731
6756,2000.0,2000.0000676502693
6757,2000.0,2000.0000656695709
6758,2000.0,2000.0000637115465
6759,2000.0,2000.0000617771016
6760,2000.0,2000.0000598670788
6761,2000.0,2000.000057982261
6762,2000.0,2000.0000561233726
6763,2000.0,2000.0000542910814
6764,2000.0,2000.0000524860004
6765,2000.0,2000.0000507086902
6766,2000.0,2000.0000489596594
6767,2000.0,2000.0000472393676
6768,2000.0,2000.000045548227
6769,2000.0,2000.0000438866034
6770,2000.0,2000.0000422548183
6771,2000.0,2000.00004065315
6772,2000.0,2000.0000390818366
6773,2000.0,2000.0000375410755
6774,2000.0,2000.0000360310269
6775,2000.0,2000.000034551814
6776,2000.0,2000.0000331035249
6777,2000.0,2000.000031686214
6778,2000.0,2000.0000302999035
6779,2000.0,2000.0000289445845
6780,2000.0,2000.000027620219
6781,2000.0,2000.0000263267405
6782,2000.0,2000.0000250640549
6783,2000.0,2000.0000238320433
6784,2000.0,2000.0000226305626
6785,2000.0,2000.0000214594459
6786,2000.0,2000.0000203185043
6787,2000.0,2000.0000192075279
6788,2000.0,2000.000018126287
6789,2000.0,2000.000017074533
6790,2000.0,2000.0000160520003
6791,2000.0,2000.0000150584062
6792,2000.0,2000.0000140934524
6793,2000.0,2000.0000131568258
6794,2000.0,2000.0000122482
6795,2000.0,2000.0000113672347
6796,2000.0,2000.000010513579
6797,2000.0,2000.0000096868698
6798,2000.0,2000.0000088867348
6799,2000.0,2000.0000081127912
6800,2000.0,2000.0000073646484
6801,2000.0,2000.0000066419075
6802,2000.0,2000.000005944162
6803,2000.0,2000.0000052709995
6804,2000.0,2000.0000046220018
6805,2000.0,2000.0000039967454
6806,2000.0,2000.0000033948018
6807,2000.0,2000.0000028157392
6808,2000.0,2000.0000022591223
6809,2000.0,2000.000001724513
6810,2000.0,2000.0000012114708
6811,2000.0,2000.0000007195545
6812,2000.0,2000.0000002483205
6813,2000.0,1999.9999997973248
6814,2000.0,1999.9999993661238
6815,2000.0,1999.9999989542732
6816,2000.0,1999.9999985613301
6817,2000.0,1999.999998186852
6818,2000.0,1999.9999978303981
6819,2000.0,1999.9999974915293
6820,2000.0,1999.9999971698082
6821,2000.0,1999.9999968648006
6822,2000.0,1999.9999965760746
6823,2000.0,1999.9999963032017
6824,2000.0,1999.9999960457558
6825,2000.0,1999.9999958033154
6826,2000.0,1999.9999955754622
6827,2000.0,1999.9999953617823
6828,2000.0,1999.999995161866
6829,2000.0,1999.9999949753085
6830,2000.0,1999.9999948017094
6831,2000.0,1999.999994640673
6832,2000.0,1999.9999944918095
6833,2000.0,1999.999994354733
6834,2000.0,1999.9999942290635
6835,2000.0,1999.9999941144267
6836,2000.0,1999.9999940104542
6837,2000.0,1999.9999939167826
6838,2000.0,1999.9999938330548
6839,2000.0,1999.9999937589193
6840,2000.0,1999.999993694031
6841,2000.0,1999.9999936380507
6842,2000.0,1999.9999935906453
6843,2000.0,1999.9999935514882
6844,2000.0,1999.9999935202584
6845,2000.0,1999.999993496642
6846,2000.0,1999.9999934803309
6847,2000.0,1999.9999934710231
6848,2000.0,1999.9999934684233
6849,2000.0,1999.9999934722425
6850,2000.0,1999.999993482198
6851,2000.0,1999.999993498014
6852,2000.0,1999.9999935194203
6853,2000.0,1999.9999935461533
6854,2000.0,1999.9999935779556
6855,2000.0,1999.9999936145764
6856,2000.0,1999.9999936557706
6857,2000.0,1999.9999937012997
6858,2000.0,1999.9999937509315
6859,2000.0,1999.9999938044396
6860,2000.0,1999.9999938616043
6861,2000.0,1999.999993922211
6862,2000.0,1999.9999939860518
6863,2000.0,1999.9999940529246
6864,2000.0,1999.999994122633
6865,2000.0,1999.9999941949868
6866,2000.0,1999.999994269801
6867,2000.0,1999.9999943468963
6868,2000.0,1999.9999944260994
6869,2000.0,1999.999994507242
6870,2000.0,1999.9999945901618
6871,2000.0,1999.9999946747014
6872,2000.0,1999.9999947607084
6873,2000.0,1999.9999948480363
6874,2000.0,1999.999994936543
6875,2000.0,1999.9999950260926
6876,2000.0,1999.9999951165528
6877,2000.0,1999.9999952077965
6878,2000.0,1999.9999952997016
6879,2000.0,1999.999995392151
6880,2000.0,1999.9999954850318
6881,2000.0,1999.9999955782357
6882,2000.0,1999.9999956716583
6883,2000.0,1999.9999957652
6884,2000.0,1999.9999958587657
6885,2000.0,1999.9999959522638
6886,2000.0,1999.9999960456066
6887,2000.0,1999.999996138711
6888,2000.0,1999.999996231497
6889,2000.0,1999.9999963238897
6890,2000.0,1999.9999964158164
6891,2000.0,1999.999996507209
6892,2000.0,1999.9999965980023
6893,2000.0,1999.9999966881348
6894,2000.0,1999.999996777548
6895,2000.0,1999.9999968661868
6896,2000.0,1999.9999969539995
6897,2000.0,1999.999997040937
6898,2000.0,1999.9999971269535
6899,2000.0,1999.9999972120058
6900,2000.0,1999.9999972960538
6901,2000.0,1999.99999737906
6902,2000.0,1999.9999974609898
6903,2000.0,1999.9999975418104
6904,2000.0,1999.9999976214922
6905,2000.0,1999.999997700008
6906,2000.0,1999.9999977773325
6907,2000.0,1999.9999978534431
6908,2000.0,1999.9999979283189
6909,2000.0,1999.9999980019413
6910,2000.0,1999.9999980742937
6911,2000.0,1999.9999981453611
6912,2000.0,1999.999998215131
6913,2000.0,1999.999998283592
6914,2000.0,1999.9999983507355
6915,2000.0,1999.9999984165536
6916,2000.0,1999.9999984810406
6917,2000.0,1999.9999985441918
6918,2000.0,1999.9999986060043
6919,2000.0,1999.9999986664766
6920,2000.0,1999.9999987256087
6921,2000.0,1999.999998783402
6922,2000.0,1999.9999988398583
6923,2000.0,1999.9999988949814
6924,2000.0,1999.9999989487762
6925,2000.0,1999.9999990012486
6926,2000.0,1999.9999990524052
6927,2000.0,1999.999999102254
6928,2000.0,1999.9999991508032
6929,2000.0,1999.9999991980628
6930,2000.0,1999.999999244043
6931,2000.0,1999.9999992887554
6932,2000.0,1999.9999993322115
6933,2000.0,1999.999999374424
6934,2000.0,1999.9999994154061
6935,2000.0,1999.9999994551717
6936,2000.0,1999.9999994937357
6937,2000.0,1999.999999531113
6938,2000.0,1999.9999995673186
6939,2000.0,1999.999999602369
6940,2000.0,1999.9999996362803
6941,2000.0,1999.9999996690694
6942,2000.0,1999.9999997007533
6943,2000.0,1999.9999997313494
6944,2000.0,1999.9999997608752
6945,2000.0,1999.999999789349
6946,2000.0,1999.999999816789
6947,2000.0,1999.9999998432138
6948,2000.0,1999.9999998686417
6949,2000.0,1999.9999998930916
6950,2000.0,1999.9999999165827
6951,2000.0,1999.9999999391337
6952,2000.0,1999.9999999607635
6953,2000.0,1999.9999999814913
6954,2000.0,2000.0000000013363
6955,2000.0,2000.0000000203179
6956,2000.0,2000.0000000384555
6957,2000.0,2000.000000055768
6958,2000.0,2000.0000000722746
6959,2000.0,2000.0000000879943
6960,2000.0,2000.0000001029462
6961,2000.0,2000.000000117149
6962,2000.0,2000.0000001306219
6963,2000.0,2000.0000001433834
6964,2000.0,2000.0000001554522
6965,2000.0,2000.0000001668466
6966,2000.0,2000.000000177585
6967,2000.0,2000.0000001876854
6968,2000.0,2000.0000001971657
6969,2000.0,2000.0000002060438
6970,2000.0,2000.0000002143372
6971,2000.0,2000.0000002220636
6972,2000.0,2000.00000022924
6973,2000.0,2000.0000002358834
6974,2000.0,2000.0000002420104
6975,2000.0,2000.000000247638
6976,2000.0,2000.000000252782
6977,2000.0,2000.0000002574589
6978,2000.0,2000.0000002616844
6979,2000.0,2000.0000002654738
6980,2000.0,2000.0000002688425
6981,2000.0,2000.0000002718057
6982,2000.0,2000.0000002743777
6983,2000.0,2000.0000002765732
6984,2000.0,2000.0000002784068
6985,2000.0,2000.000000279892
6986,2000.0,2000.0000002810425
6987,2000.0,2000.000000281872
6988,2000.0,2000.0000002823936
6989,2000.0,2000.00000028262
6990,2000.0,2000.000000282564
6991,2000.0,2000.0000002822378
6992,2000.0,2000.0000002816535
6993,2000.0,2000.0000002808226
6994,2000.0,2000.000000279757
6995,2000.0,2000.000000278468
6996,2000.0,2000.0000002769661
6997,2000.0,2000.0000002752624
6998,2000.0,2000.0000002733675
6999,2000.0,2000.0000002712914
7000,1000.0,1999.7586412200014
7001,1000.0,1998.8039266150981
7002,1000.0,1996.9264189332762
7003,1000.0,1994.168031982874
7004,1000.0,1990.5697085849465
7005,1000.0,1986.1714232411211
7006,1000.0,1981.0121856203698
7007,1000.0,1975.1300448257416
7008,1000.0,1968.5620944030459
7009,1000.0,1961.3444780544044
7010,1000.0,1953.5123960205274
7011,1000.0,1945.1001120964925
7012,1000.0,1936.1409612467194
7013,1000.0,1926.667357785756
7014,1000.0,1916.7108040923831
7015,1000.0,1906.3018998254543
7016,1000.0,1895.4703516107656
7017,1000.0,1884.2449831691388
7018,1000.0,1872.6537458567607
7019,1000.0,1860.723729589693
7020,1000.0,1848.4811741253068
7021,1000.0,1835.9514806742427
7022,1000.0,1823.1592238173205
7023,1000.0,1810.1281637026416
7024,1000.0,1796.8812584989346
7025,1000.0,1783.4406770819824
7026,1000.0,1769.8278119317577
7027,1000.0,1756.0632922186549
7028,1000.0,1742.1669970579708
7029,1000.0,1728.1580689125242
7030,1000.0,1714.0549271240372
7031,1000.0,1699.8752815546213
7032,1000.0,1685.6361463204105
7033,1000.0,1671.3538536000794
7034,1000.0,1657.0440675016623
7035,1000.0,1642.7217979717502
7036,1000.0,1628.4014147317957
7037,1000.0,1614.0966612268949
7038,1000.0,1599.8206685730363
7039,1000.0,1585.5859694894173
7040,1000.0,1571.4045122030284
7041,1000.0,1557.287674313285
7042,1000.0,1543.2462766050564
7043,1000.0,1529.2905967990034
7044,1000.0,1515.430383228667
7045,1000.0,1501.6748684342936
7046,1000.0,1488.032782663885
7047,1000.0,1474.512367272477
7048,1000.0,1461.1213880111268
7049,1000.0,1447.8671481975764
7050,1000.0,1434.7565017610173
7051,1000.0,1421.795866153833
7052,1000.0,1408.991235123636
7053,1000.0,1396.348191339338
7054,1000.0,1383.8719188654084
7055,1000.0,1371.567215478875
7056,1000.0,1359.4385048240074
7057,1000.0,1347.4898484000064
7058,1000.0,1335.724957377377
7059,1000.0,1324.1472042390283
7060,1000.0,1312.7596342424742
7061,1000.0,1301.5649766998438
7062,1000.0,1290.5656560727293
7063,1000.0,1279.7638028792078
7064,1000.0,1269.1612644106651
7065,1000.0,1258.7596152563453
7066,1000.0,1248.5601676338176
7067,1000.0,1238.5639815238221
7068,1000.0,1228.7718746082116
7069,1000.0,1219.1844320099506
7070,1000.0,1209.8020158343709
7071,1000.0,1200.6247745111082
7072,1000.0,1191.6526519363626
7073,1000.0,1182.8853964153354
7074,1000.0,1174.3225694048892
7075,1000.0,1165.9635540566749
7076,1000.0,1157.807563561149
7077,1000.0,1149.8536492930773
7078,1000.0,1142.1007087592855
7079,1000.0,1134.5474933495818
7080,1000.0,1127.1926158919193
7081,1000.0,1120.0345580130102
7082,1000.0,1113.0716773057416
7083,1000.0,1106.3022143048697
7084,1000.0,1099.7242992725862
7085,1000.0,1093.335958795672
7086,1000.0,1087.1351221960538
7087,1000.0,1081.119627756684
7088,1000.0,1075.2872287647604
7089,1000.0,1069.6355993743866
7090,1000.0,1064.162340290862
7091,1000.0,1058.8649842788611
7092,1000.0,1053.7410014968432
7093,1000.0,1048.787804660088
7094,1000.0,1044.0027540348242
7095,1000.0,1039.3831622659657
7096,1000.0,1034.9262990410298
7097,1000.0,1030.6293955928495
7098,1000.0,1026.4896490437413
7099,1000.0,1022.5042265938223
7100,1000.0,1018.6702695562061
7101,1000.0,1014.9848972418372
7102,1000.0,1011.4452106967451
7103,1000.0,1008.0482962945262
7104,1000.0,1004.7912291868736
7105,1000.0,1001.6710766149948
7106,1000.0,998.6849010847635
7107,1000.0,995.8297634084627
7108,1000.0,993.1027256159803
7109,1000.0,990.5008537383195
7110,1000.0,988.0212204662846
7111,1000.0,985.6609076872007
7112,1000.0,983.4170089025185
7113,1000.0,981.286631529146
7114,1000.0,979.266899087338
7115,1000.0,977.3549532779618
7116,1000.0,975.5479559519406
7117,1000.0,973.8430909746568
7118,1000.0,972.2375659880836
7119,1000.0,970.7286140733853
7120,1000.0,969.3134953167068
7121,1000.0,967.9894982808489
7122,1000.0,966.7539413854968
7123,1000.0,965.6041741986444
7124,1000.0,964.5375786418266
7125,1000.0,963.5515701117407
7126,1000.0,962.6435985208086
7127,1000.0,961.8111492591974
7128,1000.0,961.0517440807819
7129,1000.0,960.3629419155009
7130,1000.0,959.7423396105186
7131,1000.0,959.1875726025727
7132,1000.0,958.696315523848
7133,1000.0,958.266282743681
7134,1000.0,957.8952288483596
7135,1000.0,957.5809490612463
7136,1000.0,957.3212796054113
7137,1000.0,957.1140980109245
7138,1000.0,956.9573233689144
7139,1000.0,956.8489165344621
7140,1000.0,956.7868802803577
7141,1000.0,956.7692594037064
7142,1000.0,956.7941407873301
7143,1000.0,956.8596534178688
7144,1000.0,956.963968362448
7145,1000.0,957.1052987057332
7146,1000.0,957.2818994491553
7147,1000.0,957.4920673740464
7148,1000.0,957.7341408703882
7149,1000.0,958.0064997328308
7150,1000.0,958.307564925604
7151,1000.0,958.6357983178962
7152,1000.0,958.9897023912426
7153,1000.0,959.367819920421
7154,1000.0,959.7687336293127
7155,1000.0,960.1910658231517
7156,1000.0,960.6334779985409
7157,1000.0,961.0946704325786
7158,1000.0,961.5733817524005
7159,1000.0,962.0683884864029
7160,1000.0,962.5785045983778
7161,1000.0,963.1025810057492
7162,1000.0,963.6395050830715
7163,1000.0,964.1882001519043
7164,1000.0,964.7476249581526
7165,1000.0,965.3167731379194
7166,1000.0,965.8946726728859
7167,1000.0,966.4803853362007
7168,1000.0,967.0730061298251
7169,1000.0,967.671662714249
7170,1000.0,968.2755148314592
7171,1000.0,968.8837537220111
7172,1000.0,969.4956015370225
7173,1000.0,970.1103107458773
7174,1000.0,970.7271635403989
7175,1000.0,971.3454712362196
7176,1000.0,971.9645736720479
7177,1000.0,972.5838386075043
7178,1000.0,973.2026611201685
7179,1000.0,973.8204630024559
7180,1000.0,974.436692158911
7181,1000.0,975.0508220044837
7182,1000.0,975.6623508643247
7183,1000.0,976.270801375615
7184,1000.0,976.8757198919177
7185,1000.0,977.4766758905183
7186,1000.0,978.0732613831946
7187,1000.0,978.6650903308371
7188,1000.0,979.2517980623176
7189,1000.0,979.8330406979816
7190,1000.0,980.4084945781216
7191,1000.0,980.977855696765
7192,1000.0,981.5408391410939
7193,1000.0,982.0971785367914
7194,1000.0,982.646625499594
7195,1000.0,983.1889490933097
7196,1000.0,983.7239352945423
7197,1000.0,984.2513864643502
7198,1000.0,984.7711208270451
7199,1000.0,985.2829719563274
7200,1000.0,985.786788268931
7201,1000.0,986.2824325259443
7202,1000.0,986.7697813419524
7203,1000.0,987.2487247021359
7204,1000.0,987.7191654874464
7205,1000.0,988.1810190079658
7206,1000.0,988.6342125445447
7207,1000.0,989.0786848988025
7208,1000.0,989.5143859515606
7209,1000.0,989.9412762297671
7210,1000.0,990.3593264819649
7211,1000.0,990.7685172623385
7212,1000.0,991.1688385233709
7213,1000.0,991.5602892171285
7214,1000.0,991.9428769051833
7215,1000.0,992.316617377176
7216,1000.0,992.6815342780102
7217,1000.0,993.0376587436637
7218,1000.0,993.3850290455945
7219,1000.0,993.7236902437104
7220,1000.0,994.0536938478651
7221,1000.0,994.3750974878382
7222,1000.0,994.6879645917473
7223,1000.0,994.9923640728385
7224,1000.0,995.288370024591
7225,1000.0,995.5760614240708
7226,1000.0,995.8555218434607
7227,1000.0,996.12683916969
7228,1000.0,996.3901053320819
7229,1000.0,996.6454160379342
7230,1000.0,996.8928705159428
7231,1000.0,997.1325712673766
7232,1000.0,997.3646238249042
7233,1000.0,997.5891365189755
7234,1000.0,997.8062202516546
7235,1000.0,998.0159882777978
7236,1000.0,998.2185559934696
7237,1000.0,998.4140407314864
7238,1000.0,998.6025615639744
7239,1000.0,998.7842391118297
7240,1000.0,998.9591953609621
7241,1000.0,999.1275534852075
7242,1000.0,999.2894376757883
7243,1000.0,999.4449729772031
7244,1000.0,999.5942851294234
7245,1000.0,999.7375004162775
7246,1000.0,999.8747455198974
7247,1000.0,1000.0061473811061
7248,1000.0,1000.1318330656229
7249,1000.0,1000.2519296359623
7250,1000.0,1000.3665640289016
7251,1000.0,1000.475862938397
7252,1000.0,1000.5799527038193
7253,1000.0,1000.6789592033915
7254,1000.0,1000.7730077527002
7255,1000.0,1000.8622230081622
7256,1000.0,1000.9467288753217
7257,1000.0,1001.026648421857
7258,1000.0,1001.1021037951778
7259,1000.0,1001.1732161444909
7260,1000.0,1001.2401055472166
7261,1000.0,1001.3028909396371
7262,1000.0,1001.3616900516616
7263,1000.0,1001.4166193455895
7264,1000.0,1001.4677939587592
7265,1000.0,1001.5153276499683
7266,1000.0,1001.5593327495534
7267,1000.0,1001.5999201130174
7268,1000.0,1001.6371990780972
7269,1000.0,1001.6712774251608
7270,1000.0,1001.7022613408304
7271,1000.0,1001.730255384724
7272,1000.0,1001.7553624592135
7273,1000.0,1001.7776837820968
7274,1000.0,1001.7973188620837
7275,1000.0,1001.8143654769974
7276,1000.0,1001.8289196545946
7277,1000.0,1001.8410756559077
7278,1000.0,1001.8509259610175
7279,1000.0,1001.8585612571628
7280,1000.0,1001.8640704290987
7281,1000.0,1001.8675405516123
7282,1000.0,1001.8690568841132
7283,1000.0,1001.86870286721
7284,1000.0,1001.866560121192
7285,1000.0,1001.8627084463349
7286,1000.0,1001.8572258249495
7287,1000.0,1001.8501884250969
7288,1000.0,1001.8416706058936
7289,1000.0,1001.8317449243328
7290,1000.0,1001.8204821435489
7291,1000.0,1001.8079512424544
7292,1000.0,1001.7942194266811
7293,1000.0,1001.7793521407581
7294,1000.0,1001.7634130814592
7295,1000.0,1001.7464642122598
7296,1000.0,1001.7285657788372
7297,1000.0,1001.7097763255572
7298,1000.0,1001.6901527128853
7299,1000.0,1001.6697501356678
7300,1000.0,1001.6486221422264
7301,1000.0,1001.6268206542129
7302,1000.0,1001.6043959871711
7303,1000.0,1001.5813968717554
7304,1000.0,1001.5578704755588
7305,1000.0,1001.5338624255002
7306,1000.0,1001.5094168307257
7307,1000.0,1001.4845763059824
7308,1000.0,1001.4593819954163
7309,1000.0,1001.4338735967578
7310,1000.0,1001.4080893858523
7311,1000.0,1001.3820662414964
7312,1000.0,1001.3558396705449
7313,1000.0,1001.3294438332507
7314,1000.0,1001.3029115688033
7315,1000.0,1001.2762744210339
7316,1000.0,1001.2495626642525
7317,1000.0,1001.2228053291893
7318,1000.0,1001.1960302290088
7319,1000.0,1001.1692639853685
7320,1000.0,1001.1425320544962
7321,1000.0,1001.1158587532587
7322,1000.0,1001.0892672851982
7323,1000.0,1001.0627797665114
7324,1000.0,1001.0364172519501
7325,1000.0,1001.0101997606203
7326,1000.0,1000.9841463016605
7327,1000.0,1000.9582748997796
7328,1000.0,1000.9326026206338
7329,1000.0,1000.9071455960288
7330,1000.0,1000.8819190489266
7331,1000.0,1000.856937318244
7332,1000.0,1000.8322138834264
7333,1000.0,1000.8077613887842
7334,1000.0,1000.7835916675767
7335,1000.0,1000.7597157658339
7336,1000.0,1000.7361439659019
7337,1000.0,1000.7128858097027
7338,1000.0,1000.6899501216986
7339,1000.0,1000.667345031551
7340,1000.0,1000.6450779964646
7341,1000.0,1000.6231558232109
7342,1000.0,1000.6015846898224
7343,1000.0,1000.5803701669499
7344,1000.0,1000.55951723888
7345,1000.0,1000.5390303242032
7346,1000.0,1000.5189132961323
7347,1000.0,1000.4991695024622
7348,1000.0,1000.4798017851712
7349,1000.0,1000.4608124996578
7350,1000.0,1000.4422035336117
7351,1000.0,1000.4239763255167
7352,1000.0,1000.4061318827821
7353,1000.0,1000.3886707995036
7354,1000.0,1000.3715932738504
7355,1000.0,1000.3548991250796
7356,1000.0,1000.3385878101767
7357,1000.0,1000.3226584401234
7358,1000.0,1000.3071097957912
7359,1000.0,1000.291940343464
7360,1000.0,1000.2771482499898
7361,1000.0,1000.2627313975624
7362,1000.0,1000.2486873981369
7363,1000.0,1000.2350136074779
7364,1000.0,1000.221707138846
7365,1000.0,1000.2087648763229
7366,1000.0,1000.1961834877786
7367,1000.0,1000.1839594374848
7368,1000.0,1000.1720889983752
7369,1000.0,1000.1605682639598
7370,1000.0,1000.1493931598922
7371,1000.0,1000.1385594551979
7372,1000.0,1000.1280627731661
7373,1000.0,1000.1178986019077
7374,1000.0,1000.1080623045857
7375,1000.0,1000.0985491293218
7376,1000.0,1000.0893542187832
7377,1000.0,1000.0804726194547
7378,1000.0,1000.0718992906002
7379,1000.0,1000.0636291129202
7380,1000.0,1000.0556568969083
7381,1000.0,1000.0479773909116
7382,1000.0,1000.040585288902
7383,1000.0,1000.0334752379616
7384,1000.0,1000.0266418454886
7385,1000.0,1000.0200796861275
7386,1000.0,1000.0137833084306
7387,1000.0,1000.0077472412548
7388,1000.0,1000.0019659998998
7389,1000.0,999.9964340919918
7390,1000.0,999.9911460231201
7391,1000.0,999.9860963022297
7392,1000.0,999.9812794467771
7393,1000.0,999.9766899876531
7394,1000.0,999.9723224738791
7395,1000.0,999.9681714770821
7396,1000.0,999.9642315957531
7397,1000.0,999.9604974592938
7398,1000.0,999.9569637318593
7399,1000.0,999.9536251159984
7400,1000.0,999.9504763561001
7401,1000.0,999.9475122416491
7402,1000.0,999.9447276102964
7403,1000.0,999.9421173507503
7404,1000.0,999.9396764054923
7405,1000.0,999.9373997733228
7406,1000.0,999.9352825117422
7407,1000.0,999.9333197391717
7408,1000.0,999.9315066370184
7409,1000.0,999.9298384515907
7410,1000.0,999.9283104958672
7411,1000.0,999.9269181511243
7412,1000.0,999.9256568684272
7413,1000.0,999.9245221699894
7414,1000.0,999.9235096504032
7415,1000.0,999.9226149777479
7416,1000.0,999.9218338945786
7417,1000.0,999.9211622187997
7418,1000.0,999.9205958444285
7419,1000.0,999.9201307422511
7420,1000.0,999.9197629603769
7421,1000.0,999.9194886246933
7422,1000.0,999.9193039392259
7423,1000.0,999.919205186408
7424,1000.0,999.919188727262
7425,1000.0,999.919251001498
7426,1000.0,999.9193885275307
7427,1000.0,999.9195979024212
7428,1000.0,999.919875801744
7429,1000.0,999.9202189793851
7430,1000.0,999.9206242672731
7431,1000.0,999.9210885750449
7432,1000.0,999.921608889654
7433,1000.0,999.9221822749187
7434,1000.0,999.9228058710165
7435,1000.0,999.9234768939269
7436,1000.0,999.9241926348253
7437,1000.0,999.9249504594301
7438,1000.0,999.9257478073067
7439,1000.0,999.9265821911307
7440,1000.0,999.9274511959114
7441,1000.0,999.928352478181
7442,1000.0,999.9292837651476
7443,1000.0,999.9302428538194
7444,1000.0,999.9312276100977
7445,1000.0,999.9322359678432
7446,1000.0,999.933265927918
7447,1000.0,999.9343155572035
7448,1000.0,999.9353829875979
7449,1000.0,999.9364664149946
7450,1000.0,999.9375640982425
7451,1000.0,999.9386743580918
7452,1000.0,999.9397955761244
7453,1000.0,999.9409261936735
7454,1000.0,999.9420647107316
7455,1000.0,999.9432096848495
7456,1000.0,999.9443597300278
7457,1000.0,999.9455135156014
7458,1000.0,999.9466697651203
7459,1000.0,999.9478272552253
7460,1000.0,999.9489848145223
7461,1000.0,999.9501413224548
7462,1000.0,999.9512957081766
7463,1000.0,999.9524469494255
7464,1000.0,999.9535940713986
7465,1000.0,999.9547361456313
7466,1000.0,999.9558722888801
7467,1000.0,999.9570016620102
7468,1000.0,999.9581234688882
7469,1000.0,999.9592369552827
7470,1000.0,999.9603414077711
7471,1000.0,999.9614361526554
7472,1000.0,999.962520554886
7473,1000.0,999.9635940169957
7474,1000.0,999.9646559780424
7475,1000.0,999.9657059125645
7476,1000.0,999.9667433295458
7477,1000.0,999.9677677713927
7478,1000.0,999.9687788129237
7479,1000.0,999.9697760603711
7480,1000.0,999.9707591503964
7481,1000.0,999.9717277491181
7482,1000.0,999.972681551155
7483,1000.0,999.9736202786814
7484,1000.0,999.9745436804988
7485,1000.0,999.9754515311204
7486,1000.0,999.9763436298723
7487,1000.0,999.9772198000085
7488,1000.0,999.9780798878415
7489,1000.0,999.9789237618894
7490,1000.0,999.9797513120368
7491,1000.0,999.9805624487136
7492,1000.0,999.9813571020883
7493,1000.0,999.9821352212774
7494,1000.0,999.9828967735715
7495,1000.0,999.9836417436767
7496,1000.0,999.9843701329729
7497,1000.0,999.9850819587878
7498,1000.0,999.9857772536868
7499,1000.0,999.9864560647801
7500,1000.0,999.9871184530443
7501,1000.0,999.9877644926617
7502,1000.0,999.9883942703742
7503,1000.0,999.9890078848543
7504,1000.0,999.9896054460911
7505,1000.0,999.9901870747921
7506,1000.0,999.9907529018013
7507,1000.0,999.9913030675325
7508,1000.0,999.9918377214171
7509,1000.0,999.992357021369
7510,1000.0,999.9928611332626
7511,1000.0,999.9933502304273
7512,1000.0,999.9938244931557
7513,1000.0,999.9942841082275
7514,1000.0,999.9947292684469
7515,1000.0,999.995160172195
7516,1000.0,999.9955770229955
7517,1000.0,999.9959800290949
7518,1000.0,999.9963694030563
7519,1000.0,999.9967453613666
7520,1000.0,999.9971081240569
7521,1000.0,999.9974579143362
7522,1000.0,999.9977949582376
7523,1000.0,999.9981194842775
7524,1000.0,999.9984317231268
7525,1000.0,999.998731907295
7526,1000.0,999.9990202708256
7527,1000.0,999.9992970490033
7528,1000.0,999.9995624780735
7529,1000.0,999.9998167949716
7530,1000.0,1000.0000602370651
7531,1000.0,1000.0002930419053
7532,1000.0,1000.0005154469899
7533,1000.0,1000.000727689536
7534,1000.0,1000.0009300062637
7535,1000.0,1000.0011226331886
7536,1000.0,1000.001305805425
7537,1000.0,1000.0014797569977
7538,1000.0,1000.0016447206638
7539,1000.0,1000.0018009277426
7540,1000.0,1000.0019486079553
7541,1000.0,1000.0020879892726
7542,1000.0,1000.0022192977699
7543,1000.0,1000.0023427574924
7544,1000.0,1000.0024585903265
7545,1000.0,1000.0025670158795
7546,1000.0,1000.0026682513667
7547,1000.0,1000.0027625115054
7548,1000.0,1000.0028500084164
7549,1000.0,1000.0029309515322
7550,1000.0,1000.0030055475113
7551,1000.0,1000.003074000159
7552,1000.0,1000.0031365103554
7553,1000.0,1000.0031932759879
7554,1000.0,1000.0032444918905
7555,1000.0,1000.0032903497885
7556,1000.0,1000.003331038248
7557,1000.0,1000.0033667426319
7558,1000.0,1000.0033976450594
7559,1000.0,1000.0034239243716
7560,1000.0,1000.0034457561012
7561,1000.0,1000.0034633124466
7562,1000.0,1000.0034767622508
7563,1000.0,1000.0034862709839
7564,1000.0,1000.0034920007304
7565,1000.0,1000.0034941101793
7566,1000.0,1000.003492754619
7567,1000.0,1000.0034880859347
7568,1000.0,1000.0034802526101
7569,1000.0,1000.0034693997311
7570,1000.0,1000.0034556689943
7571,1000.0,1000.003439198717
7572,1000.0,1000.0034201238507
7573,1000.0,1000.0033985759967
7574,1000.0,1000.0033746834251
7575,1000.0,1000.0033485710956
7576,1000.0,1000.0033203606803
7577,1000.0,1000.0032901705896
7578,1000.0,1000.0032581159996
7579,1000.0,1000.0032243088813
7580,1000.0,1000.0031888580316
7581,1000.0,1000.0031518691069
7582,1000.0,1000.0031134446565
7583,1000.0,1000.0030736841594
7584,1000.0,1000.0030326840615
7585,1000.0,1000.0029905378144
7586,1000.0,1000.0029473359149
7587,1000.0,1000.0029031659465
7588,1000.0,1000.0028581126212
7589,1000.0,1000.0028122578225
7590,1000.0,1000.0027656806494
7591,1000.0,1000.002718457461
7592,1000.0,1000.0026706619216
7593,1000.0,1000.0026223650469
7594,1000.0,1000.0025736352509
7595,1000.0,1000.0025245383922
7596,1000.0,1000.0024751378219
7597,1000.0,1000.0024254944311
7598,1000.0,1000.0023756666995
7599,1000.0,1000.0023257107435
7600,1000.0,1000.0022756803645
7601,1000.0,1000.0022256270976
7602,1000.0,1000.0021756002607
7603,1000.0,1000.0021256470031
7604,1000.0,1000.0020758123541
7605,1000.0,1000.0020261392714
7606,1000.0,1000.0019766686903
7607,1000.0,1000.0019274395714
7608,1000.0,1000.0018784889493
7609,1000.0,1000.00182985198
7610,1000.0,1000.0017815619894
7611,1000.0,1000.00173365052
7612,1000.0,1000.001686147378
7613,1000.0,1000.0016390806803
7614,1000.0,1000.0015924769006
7615,1000.0,1000.001546360915
7616,1000.0,1000.001500756048
7617,1000.0,1000.0014556841168
7618,1000.0,1000.0014111654759
7619,1000.0,1000.0013672190615
7620,1000.0,1000.001323862434
7621,1000.0,1000.0012811118215
7622,1000.0,1000.001238982162
7623,1000.0,1000.0011974871446
7624,1000.0,1000.0011566392508
7625,1000.0,1000.001116449795
7626,1000.0,1000.0010769289642
7627,1000.0,1000.0010380858572
7628,1000.0,1000.0009999285234
7629,1000.0,1000.0009624639999
7630,1000.0,1000.0009256983495
7631,1000.0,1000.0008896366966
7632,1000.0,1000.0008542832632
7633,1000.0,1000.0008196414041
7634,1000.0,1000.0007857136413
7635,1000.0,1000.0007525016981
7636,1000.0,1000.0007200065315
7637,1000.0,1000.0006882283651
7638,1000.0,1000.0006571667205
7639,1000.0,1000.0006268204484
7640,1000.0,1000.0005971877586
7641,1000.0,1000.00056826625
7642,1000.0,1000.0005400529391
7643,1000.0,1000.0005125442885
7644,1000.0,1000.000485736234
7645,1000.0,1000.0004596242118
7646,1000.0,1000.0004342031842
7647,1000.0,1000.0004094676658
7648,1000.0,1000.0003854117472
7649,1000.0,1000.00036202912
7650,1000.0,1000.0003393130999
7651,1000.0,1000.0003172566494
7652,1000.0,1000.0002958524002
7653,1000.0,1000.0002750926744
7654,1000.0,1000.0002549695056
7655,1000.0,1000.000235474659
7656,1000.0,1000.0002165996511
7657,1000.0,1000.0001983357688
7658,1000.0,1000.0001806740873
7659,1000.0,1000.0001636054884
7660,1000.0,1000.0001471206774
7661,1000.0,1000.0001312102002
7662,1000.0,1000.0001158644587
7663,1000.0,1000.0001010737271
7664,1000.0,1000.0000868281662
7665,1000.0,1000.0000731178379
7666,1000.0,1000.0000599327196
7667,1000.0,1000.000047262717
7668,1000.0,1000.0000350976769
7669,1000.0,1000.0000234274004
7670,1000.0,1000.0000122416535
7671,1000.0,1000.0000015301796
7672,1000.0,999.9999912827099
7673,1000.0,999.9999814889735
7674,1000.0,999.9999721387084
7675,1000.0,999.9999632216698
7676,1000.0,999.9999547276402
7677,1000.0,999.9999466464378
7678,1000.0,999.9999389679244
7679,1000.0,999.9999316820138
7680,1000.0,999.9999247786789
7681,1000.0,999.9999182479589
7682,1000.0,999.9999120799665
7683,1000.0,999.9999062648936
7684,1000.0,999.9999007930178
7685,1000.0,999.9998956547076
7686,1000.0,999.9998908404284
7687,1000.0,999.9998863407468
7688,1000.0,999.9998821463356
7689,1000.0,999.9998782479785
7690,1000.0,999.9998746365735
7691,1000.0,999.9998713031373
7692,1000.0,999.9998682388086
7693,1000.0,999.9998654348516
7694,1000.0,999.9998628826584
7695,1000.0,999.9998605737524
7696,1000.0,999.9998584997901
7697,1000.0,999.9998566525642
7698,1000.0,999.9998550240049
7699,1000.0,999.9998536061821
7700,1000.0,999.9998523913067
7701,1000.0,999.9998513717322
7702,1000.0,999.9998505399559
7703,1000.0,999.9998498886199
7704,1000.0,999.9998494105115
7705,1000.0,999.9998490985646
7706,1000.0,999.9998489458596
7707,1000.0,999.9998489456241
7708,1000.0,999.9998490912324
7709,1000.0,999.9998493762059
7710,1000.0,999.9998497942133
7711,1000.0,999.99985033907
7712,1000.0,999.9998510047373
7713,1000.0,999.9998517853227
7714,1000.0,999.9998526750787
7715,1000.0,999.9998536684022
7716,1000.0,999.9998547598334
7717,1000.0,999.9998559440551
7718,1000.0,999.9998572158917
7719,1000.0,999.999858570308
7720,1000.0,999.9998600024078
7721,1000.0,999.9998615074326
7722,1000.0,999.9998630807604
7723,1000.0,999.9998647179042
7724,1000.0,999.9998664145099
7725,1000.0,999.9998681663558
7726,1000.0,999.9998699693499
7727,1000.0,999.999871819529
7728,1000.0,999.9998737130561
7729,1000.0,999.9998756462196
7730,1000.0,999.9998776154307
7731,1000.0,999.9998796172217
7732,1000.0,999.9998816482442
7733,1000.0,999.999883705267
7734,1000.0,999.9998857851745
7735,1000.0,999.999887884964
7736,1000.0,999.9998900017443
7737,1000.0,999.9998921327336
7738,1000.0,999.9998942752571
7739,1000.0,999.9998964267451
7740,1000.0,999.9998985847307
7741,1000.0,999.9999007468483
7742,1000.0,999.999902910831
7743,1000.0,999.9999050745084
7744,1000.0,999.9999072358049
7745,1000.0,999.9999093927374
7746,1000.0,999.9999115434133
7747,1000.0,999.999913686028
7748,1000.0,999.9999158188633
7749,1000.0,999.9999179402851
7750,1000.0,999.9999200487412
7751,1000.0,999.9999221427594
7752,1000.0,999.9999242209456
7753,1000.0,999.9999262819814
7754,1000.0,999.9999283246223
7755,1000.0,999.9999303476956
7756,1000.0,999.9999323500984
7757,1000.0,999.9999343307961
7758,1000.0,999.9999362888195
7759,1000.0,999.9999382232637
7760,1000.0,999.9999401332856
7761,1000.0,999.9999420181024
7762,1000.0,999.99994387699
7763,1000.0,999.9999457092805
7764,1000.0,999.9999475143608
7765,1000.0,999.9999492916704
7766,1000.0,999.9999510407005
7767,1000.0,999.9999527609913
7768,1000.0,999.999954452131
7769,1000.0,999.9999561137535
7770,1000.0,999.9999577455375
7771,1000.0,999.9999593472043
7772,1000.0,999.9999609185163
7773,1000.0,999.9999624592756
7774,1000.0,999.9999639693225
7775,1000.0,999.9999654485338
7776,1000.0,999.9999668968214
7777,1000.0,999.9999683141309
7778,1000.0,999.9999697004401
7779,1000.0,999.9999710557579
7780,1000.0,999.9999723801225
7781,1000.0,999.9999736736003
7782,1000.0,999.9999749362848
7783,1000.0,999.9999761682955
7784,1000.0,999.9999773697756
7785,1000.0,999.999978540892
7786,1000.0,999.9999796818335
7787,1000.0,999.9999807928099
7788,1000.0,999.9999818740507
7789,1000.0,999.9999829258043
7790,1000.0,999.9999839483365
7791,1000.0,999.9999849419302
7792,1000.0,999.9999859068836
7793,1000.0,999.9999868435098
7794,1000.0,999.9999877521354
7795,1000.0,999.9999886331002
7796,1000.0,999.9999894867557
7797,1000.0,999.9999903134644
7798,1000.0,999.9999911135993
7799,1000.0,999.9999918875426
7800,1000.0,999.9999926356853
7801,1000.0,999.9999933584264
7802,1000.0,999.999994056172
7803,1000.0,999.9999947293346
7804,1000.0,999.9999953783326
7805,1000.0,999.9999960035897
7806,1000.0,999.9999966055337
7807,1000.0,999.9999971845969
7808,1000.0,999.9999977412142
7809,1000.0,999.9999982758238
7810,1000.0,999.999998788866
7811,1000.0,999.9999992807826
7812,1000.0,999.9999997520167
7813,1000.0,1000.0000002030123
7814,1000.0,1000.0000006342134
7815,1000.0,1000.000001046064
7816,1000.0,1000.0000014390073
7817,1000.0,1000.0000018134856
7818,1000.0,1000.0000021699399
7819,1000.0,1000.0000025088092
7820,1000.0,1000.0000028305305
7821,1000.0,1000.0000031355386
7822,1000.0,1000.0000034242652
7823,1000.0,1000.0000036971389
7824,1000.0,1000.0000039545853
7825,1000.0,1000.0000041970261
7826,1000.0,1000.0000044248795
7827,1000.0,1000.0000046385594
7828,1000.0,1000.0000048384754
7829,1000.0,1000.0000050250326
7830,1000.0,1000.0000051986314
7831,1000.0,1000.0000053596673
7832,1000.0,1000.0000055085309
7833,1000.0,1000.0000056456073
7834,1000.0,1000.0000057712765
7835,1000.0,1000.0000058859129
7836,1000.0,1000.0000059898853
7837,1000.0,1000.0000060835567
7838,1000.0,1000.0000061672844
7839,1000.0,1000.0000062414194
7840,1000.0,1000.0000063063073
7841,1000.0,1000.0000063622873
7842,1000.0,1000.0000064096923
7843,1000.0,1000.0000064488491
7844,1000.0,1000.0000064800784
7845,1000.0,1000.0000065036944
7846,1000.0,1000.0000065200053
7847,1000.0,1000.0000065293128
7848,1000.0,1000.0000065319123
7849,1000.0,1000.0000065280926
7850,1000.0,1000.0000065181367
7851,1000.0,1000.0000065023208
7852,1000.0,1000.0000064809149
7853,1000.0,1000.0000064541823
7854,1000.0,1000.0000064223806
7855,1000.0,1000.0000063857607
7856,1000.0,1000.0000063445673
7857,1000.0,1000.0000062990389
7858,1000.0,1000.0000062494079
7859,1000.0,1000.0000061959004
7860,1000.0,1000.0000061387365
7861,1000.0,1000.0000060781302
7862,1000.0,1000.0000060142897
7863,1000.0,1000.0000059474172
7864,1000.0,1000.000005877709
7865,1000.0,1000.0000058053557
7866,1000.0,1000.0000057305421
7867,1000.0,1000.000005653447
7868,1000.0,1000.0000055742443
7869,1000.0,1000.0000054931019
7870,1000.0,1000.0000054101826
7871,1000.0,1000.0000053256437
7872,1000.0,1000.0000052396371
7873,1000.0,1000.0000051523095
7874,1000.0,1000.0000050638029
7875,1000.0,1000.0000049742538
7876,1000.0,1000.0000048837941
7877,1000.0,1000.0000047925506
7878,1000.0,1000.0000047006455
7879,1000.0,1000.0000046081962
7880,1000.0,1000.0000045153155
7881,1000.0,1000.0000044221119
7882,1000.0,1000.0000043286896
7883,1000.0,1000.000004235148
7884,1000.0,1000.0000041415828
7885,1000.0,1000.0000040480854
7886,1000.0,1000.000003954743
7887,1000.0,1000.0000038616388
7888,1000.0,1000.0000037688525
7889,1000.0,1000.00000367646
7890,1000.0,1000.0000035845331
7891,1000.0,1000.0000034931406
7892,1000.0,1000.0000034023474
7893,1000.0,1000.000003312215
7894,1000.0,1000.0000032228016
7895,1000.0,1000.0000031341626
7896,1000.0,1000.0000030463498
7897,1000.0,1000.000002959412
7898,1000.0,1000.0000028733951
7899,1000.0,1000.0000027883423
7900,1000.0,1000.0000027042937
7901,1000.0,1000.0000026212867
7902,1000.0,1000.0000025393563
7903,1000.0,1000.0000024585347
7904,1000.0,1000.000002378852
7905,1000.0,1000.0000023003355
7906,1000.0,1000.0000022230103
7907,1000.0,1000.0000021468992
7908,1000.0,1000.0000020720231
7909,1000.0,1000.0000019984004
7910,1000.0,1000.0000019260478
7911,1000.0,1000.0000018549799
7912,1000.0,1000.0000017852096
7913,1000.0,1000.000001716748
7914,1000.0,1000.0000016496041
7915,1000.0,1000.0000015837855
7916,1000.0,1000.0000015192983
7917,1000.0,1000.0000014561468
7918,1000.0,1000.0000013943342
7919,1000.0,1000.0000013338616
7920,1000.0,1000.0000012747294
7921,1000.0,1000.0000012169362
7922,1000.0,1000.0000011604798
7923,1000.0,1000.0000011053565
7924,1000.0,1000.0000010515618
7925,1000.0,1000.0000009990896
7926,1000.0,1000.0000009479331
7927,1000.0,1000.0000008980847
7928,1000.0,1000.0000008495358
7929,1000.0,1000.0000008022764
7930,1000.0,1000.0000007562965
7931,1000.0,1000.0000007115847
7932,1000.0,1000.000000668129
7933,1000.0,1000.0000006259169
7934,1000.0,1000.000000584935
7935,1000.0,1000.0000005451694
7936,1000.0,1000.0000005066056
7937,1000.0,1000.0000004692286
7938,1000.0,1000.0000004330229
7939,1000.0,1000.0000003979727
7940,1000.0,1000.0000003640615
7941,1000.0,1000.0000003312726
7942,1000.0,1000.0000002995889
7943,1000.0,1000.000000268993
7944,1000.0,1000.0000002394671
7945,1000.0,1000.0000002109933
7946,1000.0,1000.0000001835533
7947,1000.0,1000.0000001571286
7948,1000.0,1000.0000001317006
7949,1000.0,1000.0000001072506
7950,1000.0,1000.0000000837596
7951,1000.0,1000.0000000612085
7952,1000.0,1000.0000000395785
7953,1000.0,1000.0000000188503
7954,1000.0,999.9999999990049
7955,1000.0,999.9999999800231
7956,1000.0,999.9999999618855
7957,1000.0,999.999999944573
7958,1000.0,999.9999999280665
7959,1000.0,999.9999999123468
7960,1000.0,999.9999998973949
7961,1000.0,999.9999998831919
7962,1000.0,999.999999869719
7963,1000.0,999.9999998569574
7964,1000.0,999.9999998448887
7965,1000.0,999.9999998334944
7966,1000.0,999.9999998227559
7967,1000.0,999.9999998126551
7968,1000.0,999.9999998031743
7969,1000.0,999.9999997942956
7970,1000.0,999.9999997860015
7971,1000.0,999.9999997782744
7972,1000.0,999.9999997710974
7973,1000.0,999.9999997644533
7974,1000.0,999.9999997583254
7975,1000.0,999.9999997526972
7976,1000.0,999.9999997475526
7977,1000.0,999.9999997428754
7978,1000.0,999.9999997386499
7979,1000.0,999.9999997348604
7980,1000.0,999.9999997314915
7981,1000.0,999.9999997285285
7982,1000.0,999.9999997259565
7983,1000.0,999.999999723761
7984,1000.0,999.9999997219277
7985,1000.0,999.9999997204426
7986,1000.0,999.999999719292
7987,1000.0,999.9999997184624
7988,1000.0,999.9999997179408
7989,1000.0,999.9999997177143
7990,1000.0,999.9999997177703
7991,1000.0,999.9999997180963
7992,1000.0,999.9999997186806
7993,1000.0,999.9999997195113
7994,1000.0,999.9999997205767
7995,1000.0,999.9999997218657
7996,1000.0,999.9999997233673
7997,1000.0,999.9999997250708
7998,1000.0,999.9999997269657
7999,1000.0,999.9999997290421
8000,2000.0,1000.2413587803319
8001,2000.0,1001.1960733852352
8002,2000.0,1003.0735810670569
8003,2000.0,1005.8319680174588
8004,2000.0,1009.430291415386
8005,2000.0,1013.8285767592108
8006,2000.0,1018.9878143799616
8007,2000.0,1024.869955174589
8008,2000.0,1031.4379055972838
8009,2000.0,1038.6555219459244
8010,2000.0,1046.4876039798003
8011,2000.0,1054.899887903834
8012,2000.0,1063.8590387536053
8013,2000.0,1073.3326422145667
8014,2000.0,1083.2891959079373
8015,2000.0,1093.698100174864
8016,2000.0,1104.5296483895504
8017,2000.0,1115.755016831175
8018,2000.0,1127.3462541435506
8019,2000.0,1139.2762704106156
8020,2000.0,1151.5188258749986
8021,2000.0,1164.0485193260595
8022,2000.0,1176.8407761829785
8023,2000.0,1189.8718362976538
8024,2000.0,1203.1187415013574
8025,2000.0,1216.5593229183062
8026,2000.0,1230.1721880685277
8027,2000.0,1243.9367077816275
8028,2000.0,1257.8330029423084
8029,2000.0,1271.8419310877518
8030,2000.0,1285.9450728762351
8031,2000.0,1300.1247184456472
8032,2000.0,1314.3638536798546
8033,2000.0,1328.6461464001825
8034,2000.0,1342.9559324985964
8035,2000.0,1357.2782020285058
8036,2000.0,1371.5985852684576
8037,2000.0,1385.9033387733557
8038,2000.0,1400.1793314272115
8039,2000.0,1414.4140305108276
8040,2000.0,1428.5954877972138
8041,2000.0,1442.7123256869545
8042,2000.0,1456.75372339518
8043,2000.0,1470.7094032012299
8044,2000.0,1484.569616771563
8045,2000.0,1498.3251315659338
8046,2000.0,1511.96721733634
8047,2000.0,1525.4876327277457
8048,2000.0,1538.8786119890935
8049,2000.0,1552.1328518026417
8050,2000.0,1565.2434982391985
8051,2000.0,1578.2041338463807
8052,2000.0,1591.008764876576
8053,2000.0,1603.6518086608721
8054,2000.0,1616.1280811347997
8055,2000.0,1628.4327845213309
8056,2000.0,1640.5614951761959
8057,2000.0,1652.5101516001946
8058,2000.0,1664.2750426228217
8059,2000.0,1675.8527957611682
8060,2000.0,1687.2403657577204
8061,2000.0,1698.435023300349
8062,2000.0,1709.4343439274612
8063,2000.0,1720.2361971209805
8064,2000.0,1730.8387355895209
8065,2000.0,1741.2403847438386
8066,2000.0,1751.4398323663645
8067,2000.0,1761.4360184763584
8068,2000.0,1771.2281253919673
8069,2000.0,1780.8155679902268
8070,2000.0,1790.197984165805
8071,2000.0,1799.3752254890667
8072,2000.0,1808.3473480638108
8073,2000.0,1817.114603584837
8074,2000.0,1825.6774305952822
8075,2000.0,1834.0364459434952
8076,2000.0,1842.1924364390197
8077,2000.0,1850.1463507070905
8078,2000.0,1857.8992912408812
8079,2000.0,1865.4525066505835
8080,2000.0,1872.8073841082444
8081,2000.0,1879.965441987152
8082,2000.0,1886.9283226944192
8083,2000.0,1893.69778569529
8084,2000.0,1900.275700727572
8085,2000.0,1906.6640412044846
8086,2000.0,1912.8648778041015
8087,2000.0,1918.8803722434698
8088,2000.0,1924.712771235392
8089,2000.0,1930.3644006257641
8090,2000.0,1935.8376597092872
8091,2000.0,1941.1350157212867
8092,2000.0,1946.2589985033032
8093,2000.0,1951.2121953400567
8094,2000.0,1955.997245965319
8095,2000.0,1960.6168377341762
8096,2000.0,1965.0737009591112
8097,2000.0,1969.3706044072906
8098,2000.0,1973.5103509563978
8099,2000.0,1977.495773406316
8100,2000.0,1981.3297304439316
8101,2000.0,1985.0151027583001
8102,2000.0,1988.5547893033922
8103,2000.0,1991.9517037056114
8104,2000.0,1995.2087708132644
8105,2000.0,1998.328923385144
8106,2000.0,2001.3150989153762
8107,2000.0,2004.1702365916778
8108,2000.0,2006.8972743841612
8109,2000.0,2009.499146261823
8110,2000.0,2011.978779533859
8111,2000.0,2014.3390923129446
8112,2000.0,2016.5829910976286
8113,2000.0,2018.7133684710032
8114,2000.0,2020.7331009128131
8115,2000.0,2022.6450467221912
8116,2000.0,2024.4520440482145
8117,2000.0,2026.1569090255007
8118,2000.0,2027.7624340120765
8119,2000.0,2029.2713859267774
8120,2000.0,2030.6865046834587
8121,2000.0,2032.0105017193196
8122,2000.0,2033.2460586146747
8123,2000.0,2034.39582580153
8124,2000.0,2035.462421358351
8125,2000.0,2036.4484298884406
8126,2000.0,2037.3564014793765
8127,2000.0,2038.1888507409915
8128,2000.0,2038.9482559194103
8129,2000.0,2039.6370580846947
8130,2000.0,2040.2576603896805
8131,2000.0,2040.81242739763
8132,2000.0,2041.3036844763583
8133,2000.0,2041.733717256529
8134,2000.0,2042.104771151854
8135,2000.0,2042.4190509389707
8136,2000.0,2042.678720394809
8137,2000.0,2042.8859019892993
8138,2000.0,2043.042676631313
8139,2000.0,2043.151083465769
8140,2000.0,2043.213119719877
8141,2000.0,2043.230740596532
8142,2000.0,2043.2058592129122
8143,2000.0,2043.140346582377
8144,2000.0,2043.0360316378017
8145,2000.0,2042.89470129452
8146,2000.0,2042.7181005511013
8147,2000.0,2042.5079326262137
8148,2000.0,2042.2658591298753
8149,2000.0,2041.9935002674356
8150,2000.0,2041.6924350746654
8151,2000.0,2041.3642016823762
8152,2000.0,2041.010297609033
8153,2000.0,2040.6321800798576
8154,2000.0,2040.2312663709686
8155,2000.0,2039.808934177132
8156,2000.0,2039.3665220017454
8157,2000.0,2038.9053295677102
8158,2000.0,2038.426618247891
8159,2000.0,2037.9316115138909
8160,2000.0,2037.4214954019183
8161,2000.0,2036.8974189945488
8162,2000.0,2036.3604949172288
8163,2000.0,2035.8117998483983
8164,2000.0,2035.2523750421524
8165,2000.0,2034.6832268623878
8166,2000.0,2034.1053273274233
8167,2000.0,2033.5196146641106
8168,2000.0,2032.9269938704883
8169,2000.0,2032.3283372860667
8170,2000.0,2031.7244851688588
8171,2000.0,2031.116246278309
8172,2000.0,2030.5043984632996
8173,2000.0,2029.8896892544462
8174,2000.0,2029.2728364599263
8175,2000.0,2028.6545287641077
8176,2000.0,2028.0354263282813
8177,2000.0,2027.4161613928268
8178,2000.0,2026.7973388801643
8179,2000.0,2026.1795369978786
8180,2000.0,2025.563307841425
8181,2000.0,2024.949177995854
8182,2000.0,2024.3376491360145
8183,2000.0,2023.7291986247258
8184,2000.0,2023.1242801084245
8185,2000.0,2022.5233241098254
8186,2000.0,2021.9267386171505
8187,2000.0,2021.334909669509
8188,2000.0,2020.7482019380293
8189,2000.0,2020.166959302366
8190,2000.0,2019.5915054222266
8191,2000.0,2019.0221443035834
8192,2000.0,2018.459160859255
8193,2000.0,2017.902821463558
8194,2000.0,2017.353374500756
8195,2000.0,2016.8110509070411
8196,2000.0,2016.2760647058094
8197,2000.0,2015.7486135360025
8198,2000.0,2015.2288791733083
8199,2000.0,2014.7170280440268
8200,2000.0,2014.213211731424
8201,2000.0,2013.7175674744115
8202,2000.0,2013.230218658404
8203,2000.0,2012.7512752982211
8204,2000.0,2012.280834512911
8205,2000.0,2011.818980992392
8206,2000.0,2011.3657874558135
8207,2000.0,2010.9213151015558
8208,2000.0,2010.4856140487982
8209,2000.0,2010.0587237705922
8210,2000.0,2009.640673518395
8211,2000.0,2009.2314827380221
8212,2000.0,2008.8311614769905
8213,2000.0,2008.439710783234
8214,2000.0,2008.05712309518
8215,2000.0,2007.6833826231882
8216,2000.0,2007.3184657223549
8217,2000.0,2006.962341256702
8218,2000.0,2006.6149709547717
8219,2000.0,2006.2763097566562
8220,2000.0,2005.9463061525023
8221,2000.0,2005.6249025125298
8222,2000.0,2005.3120354086213
8223,2000.0,2005.0076359275308
8224,2000.0,2004.7116299757793
8225,2000.0,2004.4239385763003
8226,2000.0,2004.144478156911
8227,2000.0,2003.873160830682
8228,2000.0,2003.6098946682907
8229,2000.0,2003.3545839624392
8230,2000.0,2003.107129484431
8231,2000.0,2002.8674287329975
8232,2000.0,2002.6353761754704
8233,2000.0,2002.4108634813995
8234,2000.0,2002.1937797487205
8235,2000.0,2001.9840117225776
8236,2000.0,2001.7814440069062
8237,2000.0,2001.5859592688898
8238,2000.0,2001.3974384364024
8239,2000.0,2001.2157608885475
8240,2000.0,2001.0408046394157
8241,2000.0,2000.8724465151709
8242,2000.0,2000.7105623245905
8243,2000.0,2000.555027023176
8244,2000.0,2000.4057148709562
8245,2000.0,2000.2624995841024
8246,2000.0,2000.1252544804831
8247,2000.0,1999.993852619275
8248,2000.0,1999.8681669347586
8249,2000.0,1999.7480703644196
8250,2000.0,1999.6334359714806
8251,2000.0,1999.5241370619856
8252,2000.0,1999.4200472965636
8253,2000.0,1999.3210407969918
8254,2000.0,1999.2269922476837
8255,2000.0,1999.1377769922221
8256,2000.0,1999.0532711250632
8257,2000.0,1998.9733515785283
8258,2000.0,1998.8978962052079
8259,2000.0,1998.826783855895
8260,2000.0,1998.7598944531694
8261,2000.0,1998.697109060749
8262,2000.0,1998.6383099487246
8263,2000.0,1998.583380654797
8264,2000.0,1998.5322060416277
8265,2000.0,1998.4846723504186
8266,2000.0,1998.4406672508335
8267,2000.0,1998.4000798873694
8268,2000.0,1998.3628009222896
8269,2000.0,1998.3287225752256
8270,2000.0,1998.2977386595553
8271,2000.0,1998.2697446156608
8272,2000.0,1998.2446375411703
8273,2000.0,1998.2223162182859
8274,2000.0,1998.2026811382977
8275,2000.0,1998.1856345233828
8276,2000.0,1998.1710803457845
8277,2000.0,1998.1589243444703
8278,2000.0,1998.1490740393594
8279,2000.0,1998.141438743213
8280,2000.0,1998.1359295712764
8281,2000.0,1998.132459448762
8282,2000.0,1998.13094311626
8283,2000.0,1998.131297133162
8284,2000.0,1998.1334398791787
8285,2000.0,1998.1372915540344
8286,2000.0,1998.1427741754185
8287,2000.0,1998.14981157527
8288,2000.0,1998.158329394472
8289,2000.0,1998.1682550760318
8290,2000.0,1998.1795178568148
8291,2000.0,1998.1920487579087
8292,2000.0,1998.2057805736813
8293,2000.0,1998.220647859604
8294,2000.0,1998.2365869189027
8295,2000.0,1998.253535788102
8296,2000.0,1998.2714342215245
8297,2000.0,1998.290223674804
8298,2000.0,1998.309847287476
8299,2000.0,1998.3302498646935
8300,2000.0,1998.351377858135
8301,2000.0,1998.3731793461486
8302,2000.0,1998.395604013191
8303,2000.0,1998.418603128607
8304,2000.0,1998.4421295248037
8305,2000.0,1998.4661375748626
8306,2000.0,1998.4905831696371
8307,2000.0,1998.5154236943806
8308,2000.0,1998.540618004947
8309,2000.0,1998.5661264036057
8310,2000.0,1998.5919106145118
8311,2000.0,1998.6179337588683
8312,2000.0,1998.6441603298204
8313,2000.0,1998.6705561671151
8314,2000.0,1998.6970884315629
8315,2000.0,1998.7237255793325
8316,2000.0,1998.7504373361141
8317,2000.0,1998.7771946711773
8318,2000.0,1998.803969771358
8319,2000.0,1998.8307360149984
8320,2000.0,1998.857467945871
8321,2000.0,1998.8841412471086
8322,2000.0,1998.9107327151692
8323,2000.0,1998.937220233856
8324,2000.0,1998.9635827484174
8325,2000.0,1998.9898002397474
8326,2000.0,1999.0158536987071
8327,2000.0,1999.0417251005883
8328,2000.0,1999.0673973797343
8329,2000.0,1999.0928544043393
8330,2000.0,1999.1180809514412
8331,2000.0,1999.1430626821236
8332,2000.0,1999.167786116941
8333,2000.0,1999.192238611583
8334,2000.0,1999.2164083327903
8335,2000.0,1999.2402842345327
8336,2000.0,1999.2638560344644
8337,2000.0,1999.2871141906633
8338,2000.0,1999.3100498786669
8339,2000.0,1999.3326549688143
8340,2000.0,1999.3549220039004
8341,2000.0,1999.3768441771535
8342,2000.0,1999.3984153105416
8343,2000.0,1999.4196298334136
8344,2000.0,1999.4404827614833
8345,2000.0,1999.46096967616
8346,2000.0,1999.4810867042306
8347,2000.0,1999.5008304979006
8348,2000.0,1999.5201982151916
8349,2000.0,1999.539187500705
8350,2000.0,1999.5577964667514
8351,2000.0,1999.5760236748467
8352,2000.0,1999.593868117582
8353,2000.0,1999.611329200861
8354,2000.0,1999.6284067265149
8355,2000.0,1999.645100875286
8356,2000.0,1999.661412190189
8357,2000.0,1999.677341560242
8358,2000.0,1999.6928902045743
8359,2000.0,1999.7080596569017
8360,2000.0,1999.7228517503763
8361,2000.0,1999.7372686028039
8362,2000.0,1999.7513126022295
8363,2000.0,1999.7649863928887
8364,2000.0,1999.7782928615206
8365,2000.0,1999.7912351240436
8366,2000.0,1999.8038165125877
8367,2000.0,1999.8160405628812
8368,2000.0,1999.8279110019903
8369,2000.0,1999.8394317364052
8370,2000.0,1999.8506068404727
8371,2000.0,1999.8614405451667
8372,2000.0,1999.8719372271983
8373,2000.0,1999.8821013984564
8374,2000.0,1999.8919376957776
8375,2000.0,1999.9014508710409
8376,2000.0,1999.9106457815788
8377,2000.0,1999.9195273809069
8378,2000.0,1999.9281007097609
8379,2000.0,1999.9363708874405
8380,2000.0,1999.9443431034522
8381,2000.0,1999.9520226094487
8382,2000.0,1999.959414711458
8383,2000.0,1999.9665247623982
8384,2000.0,1999.9733581548708
8385,2000.0,1999.979920314231
8386,2000.0,1999.9862166919274
8387,2000.0,1999.9922527591025
8388,2000.0,1999.9980340004568
8389,2000.0,2000.0035659083642
8390,2000.0,2000.0088539772353
8391,2000.0,2000.013903698125
8392,2000.0,2000.018720553577
8393,2000.0,2000.0233100127002
8394,2000.0,2000.0276775264733
8395,2000.0,2000.0318285232693
8396,2000.0,2000.0357684045975
8397,2000.0,2000.0395025410562
8398,2000.0,2000.0430362684901
8399,2000.0,2000.0463748843504
8400,2000.0,2000.049523644248
8401,2000.0,2000.0524877586986
8402,2000.0,2000.0552723900507
8403,2000.0,2000.0578826495962
8404,2000.0,2000.0603235948536
8405,2000.0,2000.0626002270226
8406,2000.0,2000.0647174886028
8407,2000.0,2000.0666802611731
8408,2000.0,2000.068493363326
8409,2000.0,2000.0701615487533
8410,2000.0,2000.0716895044764
8411,2000.0,2000.073081849219
8412,2000.0,2000.0743431319158
8413,2000.0,2000.0754778303533
8414,2000.0,2000.0764903499394
8415,2000.0,2000.0773850225946
8416,2000.0,2000.0781661057638
8417,2000.0,2000.0788377815425
8418,2000.0,2000.0794041559134
8419,2000.0,2000.0798692580904
8420,2000.0,2000.0802370399642
8421,2000.0,2000.0805113756473
8422,2000.0,2000.0806960611142
8423,2000.0,2000.0807948139318
8424,2000.0,2000.0808112730774
8425,2000.0,2000.0807489988415
8426,2000.0,2000.0806114728089
8427,2000.0,2000.0804020979183
8428,2000.0,2000.0801241985953
8429,2000.0,2000.079781020954
8430,2000.0,2000.079375733066
8431,2000.0,2000.0789114252939
8432,2000.0,2000.0783911106844
8433,2000.0,2000.0778177254194
8434,2000.0,2000.0771941293215
8435,2000.0,2000.0765231064108
8436,2000.0,2000.0758073655124
8437,2000.0,2000.0750495409077
8438,2000.0,2000.0742521930313
8439,2000.0,2000.0734178092075
8440,2000.0,2000.0725488044268
8441,2000.0,2000.0716475221575
8442,2000.0,2000.070716235191
8443,2000.0,2000.0697571465191
8444,2000.0,2000.0687723902408
8445,2000.0,2000.0677640324955
8446,2000.0,2000.0667340724208
8447,2000.0,2000.0656844431353
8448,2000.0,2000.0646170127409
8449,2000.0,2000.0635335853444
8450,2000.0,2000.0624359020965
8451,2000.0,2000.061325642247
8452,2000.0,2000.0602044242141
8453,2000.0,2000.0590738066646
8454,2000.0,2000.0579352896061
8455,2000.0,2000.056790315488
8456,2000.0,2000.0556402703091
8457,2000.0,2000.0544864847352
8458,2000.0,2000.053330235216
8459,2000.0,2000.0521727451105
8460,2000.0,2000.051015185813
8461,2000.0,2000.0498586778801
8462,2000.0,2000.0487042921582
8463,2000.0,2000.0475530509093
8464,2000.0,2000.046405928936
8465,2000.0,2000.0452638547033
8466,2000.0,2000.0441277114542
8467,2000.0,2000.042998338324
8468,2000.0,2000.0418765314462
8469,2000.0,2000.040763045052
8470,2000.0,2000.0396585925637
8471,2000.0,2000.0385638476794
8472,2000.0,2000.0374794454488
8473,2000.0,2000.0364059833394
8474,2000.0,2000.0353440222925
8475,2000.0,2000.0342940877704
8476,2000.0,2000.033256670789
8477,2000.0,2000.0322322289417
8478,2000.0,2000.0312211874104
8479,2000.0,2000.0302239399628
8480,2000.0,2000.0292408499374
8481,2000.0,2000.0282722512159
8482,2000.0,2000.0273184491791
8483,2000.0,2000.0263797216528
8484,2000.0,2000.0254563198357
8485,2000.0,2000.024548469214
8486,2000.0,2000.0236563704625
8487,2000.0,2000.022780200327
8488,2000.0,2000.0219201124944
8489,2000.0,2000.0210762384472
8490,2000.0,2000.0202486883006
8491,2000.0,2000.0194375516244
8492,2000.0,2000.0186428982502
8493,2000.0,2000.0178647790617
8494,2000.0,2000.0171032267683
8495,2000.0,2000.0163582566638
8496,2000.0,2000.0156298673683
8497,2000.0,2000.014918041554
8498,2000.0,2000.0142227466556
8499,2000.0,2000.013543935563
8500,2000.0,2000.0128815472995
8501,2000.0,2000.0122355076826
8502,2000.0,2000.0116057299704
8503,2000.0,2000.0109921154906
8504,2000.0,2000.0103945542542
8505,2000.0,2000.0098129255534
8506,2000.0,2000.0092470985444
8507,2000.0,2000.0086969328136
8508,2000.0,2000.0081622789291
8509,2000.0,2000.0076429789774
8510,2000.0,2000.0071388670842
8511,2000.0,2000.0066497699202
8512,2000.0,2000.0061755071922
8513,2000.0,2000.005715892121
8514,2000.0,2000.0052707319023
8515,2000.0,2000.0048398281551
8516,2000.0,2000.0044229773555
8517,2000.0,2000.0040199712569
8518,2000.0,2000.003630597296
8519,2000.0,2000.0032546389862
8520,2000.0,2000.0028918762962
8521,2000.0,2000.0025420860172
8522,2000.0,2000.0022050421162
8523,2000.0,2000.0018805160767
8524,2000.0,2000.0015682772273
8525,2000.0,2000.001268093059
8526,2000.0,2000.0009797295284
8527,2000.0,2000.0007029513501
8528,2000.0,2000.0004375222793
8529,2000.0,2000.0001832053804
8530,2000.0,1999.9999397632862
8531,2000.0,1999.9997069584456
8532,2000.0,1999.9994845533606
8533,2000.0,1999.9992723108141
8534,2000.0,1999.999069994086
8535,2000.0,1999.9988773671607
8536,2000.0,1999.9986941949237
8537,2000.0,1999.9985202433504
8538,2000.0,1999.9983552796837
8539,2000.0,1999.9981990726044
8540,2000.0,1999.998051392391
8541,2000.0,1999.9979120110731
8542,2000.0,1999.997780702575
8543,2000.0,1999.9976572428518
8544,2000.0,1999.9975414100168
8545,2000.0,1999.9974329844629
8546,2000.0,1999.9973317489748
8547,2000.0,1999.997237488835
8548,2000.0,1999.9971499919227
8549,2000.0,1999.9970690488058
8550,2000.0,1999.9969944528254
8551,2000.0,1999.9969260001765
8552,2000.0,1999.996863489979
8553,2000.0,1999.9968067243453
8554,2000.0,1999.9967555084418
8555,2000.0,1999.9967096505432
8556,2000.0,1999.996668962083
8557,2000.0,1999.9966332576987
8558,2000.0,1999.9966023552706
8559,2000.0,1999.996576075958
8560,2000.0,1999.9965542442283
8561,2000.0,1999.9965366878828
8562,2000.0,1999.9965232380787
8563,2000.0,1999.9965137293457
8564,2000.0,1999.996507999599
8565,2000.0,1999.99650589015
8566,2000.0,1999.99650724571
8567,2000.0,1999.996511914394
8568,2000.0,1999.9965197477184
8569,2000.0,1999.996530600597
8570,2000.0,1999.9965443313333
8571,2000.0,1999.99656080161
8572,2000.0,1999.996579876476
8573,2000.0,1999.9966014243296
8574,2000.0,1999.9966253169007
8575,2000.0,1999.99665142923
8576,2000.0,1999.9966796396454
8577,2000.0,1999.9967098297363
8578,2000.0,1999.9967418843264
8579,2000.0,1999.9967756914448
8580,2000.0,1999.9968111422943
8581,2000.0,1999.996848131219
8582,2000.0,1999.9968865556696
8583,2000.0,1999.996926316167
8584,2000.0,1999.996967316265
8585,2000.0,1999.9970094625123
8586,2000.0,1999.9970526644122
8587,2000.0,1999.9970968343807
8588,2000.0,1999.9971418877062
8589,2000.0,1999.997187742505
8590,2000.0,1999.9972343196785
8591,2000.0,1999.9972815428673
8592,2000.0,1999.997329338407
8593,2000.0,1999.997377635282
8594,2000.0,1999.9974263650781
8595,2000.0,1999.997475461937
8596,2000.0,1999.9975248625076
8597,2000.0,1999.9975745058987
8598,2000.0,1999.9976243336307
8599,2000.0,1999.9976742895874
8600,2000.0,1999.9977243199671
8601,2000.0,1999.9977743732345
8602,2000.0,1999.9978244000715
8603,2000.0,1999.9978743533293
8604,2000.0,1999.9979241879787
8605,2000.0,1999.9979738610618
8606,2000.0,1999.9980233316435
8607,2000.0,1999.998072560763
8608,2000.0,1999.9981215113855
8609,2000.0,1999.9981701483553
8610,2000.0,1999.9982184383466
8611,2000.0,1999.998266349817
8612,2000.0,1999.99831385296
8613,2000.0,1999.998360919659
8614,2000.0,1999.9984075234397
8615,2000.0,1999.998453639426
8616,2000.0,1999.998499244294
8617,2000.0,1999.998544316226
8618,2000.0,1999.9985888348676
8619,2000.0,1999.9986327812828
8620,2000.0,1999.998676137911
8621,2000.0,1999.998718888524
8622,2000.0,1999.9987610181843
8623,2000.0,1999.9988025132025
8624,2000.0,1999.9988433610972
8625,2000.0,1999.9988835505537
8626,2000.0,1999.9989230713852
8627,2000.0,1999.9989619144928
8628,2000.0,1999.9990000718274
8629,2000.0,1999.9990375363516
8630,2000.0,1999.9990743020028
8631,2000.0,1999.9991103636564
8632,2000.0,1999.9991457170904
8633,2000.0,1999.9991803589498
8634,2000.0,1999.9992142867127
8635,2000.0,1999.999247498656
8636,2000.0,1999.9992799938225
8637,2000.0,1999.9993117719887
8638,2000.0,1999.9993428336331
8639,2000.0,1999.9993731799052
8640,2000.0,1999.9994028125948
8641,2000.0,1999.9994317341032
8642,2000.0,1999.999459947414
8643,2000.0,1999.9994874560646
8644,2000.0,1999.9995142641192
8645,2000.0,1999.9995403761416
8646,2000.0,1999.999565797169
8647,2000.0,1999.9995905326873
8648,2000.0,1999.9996145886057
8649,2000.0,1999.9996379712327
8650,2000.0,1999.9996606872523
8651,2000.0,1999.9996827437026
8652,2000.0,1999.9997041479517
8653,2000.0,1999.9997249076773
8654,2000.0,1999.999745030846
8655,2000.0,1999.9997645256924
8656,2000.0,1999.9997834007
8657,2000.0,1999.999801664582
8658,2000.0,1999.9998193262634
8659,2000.0,1999.9998363948623
8660,2000.0,1999.9998528796734
8661,2000.0,1999.9998687901507
8662,2000.0,1999.9998841358922
8663,2000.0,1999.999898926624
8664,2000.0,1999.999913172185
8665,2000.0,1999.9999268825134
8666,2000.0,1999.9999400676318
8667,2000.0,1999.9999527376347
8668,2000.0,1999.9999649026747
8669,2000.0,1999.999976572951
8670,2000.0,1999.9999877586977
8671,2000.0,1999.9999984701715
8672,2000.0,2000.0000087176413
8673,2000.0,2000.0000185113777
8674,2000.0,2000.0000278616428
8675,2000.0,2000.0000367786813
8676,2000.0,2000.0000452727108
8677,2000.0,2000.0000533539135
8678,2000.0,2000.000061032427
8679,2000.0,2000.0000683183378
8680,2000.0,2000.000075221673
8681,2000.0,2000.0000817523928
8682,2000.0,2000.000087920385
8683,2000.0,2000.0000937354578
8684,2000.0,2000.0000992073335
8685,2000.0,2000.0001043456434
8686,2000.0,2000.0001091599224
8687,2000.0,2000.0001136596038
8688,2000.0,2000.000117854015
8689,2000.0,2000.000121752372
8690,2000.0,2000.000125363777
8691,2000.0,2000.000128697213
8692,2000.0,2000.0001317615418
8693,2000.0,2000.0001345654987
8694,2000.0,2000.0001371176916
8695,2000.0,2000.0001394265976
8696,2000.0,2000.0001415005595
8697,2000.0,2000.0001433477848
8698,2000.0,2000.0001449763436
8699,2000.0,2000.0001463941658
8700,2000.0,2000.0001476090406
8701,2000.0,2000.0001486286146
8702,2000.0,2000.0001494603905
8703,2000.0,2000.0001501117265
8704,2000.0,2000.0001505898347
8705,2000.0,2000.0001509017811
8706,2000.0,2000.0001510544857
8707,2000.0,2000.000151054721
8708,2000.0,2000.0001509091126
8709,2000.0,2000.0001506241388
8710,2000.0,2000.000150206131
8711,2000.0,2000.0001496612738
8712,2000.0,2000.0001489956057
8713,2000.0,2000.0001482150199
8714,2000.0,2000.0001473252635
8715,2000.0,2000.0001463319395
8716,2000.0,2000.000145240508
8717,2000.0,2000.0001440562858
8718,2000.0,2000.0001427844488
8719,2000.0,2000.000141430032
8720,2000.0,2000.000139997932
8721,2000.0,2000.000138492907
8722,2000.0,2000.0001369195786
8723,2000.0,2000.0001352824345
8724,2000.0,2000.0001335858283
8725,2000.0,2000.000131833982
8726,2000.0,2000.0001300309875
8727,2000.0,2000.0001281808081
8728,2000.0,2000.0001262872809
8729,2000.0,2000.0001243541174
8730,2000.0,2000.0001223849063
8731,2000.0,2000.0001203831152
8732,2000.0,2000.0001183520926
8733,2000.0,2000.0001162950693
8734,2000.0,2000.0001142151616
8735,2000.0,2000.0001121153716
8736,2000.0,2000.0001099985907
8737,2000.0,2000.000107867601
8738,2000.0,2000.0001057250772
8739,2000.0,2000.000103573589
8740,2000.0,2000.0001014156032
8741,2000.0,2000.0000992534856
8742,2000.0,2000.000097089503
8743,2000.0,2000.0000949258258
8744,2000.0,2000.0000927645294
8745,2000.0,2000.0000906075968
8746,2000.0,2000.0000884569208
8747,2000.0,2000.0000863143061
8748,2000.0,2000.0000841814708
8749,2000.0,2000.000082060049
8750,2000.0,2000.0000799515929
8751,2000.0,2000.0000778575743
8752,2000.0,2000.000075779388
8753,2000.0,2000.000073718352
8754,2000.0,2000.0000716757108
8755,2000.0,2000.0000696526374
8756,2000.0,2000.0000676502345
8757,2000.0,2000.0000656695368
8758,2000.0,2000.0000637115133
8759,2000.0,2000.0000617770693
8760,2000.0,2000.0000598670472
8761,2000.0,2000.0000579822301
8762,2000.0,2000.0000561233423
8763,2000.0,2000.0000542910518
8764,2000.0,2000.0000524859715
8765,2000.0,2000.0000507086615
8766,2000.0,2000.0000489596312
8767,2000.0,2000.00004723934
8768,2000.0,2000.0000455481998
8769,2000.0,2000.0000438865766
8770,2000.0,2000.000042254792
8771,2000.0,2000.0000406531249
8772,2000.0,2000.0000390818125
8773,2000.0,2000.000037541053
8774,2000.0,2000.000036031006
8775,2000.0,2000.0000345517944
8776,2000.0,2000.0000331035067
8777,2000.0,2000.0000316861972
8778,2000.0,2000.000030299888
8779,2000.0,2000.0000289445707
8780,2000.0,2000.0000276202065
8781,2000.0,2000.000026326729
8782,2000.0,2000.000025064045
8783,2000.0,2000.0000238320351
8784,2000.0,2000.0000226305556
8785,2000.0,2000.0000214594397
8786,2000.0,2000.0000203184986
8787,2000.0,2000.0000192075224
8788,2000.0,2000.000018126282
8789,2000.0,2000.0000170745286
8790,2000.0,2000.0000160519965
8791,2000.0,2000.0000150584026
8792,2000.0,2000.000014093449
8793,2000.0,2000.0000131568224
8794,2000.0,2000.0000122481963
8795,2000.0,2000.0000113672313
8796,2000.0,2000.0000105135755
8797,2000.0,2000.0000096868664
8798,2000.0,2000.0000088867312
8799,2000.0,2000.0000081127876
8800,2000.0,2000.0000073646445
8801,2000.0,2000.0000066419032
8802,2000.0,2000.0000059441577
8803,2000.0,2000.000005270995
8804,2000.0,2000.0000046219968
8805,2000.0,2000.0000039967397
8806,2000.0,2000.0000033947956
8807,2000.0,2000.0000028157328
8808,2000.0,2000.0000022591157
8809,2000.0,2000.0000017245063
8810,2000.0,2000.0000012114645
8811,2000.0,2000.000000719548
8812,2000.0,2000.0000002483143
8813,2000.0,1999.999999797319
8814,2000.0,1999.9999993661183
8815,2000.0,1999.9999989542682
8816,2000.0,1999.9999985613254
8817,2000.0,1999.9999981868477
8818,2000.0,1999.999997830394
8819,2000.0,1999.9999974915252
8820,2000.0,1999.9999971698041
8821,2000.0,1999.9999968647967
8822,2000.0,1999.9999965760708
8823,2000.0,1999.9999963031976
8824,2000.0,1999.999996045752
8825,2000.0,1999.9999958033115
8826,2000.0,1999.9999955754588
8827,2000.0,1999.9999953617794
8828,2000.0,1999.999995161864
8829,2000.0,1999.9999949753073
8830,2000.0,1999.999994801709
8831,2000.0,1999.9999946406733
8832,2000.0,1999.9999944918097
8833,2000.0,1999.9999943547332
8834,2000.0,1999.9999942290638
8835,2000.0,1999.999994114427
8836,2000.0,1999.9999940104544
8837,2000.0,1999.9999939167828
8838,2000.0,1999.999993833055
8839,2000.0,1999.9999937589196
8840,2000.0,1999.9999936940314
8841,2000.0,1999.9999936380516
8842,2000.0,1999.9999935906467
8843,2000.0,1999.99999355149
8844,2000.0,1999.999993520261
8845,2000.0,1999.9999934966447
8846,2000.0,1999.9999934803334
8847,2000.0,1999.9999934710256
8848,2000.0,1999.9999934684258
8849,2000.0,1999.999993472245
8850,2000.0,1999.9999934822008
8851,2000.0,1999.9999934980165
8852,2000.0,1999.999993519422
8853,2000.0,1999.9999935461542
8854,2000.0,1999.9999935779556
8855,2000.0,1999.9999936145755
8856,2000.0,1999.9999936557688
8857,2000.0,1999.999993701297
8858,2000.0,1999.9999937509278
8859,2000.0,1999.9999938044355
8860,2000.0,1999.9999938615995
8861,2000.0,1999.999993922206
8862,2000.0,1999.9999939860468
8863,2000.0,1999.9999940529194
8864,2000.0,1999.9999941226279
8865,2000.0,1999.9999941949814
8866,2000.0,1999.9999942697955
8867,2000.0,1999.9999943468906
8868,2000.0,1999.9999944260933
8869,2000.0,1999.9999945072357
8870,2000.0,1999.999994590155
8871,2000.0,1999.9999946746939
8872,2000.0,1999.9999947607005
8873,2000.0,1999.999994848028
8874,2000.0,1999.999994936535
8875,2000.0,1999.999995026084
8876,2000.0,1999.999995116544
8877,2000.0,1999.9999952077876
8878,2000.0,1999.999995299693
8879,2000.0,1999.9999953921422
8880,2000.0,1999.999995485023
8881,2000.0,1999.9999955782268
8882,2000.0,1999.9999956716495
8883,2000.0,1999.9999957651912
8884,2000.0,1999.9999958587568
8885,2000.0,1999.999995952255
8886,2000.0,1999.999996045598
8887,2000.0,1999.9999961387025
8888,2000.0,1999.999996231489
8889,2000.0,1999.9999963238815
8890,2000.0,1999.9999964158083
8891,2000.0,1999.9999965072006
8892,2000.0,1999.999996597994
8893,2000.0,1999.9999966881264
8894,2000.0,1999.9999967775398
8895,2000.0,1999.999996866179
8896,2000.0,1999.9999969539917
8897,2000.0,1999.9999970409294
8898,2000.0,1999.9999971269463
8899,2000.0,1999.999997211999
8900,2000.0,1999.9999972960477
8901,2000.0,1999.9999973790548
8902,2000.0,1999.9999974609852
8903,2000.0,1999.9999975418068
8904,2000.0,1999.9999976214897
8905,2000.0,1999.9999977000064
8906,2000.0,1999.9999977773316
8907,2000.0,1999.999997853443
8908,2000.0,1999.9999979283193
8909,2000.0,1999.999998001942
8910,2000.0,1999.9999980742946
8911,2000.0,1999.9999981453623
8912,2000.0,1999.9999982151326
8913,2000.0,1999.999998283594
8914,2000.0,1999.999998350738
8915,2000.0,1999.9999984165568
8916,2000.0,1999.999998481044
8917,2000.0,1999.9999985441957
8918,2000.0,1999.9999986060088
8919,2000.0,1999.999998666482
8920,2000.0,1999.9999987256147
8921,2000.0,1999.999998783408
8922,2000.0,1999.999998839865
8923,2000.0,1999.9999988949887
8924,2000.0,1999.9999989487842
8925,2000.0,1999.999999001257
8926,2000.0,1999.999999052414
8927,2000.0,1999.999999102263
8928,2000.0,1999.9999991508125
8929,2000.0,1999.9999991980724
8930,2000.0,1999.9999992440528
8931,2000.0,1999.9999992887651
8932,2000.0,1999.9999993322213
8933,2000.0,1999.9999993744339
8934,2000.0,1999.9999994154164
8935,2000.0,1999.9999994551824
8936,2000.0,1999.9999994937468
8937,2000.0,1999.9999995311246
8938,2000.0,1999.9999995673309
8939,2000.0,1999.9999996023814
8940,2000.0,1999.999999636293
8941,2000.0,1999.9999996690824
8942,2000.0,1999.9999997007665
8943,2000.0,1999.9999997313628
8944,2000.0,1999.999999760889
8945,2000.0,1999.9999997893633
8946,2000.0,1999.9999998168037
8947,2000.0,1999.9999998432288
8948,2000.0,1999.9999998686574
8949,2000.0,1999.9999998931082
8950,2000.0,1999.9999999166
8951,2000.0,1999.9999999391516
8952,2000.0,1999.999999960782
8953,2000.0,1999.9999999815102
8954,2000.0,2000.000000001356
8955,2000.0,2000.0000000203383
8956,2000.0,2000.0000000384764
8957,2000.0,2000.0000000557893
8958,2000.0,2000.0000000722964
8959,2000.0,2000.0000000880166
8960,2000.0,2000.0000001029691
8961,2000.0,2000.0000001171727
8962,2000.0,2000.000000130646
8963,2000.0,2000.0000001434078
8964,2000.0,2000.000000155477
8965,2000.0,2000.000000166872
8966,2000.0,2000.0000001776111
8967,2000.0,2000.0000001877124
8968,2000.0,2000.000000197194
8969,2000.0,2000.0000002060733
8970,2000.0,2000.000000214368
8971,2000.0,2000.0000002220952
8972,2000.0,2000.0000002292725
8973,2000.0,2000.0000002359168
8974,2000.0,2000.0000002420447
8975,2000.0,2000.0000002476727
8976,2000.0,2000.0000002528172
8977,2000.0,2000.0000002574943
8978,2000.0,2000.0000002617196
8979,2000.0,2000.0000002655086
8980,2000.0,2000.0000002688766
8981,2000.0,2000.0000002718389
8982,2000.0,2000.0000002744102
8983,2000.0,2000.0000002766053
8984,2000.0,2000.000000278438
8985,2000.0,2000.0000002799222
8986,2000.0,2000.0000002810718
8987,2000.0,2000.0000002819004
8988,2000.0,2000.0000002824208
8989,2000.0,2000.0000002826462
8990,2000.0,2000.0000002825889
8991,2000.0,2000.0000002822615
8992,2000.0,2000.000000281676
8993,2000.0,2000.0000002808442
8994,2000.0,2000.0000002797776
8995,2000.0,2000.0000002784873
8996,2000.0,2000.0000002769846
8997,2000.0,2000.0000002752797
8998,2000.0,2000.0000002733834
8999,2000.0,2000.0000002713057
9000,3000.0,2000.2413593180984
9001,3000.0,2001.1960739181807
9002,3000.0,2003.0735815948765
9003,3000.0,2005.8319685398656
9004,3000.0,2009.4302919321103
9005,3000.0,2013.8285772700006
9006,3000.0,2018.9878148845812
9007,3000.0,2024.8699556728195
9008,3000.0,2031.437906088922
9009,3000.0,2038.6555224307822
9010,3000.0,2046.4876044577038
9011,3000.0,2054.8998883746244
9012,3000.0,2063.8590392171377
9013,3000.0,2073.332642670709
9014,3000.0,2083.2891963565708
9015,3000.0,2093.6981006158817
9016,3000.0,2104.529648822858
9017,3000.0,2115.7550172566885
9018,3000.0,2127.3462545611983
9019,3000.0,2139.2762708203363
9020,3000.0,2151.518826276742
9021,3000.0,2164.048519719784
9022,3000.0,2176.840776568653
9023,3000.0,2189.871836675256
9024,3000.0,2203.1187418708732
9025,3000.0,2216.5593232797305
9026,3000.0,2230.1721884218637
9027,3000.0,2243.9367081268856
9028,3000.0,2257.8330032795066
9029,3000.0,2271.8419314169146
9030,3000.0,2285.945073197394
9031,3000.0,2300.1247187588397
9032,3000.0,2314.363853985124
9033,3000.0,2328.646146697578
9034,3000.0,2342.955932788173
9035,3000.0,2357.278202310323
9036,3000.0,2371.5985855425815
9037,3000.0,2385.9033390398563
9038,3000.0,2400.1793316861626
9039,3000.0,2414.4140307623074
9040,3000.0,2428.5954880413046
9041,3000.0,2442.7123259237424
9042,3000.0,2456.7537236247535
9043,3000.0,2470.709403423681
9044,3000.0,2484.569616986987
9045,3000.0,2498.3251317744284
9046,3000.0,2511.9672175380047
9047,3000.0,2525.4876329226827
9048,3000.0,2538.878612177408
9049,3000.0,2552.1328519844387
9050,3000.0,2565.243498414586
9051,3000.0,2578.204134015468
9052,3000.0,2591.008765039473
9053,3000.0,2603.651808817691
9054,3000.0,2616.128081285653
9055,3000.0,2628.4327846663323
9056,3000.0,2640.5614953154595
9057,3000.0,2652.5101517338353
9058,3000.0,2664.2750427509545
9059,3000.0,2675.8527958839086
9060,3000.0,2687.240365875184
9061,3000.0,2698.4350234126523
9062,3000.0,2709.43434403472
9063,3000.0,2720.2361972233107
9064,3000.0,2730.8387356870376
9065,3000.0,2741.240384836656
9066,3000.0,2751.4398324545973
9067,3000.0,2761.4360185601204
9068,3000.0,2771.2281254713716
9069,3000.0,2780.8155680653863
9070,3000.0,2790.197984236832
9071,3000.0,2799.375225556071
9072,3000.0,2808.347348126904
9073,3000.0,2817.1146036441273
9074,3000.0,2825.6774306508783
9075,3000.0,2834.0364459955044
9076,3000.0,2842.1924364875476
9077,3000.0,2850.1463507522412
9078,3000.0,2857.8992912827575
9079,3000.0,2865.452506689287
9080,3000.0,2872.8073841438754
9081,3000.0,2879.9654420198094
9082,3000.0,2886.9283227242004
9083,3000.0,2893.697785722291
9084,3000.0,2900.275700751888
9085,3000.0,2906.664041226209
9086,3000.0,2912.8648778233255
9087,3000.0,2918.880372260284
9088,3000.0,2924.7127712498846
9089,3000.0,2930.364400638022
9090,3000.0,2935.837659719396
9091,3000.0,2941.13501572933
9092,3000.0,2946.258998509363
9093,3000.0,2951.2121953442143
9094,3000.0,2955.997245967653
9095,3000.0,2960.616837734763
9096,3000.0,2965.0737009580266
9097,3000.0,2969.370604404608
9098,3000.0,2973.510350952189
9099,3000.0,2977.495773400652
9100,3000.0,2981.329730436881
9101,3000.0,2985.0151027499305
9102,3000.0,2988.5547892937684
9103,3000.0,2991.9517036947973
9104,3000.0,2995.2087708013223
9105,3000.0,2998.3289233721343
9106,3000.0,3001.315098901358
9107,3000.0,3004.1702365767087
9108,3000.0,3006.897274368297
9109,3000.0,3009.499146245118
9110,3000.0,3011.9787795163656
9111,3000.0,3014.3390922947137
9112,3000.0,3016.5829910787106
9113,3000.0,3018.713368451446
9114,3000.0,3020.7331008926635
9115,3000.0,3022.6450467014943
9116,3000.0,3024.4520440270144
9117,3000.0,3026.1569090038392
9118,3000.0,3027.762433989995
9119,3000.0,3029.2713859043156
9120,3000.0,3030.6865046606554
9121,3000.0,3032.010501696211
9122,3000.0,3033.2460585912963
9123,3000.0,3034.3958257779163
9124,3000.0,3035.4624213345346
9125,3000.0,3036.4484298644534
9126,3000.0,3037.3564014552494
9127,3000.0,3038.1888507167537
9128,3000.0,3038.9482558950904
9129,3000.0,3039.6370580603193
9130,3000.0,3040.257660365275
9131,3000.0,3040.81242737322
9132,3000.0,3041.3036844519675
9133,3000.0,3041.73371723218
9134,3000.0,3042.1047711275687
9135,3000.0,3042.41905091477
9136,3000.0,3042.6787203707136
9137,3000.0,3042.8859019653273
9138,3000.0,3043.042676607482
9139,3000.0,3043.1510834420965
9140,3000.0,3043.213119696379
9141,3000.0,3043.230740573224
9142,3000.0,3043.2058591898085
9143,3000.0,3043.1403465594917
9144,3000.0,3043.0360316151473
9145,3000.0,3042.894701272109
9146,3000.0,3042.718100528945
9147,3000.0,3042.5079326043224
9148,3000.0,3042.2658591082595
9149,3000.0,3041.993500246105
9150,3000.0,3041.6924350536287
9151,3000.0,3041.364201661641
9152,3000.0,3041.0102975886057
9153,3000.0,3040.6321800597448
9154,3000.0,3040.2312663511766
9155,3000.0,3039.8089341576665
9156,3000.0,3039.3665219826107
9157,3000.0,3038.9053295489102
9158,3000.0,3038.4266182294296
9159,3000.0,3037.9316114957714
9160,3000.0,3037.4214953841433
9161,3000.0,3036.8974189771207
9162,3000.0,3036.360494900149
9163,3000.0,3035.811799831669
9164,3000.0,3035.252375025774
9165,3000.0,3034.6832268463613
9166,3000.0,3034.1053273117495
9167,3000.0,3033.5196146487892
9168,3000.0,3032.926993855519
9169,3000.0,3032.328337271448
9170,3000.0,3031.72448515459
9171,3000.0,3031.1162462643892
9172,3000.0,3030.504398449727
9173,3000.0,3029.8896892412195
9174,3000.0,3029.272836447043
9175,3000.0,3028.6545287515655
9176,3000.0,3028.035426316078
9177,3000.0,3027.4161613809592
9178,3000.0,3026.7973388686296
9179,3000.0,3026.1795369866736
9180,3000.0,3025.5633078305464
9181,3000.0,3024.9491779852974
9182,3000.0,3024.337649125777
9183,3000.0,3023.729198614803
9184,3000.0,3023.1242800988125
9185,3000.0,3022.52332410052
9186,3000.0,3021.926738608147
9187,3000.0,3021.334909660804
9188,3000.0,3020.7482019296185
9189,3000.0,3020.166959294245
9190,3000.0,3019.5915054143907
9191,3000.0,3019.0221442960287
9192,3000.0,3018.4591608519763
9193,3000.0,3017.902821456551
9194,3000.0,3017.353374494016
9195,3000.0,3016.811050900563
9196,3000.0,3016.2760646995876
9197,3000.0,3015.748613530032
9198,3000.0,3015.228879167584
9199,3000.0,3014.717028038544
9200,3000.0,3014.2132117261776
9201,3000.0,3013.7175674693967
9202,3000.0,3013.2302186536162
9203,3000.0,3012.751275293655
9204,3000.0,3012.2808345085614
9205,3000.0,3011.8189809882538
9206,3000.0,3011.3657874518813
9207,3000.0,3010.9213150978244
9208,3000.0,3010.485614045262
9209,3000.0,3010.058723767246
9210,3000.0,3009.6406735152345
9211,3000.0,3009.2314827350424
9212,3000.0,3008.831161474187
9213,3000.0,3008.4397107806017
9214,3000.0,3008.0571230927144
9215,3000.0,3007.6833826208845
9216,3000.0,3007.3184657202087
9217,3000.0,3006.962341254709
9218,3000.0,3006.6149709529273
9219,3000.0,3006.2763097549564
9220,3000.0,3005.9463061509423
9221,3000.0,3005.6249025111056
9222,3000.0,3005.3120354073285
9223,3000.0,3005.007635926365
9224,3000.0,3004.711629974736
9225,3000.0,3004.423938575375
9226,3000.0,3004.1444781560995
9227,3000.0,3003.8731608299804
9228,3000.0,3003.609894667695
9229,3000.0,3003.354583961945
9230,3000.0,3003.107129484035
9231,3000.0,3002.8674287326958
9232,3000.0,3002.6353761752594
9233,3000.0,3002.410863481275
9234,3000.0,3002.19377974868
9235,3000.0,3001.9840117226163
9236,3000.0,3001.78144400702
9237,3000.0,3001.585959269076
9238,3000.0,3001.397438436657
9239,3000.0,3001.2157608888674
9240,3000.0,3001.0408046397974
9241,3000.0,3000.872446515611
9242,3000.0,3000.7105623250864
9243,3000.0,3000.555027023725
9244,3000.0,3000.4057148715556
9245,3000.0,3000.26249958475
9246,3000.0,3000.1252544811764
9247,3000.0,2999.9938526200117
9248,3000.0,2999.868166935536
9249,3000.0,2999.7480703652354
9250,3000.0,2999.6334359723323
9251,3000.0,2999.5241370628714
9252,3000.0,2999.4200472974812
9253,3000.0,2999.321040797939
9254,3000.0,2999.226992248658
9255,3000.0,2999.1377769932215
9256,3000.0,2999.0532711260857
9257,3000.0,2998.9733515795724
9258,3000.0,2998.8978962062715
9259,3000.0,2998.8267838569764
9260,3000.0,2998.759894454267
9261,3000.0,2998.6971090618604
9262,3000.0,2998.638309949848
9263,3000.0,2998.5833806559313
9264,3000.0,2998.5322060427707
9265,3000.0,2998.4846723515693
9266,3000.0,2998.4406672519904
9267,3000.0,2998.4000798885304
9268,3000.0,2998.362800923453
9269,3000.0,2998.3287225763906
9270,3000.0,2998.297738660721
9271,3000.0,2998.269744616826
9272,3000.0,2998.244637542334
9273,3000.0,2998.2223162194473
9274,3000.0,2998.2026811394558
9275,3000.0,2998.1856345245365
9276,3000.0,2998.1710803469327
9277,3000.0,2998.158924345613
9278,3000.0,2998.149074040495
9279,3000.0,2998.1414387443415
9280,3000.0,2998.135929572397
9281,3000.0,2998.1324594498737
9282,3000.0,2998.1309431173627
9283,3000.0,2998.131297134255
9284,3000.0,2998.1334398802614
9285,3000.0,2998.1372915551065
9286,3000.0,2998.142774176479
9287,3000.0,2998.149811576319
9288,3000.0,2998.1583293955086
9289,3000.0,2998.1682550770556
9290,3000.0,2998.179517857826
9291,3000.0,2998.192048758907
9292,3000.0,2998.205780574666
9293,3000.0,2998.220647860574
9294,3000.0,2998.236586919858
9295,3000.0,2998.2535357890424
9296,3000.0,2998.2714342224504
9297,3000.0,2998.2902236757154
9298,3000.0,2998.3098472883726
9299,3000.0,2998.330249865575
9300,3000.0,2998.3513778590004
9301,3000.0,2998.373179346998
9302,3000.0,2998.395604014024
9303,3000.0,2998.4186031294234
9304,3000.0,2998.4421295256043
9305,3000.0,2998.4661375756477
9306,3000.0,2998.4905831704064
9307,3000.0,2998.5154236951334
9308,3000.0,2998.540618005684
9309,3000.0,2998.566126404326
9310,3000.0,2998.5919106152155
9311,3000.0,2998.617933759556
9312,3000.0,2998.6441603304925
9313,3000.0,2998.670556167772
9314,3000.0,2998.6970884322045
9315,3000.0,2998.7237255799596
9316,3000.0,2998.750437336727
9317,3000.0,2998.7771946717758
9318,3000.0,2998.803969771942
9319,3000.0,2998.8307360155677
9320,3000.0,2998.8574679464255
9321,3000.0,2998.8841412476486
9322,3000.0,2998.910732715695
9323,3000.0,2998.937220234367
9324,3000.0,2998.963582748914
9325,3000.0,2998.9898002402297
9326,3000.0,2999.0158536991753
9327,3000.0,2999.0417251010426
9328,3000.0,2999.067397380175
9329,3000.0,2999.092854404767
9330,3000.0,2999.1180809518564
9331,3000.0,2999.1430626825268
9332,3000.0,2999.167786117332
9333,3000.0,2999.1922386119627
9334,3000.0,2999.216408333159
9335,3000.0,2999.240284234891
9336,3000.0,2999.2638560348123
9337,3000.0,2999.2871141910005
9338,3000.0,2999.310049878994
9339,3000.0,2999.332654969131
9340,3000.0,2999.354922004207
9341,3000.0,2999.37684417745
9342,3000.0,2999.3984153108286
9343,3000.0,2999.419629833691
9344,3000.0,2999.440482761751
9345,3000.0,2999.4609696764173
9346,3000.0,2999.4810867044785
9347,3000.0,2999.5008304981393
9348,3000.0,2999.5201982154217
9349,3000.0,2999.539187500927
9350,3000.0,2999.5577964669646
9351,3000.0,2999.576023675051
9352,3000.0,2999.5938681177777
9353,3000.0,2999.611329201048
9354,3000.0,2999.628406726694
9355,3000.0,2999.6451008754575
9356,3000.0,2999.661412190353
9357,3000.0,2999.677341560399
9358,3000.0,2999.6928902047243
9359,3000.0,2999.7080596570454
9360,3000.0,2999.7228517505137
9361,3000.0,2999.7372686029357
9362,3000.0,2999.7513126023564
9363,3000.0,2999.7649863930105
9364,3000.0,2999.778292861638
9365,3000.0,2999.7912351241566
9366,3000.0,2999.8038165126964
9367,3000.0,2999.8160405629856
9368,3000.0,2999.8279110020903
9369,3000.0,2999.839431736501
9370,3000.0,2999.850606840564
9371,3000.0,2999.861440545254
9372,3000.0,2999.8719372272813
9373,3000.0,2999.8821013985353
9374,3000.0,2999.891937695853
9375,3000.0,2999.9014508711125
9376,3000.0,2999.910645781647
9377,3000.0,2999.9195273809714
9378,3000.0,2999.928100709822
9379,3000.0,2999.936370887498
9380,3000.0,2999.9443431035065
9381,3000.0,2999.9520226095
9382,3000.0,2999.9594147115067
9383,3000.0,2999.966524762444
9384,3000.0,2999.9733581549144
9385,3000.0,2999.9799203142734
9386,3000.0,2999.9862166919684
9387,3000.0,2999.992252759142
9388,3000.0,2999.9980340004954
9389,3000.0,3000.0035659084024
9390,3000.0,3000.0088539772732
9391,3000.0,3000.0139036981627
9392,3000.0,3000.018720553615
9393,3000.0,3000.0233100127384
9394,3000.0,3000.0276775265115
9395,3000.0,3000.031828523308
9396,3000.0,3000.0357684046367
9397,3000.0,3000.0395025410958
9398,3000.0,3000.04303626853
9399,3000.0,3000.046374884391
9400,3000.0,3000.0495236442894
9401,3000.0,3000.052487758741
9402,3000.0,3000.0552723900946
9403,3000.0,3000.0578826496417
9404,3000.0,3000.0603235949
9405,3000.0,3000.06260022707
9406,3000.0,3000.064717488651
9407,3000.0,3000.0666802612213
9408,3000.0,3000.0684933633747
9409,3000.0,3000.070161548803
9410,3000.0,3000.071689504527
9411,3000.0,3000.073081849271
9412,3000.0,3000.0743431319697
9413,3000.0,3000.0754778304095
9414,3000.0,3000.076490349998
9415,3000.0,3000.077385022656
9416,3000.0,3000.078166105828
9417,3000.0,3000.0788377816098
9418,3000.0,3000.0794041559834
9419,3000.0,3000.0798692581634
9420,3000.0,3000.0802370400406
9421,3000.0,3000.080511375727
9422,3000.0,3000.080696061197
9423,3000.0,3000.0807948140173
9424,3000.0,3000.080811273165
9425,3000.0,3000.0807489989315
9426,3000.0,3000.080611472901
9427,3000.0,3000.0804020980127
9428,3000.0,3000.0801241986915
9429,3000.0,3000.079781021052
9430,3000.0,3000.0793757331658
9431,3000.0,3000.0789114253957
9432,3000.0,3000.0783911107883
9433,3000.0,3000.0778177255247
9434,3000.0,3000.0771941294283
9435,3000.0,3000.0765231065193
9436,3000.0,3000.0758073656225
9437,3000.0,3000.075049541019
9438,3000.0,3000.074252193143
9439,3000.0,3000.07341780932
9440,3000.0,3000.07254880454
9441,3000.0,3000.0716475222716
9442,3000.0,3000.070716235306
9443,3000.0,3000.0697571466353
9444,3000.0,3000.0687723903584
9445,3000.0,3000.0677640326144
9446,3000.0,3000.0667340725413
9447,3000.0,3000.0656844432574
9448,3000.0,3000.0646170128643
9449,3000.0,3000.063533585469
9450,3000.0,3000.062435902222
9451,3000.0,3000.061325642374
9452,3000.0,3000.060204424343
9453,3000.0,3000.059073806795
9454,3000.0,3000.0579352897375
9455,3000.0,3000.05679031562
9456,3000.0,3000.0556402704424
9457,3000.0,3000.054486484869
9458,3000.0,3000.0533302353506
9459,3000.0,3000.0521727452465
9460,3000.0,3000.0510151859507
9461,3000.0,3000.0498586780195
9462,3000.0,3000.048704292299
9463,3000.0,3000.047553051052
9464,3000.0,3000.0464059290803
9465,3000.0,3000.045263854848
9466,3000.0,3000.0441277116
9467,3000.0,3000.0429983384706
9468,3000.0,3000.041876531593
9469,3000.0,3000.0407630451987
9470,3000.0,3000.0396585927106
9471,3000.0,3000.038563847827
9472,3000.0,3000.0374794455965
9473,3000.0,3000.0364059834874
9474,3000.0,3000.0353440224408
9475,3000.0,3000.034294087919
9476,3000.0,3000.033256670938
9477,3000.0,3000.0322322290917
9478,3000.0,3000.031221187561
9479,3000.0,3000.0302239401144
9480,3000.0,3000.0292408500895
9481,3000.0,3000.0282722513675
9482,3000.0,3000.0273184493303
9483,3000.0,3000.0263797218036
9484,3000.0,3000.0254563199865
9485,3000.0,3000.024548469365
9486,3000.0,3000.0236563706135
9487,3000.0,3000.0227802004783
9488,3000.0,3000.0219201126465
9489,3000.0,3000.0210762385996
9490,3000.0,3000.0202486884527
9491,3000.0,3000.0194375517763
9492,3000.0,3000.0186428984016
9493,3000.0,3000.0178647792122
9494,3000.0,3000.0171032269177
9495,3000.0,3000.016358256812
9496,3000.0,3000.0156298675156
9497,3000.0,3000.0149180417006
9498,3000.0,3000.014222746802
9499,3000.0,3000.0135439357086
9500,3000.0,3000.012881547444
9501,3000.0,3000.0122355078265
9502,3000.0,3000.0116057301143
9503,3000.0,3000.010992115635
9504,3000.0,3000.0103945543988
9505,3000.0,3000.009812925698
9506,3000.0,3000.0092470986892
9507,3000.0,3000.0086969329586
9508,3000.0,3000.0081622790744
9509,3000.0,3000.007642979123
9510,3000.0,3000.00713886723
9511,3000.0,3000.0066497700655
9512,3000.0,3000.006175507337
9513,3000.0,3000.0057158922655
9514,3000.0,3000.005270732046
9515,3000.0,3000.004839828298
9516,3000.0,3000.0044229774976
9517,3000.0,3000.004019971398
9518,3000.0,3000.0036305974363
9519,3000.0,3000.0032546391253
9520,3000.0,3000.002891876434
9521,3000.0,3000.0025420861543
9522,3000.0,3000.002205042252
9523,3000.0,3000.001880516212
9524,3000.0,3000.001568277363
9525,3000.0,3000.0012680931945
9526,3000.0,3000.0009797296643
9527,3000.0,3000.0007029514873
9528,3000.0,3000.0004375224175
9529,3000.0,3000.00018320552
9530,3000.0,2999.999939763427
9531,3000.0,2999.9997069585875
9532,3000.0,2999.999484553504
9533,3000.0,2999.999272310958
9534,3000.0,2999.9990699942305
9535,3000.0,2999.998877367306
9536,3000.0,2999.998694195069
9537,3000.0,2999.9985202434964
9538,3000.0,2999.998355279831
9539,3000.0,2999.9981990727524
9540,3000.0,2999.9980513925407
9541,3000.0,2999.9979120112243
9542,3000.0,2999.997780702728
9543,3000.0,2999.9976572430064
9544,3000.0,2999.997541410173
9545,3000.0,2999.997432984621
9546,3000.0,2999.9973317491344
9547,3000.0,2999.9972374889962
9548,3000.0,2999.9971499920853
9549,3000.0,2999.99706904897
9550,3000.0,2999.9969944529917
9551,3000.0,2999.996926000345
9552,3000.0,2999.9968634901493
9553,3000.0,2999.9968067245172
9554,3000.0,2999.996755508615
9555,3000.0,2999.996709650717
9556,3000.0,2999.9966689622574
9557,3000.0,2999.996633257874
9558,3000.0,2999.9966023554466
9559,3000.0,2999.9965760761343
9560,3000.0,2999.9965542444047
9561,3000.0,2999.9965366880597
9562,3000.0,2999.996523238256
9563,3000.0,2999.996513729523
9564,3000.0,2999.9965079997764
9565,3000.0,2999.9965058903276
9566,3000.0,2999.996507245888
9567,3000.0,2999.9965119145722
9568,3000.0,2999.9965197478964
9569,3000.0,2999.9965306007743
9570,3000.0,2999.9965443315095
9571,3000.0,2999.9965608017856
9572,3000.0,2999.9965798766502
9573,3000.0,2999.9966014245024
9574,3000.0,2999.9966253170724
9575,3000.0,2999.9966514294
9576,3000.0,2999.996679639814
9577,3000.0,2999.9967098299035
9578,3000.0,2999.996741884492
9579,3000.0,2999.996775691609
9580,3000.0,2999.9968111424573
9581,3000.0,2999.9968481313813
9582,3000.0,2999.996886555831
9583,3000.0,2999.996926316328
9584,3000.0,2999.9969673164255
9585,3000.0,2999.9970094626724
9586,3000.0,2999.9970526645716
9587,3000.0,2999.99709683454
9588,3000.0,2999.9971418878654
9589,3000.0,2999.997187742664
9590,3000.0,2999.997234319838
9591,3000.0,2999.9972815430265
9592,3000.0,2999.997329338566
9593,3000.0,2999.9973776354414
9594,3000.0,2999.997426365238
9595,3000.0,2999.997475462097
9596,3000.0,2999.997524862668
9597,3000.0,2999.9975745060588
9598,3000.0,2999.9976243337906
9599,3000.0,2999.997674289747
9600,3000.0,2999.9977243201265
9601,3000.0,2999.997774373394
9602,3000.0,2999.997824400231
9603,3000.0,2999.9978743534884
9604,3000.0,2999.9979241881374
9605,3000.0,2999.9979738612196
9606,3000.0,2999.9980233318006
9607,3000.0,2999.998072560919
9608,3000.0,2999.9981215115404
9609,3000.0,2999.998170148509
9610,3000.0,2999.9982184384985
9611,3000.0,2999.998266349967
9612,3000.0,2999.998313853108
9613,3000.0,2999.998360919805
9614,3000.0,2999.998407523584
9615,3000.0,2999.998453639569
9616,3000.0,2999.998499244436
9617,3000.0,2999.9985443163673
9618,3000.0,2999.9985888350084
9619,3000.0,2999.9986327814227
9620,3000.0,2999.99867613805
9621,3000.0,2999.9987188886626
9622,3000.0,2999.9987610183216
9623,3000.0,2999.9988025133384
9624,3000.0,2999.998843361232
9625,3000.0,2999.9988835506874
9626,3000.0,2999.9989230715178
9627,3000.0,2999.998961914624
9628,3000.0,2999.9990000719577
9629,3000.0,2999.999037536481
9630,3000.0,2999.9990743021317
9631,3000.0,2999.999110363785
9632,3000.0,2999.9991457172187
9633,3000.0,2999.999180359078
9634,3000.0,2999.9992142868405
9635,3000.0,2999.9992474987835
9636,3000.0,2999.9992799939496
9637,3000.0,2999.999311772116
9638,3000.0,2999.9993428337607
9639,3000.0,2999.9993731800328
9640,3000.0,2999.999402812722
9641,3000.0,2999.99943173423
9642,3000.0,2999.9994599475394
9643,3000.0,2999.999487456189
9644,3000.0,2999.9995142642424
9645,3000.0,2999.999540376263
9646,3000.0,2999.9995657972895
9647,3000.0,2999.999590532807
9648,3000.0,2999.999614588725
9649,3000.0,2999.9996379713516
9650,3000.0,2999.9996606873715
9651,3000.0,2999.999682743822
9652,3000.0,2999.9997041480715
9653,3000.0,2999.999724907798
9654,3000.0,2999.999745030967
9655,3000.0,2999.9997645258136
9656,3000.0,2999.9997834008213
9657,3000.0,2999.999801664704
9658,3000.0,2999.9998193263864
9659,3000.0,2999.9998363949862
9660,3000.0,2999.9998528797983
9661,3000.0,2999.9998687902767
9662,3000.0,2999.999884136019
9663,3000.0,2999.9998989267515
9664,3000.0,2999.999913172313
9665,3000.0,2999.9999268826414
9666,3000.0,2999.99994006776
9667,3000.0,2999.999952737762
9668,3000.0,2999.999964902802
9669,3000.0,2999.9999765730777
9670,3000.0,2999.999987758824
9671,3000.0,2999.999998470297
9672,3000.0,3000.000008717766
9673,3000.0,3000.000018511501
9674,3000.0,3000.000027861765
9675,3000.0,3000.000036778802
9676,3000.0,3000.00004527283
9677,3000.0,3000.000053354031
9678,3000.0,3000.0000610325433
9679,3000.0,3000.000068318453
9680,3000.0,3000.000075221787
9681,3000.0,3000.0000817525065
9682,3000.0,3000.0000879204986
9683,3000.0,3000.0000937355708
9684,3000.0,3000.000099207446
9685,3000.0,3000.0001043457555
9686,3000.0,3000.0001091600343
9687,3000.0,3000.0001136597157
9688,3000.0,3000.0001178541265
9689,3000.0,3000.0001217524837
9690,3000.0,3000.0001253638884
9691,3000.0,3000.0001286973243
9692,3000.0,3000.000131761653
9693,3000.0,3000.00013456561
9694,3000.0,3000.000137117803
9695,3000.0,3000.0001394267088
9696,3000.0,3000.00014150067
9697,3000.0,3000.0001433478947
9698,3000.0,3000.000144976453
9699,3000.0,3000.000146394275
9700,3000.0,3000.0001476091493
9701,3000.0,3000.0001486287233
9702,3000.0,3000.000149460499
9703,3000.0,3000.000150111835
9704,3000.0,3000.000150589943
9705,3000.0,3000.00015090189
9706,3000.0,3000.000151054595
9707,3000.0,3000.0001510548304
9708,3000.0,3000.0001509092226
9709,3000.0,3000.0001506242497
9710,3000.0,3000.000150206243
9711,3000.0,3000.000149661387
9712,3000.0,3000.0001489957203
9713,3000.0,3000.0001482151356
9714,3000.0,3000.0001473253806
9715,3000.0,3000.0001463320586
9716,3000.0,3000.000145240629
9717,3000.0,3000.0001440564083
9718,3000.0,3000.0001427845723
9719,3000.0,3000.000141430157
9720,3000.0,3000.0001399980574
9721,3000.0,3000.0001384930324
9722,3000.0,3000.0001369197043
9723,3000.0,3000.00013528256
9724,3000.0,3000.0001335859542
9725,3000.0,3000.0001318341083
9726,3000.0,3000.000130031114
9727,3000.0,3000.000128180935
9728,3000.0,3000.0001262874075
9729,3000.0,3000.0001243542433
9730,3000.0,3000.0001223850313
9731,3000.0,3000.0001203832394
9732,3000.0,3000.000118352216
9733,3000.0,3000.000116295192
9734,3000.0,3000.0001142152832
9735,3000.0,3000.0001121154924
9736,3000.0,3000.0001099987103
9737,3000.0,3000.0001078677196
9738,3000.0,3000.0001057251948
9739,3000.0,3000.000103573706
9740,3000.0,3000.000101415719
9741,3000.0,3000.0000992536
9742,3000.0,3000.0000970896162
9743,3000.0,3000.000094925938
9744,3000.0,3000.0000927646406
9745,3000.0,3000.000090607707
9746,3000.0,3000.0000884570304
9747,3000.0,3000.000086314415
9748,3000.0,3000.0000841815795
9749,3000.0,3000.000082060157
9750,3000.0,3000.0000799517
9751,3000.0,3000.000077857681
9752,3000.0,3000.000075779494
9753,3000.0,3000.0000737184578
9754,3000.0,3000.000071675817
9755,3000.0,3000.0000696527436
9756,3000.0,3000.0000676503405
9757,3000.0,3000.0000656696425
9758,3000.0,3000.000063711619
9759,3000.0,3000.000061777175
9760,3000.0,3000.000059867153
9761,3000.0,3000.000057982336
9762,3000.0,3000.000056123448
9763,3000.0,3000.0000542911566
9764,3000.0,3000.000052486076
9765,3000.0,3000.0000507087666
9766,3000.0,3000.000048959737
9767,3000.0,3000.0000472394463
9768,3000.0,3000.000045548307
9769,3000.0,3000.0000438866846
9770,3000.0,3000.0000422549006
9771,3000.0,3000.0000406532336
9772,3000.0,3000.000039081921
9773,3000.0,3000.0000375411614
9774,3000.0,3000.0000360311146
9775,3000.0,3000.000034551904
9776,3000.0,3000.0000331036167
9777,3000.0,3000.0000316863075
9778,3000.0,3000.0000302999983
9779,3000.0,3000.0000289446803
9780,3000.0,3000.000027620315
9781,3000.0,3000.000026326836
9782,3000.0,3000.000025064151
9783,3000.0,3000.00002383214
9784,3000.0,3000.0000226306593
9785,3000.0,3000.000021459542
9786,3000.0,3000.0000203185996
9787,3000.0,3000.000019207622
9788,3000.0,3000.0000181263795
9789,3000.0,3000.0000170746243
9790,3000.0,3000.00001605209
9791,3000.0,3000.000015058494
9792,3000.0,3000.000014093538
9793,3000.0,3000.0000131569095
9794,3000.0,3000.000012248281
9795,3000.0,3000.000011367314
9796,3000.0,3000.0000105136564
9797,3000.0,3000.0000096869458
9798,3000.0,3000.000008886809
9799,3000.0,3000.0000081128646
9800,3000.0,3000.000007364721
9801,3000.0,3000.0000066419793
9802,3000.0,3000.000005944233
9803,3000.0,3000.00000527107
9804,3000.0,3000.0000046220716
9805,3000.0,3000.000003996814
9806,3000.0,3000.0000033948695
9807,3000.0,3000.0000028158056
9808,3000.0,3000.0000022591876
9809,3000.0,3000.000001724578
9810,3000.0,3000.0000012115356
9811,3000.0,3000.0000007196186
9812,3000.0,3000.0000002483844
9813,3000.0,2999.999999797389
9814,3000.0,2999.999999366188
9815,3000.0,2999.9999989543376
9816,3000.0,2999.9999985613945
9817,3000.0,2999.9999981869164
9818,3000.0,2999.9999978304622
9819,3000.0,2999.9999974915927
9820,3000.0,2999.9999971698717
9821,3000.0,2999.999996864864
9822,3000.0,2999.9999965761376
9823,3000.0,2999.9999963032637
9824,3000.0,2999.999996045817
9825,3000.0,2999.999995803376
9826,3000.0,2999.9999955755225
9827,3000.0,2999.999995361843
9828,3000.0,2999.9999951619275
9829,3000.0,2999.999994975371
9830,3000.0,2999.9999948017726
9831,3000.0,2999.9999946407365
9832,3000.0,2999.999994491873
9833,3000.0,2999.9999943547973
9834,3000.0,2999.999994229129
9835,3000.0,2999.9999941144933
9836,3000.0,2999.999994010522
9837,3000.0,2999.999993916852
9838,3000.0,2999.9999938331257
9839,3000.0,2999.999993758992
9840,3000.0,2999.9999936941053
9841,3000.0,2999.9999936381264
9842,3000.0,2999.999993590722
9843,3000.0,2999.999993551566
9844,3000.0,2999.9999935203373
9845,3000.0,2999.999993496722
9846,3000.0,2999.9999934804114
9847,3000.0,2999.9999934711045
9848,3000.0,2999.9999934685056
9849,3000.0,2999.9999934723255
9850,3000.0,2999.999993482282
9851,3000.0,2999.999993498099
9852,3000.0,2999.9999935195056
9853,3000.0,2999.999993546239
9854,3000.0,2999.999993578041
9855,3000.0,2999.9999936146614
9856,3000.0,2999.9999936558556
9857,3000.0,2999.9999937013854
9858,3000.0,2999.999993751018
9859,3000.0,2999.999993804527
9860,3000.0,2999.9999938616925
9861,3000.0,2999.9999939223003
9862,3000.0,2999.9999939861423
9863,3000.0,2999.9999940530165
9864,3000.0,2999.999994122726
9865,3000.0,2999.9999941950814
9866,3000.0,2999.9999942698973
9867,3000.0,2999.9999943469943
9868,3000.0,2999.999994426199
9869,3000.0,2999.999994507343
9870,3000.0,2999.999994590264
9871,3000.0,2999.999994674805
9872,3000.0,2999.9999947608135
9873,3000.0,2999.999994848143
9874,3000.0,2999.9999949366525
9875,3000.0,2999.9999950262045
9876,3000.0,2999.9999951166674
9877,3000.0,2999.999995207914
9878,3000.0,2999.9999952998223
9879,3000.0,2999.999995392275
9880,3000.0,2999.999995485159
9881,3000.0,2999.9999955783655
9882,3000.0,2999.9999956717907
9883,3000.0,2999.999995765335
9884,3000.0,2999.999995858903
9885,3000.0,2999.999995952403
9886,3000.0,2999.999996045748
9887,3000.0,2999.999996138855
9888,3000.0,2999.9999962316433
9889,3000.0,2999.9999963240375
9890,3000.0,2999.999996415966
9891,3000.0,2999.9999965073607
9892,3000.0,2999.9999965981565
9893,3000.0,2999.999996688291
9894,3000.0,2999.9999967777067
9895,3000.0,2999.9999968663474
9896,3000.0,2999.999996954162
9897,3000.0,2999.9999970411013
9898,3000.0,2999.99999712712
9899,3000.0,2999.999997212174
9900,3000.0,2999.9999972962237
9901,3000.0,2999.9999973792314
9902,3000.0,2999.999997461163
9903,3000.0,2999.9999975419855
9904,3000.0,2999.999997621669
9905,3000.0,2999.999997700186
9906,3000.0,2999.9999977775115
9907,3000.0,2999.999997853623
9908,3000.0,2999.9999979284994
9909,3000.0,2999.999998002122
9910,3000.0,2999.999998074474
9911,3000.0,2999.999998145541
9912,3000.0,2999.9999982153104
9913,3000.0,2999.999998283771
9914,3000.0,2999.9999983509147
9915,3000.0,2999.9999984167325
9916,3000.0,2999.9999984812193
9917,3000.0,2999.9999985443706
9918,3000.0,2999.9999986061835
9919,3000.0,2999.9999986666558
9920,3000.0,2999.999998725788
9921,3000.0,2999.9999987835813
9922,3000.0,2999.999998840038
9923,3000.0,2999.9999988951613
9924,3000.0,2999.9999989489556
9925,3000.0,2999.9999990014276
9926,3000.0,2999.999999052584
9927,3000.0,2999.999999102432
9928,3000.0,2999.9999991509812
9929,3000.0,2999.9999991982404
9930,3000.0,2999.9999992442204
9931,3000.0,2999.999999288932
9932,3000.0,2999.9999993323872
9933,3000.0,2999.9999993745987
9934,3000.0,2999.9999994155796
9935,3000.0,2999.9999994553446
9936,3000.0,2999.999999493908
9937,3000.0,2999.9999995312846
9938,3000.0,2999.9999995674893
9939,3000.0,2999.9999996025385
9940,3000.0,2999.9999996364486
9941,3000.0,2999.9999996692363
9942,3000.0,2999.9999997009195
9943,3000.0,2999.999999731515
9944,3000.0,2999.9999997610407
9945,3000.0,2999.9999997895147
9946,3000.0,2999.999999816955
9947,3000.0,2999.9999998433805
9948,3000.0,2999.999999868809
9949,3000.0,2999.9999998932594
9950,3000.0,2999.9999999167508
9951,3000.0,2999.9999999393017
9952,3000.0,2999.9999999609317
9953,3000.0,2999.9999999816605
9954,3000.0,3000.0000000015066
9955,3000.0,3000.0000000204896
9956,3000.0,3000.0000000386285
9957,3000.0,3000.0000000559426
9958,3000.0,3000.0000000724503
9959,3000.0,3000.0000000881714
9960,3000.0,3000.000000103125
9961,3000.0,3000.000000117329
9962,3000.0,3000.000000130803
9963,3000.0,3000.000000143566
9964,3000.0,3000.000000155636
9965,3000.0,3000.0000001670314
9966,3000.0,3000.0000001777707
9967,3000.0,3000.0000001878725
9968,3000.0,3000.000000197354
9969,3000.0,3000.000000206233
9970,3000.0,3000.000000214527
9971,3000.0,3000.0000002222537
9972,3000.0,3000.0000002294305
9973,3000.0,3000.000000236074
9974,3000.0,3000.000000242201
9975,3000.0,3000.000000247829
9976,3000.0,3000.0000002529737
9977,3000.0,3000.000000257651
9978,3000.0,3000.000000261877
9979,3000.0,3000.0000002656675
9980,3000.0,3000.000000269037
9981,3000.0,3000.000000272001
9982,3000.0,3000.000000274574
9983,3000.0,3000.000000276771
9984,3000.0,3000.0000002786055
9985,3000.0,3000.000000280092
9986,3000.0,3000.000000281244
9987,3000.0,3000.000000282075
9988,3000.0,3000.0000002825973
9989,3000.0,3000.000000282825
9990,3000.0,3000.0000002827705
9991,3000.0,3000.0000002824454
9992,3000.0,3000.000000281862
9993,3000.0,3000.0000002810325
9994,3000.0,3000.000000279968
9995,3000.0,3000.0000002786796
9996,3000.0,3000.0000002771785
9997,3000.0,3000.000000275475
9998,3000.0,3000.0000002735806
9999,3000.0,3000.0000002715046
10000,1000.0,2999.5172821711726
10001,1000.0,2997.6078529637753
10002,1000.0,2993.8528376026925
10003,1000.0,2988.336063704592
10004,1000.0,2981.139416911575
10005,1000.0,2972.342846226889
10006,1000.0,2962.024370988468
10007,1000.0,2950.2600894024035
10008,1000.0,2937.1241885603054
10009,1000.0,2922.6889558664093
10010,1000.0,2907.0247918021296
10011,1000.0,2890.200223957613
10012,1000.0,2872.281922261693
10013,1000.0,2853.3347153434584
10014,1000.0,2833.421607960464
10015,1000.0,2812.6037994304106
10016,1000.0,2790.9407030048856
10017,1000.0,2768.4899661255254
10018,1000.0,2745.3074915046986
10019,1000.0,2721.447458974523
10020,1000.0,2696.9623480497366
10021,1000.0,2671.902961151615
10022,1000.0,2646.3184474417917
10023,1000.0,2620.2563272164666
10024,1000.0,2593.762516813092
10025,1000.0,2566.88135398323
10026,1000.0,2539.655623686821
10027,1000.0,2512.1265842646503
10028,1000.0,2484.3339939473085
10029,1000.0,2456.316137660429
10030,1000.0,2428.1098540874536
10031,1000.0,2399.7505629526017
10032,1000.0,2371.2722924881373
10033,1000.0,2342.7077070514074
10034,1000.0,2314.0881348584776
10035,1000.0,2285.4435958025274
10036,1000.0,2256.8028293264597
10037,1000.0,2228.193322320465
10038,1000.0,2199.6413370165183
10039,1000.0,2171.171938853012
10040,1000.0,2142.809024283925
10041,1000.0,2114.575348508086
10042,1000.0,2086.492553095233
10043,1000.0,2058.5811934866856
10044,1000.0,2030.860766349525
10045,1000.0,2003.349736764241
10046,1000.0,1976.0655652268372
10047,1000.0,1949.0247344473835
10048,1000.0,1922.2427759279933
10049,1000.0,1895.7342963041501
10050,1000.0,1869.5130034342355
10051,1000.0,1843.5917322230162
10052,1000.0,1817.9824701657162
10053,1000.0,1792.6963826001586
10054,1000.0,1767.7438376552825
10055,1000.0,1743.1344308851426
10056,1000.0,1718.877009578278
10057,1000.0,1694.9796967330885
10058,1000.0,1671.4499146905848
10059,1000.0,1648.2944084165847
10060,1000.0,1625.5192684261158
10061,1000.0,1603.129953343436
10062,1000.0,1581.1313120917307
10063,1000.0,1559.5276057071533
10064,1000.0,1538.3225287724758
10065,1000.0,1517.5192304661869
10066,1000.0,1497.120335223425
10067,1000.0,1477.1279630056708
10068,1000.0,1457.5437491766302
10069,1000.0,1438.3688639822326
10070,1000.0,1419.6040316331419
10071,1000.0,1401.2495489886294
10072,1000.0,1383.3053038410967
10073,1000.0,1365.7707928009459
10074,1000.0,1348.6451387819027
10075,1000.0,1331.9271080872704
10076,1000.0,1315.6151270979628
10077,1000.0,1299.7072985635111
10078,1000.0,1284.201417497568
10079,1000.0,1269.0949866797505
10080,1000.0,1254.385231765965
10081,1000.0,1240.0691160096364
10082,1000.0,1226.14335459654
10083,1000.0,1212.6044285961884
10084,1000.0,1199.4485985329668
10085,1000.0,1186.6719175804374
10086,1000.0,1174.2702443824537
10087,1000.0,1162.239255504922
10088,1000.0,1150.5744575222386
10089,1000.0,1139.2711987426117
10090,1000.0,1128.3246805766398
10091,1000.0,1117.7299685536739
10092,1000.0,1107.482002990633
10093,1000.0,1097.5756093180776
10094,1000.0,1088.0055080684654
10095,1000.0,1078.766324531625
10096,1000.0,1069.852598082592
10097,1000.0,1061.2587911870335
10098,1000.0,1052.9792980895832
10099,1000.0,1045.0084531904758
10100,1000.0,1037.3405391159395
10101,1000.0,1029.9697944878635
10102,1000.0,1022.8904213983084
10103,1000.0,1016.0965925944674
10104,1000.0,1009.5824583797281
10105,1000.0,1003.342153236506
10106,1000.0,997.369802176549
10107,1000.0,991.6595268244241
10108,1000.0,986.2054512399081
10109,1000.0,981.0017074850081
10110,1000.0,976.0424409413332
10111,1000.0,971.3218153835345
10112,1000.0,966.8340178145141
10113,1000.0,962.5732630680889
10114,1000.0,958.5337981847692
10115,1000.0,954.7099065662909
10116,1000.0,951.0959119145002
10117,1000.0,947.686181960163
10118,1000.0,944.4751319872264
10119,1000.0,941.4572281580195
10120,1000.0,938.626990644833
10121,1000.0,935.9789965732689
10122,1000.0,933.5078827826983
10123,1000.0,931.2083484091098
10124,1000.0,929.0751572955737
10125,1000.0,927.1031402354854
10126,1000.0,925.2871970536894
10127,1000.0,923.6222985305205
10128,1000.0,922.1034881737295
10129,1000.0,920.7258838431936
10130,1000.0,919.4846792332421
10131,1000.0,918.3751452173509
10132,1000.0,917.3926310598904
10133,1000.0,916.5325654995339
10134,1000.0,915.7904577088581
10135,1000.0,915.161898134588
10136,1000.0,914.6425592228646
10137,1000.0,914.228196033828
10138,1000.0,913.9146467497357
10139,1000.0,913.6978330807503
10140,1000.0,913.5737605724529
10141,1000.0,913.5385188190543
10142,1000.0,913.5882815861981
10143,1000.0,913.7193068471653
10144,1000.0,913.9279367362068
10145,1000.0,914.2105974226546
10146,1000.0,914.5637989093705
10147,1000.0,914.984134759019
10148,1000.0,915.4682817515635
10149,1000.0,916.0129994763053
10150,1000.0,916.615129861704
10151,1000.0,917.2715966461367
10152,1000.0,917.9794047926745
10153,1000.0,918.7356398508729
10154,1000.0,919.5374672684952
10155,1000.0,920.3821316560096
10156,1000.0,921.266956006622
10157,1000.0,922.1893408745291
10158,1000.0,923.1467635140027
10159,1000.0,924.1367769818363
10160,1000.0,925.1570092056131
10161,1000.0,926.2051620201822
10162,1000.0,927.279010174652
10163,1000.0,928.3764003121418
10164,1000.0,929.4952499244621
10165,1000.0,930.633546283819
10166,1000.0,931.7893453535751
10167,1000.0,932.9607706800278
10168,1000.0,934.1460122671001
10169,1000.0,935.3433254357717
10170,1000.0,936.5510296700163
10171,1000.0,937.7675074509451
10172,1000.0,938.9912030807938
10173,1000.0,940.2206214983305
10174,1000.0,941.4543270872016
10175,1000.0,942.6909424786719
10176,1000.0,943.9291473501586
10177,1000.0,945.1676772209029
10178,1000.0,946.4053222460645
10179,1000.0,947.6409260104742
10180,1000.0,948.8733843232211
10181,1000.0,950.1016440142048
10182,1000.0,951.3247017337268
10183,1000.0,952.5416027561494
10184,1000.0,953.7514397885991
10185,1000.0,954.9533517856468
10186,1000.0,956.1465227708479
10187,1000.0,957.3301806659837
10188,1000.0,958.5035961287974
10189,1000.0,959.6660813999805
10190,1000.0,960.816989160118
10191,1000.0,961.955711397265
10192,1000.0,963.0816782857852
10193,1000.0,964.194357077045
10194,1000.0,965.2932510025176
10195,1000.0,966.3778981898187
10196,1000.0,967.447870592156
10197,1000.0,968.5027729316462
10198,1000.0,969.5422416569131
10199,1000.0,970.5659439153571
10200,1000.0,971.5735765404463
10201,1000.0,972.5648650543574
10202,1000.0,973.5395626862606
10203,1000.0,974.4974494065175
10204,1000.0,975.438330977031
10205,1000.0,976.3620380179648
10206,1000.0,977.26842509102
10207,1000.0,978.1573697994356
10208,1000.0,979.0287719048538
10209,1000.0,979.8825524611713
10210,1000.0,980.7186529654736
10211,1000.0,981.5370345261298
10212,1000.0,982.3376770481061
10213,1000.0,983.1205784355348
10214,1000.0,983.8857538115602
10215,1000.0,984.6332347554638
10216,1000.0,985.3630685570527
10217,1000.0,986.0753174882825
10218,1000.0,986.7700580920693
10219,1000.0,987.4473804882284
10220,1000.0,988.1073876964673
10221,1000.0,988.7501949763449
10222,1000.0,989.375929184097
10223,1000.0,989.9847281462154
10224,1000.0,990.5767400496586
10225,1000.0,991.1521228485586
10226,1000.0,991.7110436872811
10227,1000.0,992.2536783396843
10228,1000.0,992.7802106644144
10229,1000.0,993.2908320760673
10230,1000.0,993.7857410320352
10231,1000.0,994.2651425348552
10232,1000.0,994.7292476498645
10233,1000.0,995.1782730379633
10234,1000.0,995.6124405032795
10235,1000.0,996.0319765555255
10236,1000.0,996.4371119868306
10237,1000.0,996.828081462827
10238,1000.0,997.2051231277674
10239,1000.0,997.5684782234438
10240,1000.0,997.918390721676
10241,1000.0,998.2551069701359
10242,1000.0,998.5788753512684
10243,1000.0,998.8899459540703
10244,1000.0,999.1885702584847
10245,1000.0,999.4750008321679
10246,1000.0,999.7494910393837
10247,1000.0,1000.0122947617782
10248,1000.0,1000.2636661307903
10249,1000.0,1000.5038592714485
10250,1000.0,1000.7331280573081
10251,1000.0,1000.9517258762806
10252,1000.0,1001.1599054071083
10253,1000.0,1001.3579184062365
10254,1000.0,1001.546015504839
10255,1000.0,1001.7244460157493
10256,1000.0,1001.8934577500554
10257,1000.0,1002.0532968431144
10258,1000.0,1002.2042075897456
10259,1000.0,1002.3464322883624
10260,1000.0,1002.480211093805
10261,1000.0,1002.6057818786383
10262,1000.0,1002.7233801026802
10263,1000.0,1002.8332386905295
10264,1000.0,1002.935587916863
10265,1000.0,1003.0306552992764
10266,1000.0,1003.1186654984424
10267,1000.0,1003.1998402253672
10268,1000.0,1003.2743981555244
10269,1000.0,1003.3425548496501
10270,1000.0,1003.4045226809886
10271,1000.0,1003.4605107687757
10272,1000.0,1003.5107249177552
10273,1000.0,1003.5553675635225
10274,1000.0,1003.5946377234976
10275,1000.0,1003.628730953327
10276,1000.0,1003.6578393085238
10277,1000.0,1003.6821513111528
10278,1000.0,1003.7018519213754
10279,1000.0,1003.7171225136694
10280,1000.0,1003.7281408575448
10281,1000.0,1003.7350811025763
10282,1000.0,1003.7381137675827
10283,1000.0,1003.7374057337812
10284,1000.0,1003.7331202417506
10285,1000.0,1003.7254168920421
10286,1000.0,1003.7144516492771
10287,1000.0,1003.7003768495777
10288,1000.0,1003.6833412111771
10289,1000.0,1003.6634898480618
10290,1000.0,1003.6409642865003
10291,1000.0,1003.6159024843178
10292,1000.0,1003.588438852778
10293,1000.0,1003.5587042809385
10294,1000.0,1003.5268261623474
10295,1000.0,1003.4929284239555
10296,1000.0,1003.4571315571177
10297,1000.0,1003.4195526505652
10298,1000.0,1003.3803054252287
10299,1000.0,1003.339500270801
10300,1000.0,1003.2972442839255
10301,1000.0,1003.2536413079058
10302,1000.0,1003.2087919738292
10303,1000.0,1003.1627937430051
10304,1000.0,1003.1157409506192
10305,1000.0,1003.0677248505087
10306,1000.0,1003.0188336609671
10307,1000.0,1002.9691526114875
10308,1000.0,1002.9187639903625
10309,1000.0,1002.8677471930532
10310,1000.0,1002.8161787712497
10311,1000.0,1002.7641324825453
10312,1000.0,1002.7116793406497
10313,1000.0,1002.6588876660686
10314,1000.0,1002.6058231371815
10315,1000.0,1002.55254884165
10316,1000.0,1002.4991253280948
10317,1000.0,1002.4456106579762
10318,1000.0,1002.392060457623
10319,1000.0,1002.3385279703501
10320,1000.0,1002.2850641086131
10321,1000.0,1002.2317175061459
10322,1000.0,1002.1785345700325
10323,1000.0,1002.1255595326667
10324,1000.0,1002.0728345035515
10325,1000.0,1002.0203995208992
10326,1000.0,1001.9682926029873
10327,1000.0,1001.9165497992327
10328,1000.0,1001.8652052409485
10329,1000.0,1001.8142911917458
10330,1000.0,1001.7638380975486
10331,1000.0,1001.7138746361904
10332,1000.0,1001.6644277665623
10333,1000.0,1001.6155227772847
10334,1000.0,1001.5671833348765
10335,1000.0,1001.5194315313976
10336,1000.0,1001.47228793154
10337,1000.0,1001.4257716191481
10338,1000.0,1001.3799002431467
10339,1000.0,1001.3346900628579
10340,1000.0,1001.2901559926916
10341,1000.0,1001.2463116461906
10342,1000.0,1001.2031693794196
10343,1000.0,1001.1607403336803
10344,1000.0,1001.1190344775457
10345,1000.0,1001.0780606481975
10346,1000.0,1001.0378265920607
10347,1000.0,1000.9983390047255
10348,1000.0,1000.9596035701483
10349,1000.0,1000.921624999126
10350,1000.0,1000.8844070670384
10351,1000.0,1000.8479526508527
10352,1000.0,1000.8122637653876
10353,1000.0,1000.7773415988345
10354,1000.0,1000.743186547532
10355,1000.0,1000.7097982499944
10356,1000.0,1000.677175620193
10357,1000.0,1000.6453168800905
10358,1000.0,1000.6142195914298
10359,1000.0,1000.5838806867788
10360,1000.0,1000.5542964998334
10361,1000.0,1000.5254627949818
10362,1000.0,1000.4973747961336
10363,1000.0,1000.4700272148183
10364,1000.0,1000.443414277557
10365,1000.0,1000.417529752513
10366,1000.0,1000.3923669754267
10367,1000.0,1000.3679188748413
10368,1000.0,1000.3441779966246
10369,1000.0,1000.3211365277957
10370,1000.0,1000.2987863196621
10371,1000.0,1000.2771189102754
10372,1000.0,1000.2561255462136
10373,1000.0,1000.2357972036987
10374,1000.0,1000.2161246090568
10375,1000.0,1000.1970982585312
10376,1000.0,1000.1787084374562
10377,1000.0,1000.1609452388007
10378,1000.0,1000.143798581093
10379,1000.0,1000.1272582257345
10380,1000.0,1000.1113137937119
10381,1000.0,1000.0959547817196
10382,1000.0,1000.0811705777015
10383,1000.0,1000.0669504758221
10384,1000.0,1000.0532836908773
10385,1000.0,1000.0401593721564
10386,1000.0,1000.027566616764
10387,1000.0,1000.015494482414
10388,1000.0,1000.0039319997055
10389,1000.0,999.9928681838912
10390,1000.0,999.9822920461496
10391,1000.0,999.9721926043707
10392,1000.0,999.962558893467
10393,1000.0,999.9533799752203
10394,1000.0,999.9446449476736
10395,1000.0,999.9363429540809
10396,1000.0,999.9284631914237
10397,1000.0,999.920994918506
10398,1000.0,999.9139274636376
10399,1000.0,999.9072502319165
10400,1000.0,999.9009527121203
10401,1000.0,999.8950244832185
10402,1000.0,999.8894552205132
10403,1000.0,999.8842347014212
10404,1000.0,999.8793528109052
10405,1000.0,999.8747995465661
10406,1000.0,999.8705650234047
10407,1000.0,999.866639478263
10408,1000.0,999.8630132739559
10409,1000.0,999.8596769031001
10410,1000.0,999.8566209916524
10411,1000.0,999.8538363021659
10412,1000.0,999.851313736771
10413,1000.0,999.8490443398945
10414,1000.0,999.8470193007211
10415,1000.0,999.8452299554095
10416,1000.0,999.84366778907
10417,1000.0,999.8423244375114
10418,1000.0,999.841191688768
10419,1000.0,999.8402614844126
10420,1000.0,999.8395259206635
10421,1000.0,999.8389772492956
10422,1000.0,999.8386078783601
10423,1000.0,999.8384103727237
10424,1000.0,999.8383774544313
10425,1000.0,999.8385020029026
10426,1000.0,999.8387770549673
10427,1000.0,999.8391958047474
10428,1000.0,999.8397516033924
10429,1000.0,999.8404379586743
10430,1000.0,999.8412485344494
10431,1000.0,999.8421771499925
10432,1000.0,999.8432177792102
10433,1000.0,999.8443645497391
10434,1000.0,999.845611741934
10435,1000.0,999.8469537877543
10436,1000.0,999.8483852695504
10437,1000.0,999.8499009187591
10438,1000.0,999.8514956145117
10439,1000.0,999.853164382159
10440,1000.0,999.8549023917199
10441,1000.0,999.8567049562581
10442,1000.0,999.8585675301908
10443,1000.0,999.860485707534
10444,1000.0,999.86245522009
10445,1000.0,999.8644719355806
10446,1000.0,999.8665318557296
10447,1000.0,999.8686311143
10448,1000.0,999.8707659750883
10449,1000.0,999.872932829881
10450,1000.0,999.8751281963764
10451,1000.0,999.8773487160744
10452,1000.0,999.879591152139
10453,1000.0,999.8818523872368
10454,1000.0,999.8841294213527
10455,1000.0,999.8864193695882
10456,1000.0,999.8887194599445
10457,1000.0,999.8910270310915
10458,1000.0,999.8933395301291
10459,1000.0,999.8956545103389
10460,1000.0,999.8979696289326
10461,1000.0,999.9002826447974
10462,1000.0,999.9025914162407
10463,1000.0,999.9048938987381
10464,1000.0,999.9071881426839
10465,1000.0,999.9094722911494
10466,1000.0,999.9117445776471
10467,1000.0,999.9140033239072
10468,1000.0,999.916246937663
10469,1000.0,999.9184739104518
10470,1000.0,999.9206828154284
10471,1000.0,999.9228723051971
10472,1000.0,999.9250411096584
10473,1000.0,999.9271880338775
10474,1000.0,999.929311955971
10475,1000.0,999.9314118250153
10476,1000.0,999.9334866589779
10477,1000.0,999.9355355426718
10478,1000.0,999.9375576257337
10479,1000.0,999.9395521206283
10480,1000.0,999.9415183006784
10481,1000.0,999.9434554981216
10482,1000.0,999.945363102195
10483,1000.0,999.9472405572475
10484,1000.0,999.9490873608817
10485,1000.0,999.9509030621246
10486,1000.0,999.952687259628
10487,1000.0,999.9544395998997
10488,1000.0,999.9561597755652
10489,1000.0,999.95784752366
10490,1000.0,999.9595026239542
10491,1000.0,999.9611248973075
10492,1000.0,999.9627142040564
10493,1000.0,999.9642704424343
10494,1000.0,999.9657935470221
10495,1000.0,999.9672834872323
10496,1000.0,999.9687402658245
10497,1000.0,999.970163917454
10498,1000.0,999.9715545072519
10499,1000.0,999.9729121294381
10500,1000.0,999.9742369059663
10501,1000.0,999.9755289852008
10502,1000.0,999.9767885406255
10503,1000.0,999.9780157695855
10504,1000.0,999.9792108920585
10505,1000.0,999.9803741494601
10506,1000.0,999.9815058034784
10507,1000.0,999.9826061349404
10508,1000.0,999.9836754427095
10509,1000.0,999.9847140426128
10510,1000.0,999.9857222663994
10511,1000.0,999.9867004607278
10512,1000.0,999.9876489861838
10513,1000.0,999.9885682163267
10514,1000.0,999.989458536765
10515,1000.0,999.9903203442606
10516,1000.0,999.991154045861
10517,1000.0,999.9919600580595
10518,1000.0,999.9927388059823
10519,1000.0,999.9934907226032
10520,1000.0,999.9942162479844
10521,1000.0,999.9949158285436
10522,1000.0,999.9955899163472
10523,1000.0,999.9962389684275
10524,1000.0,999.9968634461269
10525,1000.0,999.9974638144641
10526,1000.0,999.9980405415262
10527,1000.0,999.9985940978827
10528,1000.0,999.9991249560239
10529,1000.0,999.9996335898214
10530,1000.0,1000.0001204740099
10531,1000.0,1000.0005860836918
10532,1000.0,1000.0010308938624
10533,1000.0,1000.0014553789562
10534,1000.0,1000.001860012413
10535,1000.0,1000.0022452662641
10536,1000.0,1000.0026116107382
10537,1000.0,1000.0029595138849
10538,1000.0,1000.0032894412182
10539,1000.0,1000.0036018553772
10540,1000.0,1000.003897215804
10541,1000.0,1000.0041759784397
10542,1000.0,1000.0044385954354
10543,1000.0,1000.0046855148814
10544,1000.0,1000.0049171805506
10545,1000.0,1000.0051340316576
10546,1000.0,1000.0053365026328
10547,1000.0,1000.005525022911
10548,1000.0,1000.0057000167342
10549,1000.0,1000.0058619029667
10550,1000.0,1000.0060110949255
10551,1000.0,1000.0061480002217
10552,1000.0,1000.0062730206153
10553,1000.0,1000.0063865518811
10554,1000.0,1000.0064889836872
10555,1000.0,1000.006580699484
10556,1000.0,1000.006662076404
10557,1000.0,1000.0067334851727
10558,1000.0,1000.0067952900287
10559,1000.0,1000.0068478486538
10560,1000.0,1000.0068915121135
10561,1000.0,1000.0069266248046
10562,1000.0,1000.006953524413
10563,1000.0,1000.0069725418792
10564,1000.0,1000.0069840013722
10565,1000.0,1000.00698822027
10566,1000.0,1000.0069855091494
10567,1000.0,1000.006976171781
10568,1000.0,1000.0069605051318
10569,1000.0,1000.0069387993742
10570,1000.0,1000.0069113379011
10571,1000.0,1000.0068783973471
10572,1000.0,1000.0068402476147
10573,1000.0,1000.0067971519069
10574,1000.0,1000.0067493667636
10575,1000.0,1000.0066971421041
10576,1000.0,1000.0066407212731
10577,1000.0,1000.0065803410914
10578,1000.0,1000.0065162319111
10579,1000.0,1000.006448617674
10580,1000.0,1000.0063777159742
10581,1000.0,1000.0063037381237
10582,1000.0,1000.0062268892218
10583,1000.0,1000.0061473682265
10584,1000.0,1000.0060653680296
10585,1000.0,1000.005981075534
10586,1000.0,1000.0058946717338
10587,1000.0,1000.0058063317958
10588,1000.0,1000.005716225144
10589,1000.0,1000.0056245155455
10590,1000.0,1000.0055313611982
10591,1000.0,1000.0054369148202
10592,1000.0,1000.0053413237401
10593,1000.0,1000.00524472999
10594,1000.0,1000.0051472703971
10595,1000.0,1000.0050490766787
10596,1000.0,1000.0049502755371
10597,1000.0,1000.0048509887548
10598,1000.0,1000.004751333291
10599,1000.0,1000.0046514213782
10600,1000.0,1000.0045513606193
10601,1000.0,1000.004451254085
10602,1000.0,1000.004351200411
10603,1000.0,1000.0042512938955
10604,1000.0,1000.0041516245971
10605,1000.0,1000.0040522784313
10606,1000.0,1000.0039533372686
10607,1000.0,1000.0038548790303
10608,1000.0,1000.0037569777853
10609,1000.0,1000.0036597038462
10610,1000.0,1000.0035631238644
10611,1000.0,1000.0034673009249
10612,1000.0,1000.0033722946404
10613,1000.0,1000.0032781612445
10614,1000.0,1000.0031849536844
10615,1000.0,1000.0030927217127
10616,1000.0,1000.0030015119781
10617,1000.0,1000.0029113681151
10618,1000.0,1000.0028223308327
10619,1000.0,1000.002734438003
10620,1000.0,1000.0026477247471
10621,1000.0,1000.0025622235213
10622,1000.0,1000.002477964201
10623,1000.0,1000.0023949741649
10624,1000.0,1000.0023132783759
10625,1000.0,1000.0022328994631
10626,1000.0,1000.0021538578005
10627,1000.0,1000.0020761715858
10628,1000.0,1000.0019998569173
10629,1000.0,1000.0019249278696
10630,1000.0,1000.0018513965678
10631,1000.0,1000.0017792732608
10632,1000.0,1000.001708566393
10633,1000.0,1000.0016392826739
10634,1000.0,1000.0015714271478
10635,1000.0,1000.0015050032611
10636,1000.0,1000.0014400129278
10637,1000.0,1000.001376456595
10638,1000.0,1000.001314333306
10639,1000.0,1000.001253640762
10640,1000.0,1000.0011943753827
10641,1000.0,1000.0011365323659
10642,1000.0,1000.0010801057444
10643,1000.0,1000.0010250884435
10644,1000.0,1000.0009714723348
10645,1000.0,1000.0009192482906
10646,1000.0,1000.000868406236
10647,1000.0,1000.0008189351995
10648,1000.0,1000.0007708233628
10649,1000.0,1000.0007240581091
10650,1000.0,1000.0006786260695
10651,1000.0,1000.0006345131692
10652,1000.0,1000.0005917046714
10653,1000.0,1000.0005501852205
10654,1000.0,1000.0005099388836
10655,1000.0,1000.0004709491911
10656,1000.0,1000.000433199176
10657,1000.0,1000.0003966714116
10658,1000.0,1000.0003613480487
10659,1000.0,1000.000327210851
10660,1000.0,1000.0002942412292
10661,1000.0,1000.0002624202749
10662,1000.0,1000.0002317287924
10663,1000.0,1000.0002021473297
10664,1000.0,1000.0001736562084
10665,1000.0,1000.0001462355527
10666,1000.0,1000.0001198653171
10667,1000.0,1000.0000945253125
10668,1000.0,1000.0000701952334
10669,1000.0,1000.0000468546812
10670,1000.0,1000.0000244831884
10671,1000.0,1000.0000030602416
10672,1000.0,999.999982565303
10673,1000.0,999.9999629778312
10674,1000.0,999.9999442773014
10675,1000.0,999.9999264432247
10676,1000.0,999.999909455166
10677,1000.0,999.9998932927612
10678,1000.0,999.9998779357342
10679,1000.0,999.9998633639125
10680,1000.0,999.999849557242
10681,1000.0,999.9998364958016
10682,1000.0,999.9998241598162
10683,1000.0,999.99981252967
10684,1000.0,999.9998015859179
10685,1000.0,999.9997913092973
10686,1000.0,999.9997816807385
10687,1000.0,999.9997726813749
10688,1000.0,999.9997642925523
10689,1000.0,999.9997564958378
10690,1000.0,999.9997492730278
10691,1000.0,999.9997426061556
10692,1000.0,999.9997364774985
10693,1000.0,999.9997308695846
10694,1000.0,999.9997257651984
10695,1000.0,999.9997211473864
10696,1000.0,999.999716999462
10697,1000.0,999.9997133050102
10698,1000.0,999.9997100478917
10699,1000.0,999.9997072122459
10700,1000.0,999.9997047824949
10701,1000.0,999.9997027433457
10702,1000.0,999.9997010797928
10703,1000.0,999.9996997771203
10704,1000.0,999.9996988209034
10705,1000.0,999.9996981970095
10706,1000.0,999.9996978915992
10707,1000.0,999.9996978911274
10708,1000.0,999.999698182343
10709,1000.0,999.9996987522892
10710,1000.0,999.9996995883032
10711,1000.0,999.9997006780156
10712,1000.0,999.9997020093497
10713,1000.0,999.9997035705198
10714,1000.0,999.9997053500311
10715,1000.0,999.9997073366773
10716,1000.0,999.9997095195389
10717,1000.0,999.999711887982
10718,1000.0,999.9997144316551
10719,1000.0,999.9997171404875
10720,1000.0,999.999720004687
10721,1000.0,999.9997230147366
10722,1000.0,999.9997261613922
10723,1000.0,999.9997294356797
10724,1000.0,999.9997328288914
10725,1000.0,999.9997363325833
10726,1000.0,999.9997399385719
10727,1000.0,999.9997436389305
10728,1000.0,999.9997474259853
10729,1000.0,999.9997512923129
10730,1000.0,999.9997552307357
10731,1000.0,999.9997592343182
10732,1000.0,999.9997632963638
10733,1000.0,999.9997674104102
10734,1000.0,999.9997715702258
10735,1000.0,999.9997757698055
10736,1000.0,999.9997800033669
10737,1000.0,999.9997842653462
10738,1000.0,999.9997885503938
10739,1000.0,999.9997928533701
10740,1000.0,999.9997971693418
10741,1000.0,999.9998014935775
10742,1000.0,999.9998058215432
10743,1000.0,999.9998101488985
10744,1000.0,999.9998144714922
10745,1000.0,999.9998187853579
10746,1000.0,999.9998230867102
10747,1000.0,999.9998273719402
10748,1000.0,999.9998316376115
10749,1000.0,999.9998358804555
10750,1000.0,999.9998400973682
10751,1000.0,999.9998442854052
10752,1000.0,999.9998484417781
10753,1000.0,999.9998525638501
10754,1000.0,999.9998566491323
10755,1000.0,999.9998606952794
10756,1000.0,999.9998647000858
10757,1000.0,999.9998686614817
10758,1000.0,999.9998725775291
10759,1000.0,999.9998764464179
10760,1000.0,999.9998802664624
10761,1000.0,999.9998840360969
10762,1000.0,999.9998877538728
10763,1000.0,999.9998914184545
10764,1000.0,999.9998950286156
10765,1000.0,999.9998985832356
10766,1000.0,999.9999020812965
10767,1000.0,999.9999055218788
10768,1000.0,999.9999089041587
10769,1000.0,999.9999122274046
10770,1000.0,999.9999154909735
10771,1000.0,999.9999186943079
10772,1000.0,999.9999218369326
10773,1000.0,999.9999249184519
10774,1000.0,999.9999279385464
10775,1000.0,999.9999308969695
10776,1000.0,999.9999337935452
10777,1000.0,999.9999366281646
10778,1000.0,999.9999394007834
10779,1000.0,999.9999421114193
10780,1000.0,999.9999447601488
10781,1000.0,999.9999473471049
10782,1000.0,999.9999498724745
10783,1000.0,999.9999523364959
10784,1000.0,999.9999547394561
10785,1000.0,999.9999570816889
10786,1000.0,999.9999593635716
10787,1000.0,999.999961585524
10788,1000.0,999.9999637480054
10789,1000.0,999.9999658515123
10790,1000.0,999.9999678965769
10791,1000.0,999.9999698837644
10792,1000.0,999.9999718136713
10793,1000.0,999.9999736869238
10794,1000.0,999.9999755041754
10795,1000.0,999.9999772661051
10796,1000.0,999.9999789734161
10797,1000.0,999.9999806268335
10798,1000.0,999.999982227103
10799,1000.0,999.9999837749895
10800,1000.0,999.9999852712748
10801,1000.0,999.9999867167568
10802,1000.0,999.9999881122477
10803,1000.0,999.9999894585726
10804,1000.0,999.9999907565683
10805,1000.0,999.9999920070819
10806,1000.0,999.9999932109697
10807,1000.0,999.9999943690954
10808,1000.0,999.9999954823294
10809,1000.0,999.999996551548
10810,1000.0,999.9999975776316
10811,1000.0,999.9999985614642
10812,1000.0,999.999999503932
10813,1000.0,1000.0000004059228
10814,1000.0,1000.0000012683247
10815,1000.0,1000.0000020920253
10816,1000.0,1000.0000028779114
10817,1000.0,1000.0000036268674
10818,1000.0,1000.0000043397752
10819,1000.0,1000.0000050175129
10820,1000.0,1000.0000056609546
10821,1000.0,1000.0000062709696
10822,1000.0,1000.0000068484217
10823,1000.0,1000.000007394168
10824,1000.0,1000.0000079090597
10825,1000.0,1000.0000083939406
10826,1000.0,1000.0000088496465
10827,1000.0,1000.0000092770055
10828,1000.0,1000.0000096768366
10829,1000.0,1000.0000100499503
10830,1000.0,1000.0000103971474
10831,1000.0,1000.0000107192188
10832,1000.0,1000.0000110169457
10833,1000.0,1000.0000112910983
10834,1000.0,1000.0000115424365
10835,1000.0,1000.0000117717092
10836,1000.0,1000.0000119796539
10837,1000.0,1000.0000121669966
10838,1000.0,1000.0000123344518
10839,1000.0,1000.0000124827218
10840,1000.0,1000.0000126124974
10841,1000.0,1000.000012724457
10842,1000.0,1000.0000128192665
10843,1000.0,1000.0000128975801
10844,1000.0,1000.0000129600388
10845,1000.0,1000.0000130072714
10846,1000.0,1000.0000130398937
10847,1000.0,1000.0000130585094
10848,1000.0,1000.000013063709
10849,1000.0,1000.0000130560707
10850,1000.0,1000.0000130361594
10851,1000.0,1000.0000130045279
10852,1000.0,1000.0000129617159
10853,1000.0,1000.0000129082507
10854,1000.0,1000.0000128446469
10855,1000.0,1000.0000127714065
10856,1000.0,1000.0000126890191
10857,1000.0,1000.0000125979615
10858,1000.0,1000.0000124986985
10859,1000.0,1000.0000123916827
10860,1000.0,1000.0000122773541
10861,1000.0,1000.0000121561409
10862,1000.0,1000.0000120284593
10863,1000.0,1000.0000118947138
10864,1000.0,1000.000011755297
10865,1000.0,1000.0000116105898
10866,1000.0,1000.000011460962
10867,1000.0,1000.0000113067717
10868,1000.0,1000.0000111483661
10869,1000.0,1000.0000109860813
10870,1000.0,1000.0000108202426
10871,1000.0,1000.0000106511644
10872,1000.0,1000.0000104791508
10873,1000.0,1000.0000103044955
10874,1000.0,1000.0000101274819
10875,1000.0,1000.0000099483834
10876,1000.0,1000.0000097674634
10877,1000.0,1000.0000095849758
10878,1000.0,1000.000009401165
10879,1000.0,1000.0000092162659
10880,1000.0,1000.0000090305042
10881,1000.0,1000.0000088440968
10882,1000.0,1000.0000086572516
10883,1000.0,1000.000008470168
10884,1000.0,1000.0000082830371
10885,1000.0,1000.0000080960416
10886,1000.0,1000.0000079093561
10887,1000.0,1000.0000077231475
10888,1000.0,1000.0000075375748
10889,1000.0,1000.0000073527893
10890,1000.0,1000.0000071689356
10891,1000.0,1000.0000069861503
10892,1000.0,1000.0000068045636
10893,1000.0,1000.0000066242986
10894,1000.0,1000.0000064454721
10895,1000.0,1000.000006268194
10896,1000.0,1000.0000060925685
10897,1000.0,1000.0000059186931
10898,1000.0,1000.0000057466596
10899,1000.0,1000.0000055765539
10900,1000.0,1000.0000054084568
10901,1000.0,1000.0000052424432
10902,1000.0,1000.0000050785828
10903,1000.0,1000.0000049169403
10904,1000.0,1000.0000047575752
10905,1000.0,1000.0000046005425
10906,1000.0,1000.0000044458925
10907,1000.0,1000.0000042936708
10908,1000.0,1000.0000041439189
10909,1000.0,1000.000003996674
10910,1000.0,1000.0000038519693
10911,1000.0,1000.0000037098341
10912,1000.0,1000.0000035702941
10913,1000.0,1000.0000034333713
10914,1000.0,1000.0000032990839
10915,1000.0,1000.0000031674473
10916,1000.0,1000.0000030384733
10917,1000.0,1000.0000029121708
10918,1000.0,1000.0000027885455
10919,1000.0,1000.0000026676005
10920,1000.0,1000.0000025493359
10921,1000.0,1000.0000024337495
10922,1000.0,1000.0000023208364
10923,1000.0,1000.0000022105896
10924,1000.0,1000.0000021029997
10925,1000.0,1000.0000019980552
10926,1000.0,1000.0000018957421
10927,1000.0,1000.000001796045
10928,1000.0,1000.0000016989466
10929,1000.0,1000.0000016044276
10930,1000.0,1000.0000015124671
10931,1000.0,1000.0000014230427
10932,1000.0,1000.0000013361306
10933,1000.0,1000.0000012517055
10934,1000.0,1000.0000011697409
10935,1000.0,1000.0000010902089
10936,1000.0,1000.0000010130806
10937,1000.0,1000.000000938326
10938,1000.0,1000.0000008659143
10939,1000.0,1000.0000007958135
10940,1000.0,1000.0000007279908
10941,1000.0,1000.0000006624128
10942,1000.0,1000.0000005990454
10943,1000.0,1000.0000005378536
10944,1000.0,1000.0000004788019
10945,1000.0,1000.0000004218541
10946,1000.0,1000.0000003669738
10947,1000.0,1000.0000003141242
10948,1000.0,1000.000000263268
10949,1000.0,1000.0000002143678
10950,1000.0,1000.0000001673858
10951,1000.0,1000.0000001222838
10952,1000.0,1000.000000079024
10953,1000.0,1000.0000000375679
10954,1000.0,999.9999999978774
10955,1000.0,999.9999999599137
10956,1000.0,999.9999999236386
10957,1000.0,999.9999998890137
10958,1000.0,999.9999998560007
10959,1000.0,999.9999998245614
10960,1000.0,999.9999997946579
10961,1000.0,999.9999997662522
10962,1000.0,999.9999997393066
10963,1000.0,999.9999997137838
10964,1000.0,999.9999996896465
10965,1000.0,999.9999996668579
10966,1000.0,999.9999996453813
10967,1000.0,999.9999996251805
10968,1000.0,999.9999996062197
10969,1000.0,999.9999995884632
10970,1000.0,999.9999995718757
10971,1000.0,999.9999995564226
10972,1000.0,999.9999995420694
10973,1000.0,999.9999995287822
10974,1000.0,999.9999995165274
10975,1000.0,999.9999995052721
10976,1000.0,999.9999994949836
10977,1000.0,999.9999994856299
10978,1000.0,999.9999994771794
10979,1000.0,999.9999994696008
10980,1000.0,999.9999994628637
10981,1000.0,999.999999456938
10982,1000.0,999.9999994517942
10983,1000.0,999.9999994474034
10984,1000.0,999.9999994437371
10985,1000.0,999.9999994407673
10986,1000.0,999.9999994384665
10987,1000.0,999.999999436808
10988,1000.0,999.9999994357655
10989,1000.0,999.999999435313
10990,1000.0,999.9999994354256
10991,1000.0,999.9999994360785
10992,1000.0,999.9999994372475
10993,1000.0,999.9999994389092
10994,1000.0,999.9999994410404
10995,1000.0,999.9999994436187
10996,1000.0,999.9999994466222
10997,1000.0,999.9999994500295
10998,1000.0,999.9999994538199
10999,1000.0,999.999999457973
